<?xml version="1.0" encoding="UTF-8"?>
<gpx xmlns:gpxdata="http://www.cluetrust.com/XML/GPXDATA/1/0" xmlns:xsi="http://www.w3.org/2001/XMLSchema-instance" xmlns="http://www.topografix.com/GPX/1/1" version="1.1" creator="http://ridewithgps.com/" xsi:schemaLocation="http://www.topografix.com/GPX/1/1 http://www.topografix.com/GPX/1/1/gpx.xsd http://www.cluetrust.com/XML/GPXDATA/1/0 http://www.cluetrust.com/Schemas/gpxdata10.xsd">
  <metadata>
    <name>01 CICLOVIA DELL'ACQUEDOTTO - CAPOSELE-CALITRI NEW 2022</name>
    <link href="https://ridewithgps.com/routes/38548094">
      <text>01 CICLOVIA DELL'ACQUEDOTTO - CAPOSELE-CALITRI NEW 2022</text>
    </link>
    <time>2022-02-12T13:12:57Z</time>
  </metadata>
  <trk>
    <name>01 CICLOVIA DELL'ACQUEDOTTO - CAPOSELE-CALITRI NEW 2022</name>
    <trkseg>
      <trkpt lat="40.8166" lon="15.22154">
        <ele>419.3</ele>
      </trkpt>
      <trkpt lat="40.81673" lon="15.22162">
        <ele>418.4</ele>
      </trkpt>
      <trkpt lat="40.81676" lon="15.22163">
        <ele>418.3</ele>
      </trkpt>
      <trkpt lat="40.816899" lon="15.2217">
        <ele>417.4</ele>
      </trkpt>
      <trkpt lat="40.816899" lon="15.2217">
        <ele>417.4</ele>
      </trkpt>
      <trkpt lat="40.81692" lon="15.22175">
        <ele>416.7</ele>
      </trkpt>
      <trkpt lat="40.81692" lon="15.22178">
        <ele>416.3</ele>
      </trkpt>
      <trkpt lat="40.81695" lon="15.22182">
        <ele>415.7</ele>
      </trkpt>
      <trkpt lat="40.816989" lon="15.22186">
        <ele>415.0</ele>
      </trkpt>
      <trkpt lat="40.81708" lon="15.22195">
        <ele>413.6</ele>
      </trkpt>
      <trkpt lat="40.81733" lon="15.22219">
        <ele>409.4</ele>
      </trkpt>
      <trkpt lat="40.81742" lon="15.22227">
        <ele>408.0</ele>
      </trkpt>
      <trkpt lat="40.81747" lon="15.22229">
        <ele>407.6</ele>
      </trkpt>
      <trkpt lat="40.81769" lon="15.22228">
        <ele>407.8</ele>
      </trkpt>
      <trkpt lat="40.8179" lon="15.22222">
        <ele>408.7</ele>
      </trkpt>
      <trkpt lat="40.81792" lon="15.22221">
        <ele>408.8</ele>
      </trkpt>
      <trkpt lat="40.81802" lon="15.22216">
        <ele>409.3</ele>
      </trkpt>
      <trkpt lat="40.81807" lon="15.22215">
        <ele>409.4</ele>
      </trkpt>
      <trkpt lat="40.8181" lon="15.22215">
        <ele>409.4</ele>
      </trkpt>
      <trkpt lat="40.81814" lon="15.22215">
        <ele>409.4</ele>
      </trkpt>
      <trkpt lat="40.81817" lon="15.22216">
        <ele>409.3</ele>
      </trkpt>
      <trkpt lat="40.81821" lon="15.22219">
        <ele>409.0</ele>
      </trkpt>
      <trkpt lat="40.81823" lon="15.22222">
        <ele>408.7</ele>
      </trkpt>
      <trkpt lat="40.81826" lon="15.22226">
        <ele>408.3</ele>
      </trkpt>
      <trkpt lat="40.81833" lon="15.2224">
        <ele>407.0</ele>
      </trkpt>
      <trkpt lat="40.81839" lon="15.22253">
        <ele>407.1</ele>
      </trkpt>
      <trkpt lat="40.81845" lon="15.22263">
        <ele>408.6</ele>
      </trkpt>
      <trkpt lat="40.81845" lon="15.22264">
        <ele>408.7</ele>
      </trkpt>
      <trkpt lat="40.81866" lon="15.22283">
        <ele>412.4</ele>
      </trkpt>
      <trkpt lat="40.81881" lon="15.223">
        <ele>414.6</ele>
      </trkpt>
      <trkpt lat="40.81905" lon="15.22347">
        <ele>418.6</ele>
      </trkpt>
      <trkpt lat="40.81908" lon="15.2235">
        <ele>419.1</ele>
      </trkpt>
      <trkpt lat="40.81921" lon="15.22371">
        <ele>422.2</ele>
      </trkpt>
      <trkpt lat="40.81933" lon="15.22379">
        <ele>424.4</ele>
      </trkpt>
      <trkpt lat="40.81967" lon="15.22391">
        <ele>429.3</ele>
      </trkpt>
      <trkpt lat="40.81974" lon="15.22396">
        <ele>430.4</ele>
      </trkpt>
      <trkpt lat="40.81977" lon="15.22399">
        <ele>430.8</ele>
      </trkpt>
      <trkpt lat="40.81978" lon="15.22402">
        <ele>431.1</ele>
      </trkpt>
      <trkpt lat="40.81979" lon="15.22406">
        <ele>431.4</ele>
      </trkpt>
      <trkpt lat="40.8198" lon="15.2241">
        <ele>431.7</ele>
      </trkpt>
      <trkpt lat="40.8198" lon="15.22412">
        <ele>431.8</ele>
      </trkpt>
      <trkpt lat="40.81979" lon="15.22415">
        <ele>431.9</ele>
      </trkpt>
      <trkpt lat="40.81978" lon="15.22417">
        <ele>431.9</ele>
      </trkpt>
      <trkpt lat="40.81977" lon="15.2242">
        <ele>432.2</ele>
      </trkpt>
      <trkpt lat="40.81974" lon="15.22423">
        <ele>432.2</ele>
      </trkpt>
      <trkpt lat="40.81946" lon="15.22461">
        <ele>433.9</ele>
      </trkpt>
      <trkpt lat="40.81933" lon="15.22481">
        <ele>435.1</ele>
      </trkpt>
      <trkpt lat="40.8193" lon="15.22485">
        <ele>435.3</ele>
      </trkpt>
      <trkpt lat="40.81926" lon="15.22489">
        <ele>435.4</ele>
      </trkpt>
      <trkpt lat="40.81919" lon="15.22492">
        <ele>435.1</ele>
      </trkpt>
      <trkpt lat="40.81915" lon="15.22493">
        <ele>435.1</ele>
      </trkpt>
      <trkpt lat="40.8191" lon="15.22492">
        <ele>435.1</ele>
      </trkpt>
      <trkpt lat="40.81904" lon="15.22491">
        <ele>435.1</ele>
      </trkpt>
      <trkpt lat="40.81897" lon="15.22487">
        <ele>434.8</ele>
      </trkpt>
      <trkpt lat="40.81891" lon="15.22482">
        <ele>434.4</ele>
      </trkpt>
      <trkpt lat="40.81886" lon="15.22477">
        <ele>433.9</ele>
      </trkpt>
      <trkpt lat="40.81882" lon="15.22474">
        <ele>433.6</ele>
      </trkpt>
      <trkpt lat="40.818779" lon="15.22471">
        <ele>433.3</ele>
      </trkpt>
      <trkpt lat="40.81875" lon="15.2247">
        <ele>433.1</ele>
      </trkpt>
      <trkpt lat="40.81872" lon="15.2247">
        <ele>433.3</ele>
      </trkpt>
      <trkpt lat="40.818689" lon="15.22469">
        <ele>433.1</ele>
      </trkpt>
      <trkpt lat="40.81866" lon="15.2247">
        <ele>433.4</ele>
      </trkpt>
      <trkpt lat="40.81862" lon="15.22471">
        <ele>433.6</ele>
      </trkpt>
      <trkpt lat="40.81857" lon="15.22474">
        <ele>434.1</ele>
      </trkpt>
      <trkpt lat="40.8185" lon="15.22481">
        <ele>435.1</ele>
      </trkpt>
      <trkpt lat="40.81845" lon="15.22487">
        <ele>436.0</ele>
      </trkpt>
      <trkpt lat="40.81842" lon="15.22494">
        <ele>437.0</ele>
      </trkpt>
      <trkpt lat="40.818399" lon="15.225">
        <ele>437.8</ele>
      </trkpt>
      <trkpt lat="40.81836" lon="15.22514">
        <ele>439.0</ele>
      </trkpt>
      <trkpt lat="40.81835" lon="15.22516">
        <ele>439.1</ele>
      </trkpt>
      <trkpt lat="40.81833" lon="15.22528">
        <ele>440.0</ele>
      </trkpt>
      <trkpt lat="40.81832" lon="15.22539">
        <ele>440.6</ele>
      </trkpt>
      <trkpt lat="40.818309" lon="15.22548">
        <ele>441.1</ele>
      </trkpt>
      <trkpt lat="40.818309" lon="15.22554">
        <ele>441.4</ele>
      </trkpt>
      <trkpt lat="40.81833" lon="15.22566">
        <ele>442.7</ele>
      </trkpt>
      <trkpt lat="40.81835" lon="15.22572">
        <ele>443.3</ele>
      </trkpt>
      <trkpt lat="40.81838" lon="15.22578">
        <ele>443.9</ele>
      </trkpt>
      <trkpt lat="40.81841" lon="15.22584">
        <ele>444.5</ele>
      </trkpt>
      <trkpt lat="40.81845" lon="15.22588">
        <ele>445.3</ele>
      </trkpt>
      <trkpt lat="40.81849" lon="15.22592">
        <ele>446.1</ele>
      </trkpt>
      <trkpt lat="40.81853" lon="15.22595">
        <ele>446.7</ele>
      </trkpt>
      <trkpt lat="40.81854" lon="15.22595">
        <ele>446.8</ele>
      </trkpt>
      <trkpt lat="40.81863" lon="15.22598">
        <ele>447.9</ele>
      </trkpt>
      <trkpt lat="40.81884" lon="15.22604">
        <ele>450.6</ele>
      </trkpt>
      <trkpt lat="40.81895" lon="15.22611">
        <ele>452.8</ele>
      </trkpt>
      <trkpt lat="40.81901" lon="15.22618">
        <ele>454.8</ele>
      </trkpt>
      <trkpt lat="40.81904" lon="15.22625">
        <ele>456.6</ele>
      </trkpt>
      <trkpt lat="40.81907" lon="15.22629">
        <ele>457.7</ele>
      </trkpt>
      <trkpt lat="40.81911" lon="15.22637">
        <ele>459.9</ele>
      </trkpt>
      <trkpt lat="40.81913" lon="15.22645">
        <ele>461.8</ele>
      </trkpt>
      <trkpt lat="40.81914" lon="15.2265">
        <ele>462.9</ele>
      </trkpt>
      <trkpt lat="40.81913" lon="15.22657">
        <ele>464.3</ele>
      </trkpt>
      <trkpt lat="40.8191" lon="15.22661">
        <ele>464.6</ele>
      </trkpt>
      <trkpt lat="40.81903" lon="15.22673">
        <ele>465.5</ele>
      </trkpt>
      <trkpt lat="40.81892" lon="15.22684">
        <ele>464.9</ele>
      </trkpt>
      <trkpt lat="40.81882" lon="15.22697">
        <ele>464.8</ele>
      </trkpt>
      <trkpt lat="40.81879" lon="15.22702">
        <ele>464.9</ele>
      </trkpt>
      <trkpt lat="40.81877" lon="15.22711">
        <ele>465.7</ele>
      </trkpt>
      <trkpt lat="40.81876" lon="15.22718">
        <ele>466.3</ele>
      </trkpt>
      <trkpt lat="40.81875" lon="15.2273">
        <ele>467.6</ele>
      </trkpt>
      <trkpt lat="40.81875" lon="15.22737">
        <ele>468.4</ele>
      </trkpt>
      <trkpt lat="40.81877" lon="15.22747">
        <ele>470.0</ele>
      </trkpt>
      <trkpt lat="40.81885" lon="15.22776">
        <ele>472.3</ele>
      </trkpt>
      <trkpt lat="40.8189" lon="15.22792">
        <ele>473.4</ele>
      </trkpt>
      <trkpt lat="40.81897" lon="15.22815">
        <ele>474.8</ele>
      </trkpt>
      <trkpt lat="40.81909" lon="15.22851">
        <ele>477.7</ele>
      </trkpt>
      <trkpt lat="40.81919" lon="15.22876">
        <ele>480.3</ele>
      </trkpt>
      <trkpt lat="40.819249" lon="15.22885">
        <ele>481.4</ele>
      </trkpt>
      <trkpt lat="40.81929" lon="15.22893">
        <ele>482.2</ele>
      </trkpt>
      <trkpt lat="40.81951" lon="15.22923">
        <ele>486.0</ele>
      </trkpt>
      <trkpt lat="40.81966" lon="15.22944">
        <ele>488.5</ele>
      </trkpt>
      <trkpt lat="40.81989" lon="15.22977">
        <ele>492.6</ele>
      </trkpt>
      <trkpt lat="40.81993" lon="15.22983">
        <ele>493.4</ele>
      </trkpt>
      <trkpt lat="40.82008" lon="15.23005">
        <ele>496.6</ele>
      </trkpt>
      <trkpt lat="40.82016" lon="15.23017">
        <ele>499.1</ele>
      </trkpt>
      <trkpt lat="40.8202" lon="15.23025">
        <ele>500.4</ele>
      </trkpt>
      <trkpt lat="40.82022" lon="15.23032">
        <ele>501.7</ele>
      </trkpt>
      <trkpt lat="40.82023" lon="15.23039">
        <ele>502.6</ele>
      </trkpt>
      <trkpt lat="40.82025" lon="15.2305">
        <ele>504.3</ele>
      </trkpt>
      <trkpt lat="40.82024" lon="15.23059">
        <ele>505.5</ele>
      </trkpt>
      <trkpt lat="40.82022" lon="15.23065">
        <ele>506.1</ele>
      </trkpt>
      <trkpt lat="40.8202" lon="15.23071">
        <ele>506.8</ele>
      </trkpt>
      <trkpt lat="40.82016" lon="15.23078">
        <ele>507.4</ele>
      </trkpt>
      <trkpt lat="40.82012" lon="15.23082">
        <ele>507.7</ele>
      </trkpt>
      <trkpt lat="40.82007" lon="15.23086">
        <ele>508.1</ele>
      </trkpt>
      <trkpt lat="40.81961" lon="15.23109">
        <ele>508.3</ele>
      </trkpt>
      <trkpt lat="40.81952" lon="15.23116">
        <ele>508.9</ele>
      </trkpt>
      <trkpt lat="40.81922" lon="15.2315">
        <ele>512.9</ele>
      </trkpt>
      <trkpt lat="40.81919" lon="15.23154">
        <ele>513.4</ele>
      </trkpt>
      <trkpt lat="40.8191" lon="15.23165">
        <ele>514.3</ele>
      </trkpt>
      <trkpt lat="40.81897" lon="15.23182">
        <ele>514.5</ele>
      </trkpt>
      <trkpt lat="40.81886" lon="15.23199">
        <ele>514.7</ele>
      </trkpt>
      <trkpt lat="40.81884" lon="15.23205">
        <ele>515.1</ele>
      </trkpt>
      <trkpt lat="40.81881" lon="15.23213">
        <ele>515.5</ele>
      </trkpt>
      <trkpt lat="40.81879" lon="15.2322">
        <ele>516.0</ele>
      </trkpt>
      <trkpt lat="40.818779" lon="15.23228">
        <ele>516.8</ele>
      </trkpt>
      <trkpt lat="40.81874" lon="15.23255">
        <ele>519.1</ele>
      </trkpt>
      <trkpt lat="40.81873" lon="15.23273">
        <ele>520.2</ele>
      </trkpt>
      <trkpt lat="40.81873" lon="15.23303">
        <ele>522.5</ele>
      </trkpt>
      <trkpt lat="40.81875" lon="15.23314">
        <ele>524.0</ele>
      </trkpt>
      <trkpt lat="40.81876" lon="15.23322">
        <ele>524.9</ele>
      </trkpt>
      <trkpt lat="40.818779" lon="15.23336">
        <ele>526.5</ele>
      </trkpt>
      <trkpt lat="40.81882" lon="15.23353">
        <ele>528.2</ele>
      </trkpt>
      <trkpt lat="40.81896" lon="15.23409">
        <ele>533.7</ele>
      </trkpt>
      <trkpt lat="40.81898" lon="15.23417">
        <ele>534.4</ele>
      </trkpt>
      <trkpt lat="40.819" lon="15.23424">
        <ele>534.8</ele>
      </trkpt>
      <trkpt lat="40.81904" lon="15.23429">
        <ele>535.8</ele>
      </trkpt>
      <trkpt lat="40.81909" lon="15.23436">
        <ele>536.8</ele>
      </trkpt>
      <trkpt lat="40.8193" lon="15.23459">
        <ele>540.0</ele>
      </trkpt>
      <trkpt lat="40.81944" lon="15.23474">
        <ele>541.8</ele>
      </trkpt>
      <trkpt lat="40.81957" lon="15.23496">
        <ele>543.0</ele>
      </trkpt>
      <trkpt lat="40.819629" lon="15.23511">
        <ele>544.3</ele>
      </trkpt>
      <trkpt lat="40.81979" lon="15.2356">
        <ele>548.8</ele>
      </trkpt>
      <trkpt lat="40.81997" lon="15.23602">
        <ele>552.1</ele>
      </trkpt>
      <trkpt lat="40.81997" lon="15.23602">
        <ele>552.1</ele>
      </trkpt>
      <trkpt lat="40.82" lon="15.23592">
        <ele>552.8</ele>
      </trkpt>
      <trkpt lat="40.820099" lon="15.2356">
        <ele>553.4</ele>
      </trkpt>
      <trkpt lat="40.82022" lon="15.23523">
        <ele>555.0</ele>
      </trkpt>
      <trkpt lat="40.82025" lon="15.23512">
        <ele>555.6</ele>
      </trkpt>
      <trkpt lat="40.82026" lon="15.23501">
        <ele>556.0</ele>
      </trkpt>
      <trkpt lat="40.82027" lon="15.23488">
        <ele>556.8</ele>
      </trkpt>
      <trkpt lat="40.82027" lon="15.23478">
        <ele>557.3</ele>
      </trkpt>
      <trkpt lat="40.82026" lon="15.23468">
        <ele>557.7</ele>
      </trkpt>
      <trkpt lat="40.82023" lon="15.23453">
        <ele>557.9</ele>
      </trkpt>
      <trkpt lat="40.820189" lon="15.23438">
        <ele>558.0</ele>
      </trkpt>
      <trkpt lat="40.82014" lon="15.23421">
        <ele>558.1</ele>
      </trkpt>
      <trkpt lat="40.82009" lon="15.23398">
        <ele>557.8</ele>
      </trkpt>
      <trkpt lat="40.82008" lon="15.23388">
        <ele>557.8</ele>
      </trkpt>
      <trkpt lat="40.82007" lon="15.23353">
        <ele>558.3</ele>
      </trkpt>
      <trkpt lat="40.82008" lon="15.23335">
        <ele>558.6</ele>
      </trkpt>
      <trkpt lat="40.820099" lon="15.23319">
        <ele>557.5</ele>
      </trkpt>
      <trkpt lat="40.82013" lon="15.23307">
        <ele>556.6</ele>
      </trkpt>
      <trkpt lat="40.82017" lon="15.233">
        <ele>556.0</ele>
      </trkpt>
      <trkpt lat="40.82022" lon="15.23293">
        <ele>555.3</ele>
      </trkpt>
      <trkpt lat="40.82026" lon="15.23291">
        <ele>555.1</ele>
      </trkpt>
      <trkpt lat="40.82031" lon="15.2329">
        <ele>555.0</ele>
      </trkpt>
      <trkpt lat="40.82036" lon="15.2329">
        <ele>555.0</ele>
      </trkpt>
      <trkpt lat="40.8204" lon="15.23292">
        <ele>555.3</ele>
      </trkpt>
      <trkpt lat="40.82049" lon="15.23299">
        <ele>556.5</ele>
      </trkpt>
      <trkpt lat="40.82061" lon="15.23308">
        <ele>558.4</ele>
      </trkpt>
      <trkpt lat="40.82071" lon="15.23314">
        <ele>560.0</ele>
      </trkpt>
      <trkpt lat="40.82095" lon="15.2332">
        <ele>561.1</ele>
      </trkpt>
      <trkpt lat="40.82115" lon="15.2333">
        <ele>561.9</ele>
      </trkpt>
      <trkpt lat="40.82132" lon="15.23341">
        <ele>562.7</ele>
      </trkpt>
      <trkpt lat="40.8215" lon="15.23351">
        <ele>563.6</ele>
      </trkpt>
      <trkpt lat="40.82174" lon="15.23358">
        <ele>563.9</ele>
      </trkpt>
      <trkpt lat="40.82191" lon="15.23363">
        <ele>563.3</ele>
      </trkpt>
      <trkpt lat="40.82203" lon="15.2337">
        <ele>563.5</ele>
      </trkpt>
      <trkpt lat="40.82212" lon="15.23378">
        <ele>564.2</ele>
      </trkpt>
      <trkpt lat="40.82222" lon="15.2339">
        <ele>565.5</ele>
      </trkpt>
      <trkpt lat="40.82244" lon="15.23414">
        <ele>567.3</ele>
      </trkpt>
      <trkpt lat="40.82267" lon="15.23435">
        <ele>567.7</ele>
      </trkpt>
      <trkpt lat="40.822809" lon="15.23447">
        <ele>567.7</ele>
      </trkpt>
      <trkpt lat="40.8229" lon="15.23453">
        <ele>567.5</ele>
      </trkpt>
      <trkpt lat="40.82312" lon="15.23466">
        <ele>566.6</ele>
      </trkpt>
      <trkpt lat="40.82315" lon="15.2347">
        <ele>566.5</ele>
      </trkpt>
      <trkpt lat="40.82316" lon="15.2347">
        <ele>566.4</ele>
      </trkpt>
      <trkpt lat="40.8232" lon="15.23473">
        <ele>566.2</ele>
      </trkpt>
      <trkpt lat="40.82324" lon="15.23475">
        <ele>565.9</ele>
      </trkpt>
      <trkpt lat="40.82335" lon="15.23479">
        <ele>565.3</ele>
      </trkpt>
      <trkpt lat="40.82347" lon="15.23484">
        <ele>565.8</ele>
      </trkpt>
      <trkpt lat="40.82371" lon="15.23495">
        <ele>566.8</ele>
      </trkpt>
      <trkpt lat="40.82398" lon="15.23505">
        <ele>566.6</ele>
      </trkpt>
      <trkpt lat="40.82401" lon="15.23506">
        <ele>566.5</ele>
      </trkpt>
      <trkpt lat="40.8244" lon="15.2351">
        <ele>567.2</ele>
      </trkpt>
      <trkpt lat="40.82466" lon="15.23513">
        <ele>568.0</ele>
      </trkpt>
      <trkpt lat="40.82476" lon="15.23513">
        <ele>568.5</ele>
      </trkpt>
      <trkpt lat="40.82488" lon="15.23514">
        <ele>568.9</ele>
      </trkpt>
      <trkpt lat="40.82497" lon="15.23514">
        <ele>569.3</ele>
      </trkpt>
      <trkpt lat="40.82513" lon="15.23515">
        <ele>570.1</ele>
      </trkpt>
      <trkpt lat="40.82522" lon="15.23515">
        <ele>570.7</ele>
      </trkpt>
      <trkpt lat="40.8253" lon="15.23512">
        <ele>571.6</ele>
      </trkpt>
      <trkpt lat="40.82539" lon="15.23507">
        <ele>572.9</ele>
      </trkpt>
      <trkpt lat="40.8254" lon="15.23507">
        <ele>572.9</ele>
      </trkpt>
      <trkpt lat="40.82548" lon="15.23503">
        <ele>573.9</ele>
      </trkpt>
      <trkpt lat="40.8256" lon="15.23496">
        <ele>574.8</ele>
      </trkpt>
      <trkpt lat="40.82577" lon="15.23487">
        <ele>575.3</ele>
      </trkpt>
      <trkpt lat="40.82594" lon="15.23471">
        <ele>575.3</ele>
      </trkpt>
      <trkpt lat="40.82603" lon="15.23461">
        <ele>575.3</ele>
      </trkpt>
      <trkpt lat="40.82611" lon="15.23451">
        <ele>575.3</ele>
      </trkpt>
      <trkpt lat="40.82617" lon="15.23447">
        <ele>575.4</ele>
      </trkpt>
      <trkpt lat="40.82621" lon="15.23445">
        <ele>575.5</ele>
      </trkpt>
      <trkpt lat="40.826279" lon="15.23444">
        <ele>575.8</ele>
      </trkpt>
      <trkpt lat="40.82638" lon="15.23444">
        <ele>576.2</ele>
      </trkpt>
      <trkpt lat="40.82649" lon="15.23447">
        <ele>576.7</ele>
      </trkpt>
      <trkpt lat="40.82656" lon="15.23451">
        <ele>577.0</ele>
      </trkpt>
      <trkpt lat="40.826659" lon="15.23454">
        <ele>577.4</ele>
      </trkpt>
      <trkpt lat="40.82671" lon="15.23455">
        <ele>577.9</ele>
      </trkpt>
      <trkpt lat="40.82678" lon="15.23456">
        <ele>578.6</ele>
      </trkpt>
      <trkpt lat="40.82683" lon="15.23456">
        <ele>579.1</ele>
      </trkpt>
      <trkpt lat="40.82688" lon="15.23455">
        <ele>579.5</ele>
      </trkpt>
      <trkpt lat="40.82692" lon="15.23453">
        <ele>579.9</ele>
      </trkpt>
      <trkpt lat="40.82698" lon="15.23451">
        <ele>580.6</ele>
      </trkpt>
      <trkpt lat="40.82705" lon="15.23447">
        <ele>581.3</ele>
      </trkpt>
      <trkpt lat="40.82712" lon="15.23442">
        <ele>582.1</ele>
      </trkpt>
      <trkpt lat="40.82716" lon="15.23437">
        <ele>582.6</ele>
      </trkpt>
      <trkpt lat="40.82719" lon="15.23433">
        <ele>583.0</ele>
      </trkpt>
      <trkpt lat="40.82724" lon="15.23428">
        <ele>583.6</ele>
      </trkpt>
      <trkpt lat="40.82728" lon="15.23423">
        <ele>584.2</ele>
      </trkpt>
      <trkpt lat="40.82736" lon="15.23407">
        <ele>585.3</ele>
      </trkpt>
      <trkpt lat="40.82741" lon="15.23397">
        <ele>585.9</ele>
      </trkpt>
      <trkpt lat="40.82747" lon="15.23385">
        <ele>586.9</ele>
      </trkpt>
      <trkpt lat="40.827509" lon="15.23377">
        <ele>587.6</ele>
      </trkpt>
      <trkpt lat="40.82755" lon="15.23368">
        <ele>588.1</ele>
      </trkpt>
      <trkpt lat="40.82757" lon="15.23362">
        <ele>588.4</ele>
      </trkpt>
      <trkpt lat="40.82757" lon="15.23358">
        <ele>588.4</ele>
      </trkpt>
      <trkpt lat="40.82758" lon="15.23353">
        <ele>588.6</ele>
      </trkpt>
      <trkpt lat="40.82758" lon="15.23348">
        <ele>588.7</ele>
      </trkpt>
      <trkpt lat="40.82758" lon="15.23341">
        <ele>588.8</ele>
      </trkpt>
      <trkpt lat="40.82757" lon="15.23334">
        <ele>588.7</ele>
      </trkpt>
      <trkpt lat="40.82757" lon="15.23326">
        <ele>588.2</ele>
      </trkpt>
      <trkpt lat="40.82757" lon="15.23318">
        <ele>587.6</ele>
      </trkpt>
      <trkpt lat="40.82756" lon="15.2331">
        <ele>586.8</ele>
      </trkpt>
      <trkpt lat="40.82758" lon="15.23303">
        <ele>586.6</ele>
      </trkpt>
      <trkpt lat="40.82759" lon="15.23298">
        <ele>586.3</ele>
      </trkpt>
      <trkpt lat="40.82761" lon="15.23293">
        <ele>586.2</ele>
      </trkpt>
      <trkpt lat="40.82764" lon="15.23288">
        <ele>586.3</ele>
      </trkpt>
      <trkpt lat="40.82767" lon="15.23285">
        <ele>586.6</ele>
      </trkpt>
      <trkpt lat="40.82771" lon="15.23281">
        <ele>587.0</ele>
      </trkpt>
      <trkpt lat="40.82775" lon="15.23278">
        <ele>587.4</ele>
      </trkpt>
      <trkpt lat="40.82781" lon="15.23274">
        <ele>588.2</ele>
      </trkpt>
      <trkpt lat="40.82788" lon="15.23269">
        <ele>589.2</ele>
      </trkpt>
      <trkpt lat="40.827979" lon="15.2326">
        <ele>590.6</ele>
      </trkpt>
      <trkpt lat="40.82827" lon="15.23231">
        <ele>594.6</ele>
      </trkpt>
      <trkpt lat="40.82837" lon="15.2322">
        <ele>595.7</ele>
      </trkpt>
      <trkpt lat="40.82843" lon="15.23213">
        <ele>596.2</ele>
      </trkpt>
      <trkpt lat="40.82852" lon="15.23203">
        <ele>596.9</ele>
      </trkpt>
      <trkpt lat="40.828539" lon="15.232">
        <ele>597.0</ele>
      </trkpt>
      <trkpt lat="40.82858" lon="15.23195">
        <ele>597.3</ele>
      </trkpt>
      <trkpt lat="40.82864" lon="15.23186">
        <ele>597.8</ele>
      </trkpt>
      <trkpt lat="40.82871" lon="15.23174">
        <ele>598.2</ele>
      </trkpt>
      <trkpt lat="40.82877" lon="15.23164">
        <ele>598.6</ele>
      </trkpt>
      <trkpt lat="40.82881" lon="15.23154">
        <ele>598.2</ele>
      </trkpt>
      <trkpt lat="40.82885" lon="15.23146">
        <ele>598.1</ele>
      </trkpt>
      <trkpt lat="40.82889" lon="15.23139">
        <ele>598.1</ele>
      </trkpt>
      <trkpt lat="40.82893" lon="15.23133">
        <ele>598.3</ele>
      </trkpt>
      <trkpt lat="40.82898" lon="15.23129">
        <ele>598.7</ele>
      </trkpt>
      <trkpt lat="40.82902" lon="15.23125">
        <ele>599.0</ele>
      </trkpt>
      <trkpt lat="40.82909" lon="15.23121">
        <ele>599.9</ele>
      </trkpt>
      <trkpt lat="40.82915" lon="15.23116">
        <ele>600.5</ele>
      </trkpt>
      <trkpt lat="40.82921" lon="15.23111">
        <ele>601.1</ele>
      </trkpt>
      <trkpt lat="40.82928" lon="15.23106">
        <ele>601.9</ele>
      </trkpt>
      <trkpt lat="40.82934" lon="15.231">
        <ele>602.5</ele>
      </trkpt>
      <trkpt lat="40.82938" lon="15.23095">
        <ele>602.9</ele>
      </trkpt>
      <trkpt lat="40.82943" lon="15.23088">
        <ele>603.4</ele>
      </trkpt>
      <trkpt lat="40.82947" lon="15.23081">
        <ele>603.8</ele>
      </trkpt>
      <trkpt lat="40.82952" lon="15.23073">
        <ele>604.5</ele>
      </trkpt>
      <trkpt lat="40.82956" lon="15.23066">
        <ele>605.0</ele>
      </trkpt>
      <trkpt lat="40.82961" lon="15.23058">
        <ele>605.7</ele>
      </trkpt>
      <trkpt lat="40.82964" lon="15.23049">
        <ele>606.0</ele>
      </trkpt>
      <trkpt lat="40.82969" lon="15.23038">
        <ele>606.6</ele>
      </trkpt>
      <trkpt lat="40.82972" lon="15.23029">
        <ele>606.9</ele>
      </trkpt>
      <trkpt lat="40.82976" lon="15.23017">
        <ele>607.2</ele>
      </trkpt>
      <trkpt lat="40.8298" lon="15.23005">
        <ele>607.6</ele>
      </trkpt>
      <trkpt lat="40.82985" lon="15.22994">
        <ele>607.5</ele>
      </trkpt>
      <trkpt lat="40.8299" lon="15.22985">
        <ele>607.3</ele>
      </trkpt>
      <trkpt lat="40.829949" lon="15.22978">
        <ele>607.2</ele>
      </trkpt>
      <trkpt lat="40.83001" lon="15.2297">
        <ele>607.1</ele>
      </trkpt>
      <trkpt lat="40.83007" lon="15.22963">
        <ele>606.9</ele>
      </trkpt>
      <trkpt lat="40.83012" lon="15.22958">
        <ele>606.8</ele>
      </trkpt>
      <trkpt lat="40.83016" lon="15.22956">
        <ele>606.9</ele>
      </trkpt>
      <trkpt lat="40.8302" lon="15.22954">
        <ele>607.1</ele>
      </trkpt>
      <trkpt lat="40.83024" lon="15.22954">
        <ele>607.6</ele>
      </trkpt>
      <trkpt lat="40.83028" lon="15.22954">
        <ele>608.0</ele>
      </trkpt>
      <trkpt lat="40.83032" lon="15.22956">
        <ele>608.7</ele>
      </trkpt>
      <trkpt lat="40.83035" lon="15.22958">
        <ele>609.2</ele>
      </trkpt>
      <trkpt lat="40.83039" lon="15.22961">
        <ele>610.0</ele>
      </trkpt>
      <trkpt lat="40.83043" lon="15.22965">
        <ele>610.9</ele>
      </trkpt>
      <trkpt lat="40.83049" lon="15.2297">
        <ele>612.2</ele>
      </trkpt>
      <trkpt lat="40.83058" lon="15.22973">
        <ele>613.5</ele>
      </trkpt>
      <trkpt lat="40.83064" lon="15.22974">
        <ele>614.2</ele>
      </trkpt>
      <trkpt lat="40.83071" lon="15.22973">
        <ele>614.8</ele>
      </trkpt>
      <trkpt lat="40.83078" lon="15.22972">
        <ele>615.4</ele>
      </trkpt>
      <trkpt lat="40.83084" lon="15.22971">
        <ele>615.9</ele>
      </trkpt>
      <trkpt lat="40.830889" lon="15.22969">
        <ele>616.3</ele>
      </trkpt>
      <trkpt lat="40.83095" lon="15.22967">
        <ele>616.7</ele>
      </trkpt>
      <trkpt lat="40.83101" lon="15.22964">
        <ele>617.1</ele>
      </trkpt>
      <trkpt lat="40.831069" lon="15.22961">
        <ele>617.5</ele>
      </trkpt>
      <trkpt lat="40.83112" lon="15.22958">
        <ele>617.7</ele>
      </trkpt>
      <trkpt lat="40.831159" lon="15.22955">
        <ele>617.9</ele>
      </trkpt>
      <trkpt lat="40.83118" lon="15.22952">
        <ele>617.9</ele>
      </trkpt>
      <trkpt lat="40.83121" lon="15.22948">
        <ele>617.8</ele>
      </trkpt>
      <trkpt lat="40.83125" lon="15.22942">
        <ele>617.8</ele>
      </trkpt>
      <trkpt lat="40.83128" lon="15.22934">
        <ele>617.4</ele>
      </trkpt>
      <trkpt lat="40.83131" lon="15.22929">
        <ele>617.4</ele>
      </trkpt>
      <trkpt lat="40.83134" lon="15.22923">
        <ele>617.2</ele>
      </trkpt>
      <trkpt lat="40.83139" lon="15.22916">
        <ele>617.3</ele>
      </trkpt>
      <trkpt lat="40.83142" lon="15.22913">
        <ele>617.4</ele>
      </trkpt>
      <trkpt lat="40.83146" lon="15.22909">
        <ele>617.6</ele>
      </trkpt>
      <trkpt lat="40.83152" lon="15.22903">
        <ele>617.9</ele>
      </trkpt>
      <trkpt lat="40.83161" lon="15.22897">
        <ele>618.8</ele>
      </trkpt>
      <trkpt lat="40.8317" lon="15.22889">
        <ele>619.4</ele>
      </trkpt>
      <trkpt lat="40.83174" lon="15.22886">
        <ele>619.6</ele>
      </trkpt>
      <trkpt lat="40.83177" lon="15.22882">
        <ele>619.6</ele>
      </trkpt>
      <trkpt lat="40.83181" lon="15.22874">
        <ele>619.5</ele>
      </trkpt>
      <trkpt lat="40.83185" lon="15.22862">
        <ele>619.0</ele>
      </trkpt>
      <trkpt lat="40.83188" lon="15.22854">
        <ele>618.7</ele>
      </trkpt>
      <trkpt lat="40.83191" lon="15.22848">
        <ele>618.5</ele>
      </trkpt>
      <trkpt lat="40.831919" lon="15.22845">
        <ele>618.4</ele>
      </trkpt>
      <trkpt lat="40.83194" lon="15.22843">
        <ele>618.4</ele>
      </trkpt>
      <trkpt lat="40.83197" lon="15.22842">
        <ele>618.6</ele>
      </trkpt>
      <trkpt lat="40.832" lon="15.22841">
        <ele>618.8</ele>
      </trkpt>
      <trkpt lat="40.83202" lon="15.22841">
        <ele>619.0</ele>
      </trkpt>
      <trkpt lat="40.83205" lon="15.22842">
        <ele>619.4</ele>
      </trkpt>
      <trkpt lat="40.83208" lon="15.22843">
        <ele>619.8</ele>
      </trkpt>
      <trkpt lat="40.83211" lon="15.22846">
        <ele>620.3</ele>
      </trkpt>
      <trkpt lat="40.83216" lon="15.2285">
        <ele>621.2</ele>
      </trkpt>
      <trkpt lat="40.83221" lon="15.22855">
        <ele>622.1</ele>
      </trkpt>
      <trkpt lat="40.83226" lon="15.22859">
        <ele>623.0</ele>
      </trkpt>
      <trkpt lat="40.83233" lon="15.22862">
        <ele>624.0</ele>
      </trkpt>
      <trkpt lat="40.832389" lon="15.22863">
        <ele>624.7</ele>
      </trkpt>
      <trkpt lat="40.83245" lon="15.22863">
        <ele>625.3</ele>
      </trkpt>
      <trkpt lat="40.83253" lon="15.22861">
        <ele>625.8</ele>
      </trkpt>
      <trkpt lat="40.83259" lon="15.22859">
        <ele>625.9</ele>
      </trkpt>
      <trkpt lat="40.83265" lon="15.22857">
        <ele>626.0</ele>
      </trkpt>
      <trkpt lat="40.83272" lon="15.22854">
        <ele>626.0</ele>
      </trkpt>
      <trkpt lat="40.8328" lon="15.22852">
        <ele>626.1</ele>
      </trkpt>
      <trkpt lat="40.832859" lon="15.22856">
        <ele>626.8</ele>
      </trkpt>
      <trkpt lat="40.83293" lon="15.2286">
        <ele>627.6</ele>
      </trkpt>
      <trkpt lat="40.83299" lon="15.22866">
        <ele>628.6</ele>
      </trkpt>
      <trkpt lat="40.83309" lon="15.22876">
        <ele>630.3</ele>
      </trkpt>
      <trkpt lat="40.83323" lon="15.22887">
        <ele>632.5</ele>
      </trkpt>
      <trkpt lat="40.83335" lon="15.22896">
        <ele>634.3</ele>
      </trkpt>
      <trkpt lat="40.83343" lon="15.22901">
        <ele>635.3</ele>
      </trkpt>
      <trkpt lat="40.83348" lon="15.22904">
        <ele>635.9</ele>
      </trkpt>
      <trkpt lat="40.83355" lon="15.22908">
        <ele>636.7</ele>
      </trkpt>
      <trkpt lat="40.83361" lon="15.2291">
        <ele>637.1</ele>
      </trkpt>
      <trkpt lat="40.83369" lon="15.22911">
        <ele>637.6</ele>
      </trkpt>
      <trkpt lat="40.83381" lon="15.2291">
        <ele>637.9</ele>
      </trkpt>
      <trkpt lat="40.8339" lon="15.22909">
        <ele>638.1</ele>
      </trkpt>
      <trkpt lat="40.83395" lon="15.22909">
        <ele>638.3</ele>
      </trkpt>
      <trkpt lat="40.833979" lon="15.22909">
        <ele>638.4</ele>
      </trkpt>
      <trkpt lat="40.83401" lon="15.2291">
        <ele>638.6</ele>
      </trkpt>
      <trkpt lat="40.83403" lon="15.22912">
        <ele>638.9</ele>
      </trkpt>
      <trkpt lat="40.83406" lon="15.22914">
        <ele>639.3</ele>
      </trkpt>
      <trkpt lat="40.83408" lon="15.22916">
        <ele>639.6</ele>
      </trkpt>
      <trkpt lat="40.83409" lon="15.22919">
        <ele>639.9</ele>
      </trkpt>
      <trkpt lat="40.8341" lon="15.22922">
        <ele>640.3</ele>
      </trkpt>
      <trkpt lat="40.8341" lon="15.22928">
        <ele>640.8</ele>
      </trkpt>
      <trkpt lat="40.83408" lon="15.22933">
        <ele>641.3</ele>
      </trkpt>
      <trkpt lat="40.83406" lon="15.22937">
        <ele>641.6</ele>
      </trkpt>
      <trkpt lat="40.83402" lon="15.22942">
        <ele>641.9</ele>
      </trkpt>
      <trkpt lat="40.834" lon="15.22944">
        <ele>642.0</ele>
      </trkpt>
      <trkpt lat="40.83397" lon="15.22945">
        <ele>642.0</ele>
      </trkpt>
      <trkpt lat="40.83383" lon="15.2295">
        <ele>642.0</ele>
      </trkpt>
      <trkpt lat="40.83368" lon="15.22955">
        <ele>641.9</ele>
      </trkpt>
      <trkpt lat="40.83347" lon="15.22962">
        <ele>641.8</ele>
      </trkpt>
      <trkpt lat="40.83341" lon="15.22964">
        <ele>641.8</ele>
      </trkpt>
      <trkpt lat="40.83338" lon="15.22966">
        <ele>641.9</ele>
      </trkpt>
      <trkpt lat="40.83334" lon="15.22968">
        <ele>642.0</ele>
      </trkpt>
      <trkpt lat="40.83332" lon="15.22971">
        <ele>642.1</ele>
      </trkpt>
      <trkpt lat="40.83329" lon="15.22973">
        <ele>642.0</ele>
      </trkpt>
      <trkpt lat="40.83326" lon="15.22977">
        <ele>642.1</ele>
      </trkpt>
      <trkpt lat="40.83323" lon="15.22982">
        <ele>642.2</ele>
      </trkpt>
      <trkpt lat="40.83321" lon="15.22988">
        <ele>642.6</ele>
      </trkpt>
      <trkpt lat="40.83318" lon="15.22996">
        <ele>643.0</ele>
      </trkpt>
      <trkpt lat="40.83313" lon="15.23017">
        <ele>643.5</ele>
      </trkpt>
      <trkpt lat="40.83307" lon="15.23048">
        <ele>644.2</ele>
      </trkpt>
      <trkpt lat="40.83301" lon="15.23086">
        <ele>645.4</ele>
      </trkpt>
      <trkpt lat="40.83298" lon="15.2312">
        <ele>647.2</ele>
      </trkpt>
      <trkpt lat="40.83296" lon="15.23131">
        <ele>647.7</ele>
      </trkpt>
      <trkpt lat="40.83294" lon="15.23138">
        <ele>648.0</ele>
      </trkpt>
      <trkpt lat="40.83292" lon="15.23146">
        <ele>648.3</ele>
      </trkpt>
      <trkpt lat="40.83289" lon="15.23152">
        <ele>648.4</ele>
      </trkpt>
      <trkpt lat="40.83285" lon="15.2316">
        <ele>648.5</ele>
      </trkpt>
      <trkpt lat="40.832769" lon="15.23173">
        <ele>648.6</ele>
      </trkpt>
      <trkpt lat="40.83266" lon="15.23193">
        <ele>648.7</ele>
      </trkpt>
      <trkpt lat="40.83262" lon="15.23202">
        <ele>648.8</ele>
      </trkpt>
      <trkpt lat="40.8326" lon="15.2321">
        <ele>649.0</ele>
      </trkpt>
      <trkpt lat="40.8326" lon="15.23215">
        <ele>649.3</ele>
      </trkpt>
      <trkpt lat="40.83259" lon="15.2322">
        <ele>649.5</ele>
      </trkpt>
      <trkpt lat="40.83259" lon="15.23238">
        <ele>650.4</ele>
      </trkpt>
      <trkpt lat="40.83259" lon="15.23267">
        <ele>651.6</ele>
      </trkpt>
      <trkpt lat="40.83259" lon="15.23313">
        <ele>653.2</ele>
      </trkpt>
      <trkpt lat="40.83259" lon="15.23333">
        <ele>654.0</ele>
      </trkpt>
      <trkpt lat="40.8326" lon="15.23349">
        <ele>653.6</ele>
      </trkpt>
      <trkpt lat="40.83261" lon="15.23357">
        <ele>653.5</ele>
      </trkpt>
      <trkpt lat="40.83262" lon="15.23364">
        <ele>653.4</ele>
      </trkpt>
      <trkpt lat="40.83263" lon="15.2337">
        <ele>653.3</ele>
      </trkpt>
      <trkpt lat="40.83265" lon="15.23375">
        <ele>653.4</ele>
      </trkpt>
      <trkpt lat="40.83266" lon="15.23379">
        <ele>653.3</ele>
      </trkpt>
      <trkpt lat="40.83268" lon="15.23384">
        <ele>653.3</ele>
      </trkpt>
      <trkpt lat="40.8327" lon="15.23388">
        <ele>653.4</ele>
      </trkpt>
      <trkpt lat="40.83272" lon="15.23392">
        <ele>653.4</ele>
      </trkpt>
      <trkpt lat="40.83281" lon="15.23401">
        <ele>653.8</ele>
      </trkpt>
      <trkpt lat="40.832859" lon="15.23403">
        <ele>654.1</ele>
      </trkpt>
      <trkpt lat="40.83289" lon="15.23404">
        <ele>654.3</ele>
      </trkpt>
      <trkpt lat="40.83292" lon="15.23404">
        <ele>654.6</ele>
      </trkpt>
      <trkpt lat="40.832949" lon="15.23404">
        <ele>654.8</ele>
      </trkpt>
      <trkpt lat="40.83299" lon="15.23404">
        <ele>655.1</ele>
      </trkpt>
      <trkpt lat="40.83302" lon="15.23403">
        <ele>655.4</ele>
      </trkpt>
      <trkpt lat="40.83306" lon="15.23402">
        <ele>655.7</ele>
      </trkpt>
      <trkpt lat="40.8331" lon="15.23401">
        <ele>656.1</ele>
      </trkpt>
      <trkpt lat="40.83314" lon="15.234">
        <ele>656.5</ele>
      </trkpt>
      <trkpt lat="40.83321" lon="15.23396">
        <ele>657.2</ele>
      </trkpt>
      <trkpt lat="40.83328" lon="15.23392">
        <ele>658.0</ele>
      </trkpt>
      <trkpt lat="40.83337" lon="15.23387">
        <ele>658.9</ele>
      </trkpt>
      <trkpt lat="40.83347" lon="15.23382">
        <ele>659.7</ele>
      </trkpt>
      <trkpt lat="40.83364" lon="15.2338">
        <ele>660.5</ele>
      </trkpt>
      <trkpt lat="40.83376" lon="15.23379">
        <ele>661.2</ele>
      </trkpt>
      <trkpt lat="40.8339" lon="15.2338">
        <ele>661.7</ele>
      </trkpt>
      <trkpt lat="40.833979" lon="15.23379">
        <ele>662.0</ele>
      </trkpt>
      <trkpt lat="40.83404" lon="15.23377">
        <ele>662.6</ele>
      </trkpt>
      <trkpt lat="40.83409" lon="15.23375">
        <ele>663.1</ele>
      </trkpt>
      <trkpt lat="40.83413" lon="15.23372">
        <ele>663.7</ele>
      </trkpt>
      <trkpt lat="40.83417" lon="15.23369">
        <ele>664.3</ele>
      </trkpt>
      <trkpt lat="40.83422" lon="15.23364">
        <ele>664.9</ele>
      </trkpt>
      <trkpt lat="40.834269" lon="15.23357">
        <ele>665.7</ele>
      </trkpt>
      <trkpt lat="40.83432" lon="15.2335">
        <ele>666.6</ele>
      </trkpt>
      <trkpt lat="40.83439" lon="15.2334">
        <ele>667.8</ele>
      </trkpt>
      <trkpt lat="40.83443" lon="15.23334">
        <ele>668.6</ele>
      </trkpt>
      <trkpt lat="40.83449" lon="15.23329">
        <ele>668.6</ele>
      </trkpt>
      <trkpt lat="40.83452" lon="15.23327">
        <ele>668.6</ele>
      </trkpt>
      <trkpt lat="40.834539" lon="15.23325">
        <ele>668.6</ele>
      </trkpt>
      <trkpt lat="40.8346" lon="15.23322">
        <ele>668.6</ele>
      </trkpt>
      <trkpt lat="40.83468" lon="15.23318">
        <ele>668.8</ele>
      </trkpt>
      <trkpt lat="40.83477" lon="15.23315">
        <ele>669.0</ele>
      </trkpt>
      <trkpt lat="40.83484" lon="15.23311">
        <ele>669.3</ele>
      </trkpt>
      <trkpt lat="40.83489" lon="15.23308">
        <ele>669.6</ele>
      </trkpt>
      <trkpt lat="40.83494" lon="15.23304">
        <ele>669.9</ele>
      </trkpt>
      <trkpt lat="40.83499" lon="15.23299">
        <ele>670.4</ele>
      </trkpt>
      <trkpt lat="40.83512" lon="15.23287">
        <ele>672.1</ele>
      </trkpt>
      <trkpt lat="40.83523" lon="15.23274">
        <ele>673.7</ele>
      </trkpt>
      <trkpt lat="40.83534" lon="15.23264">
        <ele>675.1</ele>
      </trkpt>
      <trkpt lat="40.83541" lon="15.23258">
        <ele>675.9</ele>
      </trkpt>
      <trkpt lat="40.83546" lon="15.23254">
        <ele>676.5</ele>
      </trkpt>
      <trkpt lat="40.83555" lon="15.23248">
        <ele>677.3</ele>
      </trkpt>
      <trkpt lat="40.83566" lon="15.23241">
        <ele>678.1</ele>
      </trkpt>
      <trkpt lat="40.83576" lon="15.23235">
        <ele>678.8</ele>
      </trkpt>
      <trkpt lat="40.83582" lon="15.23232">
        <ele>679.3</ele>
      </trkpt>
      <trkpt lat="40.83587" lon="15.23231">
        <ele>680.0</ele>
      </trkpt>
      <trkpt lat="40.83592" lon="15.2323">
        <ele>680.7</ele>
      </trkpt>
      <trkpt lat="40.83596" lon="15.2323">
        <ele>681.3</ele>
      </trkpt>
      <trkpt lat="40.836" lon="15.23231">
        <ele>681.9</ele>
      </trkpt>
      <trkpt lat="40.83603" lon="15.23231">
        <ele>682.3</ele>
      </trkpt>
      <trkpt lat="40.83607" lon="15.23232">
        <ele>682.8</ele>
      </trkpt>
      <trkpt lat="40.83612" lon="15.23235">
        <ele>683.5</ele>
      </trkpt>
      <trkpt lat="40.83618" lon="15.23239">
        <ele>684.3</ele>
      </trkpt>
      <trkpt lat="40.83623" lon="15.23243">
        <ele>684.9</ele>
      </trkpt>
      <trkpt lat="40.83626" lon="15.23246">
        <ele>685.2</ele>
      </trkpt>
      <trkpt lat="40.83629" lon="15.2325">
        <ele>685.6</ele>
      </trkpt>
      <trkpt lat="40.83632" lon="15.23254">
        <ele>685.7</ele>
      </trkpt>
      <trkpt lat="40.83634" lon="15.23258">
        <ele>685.8</ele>
      </trkpt>
      <trkpt lat="40.83638" lon="15.23267">
        <ele>685.7</ele>
      </trkpt>
      <trkpt lat="40.836419" lon="15.23276">
        <ele>685.7</ele>
      </trkpt>
      <trkpt lat="40.83645" lon="15.23283">
        <ele>685.6</ele>
      </trkpt>
      <trkpt lat="40.83649" lon="15.2329">
        <ele>685.7</ele>
      </trkpt>
      <trkpt lat="40.83652" lon="15.23295">
        <ele>685.7</ele>
      </trkpt>
      <trkpt lat="40.83658" lon="15.23302">
        <ele>686.1</ele>
      </trkpt>
      <trkpt lat="40.83663" lon="15.23308">
        <ele>686.3</ele>
      </trkpt>
      <trkpt lat="40.83667" lon="15.23312">
        <ele>686.6</ele>
      </trkpt>
      <trkpt lat="40.836709" lon="15.23315">
        <ele>686.7</ele>
      </trkpt>
      <trkpt lat="40.83678" lon="15.2332">
        <ele>687.0</ele>
      </trkpt>
      <trkpt lat="40.83684" lon="15.23323">
        <ele>687.3</ele>
      </trkpt>
      <trkpt lat="40.83688" lon="15.23324">
        <ele>687.6</ele>
      </trkpt>
      <trkpt lat="40.83694" lon="15.23325">
        <ele>688.0</ele>
      </trkpt>
      <trkpt lat="40.83699" lon="15.23326">
        <ele>688.4</ele>
      </trkpt>
      <trkpt lat="40.83707" lon="15.23326">
        <ele>689.1</ele>
      </trkpt>
      <trkpt lat="40.83713" lon="15.23325">
        <ele>689.7</ele>
      </trkpt>
      <trkpt lat="40.83721" lon="15.23321">
        <ele>690.8</ele>
      </trkpt>
      <trkpt lat="40.83725" lon="15.23319">
        <ele>691.4</ele>
      </trkpt>
      <trkpt lat="40.8373" lon="15.23317">
        <ele>692.1</ele>
      </trkpt>
      <trkpt lat="40.83737" lon="15.23314">
        <ele>693.1</ele>
      </trkpt>
      <trkpt lat="40.83741" lon="15.23313">
        <ele>693.6</ele>
      </trkpt>
      <trkpt lat="40.83746" lon="15.23312">
        <ele>694.2</ele>
      </trkpt>
      <trkpt lat="40.8375" lon="15.23311">
        <ele>694.7</ele>
      </trkpt>
      <trkpt lat="40.83755" lon="15.23311">
        <ele>695.1</ele>
      </trkpt>
      <trkpt lat="40.83761" lon="15.23312">
        <ele>695.5</ele>
      </trkpt>
      <trkpt lat="40.837649" lon="15.23313">
        <ele>695.7</ele>
      </trkpt>
      <trkpt lat="40.8377" lon="15.23315">
        <ele>695.9</ele>
      </trkpt>
      <trkpt lat="40.83775" lon="15.23317">
        <ele>696.1</ele>
      </trkpt>
      <trkpt lat="40.83781" lon="15.2332">
        <ele>696.3</ele>
      </trkpt>
      <trkpt lat="40.83794" lon="15.23329">
        <ele>696.2</ele>
      </trkpt>
      <trkpt lat="40.83809" lon="15.23338">
        <ele>696.5</ele>
      </trkpt>
      <trkpt lat="40.83826" lon="15.2335">
        <ele>696.8</ele>
      </trkpt>
      <trkpt lat="40.83857" lon="15.23372">
        <ele>698.3</ele>
      </trkpt>
      <trkpt lat="40.83901" lon="15.234">
        <ele>701.4</ele>
      </trkpt>
      <trkpt lat="40.83911" lon="15.23408">
        <ele>702.0</ele>
      </trkpt>
      <trkpt lat="40.83917" lon="15.23414">
        <ele>702.3</ele>
      </trkpt>
      <trkpt lat="40.83925" lon="15.23422">
        <ele>702.4</ele>
      </trkpt>
      <trkpt lat="40.83926" lon="15.23424">
        <ele>702.4</ele>
      </trkpt>
      <trkpt lat="40.83943" lon="15.23444">
        <ele>702.9</ele>
      </trkpt>
      <trkpt lat="40.83955" lon="15.23458">
        <ele>703.4</ele>
      </trkpt>
      <trkpt lat="40.83967" lon="15.23474">
        <ele>704.0</ele>
      </trkpt>
      <trkpt lat="40.83976" lon="15.23485">
        <ele>704.5</ele>
      </trkpt>
      <trkpt lat="40.83982" lon="15.23494">
        <ele>704.9</ele>
      </trkpt>
      <trkpt lat="40.8399" lon="15.23506">
        <ele>705.6</ele>
      </trkpt>
      <trkpt lat="40.84006" lon="15.23531">
        <ele>706.6</ele>
      </trkpt>
      <trkpt lat="40.84015" lon="15.23545">
        <ele>706.6</ele>
      </trkpt>
      <trkpt lat="40.8402" lon="15.23552">
        <ele>706.7</ele>
      </trkpt>
      <trkpt lat="40.84024" lon="15.23557">
        <ele>706.8</ele>
      </trkpt>
      <trkpt lat="40.8403" lon="15.23564">
        <ele>707.1</ele>
      </trkpt>
      <trkpt lat="40.84033" lon="15.23567">
        <ele>707.2</ele>
      </trkpt>
      <trkpt lat="40.84039" lon="15.23572">
        <ele>707.6</ele>
      </trkpt>
      <trkpt lat="40.84045" lon="15.23576">
        <ele>707.9</ele>
      </trkpt>
      <trkpt lat="40.84051" lon="15.2358">
        <ele>708.3</ele>
      </trkpt>
      <trkpt lat="40.84088" lon="15.23601">
        <ele>711.0</ele>
      </trkpt>
      <trkpt lat="40.840919" lon="15.23603">
        <ele>710.9</ele>
      </trkpt>
      <trkpt lat="40.84099" lon="15.23605">
        <ele>710.7</ele>
      </trkpt>
      <trkpt lat="40.84107" lon="15.23605">
        <ele>710.2</ele>
      </trkpt>
      <trkpt lat="40.841119" lon="15.23605">
        <ele>709.9</ele>
      </trkpt>
      <trkpt lat="40.84118" lon="15.23605">
        <ele>709.6</ele>
      </trkpt>
      <trkpt lat="40.84125" lon="15.23605">
        <ele>709.2</ele>
      </trkpt>
      <trkpt lat="40.841299" lon="15.23604">
        <ele>708.8</ele>
      </trkpt>
      <trkpt lat="40.84135" lon="15.23604">
        <ele>708.5</ele>
      </trkpt>
      <trkpt lat="40.841389" lon="15.23606">
        <ele>708.5</ele>
      </trkpt>
      <trkpt lat="40.84144" lon="15.23608">
        <ele>708.5</ele>
      </trkpt>
      <trkpt lat="40.84148" lon="15.23612">
        <ele>708.7</ele>
      </trkpt>
      <trkpt lat="40.84153" lon="15.2362">
        <ele>709.5</ele>
      </trkpt>
      <trkpt lat="40.84165" lon="15.23638">
        <ele>711.3</ele>
      </trkpt>
      <trkpt lat="40.84172" lon="15.23647">
        <ele>712.2</ele>
      </trkpt>
      <trkpt lat="40.84179" lon="15.23655">
        <ele>713.0</ele>
      </trkpt>
      <trkpt lat="40.841859" lon="15.23662">
        <ele>713.5</ele>
      </trkpt>
      <trkpt lat="40.84193" lon="15.23668">
        <ele>713.9</ele>
      </trkpt>
      <trkpt lat="40.84198" lon="15.23671">
        <ele>714.1</ele>
      </trkpt>
      <trkpt lat="40.84205" lon="15.23674">
        <ele>714.1</ele>
      </trkpt>
      <trkpt lat="40.84212" lon="15.23676">
        <ele>714.1</ele>
      </trkpt>
      <trkpt lat="40.84218" lon="15.23677">
        <ele>713.9</ele>
      </trkpt>
      <trkpt lat="40.84226" lon="15.23678">
        <ele>713.7</ele>
      </trkpt>
      <trkpt lat="40.84231" lon="15.23678">
        <ele>713.5</ele>
      </trkpt>
      <trkpt lat="40.84237" lon="15.23677">
        <ele>713.1</ele>
      </trkpt>
      <trkpt lat="40.84242" lon="15.23676">
        <ele>712.7</ele>
      </trkpt>
      <trkpt lat="40.84248" lon="15.23674">
        <ele>712.1</ele>
      </trkpt>
      <trkpt lat="40.84254" lon="15.23671">
        <ele>711.7</ele>
      </trkpt>
      <trkpt lat="40.8426" lon="15.23667">
        <ele>711.2</ele>
      </trkpt>
      <trkpt lat="40.84266" lon="15.23663">
        <ele>710.9</ele>
      </trkpt>
      <trkpt lat="40.84277" lon="15.23656">
        <ele>710.6</ele>
      </trkpt>
      <trkpt lat="40.84289" lon="15.23647">
        <ele>710.1</ele>
      </trkpt>
      <trkpt lat="40.84298" lon="15.23642">
        <ele>710.0</ele>
      </trkpt>
      <trkpt lat="40.84304" lon="15.23638">
        <ele>709.9</ele>
      </trkpt>
      <trkpt lat="40.84308" lon="15.23637">
        <ele>709.9</ele>
      </trkpt>
      <trkpt lat="40.84311" lon="15.23637">
        <ele>710.0</ele>
      </trkpt>
      <trkpt lat="40.84313" lon="15.23637">
        <ele>710.1</ele>
      </trkpt>
      <trkpt lat="40.84315" lon="15.23637">
        <ele>710.1</ele>
      </trkpt>
      <trkpt lat="40.84317" lon="15.23637">
        <ele>710.2</ele>
      </trkpt>
      <trkpt lat="40.84319" lon="15.23638">
        <ele>710.3</ele>
      </trkpt>
      <trkpt lat="40.84322" lon="15.23639">
        <ele>710.4</ele>
      </trkpt>
      <trkpt lat="40.84325" lon="15.2364">
        <ele>710.5</ele>
      </trkpt>
      <trkpt lat="40.84328" lon="15.23644">
        <ele>710.8</ele>
      </trkpt>
      <trkpt lat="40.84334" lon="15.2365">
        <ele>711.1</ele>
      </trkpt>
      <trkpt lat="40.84343" lon="15.23662">
        <ele>710.7</ele>
      </trkpt>
      <trkpt lat="40.84348" lon="15.23669">
        <ele>710.6</ele>
      </trkpt>
      <trkpt lat="40.84352" lon="15.23678">
        <ele>711.0</ele>
      </trkpt>
      <trkpt lat="40.84357" lon="15.23689">
        <ele>711.5</ele>
      </trkpt>
      <trkpt lat="40.84361" lon="15.23699">
        <ele>712.0</ele>
      </trkpt>
      <trkpt lat="40.84364" lon="15.23707">
        <ele>712.4</ele>
      </trkpt>
      <trkpt lat="40.84367" lon="15.23716">
        <ele>712.9</ele>
      </trkpt>
      <trkpt lat="40.8437" lon="15.23723">
        <ele>713.2</ele>
      </trkpt>
      <trkpt lat="40.843739" lon="15.23731">
        <ele>713.4</ele>
      </trkpt>
      <trkpt lat="40.84376" lon="15.23736">
        <ele>713.6</ele>
      </trkpt>
      <trkpt lat="40.84379" lon="15.2374">
        <ele>713.6</ele>
      </trkpt>
      <trkpt lat="40.84382" lon="15.23744">
        <ele>713.6</ele>
      </trkpt>
      <trkpt lat="40.84386" lon="15.23748">
        <ele>713.5</ele>
      </trkpt>
      <trkpt lat="40.84389" lon="15.23752">
        <ele>713.6</ele>
      </trkpt>
      <trkpt lat="40.84392" lon="15.23754">
        <ele>713.5</ele>
      </trkpt>
      <trkpt lat="40.84397" lon="15.23756">
        <ele>713.2</ele>
      </trkpt>
      <trkpt lat="40.84402" lon="15.23759">
        <ele>713.0</ele>
      </trkpt>
      <trkpt lat="40.844119" lon="15.23762">
        <ele>712.3</ele>
      </trkpt>
      <trkpt lat="40.84424" lon="15.23766">
        <ele>711.7</ele>
      </trkpt>
      <trkpt lat="40.84441" lon="15.23774">
        <ele>711.4</ele>
      </trkpt>
      <trkpt lat="40.84452" lon="15.2378">
        <ele>711.4</ele>
      </trkpt>
      <trkpt lat="40.84463" lon="15.23786">
        <ele>711.3</ele>
      </trkpt>
      <trkpt lat="40.84472" lon="15.23791">
        <ele>711.3</ele>
      </trkpt>
      <trkpt lat="40.84479" lon="15.23795">
        <ele>711.2</ele>
      </trkpt>
      <trkpt lat="40.84487" lon="15.23799">
        <ele>711.1</ele>
      </trkpt>
      <trkpt lat="40.84493" lon="15.23801">
        <ele>710.9</ele>
      </trkpt>
      <trkpt lat="40.84499" lon="15.23802">
        <ele>710.6</ele>
      </trkpt>
      <trkpt lat="40.84513" lon="15.23804">
        <ele>710.0</ele>
      </trkpt>
      <trkpt lat="40.84528" lon="15.23808">
        <ele>709.8</ele>
      </trkpt>
      <trkpt lat="40.84533" lon="15.2381">
        <ele>709.8</ele>
      </trkpt>
      <trkpt lat="40.84536" lon="15.23813">
        <ele>710.1</ele>
      </trkpt>
      <trkpt lat="40.8454" lon="15.23816">
        <ele>710.4</ele>
      </trkpt>
      <trkpt lat="40.84548" lon="15.23824">
        <ele>711.2</ele>
      </trkpt>
      <trkpt lat="40.84559" lon="15.23834">
        <ele>712.3</ele>
      </trkpt>
      <trkpt lat="40.84565" lon="15.23837">
        <ele>712.4</ele>
      </trkpt>
      <trkpt lat="40.84569" lon="15.23839">
        <ele>712.4</ele>
      </trkpt>
      <trkpt lat="40.84573" lon="15.2384">
        <ele>712.4</ele>
      </trkpt>
      <trkpt lat="40.84577" lon="15.23841">
        <ele>712.3</ele>
      </trkpt>
      <trkpt lat="40.84584" lon="15.23841">
        <ele>712.0</ele>
      </trkpt>
      <trkpt lat="40.84611" lon="15.2384">
        <ele>711.9</ele>
      </trkpt>
      <trkpt lat="40.84622" lon="15.2384">
        <ele>711.9</ele>
      </trkpt>
      <trkpt lat="40.84632" lon="15.23838">
        <ele>711.6</ele>
      </trkpt>
      <trkpt lat="40.84636" lon="15.23837">
        <ele>711.5</ele>
      </trkpt>
      <trkpt lat="40.84639" lon="15.23835">
        <ele>711.2</ele>
      </trkpt>
      <trkpt lat="40.84643" lon="15.23831">
        <ele>710.6</ele>
      </trkpt>
      <trkpt lat="40.846469" lon="15.23826">
        <ele>709.8</ele>
      </trkpt>
      <trkpt lat="40.84652" lon="15.23821">
        <ele>709.1</ele>
      </trkpt>
      <trkpt lat="40.84658" lon="15.23813">
        <ele>707.8</ele>
      </trkpt>
      <trkpt lat="40.84666" lon="15.23806">
        <ele>706.7</ele>
      </trkpt>
      <trkpt lat="40.84676" lon="15.23798">
        <ele>705.1</ele>
      </trkpt>
      <trkpt lat="40.84685" lon="15.23796">
        <ele>704.4</ele>
      </trkpt>
      <trkpt lat="40.84693" lon="15.23795">
        <ele>703.9</ele>
      </trkpt>
      <trkpt lat="40.84699" lon="15.23795">
        <ele>703.6</ele>
      </trkpt>
      <trkpt lat="40.84707" lon="15.23795">
        <ele>703.3</ele>
      </trkpt>
      <trkpt lat="40.84713" lon="15.23796">
        <ele>703.1</ele>
      </trkpt>
      <trkpt lat="40.84717" lon="15.23796">
        <ele>703.0</ele>
      </trkpt>
      <trkpt lat="40.84722" lon="15.23798">
        <ele>703.0</ele>
      </trkpt>
      <trkpt lat="40.84725" lon="15.23799">
        <ele>703.0</ele>
      </trkpt>
      <trkpt lat="40.84728" lon="15.23801">
        <ele>703.1</ele>
      </trkpt>
      <trkpt lat="40.84731" lon="15.23803">
        <ele>703.3</ele>
      </trkpt>
      <trkpt lat="40.84734" lon="15.23806">
        <ele>703.4</ele>
      </trkpt>
      <trkpt lat="40.84737" lon="15.2381">
        <ele>703.8</ele>
      </trkpt>
      <trkpt lat="40.8474" lon="15.23814">
        <ele>704.2</ele>
      </trkpt>
      <trkpt lat="40.84743" lon="15.23824">
        <ele>705.3</ele>
      </trkpt>
      <trkpt lat="40.84746" lon="15.23833">
        <ele>706.2</ele>
      </trkpt>
      <trkpt lat="40.84749" lon="15.23843">
        <ele>707.5</ele>
      </trkpt>
      <trkpt lat="40.84752" lon="15.23851">
        <ele>708.5</ele>
      </trkpt>
      <trkpt lat="40.84754" lon="15.23855">
        <ele>709.0</ele>
      </trkpt>
      <trkpt lat="40.84757" lon="15.23859">
        <ele>709.4</ele>
      </trkpt>
      <trkpt lat="40.8476" lon="15.23863">
        <ele>709.9</ele>
      </trkpt>
      <trkpt lat="40.84762" lon="15.23865">
        <ele>710.1</ele>
      </trkpt>
      <trkpt lat="40.84765" lon="15.23867">
        <ele>710.3</ele>
      </trkpt>
      <trkpt lat="40.84769" lon="15.2387">
        <ele>710.6</ele>
      </trkpt>
      <trkpt lat="40.84776" lon="15.23873">
        <ele>710.8</ele>
      </trkpt>
      <trkpt lat="40.84787" lon="15.23877">
        <ele>711.0</ele>
      </trkpt>
      <trkpt lat="40.84794" lon="15.23879">
        <ele>711.0</ele>
      </trkpt>
      <trkpt lat="40.848" lon="15.23881">
        <ele>711.2</ele>
      </trkpt>
      <trkpt lat="40.84804" lon="15.23881">
        <ele>711.0</ele>
      </trkpt>
      <trkpt lat="40.84808" lon="15.23881">
        <ele>710.9</ele>
      </trkpt>
      <trkpt lat="40.84813" lon="15.2388">
        <ele>710.5</ele>
      </trkpt>
      <trkpt lat="40.84817" lon="15.23879">
        <ele>710.2</ele>
      </trkpt>
      <trkpt lat="40.84821" lon="15.23878">
        <ele>709.9</ele>
      </trkpt>
      <trkpt lat="40.848239" lon="15.23876">
        <ele>709.5</ele>
      </trkpt>
      <trkpt lat="40.84826" lon="15.23875">
        <ele>709.3</ele>
      </trkpt>
      <trkpt lat="40.84829" lon="15.23873">
        <ele>708.8</ele>
      </trkpt>
      <trkpt lat="40.84836" lon="15.23865">
        <ele>707.2</ele>
      </trkpt>
      <trkpt lat="40.84847" lon="15.23854">
        <ele>704.9</ele>
      </trkpt>
      <trkpt lat="40.848529" lon="15.23847">
        <ele>703.4</ele>
      </trkpt>
      <trkpt lat="40.84857" lon="15.23844">
        <ele>702.7</ele>
      </trkpt>
      <trkpt lat="40.84861" lon="15.23842">
        <ele>702.2</ele>
      </trkpt>
      <trkpt lat="40.84863" lon="15.23841">
        <ele>701.9</ele>
      </trkpt>
      <trkpt lat="40.84866" lon="15.23841">
        <ele>701.8</ele>
      </trkpt>
      <trkpt lat="40.84869" lon="15.2384">
        <ele>701.4</ele>
      </trkpt>
      <trkpt lat="40.84872" lon="15.2384">
        <ele>701.3</ele>
      </trkpt>
      <trkpt lat="40.84874" lon="15.23841">
        <ele>701.4</ele>
      </trkpt>
      <trkpt lat="40.84877" lon="15.23842">
        <ele>701.4</ele>
      </trkpt>
      <trkpt lat="40.8488" lon="15.23844">
        <ele>701.6</ele>
      </trkpt>
      <trkpt lat="40.84883" lon="15.23847">
        <ele>702.0</ele>
      </trkpt>
      <trkpt lat="40.84893" lon="15.23854">
        <ele>702.8</ele>
      </trkpt>
      <trkpt lat="40.84897" lon="15.23858">
        <ele>703.3</ele>
      </trkpt>
      <trkpt lat="40.84904" lon="15.23862">
        <ele>703.7</ele>
      </trkpt>
      <trkpt lat="40.84906" lon="15.23863">
        <ele>703.8</ele>
      </trkpt>
      <trkpt lat="40.849089" lon="15.23864">
        <ele>703.9</ele>
      </trkpt>
      <trkpt lat="40.84913" lon="15.23864">
        <ele>703.7</ele>
      </trkpt>
      <trkpt lat="40.849179" lon="15.23865">
        <ele>703.7</ele>
      </trkpt>
      <trkpt lat="40.84929" lon="15.23864">
        <ele>703.3</ele>
      </trkpt>
      <trkpt lat="40.84949" lon="15.23862">
        <ele>702.6</ele>
      </trkpt>
      <trkpt lat="40.84957" lon="15.23864">
        <ele>702.9</ele>
      </trkpt>
      <trkpt lat="40.84963" lon="15.23867">
        <ele>703.3</ele>
      </trkpt>
      <trkpt lat="40.8497" lon="15.23869">
        <ele>703.4</ele>
      </trkpt>
      <trkpt lat="40.84976" lon="15.23871">
        <ele>703.7</ele>
      </trkpt>
      <trkpt lat="40.84982" lon="15.23871">
        <ele>703.6</ele>
      </trkpt>
      <trkpt lat="40.84988" lon="15.23871">
        <ele>703.4</ele>
      </trkpt>
      <trkpt lat="40.84995" lon="15.2387">
        <ele>703.2</ele>
      </trkpt>
      <trkpt lat="40.85004" lon="15.23867">
        <ele>702.7</ele>
      </trkpt>
      <trkpt lat="40.850119" lon="15.23864">
        <ele>702.4</ele>
      </trkpt>
      <trkpt lat="40.85021" lon="15.23858">
        <ele>701.6</ele>
      </trkpt>
      <trkpt lat="40.85029" lon="15.23852">
        <ele>701.0</ele>
      </trkpt>
      <trkpt lat="40.85038" lon="15.23843">
        <ele>700.1</ele>
      </trkpt>
      <trkpt lat="40.85048" lon="15.23835">
        <ele>699.4</ele>
      </trkpt>
      <trkpt lat="40.85058" lon="15.23826">
        <ele>698.3</ele>
      </trkpt>
      <trkpt lat="40.85066" lon="15.2382">
        <ele>697.5</ele>
      </trkpt>
      <trkpt lat="40.85071" lon="15.23817">
        <ele>697.1</ele>
      </trkpt>
      <trkpt lat="40.85077" lon="15.23814">
        <ele>696.8</ele>
      </trkpt>
      <trkpt lat="40.85082" lon="15.23811">
        <ele>696.4</ele>
      </trkpt>
      <trkpt lat="40.8509" lon="15.23809">
        <ele>695.8</ele>
      </trkpt>
      <trkpt lat="40.85096" lon="15.23808">
        <ele>695.3</ele>
      </trkpt>
      <trkpt lat="40.85101" lon="15.23807">
        <ele>694.9</ele>
      </trkpt>
      <trkpt lat="40.851059" lon="15.23807">
        <ele>694.7</ele>
      </trkpt>
      <trkpt lat="40.85111" lon="15.23808">
        <ele>694.7</ele>
      </trkpt>
      <trkpt lat="40.85116" lon="15.23809">
        <ele>694.6</ele>
      </trkpt>
      <trkpt lat="40.85119" lon="15.23811">
        <ele>694.9</ele>
      </trkpt>
      <trkpt lat="40.85123" lon="15.23813">
        <ele>695.1</ele>
      </trkpt>
      <trkpt lat="40.85127" lon="15.23816">
        <ele>695.4</ele>
      </trkpt>
      <trkpt lat="40.85131" lon="15.23821">
        <ele>696.0</ele>
      </trkpt>
      <trkpt lat="40.85136" lon="15.23829">
        <ele>697.1</ele>
      </trkpt>
      <trkpt lat="40.85141" lon="15.23838">
        <ele>698.0</ele>
      </trkpt>
      <trkpt lat="40.85147" lon="15.23846">
        <ele>698.5</ele>
      </trkpt>
      <trkpt lat="40.85159" lon="15.2386">
        <ele>699.3</ele>
      </trkpt>
      <trkpt lat="40.85166" lon="15.23861">
        <ele>699.0</ele>
      </trkpt>
      <trkpt lat="40.85172" lon="15.23861">
        <ele>699.0</ele>
      </trkpt>
      <trkpt lat="40.85178" lon="15.2386">
        <ele>698.8</ele>
      </trkpt>
      <trkpt lat="40.85183" lon="15.23858">
        <ele>698.6</ele>
      </trkpt>
      <trkpt lat="40.8519" lon="15.23854">
        <ele>698.2</ele>
      </trkpt>
      <trkpt lat="40.85198" lon="15.23851">
        <ele>697.8</ele>
      </trkpt>
      <trkpt lat="40.85207" lon="15.23847">
        <ele>697.4</ele>
      </trkpt>
      <trkpt lat="40.85212" lon="15.23845">
        <ele>697.2</ele>
      </trkpt>
      <trkpt lat="40.85216" lon="15.23844">
        <ele>697.1</ele>
      </trkpt>
      <trkpt lat="40.85226" lon="15.23843">
        <ele>697.0</ele>
      </trkpt>
      <trkpt lat="40.85237" lon="15.23842">
        <ele>696.8</ele>
      </trkpt>
      <trkpt lat="40.85246" lon="15.23841">
        <ele>696.7</ele>
      </trkpt>
      <trkpt lat="40.85252" lon="15.23839">
        <ele>696.6</ele>
      </trkpt>
      <trkpt lat="40.852559" lon="15.23838">
        <ele>696.6</ele>
      </trkpt>
      <trkpt lat="40.8526" lon="15.23836">
        <ele>696.5</ele>
      </trkpt>
      <trkpt lat="40.85263" lon="15.23833">
        <ele>696.3</ele>
      </trkpt>
      <trkpt lat="40.85267" lon="15.23829">
        <ele>696.0</ele>
      </trkpt>
      <trkpt lat="40.85271" lon="15.23824">
        <ele>695.6</ele>
      </trkpt>
      <trkpt lat="40.85275" lon="15.23817">
        <ele>695.0</ele>
      </trkpt>
      <trkpt lat="40.8528" lon="15.23806">
        <ele>694.1</ele>
      </trkpt>
      <trkpt lat="40.85286" lon="15.23794">
        <ele>693.2</ele>
      </trkpt>
      <trkpt lat="40.85291" lon="15.23783">
        <ele>692.4</ele>
      </trkpt>
      <trkpt lat="40.85296" lon="15.23777">
        <ele>692.1</ele>
      </trkpt>
      <trkpt lat="40.85298" lon="15.23774">
        <ele>692.0</ele>
      </trkpt>
      <trkpt lat="40.85301" lon="15.23771">
        <ele>691.9</ele>
      </trkpt>
      <trkpt lat="40.85305" lon="15.23768">
        <ele>691.8</ele>
      </trkpt>
      <trkpt lat="40.85308" lon="15.23765">
        <ele>691.7</ele>
      </trkpt>
      <trkpt lat="40.85314" lon="15.23763">
        <ele>691.9</ele>
      </trkpt>
      <trkpt lat="40.8532" lon="15.23761">
        <ele>692.1</ele>
      </trkpt>
      <trkpt lat="40.85327" lon="15.23759">
        <ele>692.3</ele>
      </trkpt>
      <trkpt lat="40.85334" lon="15.23759">
        <ele>692.6</ele>
      </trkpt>
      <trkpt lat="40.85342" lon="15.23759">
        <ele>692.0</ele>
      </trkpt>
      <trkpt lat="40.85353" lon="15.23761">
        <ele>691.4</ele>
      </trkpt>
      <trkpt lat="40.85365" lon="15.23763">
        <ele>690.7</ele>
      </trkpt>
      <trkpt lat="40.85373" lon="15.23766">
        <ele>690.4</ele>
      </trkpt>
      <trkpt lat="40.85384" lon="15.2377">
        <ele>689.9</ele>
      </trkpt>
      <trkpt lat="40.8539" lon="15.23772">
        <ele>689.7</ele>
      </trkpt>
      <trkpt lat="40.853969" lon="15.23775">
        <ele>689.4</ele>
      </trkpt>
      <trkpt lat="40.85405" lon="15.2378">
        <ele>689.3</ele>
      </trkpt>
      <trkpt lat="40.85415" lon="15.23787">
        <ele>689.2</ele>
      </trkpt>
      <trkpt lat="40.85437" lon="15.23807">
        <ele>689.2</ele>
      </trkpt>
      <trkpt lat="40.8546" lon="15.23827">
        <ele>688.9</ele>
      </trkpt>
      <trkpt lat="40.8548" lon="15.23844">
        <ele>688.4</ele>
      </trkpt>
      <trkpt lat="40.8549" lon="15.23852">
        <ele>688.3</ele>
      </trkpt>
      <trkpt lat="40.85527" lon="15.23875">
        <ele>688.5</ele>
      </trkpt>
      <trkpt lat="40.85546" lon="15.23885">
        <ele>688.8</ele>
      </trkpt>
      <trkpt lat="40.85558" lon="15.23889">
        <ele>688.8</ele>
      </trkpt>
      <trkpt lat="40.85564" lon="15.2389">
        <ele>688.7</ele>
      </trkpt>
      <trkpt lat="40.85573" lon="15.2389">
        <ele>688.4</ele>
      </trkpt>
      <trkpt lat="40.85582" lon="15.2389">
        <ele>688.2</ele>
      </trkpt>
      <trkpt lat="40.85595" lon="15.23889">
        <ele>686.0</ele>
      </trkpt>
      <trkpt lat="40.85619" lon="15.23887">
        <ele>681.9</ele>
      </trkpt>
      <trkpt lat="40.856229" lon="15.23887">
        <ele>681.3</ele>
      </trkpt>
      <trkpt lat="40.85627" lon="15.23888">
        <ele>680.6</ele>
      </trkpt>
      <trkpt lat="40.8563" lon="15.23889">
        <ele>680.2</ele>
      </trkpt>
      <trkpt lat="40.85633" lon="15.23891">
        <ele>679.7</ele>
      </trkpt>
      <trkpt lat="40.85636" lon="15.23899">
        <ele>679.3</ele>
      </trkpt>
      <trkpt lat="40.85638" lon="15.23905">
        <ele>679.0</ele>
      </trkpt>
      <trkpt lat="40.85639" lon="15.23915">
        <ele>679.0</ele>
      </trkpt>
      <trkpt lat="40.85639" lon="15.23924">
        <ele>679.0</ele>
      </trkpt>
      <trkpt lat="40.85639" lon="15.23933">
        <ele>679.0</ele>
      </trkpt>
      <trkpt lat="40.85638" lon="15.23941">
        <ele>679.3</ele>
      </trkpt>
      <trkpt lat="40.85638" lon="15.23948">
        <ele>679.3</ele>
      </trkpt>
      <trkpt lat="40.85636" lon="15.23958">
        <ele>679.9</ele>
      </trkpt>
      <trkpt lat="40.85634" lon="15.23969">
        <ele>680.5</ele>
      </trkpt>
      <trkpt lat="40.856319" lon="15.23976">
        <ele>681.1</ele>
      </trkpt>
      <trkpt lat="40.85631" lon="15.23981">
        <ele>681.5</ele>
      </trkpt>
      <trkpt lat="40.85629" lon="15.23988">
        <ele>682.1</ele>
      </trkpt>
      <trkpt lat="40.85626" lon="15.23994">
        <ele>683.1</ele>
      </trkpt>
      <trkpt lat="40.856229" lon="15.24002">
        <ele>684.0</ele>
      </trkpt>
      <trkpt lat="40.85622" lon="15.24009">
        <ele>683.7</ele>
      </trkpt>
      <trkpt lat="40.8562" lon="15.24016">
        <ele>683.8</ele>
      </trkpt>
      <trkpt lat="40.8562" lon="15.24028">
        <ele>682.8</ele>
      </trkpt>
      <trkpt lat="40.85621" lon="15.24038">
        <ele>681.8</ele>
      </trkpt>
      <trkpt lat="40.85622" lon="15.24052">
        <ele>680.5</ele>
      </trkpt>
      <trkpt lat="40.85622" lon="15.24061">
        <ele>679.8</ele>
      </trkpt>
      <trkpt lat="40.85622" lon="15.24069">
        <ele>679.2</ele>
      </trkpt>
      <trkpt lat="40.85622" lon="15.24076">
        <ele>678.7</ele>
      </trkpt>
      <trkpt lat="40.85621" lon="15.24081">
        <ele>678.5</ele>
      </trkpt>
      <trkpt lat="40.85621" lon="15.24086">
        <ele>677.8</ele>
      </trkpt>
      <trkpt lat="40.85619" lon="15.24091">
        <ele>677.1</ele>
      </trkpt>
      <trkpt lat="40.85617" lon="15.24095">
        <ele>676.6</ele>
      </trkpt>
      <trkpt lat="40.85615" lon="15.24099">
        <ele>676.2</ele>
      </trkpt>
      <trkpt lat="40.85613" lon="15.24101">
        <ele>676.1</ele>
      </trkpt>
      <trkpt lat="40.85612" lon="15.24103">
        <ele>675.9</ele>
      </trkpt>
      <trkpt lat="40.85608" lon="15.24105">
        <ele>676.3</ele>
      </trkpt>
      <trkpt lat="40.85605" lon="15.24107">
        <ele>676.4</ele>
      </trkpt>
      <trkpt lat="40.85593" lon="15.2411">
        <ele>678.1</ele>
      </trkpt>
      <trkpt lat="40.85578" lon="15.24113">
        <ele>680.2</ele>
      </trkpt>
      <trkpt lat="40.85569" lon="15.24116">
        <ele>681.0</ele>
      </trkpt>
      <trkpt lat="40.85563" lon="15.2412">
        <ele>681.2</ele>
      </trkpt>
      <trkpt lat="40.8556" lon="15.24123">
        <ele>681.0</ele>
      </trkpt>
      <trkpt lat="40.85557" lon="15.24127">
        <ele>680.6</ele>
      </trkpt>
      <trkpt lat="40.855559" lon="15.24129">
        <ele>680.4</ele>
      </trkpt>
      <trkpt lat="40.8555" lon="15.24136">
        <ele>679.8</ele>
      </trkpt>
      <trkpt lat="40.85544" lon="15.24145">
        <ele>678.9</ele>
      </trkpt>
      <trkpt lat="40.85539" lon="15.24152">
        <ele>678.2</ele>
      </trkpt>
      <trkpt lat="40.85535" lon="15.24157">
        <ele>677.8</ele>
      </trkpt>
      <trkpt lat="40.855289" lon="15.24162">
        <ele>677.8</ele>
      </trkpt>
      <trkpt lat="40.85525" lon="15.24164">
        <ele>678.1</ele>
      </trkpt>
      <trkpt lat="40.8552" lon="15.24167">
        <ele>678.3</ele>
      </trkpt>
      <trkpt lat="40.85512" lon="15.24168">
        <ele>679.6</ele>
      </trkpt>
      <trkpt lat="40.85507" lon="15.24171">
        <ele>680.1</ele>
      </trkpt>
      <trkpt lat="40.85502" lon="15.24173">
        <ele>680.6</ele>
      </trkpt>
      <trkpt lat="40.85499" lon="15.24176">
        <ele>680.7</ele>
      </trkpt>
      <trkpt lat="40.85495" lon="15.2418">
        <ele>680.6</ele>
      </trkpt>
      <trkpt lat="40.85492" lon="15.24184">
        <ele>680.4</ele>
      </trkpt>
      <trkpt lat="40.8549" lon="15.24189">
        <ele>679.9</ele>
      </trkpt>
      <trkpt lat="40.85489" lon="15.24194">
        <ele>679.3</ele>
      </trkpt>
      <trkpt lat="40.85488" lon="15.24199">
        <ele>678.7</ele>
      </trkpt>
      <trkpt lat="40.85487" lon="15.24209">
        <ele>677.3</ele>
      </trkpt>
      <trkpt lat="40.85488" lon="15.24239">
        <ele>672.5</ele>
      </trkpt>
      <trkpt lat="40.85489" lon="15.24273">
        <ele>668.0</ele>
      </trkpt>
      <trkpt lat="40.85487" lon="15.24292">
        <ele>665.9</ele>
      </trkpt>
      <trkpt lat="40.85487" lon="15.24298">
        <ele>665.2</ele>
      </trkpt>
      <trkpt lat="40.85486" lon="15.24301">
        <ele>665.0</ele>
      </trkpt>
      <trkpt lat="40.85484" lon="15.24305">
        <ele>664.7</ele>
      </trkpt>
      <trkpt lat="40.854819" lon="15.24309">
        <ele>664.4</ele>
      </trkpt>
      <trkpt lat="40.8548" lon="15.24314">
        <ele>663.9</ele>
      </trkpt>
      <trkpt lat="40.85477" lon="15.24318">
        <ele>663.7</ele>
      </trkpt>
      <trkpt lat="40.85473" lon="15.24321">
        <ele>663.6</ele>
      </trkpt>
      <trkpt lat="40.8547" lon="15.24324">
        <ele>663.4</ele>
      </trkpt>
      <trkpt lat="40.85467" lon="15.24326">
        <ele>663.4</ele>
      </trkpt>
      <trkpt lat="40.85463" lon="15.24328">
        <ele>663.4</ele>
      </trkpt>
      <trkpt lat="40.85458" lon="15.24329">
        <ele>663.7</ele>
      </trkpt>
      <trkpt lat="40.854529" lon="15.2433">
        <ele>663.9</ele>
      </trkpt>
      <trkpt lat="40.85449" lon="15.2433">
        <ele>664.2</ele>
      </trkpt>
      <trkpt lat="40.854439" lon="15.24329">
        <ele>664.7</ele>
      </trkpt>
      <trkpt lat="40.85439" lon="15.24328">
        <ele>665.3</ele>
      </trkpt>
      <trkpt lat="40.85433" lon="15.24328">
        <ele>665.8</ele>
      </trkpt>
      <trkpt lat="40.85428" lon="15.24327">
        <ele>666.3</ele>
      </trkpt>
      <trkpt lat="40.85422" lon="15.24327">
        <ele>666.8</ele>
      </trkpt>
      <trkpt lat="40.85415" lon="15.24328">
        <ele>667.1</ele>
      </trkpt>
      <trkpt lat="40.85409" lon="15.2433">
        <ele>666.9</ele>
      </trkpt>
      <trkpt lat="40.85403" lon="15.24333">
        <ele>666.5</ele>
      </trkpt>
      <trkpt lat="40.853789" lon="15.24345">
        <ele>665.3</ele>
      </trkpt>
      <trkpt lat="40.85343" lon="15.2436">
        <ele>664.6</ele>
      </trkpt>
      <trkpt lat="40.85317" lon="15.24376">
        <ele>665.1</ele>
      </trkpt>
      <trkpt lat="40.85317" lon="15.24376">
        <ele>665.1</ele>
      </trkpt>
      <trkpt lat="40.8532" lon="15.24381">
        <ele>664.1</ele>
      </trkpt>
      <trkpt lat="40.85322" lon="15.24384">
        <ele>663.4</ele>
      </trkpt>
      <trkpt lat="40.85324" lon="15.24386">
        <ele>662.9</ele>
      </trkpt>
      <trkpt lat="40.85327" lon="15.24388">
        <ele>662.0</ele>
      </trkpt>
      <trkpt lat="40.8533" lon="15.24389">
        <ele>661.5</ele>
      </trkpt>
      <trkpt lat="40.85335" lon="15.2439">
        <ele>660.7</ele>
      </trkpt>
      <trkpt lat="40.85338" lon="15.2439">
        <ele>660.5</ele>
      </trkpt>
      <trkpt lat="40.85345" lon="15.24389">
        <ele>660.0</ele>
      </trkpt>
      <trkpt lat="40.85365" lon="15.24381">
        <ele>659.9</ele>
      </trkpt>
      <trkpt lat="40.85385" lon="15.24375">
        <ele>659.6</ele>
      </trkpt>
      <trkpt lat="40.854" lon="15.24371">
        <ele>659.4</ele>
      </trkpt>
      <trkpt lat="40.85408" lon="15.24371">
        <ele>658.9</ele>
      </trkpt>
      <trkpt lat="40.85418" lon="15.24372">
        <ele>658.1</ele>
      </trkpt>
      <trkpt lat="40.85428" lon="15.24374">
        <ele>657.2</ele>
      </trkpt>
      <trkpt lat="40.85452" lon="15.24381">
        <ele>654.9</ele>
      </trkpt>
      <trkpt lat="40.85473" lon="15.24389">
        <ele>652.8</ele>
      </trkpt>
      <trkpt lat="40.85507" lon="15.24401">
        <ele>649.5</ele>
      </trkpt>
      <trkpt lat="40.85525" lon="15.24405">
        <ele>647.0</ele>
      </trkpt>
      <trkpt lat="40.85533" lon="15.24406">
        <ele>646.1</ele>
      </trkpt>
      <trkpt lat="40.85539" lon="15.24404">
        <ele>645.7</ele>
      </trkpt>
      <trkpt lat="40.85545" lon="15.244">
        <ele>645.4</ele>
      </trkpt>
      <trkpt lat="40.85552" lon="15.24393">
        <ele>645.4</ele>
      </trkpt>
      <trkpt lat="40.85572" lon="15.24366">
        <ele>645.2</ele>
      </trkpt>
      <trkpt lat="40.85597" lon="15.24333">
        <ele>643.9</ele>
      </trkpt>
      <trkpt lat="40.85611" lon="15.24317">
        <ele>642.8</ele>
      </trkpt>
      <trkpt lat="40.85612" lon="15.24316">
        <ele>642.7</ele>
      </trkpt>
      <trkpt lat="40.85613" lon="15.24316">
        <ele>642.5</ele>
      </trkpt>
      <trkpt lat="40.85615" lon="15.24315">
        <ele>642.3</ele>
      </trkpt>
      <trkpt lat="40.85618" lon="15.24316">
        <ele>641.8</ele>
      </trkpt>
      <trkpt lat="40.85618" lon="15.24316">
        <ele>641.8</ele>
      </trkpt>
      <trkpt lat="40.85601" lon="15.24351">
        <ele>642.0</ele>
      </trkpt>
      <trkpt lat="40.85597" lon="15.24358">
        <ele>642.1</ele>
      </trkpt>
      <trkpt lat="40.85587" lon="15.24375">
        <ele>642.4</ele>
      </trkpt>
      <trkpt lat="40.855849" lon="15.24381">
        <ele>642.3</ele>
      </trkpt>
      <trkpt lat="40.85583" lon="15.24386">
        <ele>642.2</ele>
      </trkpt>
      <trkpt lat="40.85582" lon="15.24391">
        <ele>642.0</ele>
      </trkpt>
      <trkpt lat="40.85582" lon="15.24396">
        <ele>641.6</ele>
      </trkpt>
      <trkpt lat="40.85582" lon="15.24403">
        <ele>641.1</ele>
      </trkpt>
      <trkpt lat="40.85582" lon="15.24411">
        <ele>640.5</ele>
      </trkpt>
      <trkpt lat="40.85583" lon="15.24421">
        <ele>639.8</ele>
      </trkpt>
      <trkpt lat="40.85586" lon="15.24438">
        <ele>638.6</ele>
      </trkpt>
      <trkpt lat="40.85589" lon="15.24453">
        <ele>637.5</ele>
      </trkpt>
      <trkpt lat="40.85591" lon="15.24464">
        <ele>636.8</ele>
      </trkpt>
      <trkpt lat="40.85592" lon="15.24473">
        <ele>636.3</ele>
      </trkpt>
      <trkpt lat="40.855939" lon="15.24484">
        <ele>635.5</ele>
      </trkpt>
      <trkpt lat="40.855939" lon="15.24492">
        <ele>635.2</ele>
      </trkpt>
      <trkpt lat="40.855939" lon="15.24497">
        <ele>635.0</ele>
      </trkpt>
      <trkpt lat="40.85593" lon="15.24502">
        <ele>634.9</ele>
      </trkpt>
      <trkpt lat="40.85591" lon="15.24506">
        <ele>634.9</ele>
      </trkpt>
      <trkpt lat="40.85588" lon="15.24511">
        <ele>635.0</ele>
      </trkpt>
      <trkpt lat="40.85584" lon="15.24514">
        <ele>635.3</ele>
      </trkpt>
      <trkpt lat="40.8558" lon="15.24517">
        <ele>635.2</ele>
      </trkpt>
      <trkpt lat="40.85563" lon="15.24524">
        <ele>634.6</ele>
      </trkpt>
      <trkpt lat="40.85548" lon="15.2453">
        <ele>634.1</ele>
      </trkpt>
      <trkpt lat="40.85533" lon="15.24535">
        <ele>633.6</ele>
      </trkpt>
      <trkpt lat="40.85523" lon="15.24539">
        <ele>633.1</ele>
      </trkpt>
      <trkpt lat="40.85515" lon="15.24544">
        <ele>632.6</ele>
      </trkpt>
      <trkpt lat="40.85506" lon="15.2455">
        <ele>631.9</ele>
      </trkpt>
      <trkpt lat="40.854999" lon="15.24555">
        <ele>631.4</ele>
      </trkpt>
      <trkpt lat="40.85493" lon="15.24561">
        <ele>631.0</ele>
      </trkpt>
      <trkpt lat="40.85485" lon="15.24571">
        <ele>630.4</ele>
      </trkpt>
      <trkpt lat="40.85474" lon="15.24582">
        <ele>629.7</ele>
      </trkpt>
      <trkpt lat="40.85464" lon="15.2459">
        <ele>629.2</ele>
      </trkpt>
      <trkpt lat="40.85451" lon="15.24601">
        <ele>628.5</ele>
      </trkpt>
      <trkpt lat="40.85419" lon="15.24619">
        <ele>627.5</ele>
      </trkpt>
      <trkpt lat="40.85408" lon="15.24626">
        <ele>627.8</ele>
      </trkpt>
      <trkpt lat="40.85401" lon="15.24633">
        <ele>628.0</ele>
      </trkpt>
      <trkpt lat="40.85399" lon="15.24637">
        <ele>627.8</ele>
      </trkpt>
      <trkpt lat="40.85396" lon="15.24641">
        <ele>627.8</ele>
      </trkpt>
      <trkpt lat="40.85394" lon="15.24647">
        <ele>627.5</ele>
      </trkpt>
      <trkpt lat="40.85391" lon="15.24652">
        <ele>627.4</ele>
      </trkpt>
      <trkpt lat="40.8539" lon="15.24659">
        <ele>626.9</ele>
      </trkpt>
      <trkpt lat="40.853879" lon="15.24667">
        <ele>626.4</ele>
      </trkpt>
      <trkpt lat="40.85386" lon="15.24678">
        <ele>625.5</ele>
      </trkpt>
      <trkpt lat="40.85386" lon="15.24687">
        <ele>624.5</ele>
      </trkpt>
      <trkpt lat="40.85386" lon="15.24702">
        <ele>622.9</ele>
      </trkpt>
      <trkpt lat="40.853879" lon="15.24714">
        <ele>621.3</ele>
      </trkpt>
      <trkpt lat="40.85389" lon="15.24724">
        <ele>620.1</ele>
      </trkpt>
      <trkpt lat="40.8539" lon="15.24731">
        <ele>619.3</ele>
      </trkpt>
      <trkpt lat="40.85391" lon="15.24738">
        <ele>618.4</ele>
      </trkpt>
      <trkpt lat="40.85391" lon="15.24745">
        <ele>617.6</ele>
      </trkpt>
      <trkpt lat="40.8539" lon="15.24752">
        <ele>617.1</ele>
      </trkpt>
      <trkpt lat="40.85389" lon="15.24759">
        <ele>616.8</ele>
      </trkpt>
      <trkpt lat="40.85387" lon="15.24767">
        <ele>616.5</ele>
      </trkpt>
      <trkpt lat="40.85383" lon="15.24778">
        <ele>616.3</ele>
      </trkpt>
      <trkpt lat="40.853789" lon="15.24789">
        <ele>616.0</ele>
      </trkpt>
      <trkpt lat="40.85375" lon="15.248">
        <ele>615.7</ele>
      </trkpt>
      <trkpt lat="40.8537" lon="15.2481">
        <ele>615.5</ele>
      </trkpt>
      <trkpt lat="40.85365" lon="15.2482">
        <ele>615.3</ele>
      </trkpt>
      <trkpt lat="40.85358" lon="15.24833">
        <ele>615.0</ele>
      </trkpt>
      <trkpt lat="40.85351" lon="15.24842">
        <ele>615.0</ele>
      </trkpt>
      <trkpt lat="40.85345" lon="15.24851">
        <ele>615.0</ele>
      </trkpt>
      <trkpt lat="40.8534" lon="15.24858">
        <ele>615.0</ele>
      </trkpt>
      <trkpt lat="40.85333" lon="15.24866">
        <ele>615.1</ele>
      </trkpt>
      <trkpt lat="40.8533" lon="15.24872">
        <ele>614.9</ele>
      </trkpt>
      <trkpt lat="40.85328" lon="15.24884">
        <ele>614.2</ele>
      </trkpt>
      <trkpt lat="40.85327" lon="15.24893">
        <ele>613.7</ele>
      </trkpt>
      <trkpt lat="40.85326" lon="15.24904">
        <ele>613.1</ele>
      </trkpt>
      <trkpt lat="40.85325" lon="15.24916">
        <ele>612.4</ele>
      </trkpt>
      <trkpt lat="40.85325" lon="15.24923">
        <ele>612.9</ele>
      </trkpt>
      <trkpt lat="40.85325" lon="15.24937">
        <ele>614.0</ele>
      </trkpt>
      <trkpt lat="40.85325" lon="15.24937">
        <ele>614.0</ele>
      </trkpt>
      <trkpt lat="40.85321" lon="15.24938">
        <ele>614.3</ele>
      </trkpt>
      <trkpt lat="40.8528" lon="15.24942">
        <ele>617.2</ele>
      </trkpt>
      <trkpt lat="40.8528" lon="15.24942">
        <ele>617.2</ele>
      </trkpt>
      <trkpt lat="40.85272" lon="15.2496">
        <ele>619.6</ele>
      </trkpt>
      <trkpt lat="40.8526" lon="15.24992">
        <ele>624.1</ele>
      </trkpt>
      <trkpt lat="40.85259" lon="15.24999">
        <ele>625.0</ele>
      </trkpt>
      <trkpt lat="40.85257" lon="15.25005">
        <ele>625.9</ele>
      </trkpt>
      <trkpt lat="40.8525" lon="15.25024">
        <ele>628.9</ele>
      </trkpt>
      <trkpt lat="40.85242" lon="15.25045">
        <ele>631.6</ele>
      </trkpt>
      <trkpt lat="40.85236" lon="15.25059">
        <ele>633.5</ele>
      </trkpt>
      <trkpt lat="40.85228" lon="15.25076">
        <ele>635.9</ele>
      </trkpt>
      <trkpt lat="40.8522" lon="15.25088">
        <ele>637.4</ele>
      </trkpt>
      <trkpt lat="40.85214" lon="15.25098">
        <ele>638.3</ele>
      </trkpt>
      <trkpt lat="40.85211" lon="15.25104">
        <ele>638.9</ele>
      </trkpt>
      <trkpt lat="40.85207" lon="15.25116">
        <ele>639.9</ele>
      </trkpt>
      <trkpt lat="40.851999" lon="15.25144">
        <ele>642.3</ele>
      </trkpt>
      <trkpt lat="40.85196" lon="15.25164">
        <ele>644.0</ele>
      </trkpt>
      <trkpt lat="40.85195" lon="15.25172">
        <ele>644.7</ele>
      </trkpt>
      <trkpt lat="40.85194" lon="15.25187">
        <ele>645.7</ele>
      </trkpt>
      <trkpt lat="40.85194" lon="15.25187">
        <ele>645.7</ele>
      </trkpt>
      <trkpt lat="40.85207" lon="15.25273">
        <ele>651.0</ele>
      </trkpt>
      <trkpt lat="40.85213" lon="15.2532">
        <ele>653.0</ele>
      </trkpt>
      <trkpt lat="40.85215" lon="15.25329">
        <ele>653.4</ele>
      </trkpt>
      <trkpt lat="40.85223" lon="15.25381">
        <ele>656.5</ele>
      </trkpt>
      <trkpt lat="40.85227" lon="15.25392">
        <ele>657.2</ele>
      </trkpt>
      <trkpt lat="40.8523" lon="15.25398">
        <ele>657.6</ele>
      </trkpt>
      <trkpt lat="40.85232" lon="15.25404">
        <ele>658.0</ele>
      </trkpt>
      <trkpt lat="40.85234" lon="15.25407">
        <ele>658.2</ele>
      </trkpt>
      <trkpt lat="40.85236" lon="15.25413">
        <ele>658.6</ele>
      </trkpt>
      <trkpt lat="40.85237" lon="15.25419">
        <ele>659.1</ele>
      </trkpt>
      <trkpt lat="40.85235" lon="15.25425">
        <ele>659.8</ele>
      </trkpt>
      <trkpt lat="40.85231" lon="15.25433">
        <ele>660.7</ele>
      </trkpt>
      <trkpt lat="40.85224" lon="15.25443">
        <ele>661.8</ele>
      </trkpt>
      <trkpt lat="40.85218" lon="15.25452">
        <ele>662.6</ele>
      </trkpt>
      <trkpt lat="40.85214" lon="15.25457">
        <ele>663.1</ele>
      </trkpt>
      <trkpt lat="40.8521" lon="15.25462">
        <ele>663.5</ele>
      </trkpt>
      <trkpt lat="40.85201" lon="15.2547">
        <ele>663.9</ele>
      </trkpt>
      <trkpt lat="40.85189" lon="15.25477">
        <ele>664.1</ele>
      </trkpt>
      <trkpt lat="40.85177" lon="15.25484">
        <ele>664.2</ele>
      </trkpt>
      <trkpt lat="40.85165" lon="15.25491">
        <ele>664.3</ele>
      </trkpt>
      <trkpt lat="40.8516" lon="15.25493">
        <ele>664.6</ele>
      </trkpt>
      <trkpt lat="40.85155" lon="15.25496">
        <ele>664.9</ele>
      </trkpt>
      <trkpt lat="40.85148" lon="15.255">
        <ele>665.4</ele>
      </trkpt>
      <trkpt lat="40.85139" lon="15.25503">
        <ele>666.0</ele>
      </trkpt>
      <trkpt lat="40.8513" lon="15.25505">
        <ele>666.5</ele>
      </trkpt>
      <trkpt lat="40.8512" lon="15.25507">
        <ele>666.9</ele>
      </trkpt>
      <trkpt lat="40.85103" lon="15.25509">
        <ele>667.5</ele>
      </trkpt>
      <trkpt lat="40.85085" lon="15.25512">
        <ele>668.1</ele>
      </trkpt>
      <trkpt lat="40.8507" lon="15.25515">
        <ele>669.3</ele>
      </trkpt>
      <trkpt lat="40.85065" lon="15.25517">
        <ele>669.9</ele>
      </trkpt>
      <trkpt lat="40.85062" lon="15.25519">
        <ele>670.3</ele>
      </trkpt>
      <trkpt lat="40.85061" lon="15.2552">
        <ele>670.5</ele>
      </trkpt>
      <trkpt lat="40.850589" lon="15.25522">
        <ele>670.8</ele>
      </trkpt>
      <trkpt lat="40.850589" lon="15.25525">
        <ele>671.1</ele>
      </trkpt>
      <trkpt lat="40.85058" lon="15.25529">
        <ele>671.6</ele>
      </trkpt>
      <trkpt lat="40.85057" lon="15.25533">
        <ele>672.1</ele>
      </trkpt>
      <trkpt lat="40.85057" lon="15.25537">
        <ele>672.6</ele>
      </trkpt>
      <trkpt lat="40.85058" lon="15.25543">
        <ele>673.1</ele>
      </trkpt>
      <trkpt lat="40.850589" lon="15.25548">
        <ele>673.6</ele>
      </trkpt>
      <trkpt lat="40.85061" lon="15.25554">
        <ele>674.0</ele>
      </trkpt>
      <trkpt lat="40.85064" lon="15.25559">
        <ele>674.3</ele>
      </trkpt>
      <trkpt lat="40.85067" lon="15.25564">
        <ele>674.6</ele>
      </trkpt>
      <trkpt lat="40.8507" lon="15.25569">
        <ele>674.8</ele>
      </trkpt>
      <trkpt lat="40.85074" lon="15.25574">
        <ele>675.0</ele>
      </trkpt>
      <trkpt lat="40.85081" lon="15.2558">
        <ele>674.9</ele>
      </trkpt>
      <trkpt lat="40.85096" lon="15.25588">
        <ele>675.8</ele>
      </trkpt>
      <trkpt lat="40.85112" lon="15.25596">
        <ele>677.1</ele>
      </trkpt>
      <trkpt lat="40.85136" lon="15.25608">
        <ele>678.8</ele>
      </trkpt>
      <trkpt lat="40.85145" lon="15.25612">
        <ele>679.3</ele>
      </trkpt>
      <trkpt lat="40.851529" lon="15.25616">
        <ele>679.9</ele>
      </trkpt>
      <trkpt lat="40.8516" lon="15.25619">
        <ele>680.3</ele>
      </trkpt>
      <trkpt lat="40.85168" lon="15.25621">
        <ele>680.6</ele>
      </trkpt>
      <trkpt lat="40.85173" lon="15.25622">
        <ele>681.2</ele>
      </trkpt>
      <trkpt lat="40.85178" lon="15.25623">
        <ele>681.8</ele>
      </trkpt>
      <trkpt lat="40.85184" lon="15.25623">
        <ele>682.3</ele>
      </trkpt>
      <trkpt lat="40.85189" lon="15.25623">
        <ele>682.8</ele>
      </trkpt>
      <trkpt lat="40.85194" lon="15.25622">
        <ele>683.1</ele>
      </trkpt>
      <trkpt lat="40.85198" lon="15.2562">
        <ele>683.2</ele>
      </trkpt>
      <trkpt lat="40.85212" lon="15.25611">
        <ele>683.1</ele>
      </trkpt>
      <trkpt lat="40.85216" lon="15.25607">
        <ele>682.9</ele>
      </trkpt>
      <trkpt lat="40.85221" lon="15.25601">
        <ele>682.4</ele>
      </trkpt>
      <trkpt lat="40.85228" lon="15.25594">
        <ele>682.0</ele>
      </trkpt>
      <trkpt lat="40.85236" lon="15.25588">
        <ele>681.7</ele>
      </trkpt>
      <trkpt lat="40.85241" lon="15.25583">
        <ele>681.3</ele>
      </trkpt>
      <trkpt lat="40.85246" lon="15.25579">
        <ele>681.1</ele>
      </trkpt>
      <trkpt lat="40.85251" lon="15.25576">
        <ele>681.0</ele>
      </trkpt>
      <trkpt lat="40.85258" lon="15.25573">
        <ele>680.8</ele>
      </trkpt>
      <trkpt lat="40.85269" lon="15.25572">
        <ele>681.1</ele>
      </trkpt>
      <trkpt lat="40.85277" lon="15.25571">
        <ele>681.3</ele>
      </trkpt>
      <trkpt lat="40.85282" lon="15.25571">
        <ele>681.5</ele>
      </trkpt>
      <trkpt lat="40.85286" lon="15.25572">
        <ele>681.8</ele>
      </trkpt>
      <trkpt lat="40.8529" lon="15.25573">
        <ele>682.1</ele>
      </trkpt>
      <trkpt lat="40.85293" lon="15.25574">
        <ele>682.4</ele>
      </trkpt>
      <trkpt lat="40.85296" lon="15.25576">
        <ele>682.7</ele>
      </trkpt>
      <trkpt lat="40.85299" lon="15.25579">
        <ele>683.2</ele>
      </trkpt>
      <trkpt lat="40.85315" lon="15.25598">
        <ele>685.3</ele>
      </trkpt>
      <trkpt lat="40.85317" lon="15.25603">
        <ele>685.6</ele>
      </trkpt>
      <trkpt lat="40.85318" lon="15.25608">
        <ele>685.9</ele>
      </trkpt>
      <trkpt lat="40.85319" lon="15.25612">
        <ele>686.1</ele>
      </trkpt>
      <trkpt lat="40.85319" lon="15.25618">
        <ele>686.4</ele>
      </trkpt>
      <trkpt lat="40.85319" lon="15.25624">
        <ele>686.8</ele>
      </trkpt>
      <trkpt lat="40.85321" lon="15.25645">
        <ele>687.9</ele>
      </trkpt>
      <trkpt lat="40.85322" lon="15.25669">
        <ele>689.0</ele>
      </trkpt>
      <trkpt lat="40.85322" lon="15.25676">
        <ele>689.2</ele>
      </trkpt>
      <trkpt lat="40.85321" lon="15.25684">
        <ele>689.4</ele>
      </trkpt>
      <trkpt lat="40.85319" lon="15.25689">
        <ele>689.7</ele>
      </trkpt>
      <trkpt lat="40.85317" lon="15.25695">
        <ele>690.1</ele>
      </trkpt>
      <trkpt lat="40.85317" lon="15.25695">
        <ele>690.1</ele>
      </trkpt>
      <trkpt lat="40.85313" lon="15.25696">
        <ele>690.6</ele>
      </trkpt>
      <trkpt lat="40.85309" lon="15.25697">
        <ele>691.0</ele>
      </trkpt>
      <trkpt lat="40.85307" lon="15.25698">
        <ele>691.3</ele>
      </trkpt>
      <trkpt lat="40.85305" lon="15.25701">
        <ele>691.6</ele>
      </trkpt>
      <trkpt lat="40.85298" lon="15.25711">
        <ele>692.9</ele>
      </trkpt>
      <trkpt lat="40.8529" lon="15.25726">
        <ele>694.6</ele>
      </trkpt>
      <trkpt lat="40.85283" lon="15.25738">
        <ele>696.2</ele>
      </trkpt>
      <trkpt lat="40.85278" lon="15.25747">
        <ele>697.5</ele>
      </trkpt>
      <trkpt lat="40.85272" lon="15.25754">
        <ele>698.6</ele>
      </trkpt>
      <trkpt lat="40.85267" lon="15.25759">
        <ele>699.4</ele>
      </trkpt>
      <trkpt lat="40.85248" lon="15.25773">
        <ele>702.1</ele>
      </trkpt>
      <trkpt lat="40.8524" lon="15.25796">
        <ele>702.7</ele>
      </trkpt>
      <trkpt lat="40.85228" lon="15.2587">
        <ele>708.0</ele>
      </trkpt>
      <trkpt lat="40.85227" lon="15.25899">
        <ele>710.8</ele>
      </trkpt>
      <trkpt lat="40.85228" lon="15.25921">
        <ele>713.0</ele>
      </trkpt>
      <trkpt lat="40.85225" lon="15.25947">
        <ele>717.1</ele>
      </trkpt>
      <trkpt lat="40.85224" lon="15.25954">
        <ele>718.2</ele>
      </trkpt>
      <trkpt lat="40.85221" lon="15.2598">
        <ele>722.2</ele>
      </trkpt>
      <trkpt lat="40.85221" lon="15.25999">
        <ele>724.9</ele>
      </trkpt>
      <trkpt lat="40.85221" lon="15.26014">
        <ele>726.4</ele>
      </trkpt>
      <trkpt lat="40.85221" lon="15.26025">
        <ele>727.5</ele>
      </trkpt>
      <trkpt lat="40.85221" lon="15.26034">
        <ele>728.4</ele>
      </trkpt>
      <trkpt lat="40.85221" lon="15.26043">
        <ele>729.2</ele>
      </trkpt>
      <trkpt lat="40.85221" lon="15.26048">
        <ele>729.7</ele>
      </trkpt>
      <trkpt lat="40.85221" lon="15.26053">
        <ele>730.2</ele>
      </trkpt>
      <trkpt lat="40.85221" lon="15.26058">
        <ele>730.7</ele>
      </trkpt>
      <trkpt lat="40.85219" lon="15.26064">
        <ele>731.4</ele>
      </trkpt>
      <trkpt lat="40.85215" lon="15.26072">
        <ele>732.4</ele>
      </trkpt>
      <trkpt lat="40.85215" lon="15.26072">
        <ele>732.4</ele>
      </trkpt>
      <trkpt lat="40.85222" lon="15.26087">
        <ele>733.3</ele>
      </trkpt>
      <trkpt lat="40.85224" lon="15.26092">
        <ele>733.6</ele>
      </trkpt>
      <trkpt lat="40.85225" lon="15.26097">
        <ele>733.9</ele>
      </trkpt>
      <trkpt lat="40.85227" lon="15.261">
        <ele>734.1</ele>
      </trkpt>
      <trkpt lat="40.85228" lon="15.26104">
        <ele>734.3</ele>
      </trkpt>
      <trkpt lat="40.85229" lon="15.26111">
        <ele>734.8</ele>
      </trkpt>
      <trkpt lat="40.8523" lon="15.26117">
        <ele>735.3</ele>
      </trkpt>
      <trkpt lat="40.8523" lon="15.26124">
        <ele>735.9</ele>
      </trkpt>
      <trkpt lat="40.85231" lon="15.26134">
        <ele>736.6</ele>
      </trkpt>
      <trkpt lat="40.8523" lon="15.26142">
        <ele>737.4</ele>
      </trkpt>
      <trkpt lat="40.8523" lon="15.26149">
        <ele>738.0</ele>
      </trkpt>
      <trkpt lat="40.8523" lon="15.26158">
        <ele>738.7</ele>
      </trkpt>
      <trkpt lat="40.8523" lon="15.26168">
        <ele>739.5</ele>
      </trkpt>
      <trkpt lat="40.8523" lon="15.26176">
        <ele>740.1</ele>
      </trkpt>
      <trkpt lat="40.85231" lon="15.26185">
        <ele>740.6</ele>
      </trkpt>
      <trkpt lat="40.85232" lon="15.26192">
        <ele>741.0</ele>
      </trkpt>
      <trkpt lat="40.85233" lon="15.26199">
        <ele>741.4</ele>
      </trkpt>
      <trkpt lat="40.85236" lon="15.26216">
        <ele>742.3</ele>
      </trkpt>
      <trkpt lat="40.85245" lon="15.26265">
        <ele>744.5</ele>
      </trkpt>
      <trkpt lat="40.85258" lon="15.26337">
        <ele>747.4</ele>
      </trkpt>
      <trkpt lat="40.85269" lon="15.26393">
        <ele>747.6</ele>
      </trkpt>
      <trkpt lat="40.8527" lon="15.26401">
        <ele>747.6</ele>
      </trkpt>
      <trkpt lat="40.85271" lon="15.26408">
        <ele>747.6</ele>
      </trkpt>
      <trkpt lat="40.85271" lon="15.26416">
        <ele>747.6</ele>
      </trkpt>
      <trkpt lat="40.85271" lon="15.26424">
        <ele>747.5</ele>
      </trkpt>
      <trkpt lat="40.8527" lon="15.26433">
        <ele>747.5</ele>
      </trkpt>
      <trkpt lat="40.85269" lon="15.26442">
        <ele>747.5</ele>
      </trkpt>
      <trkpt lat="40.85268" lon="15.26447">
        <ele>747.6</ele>
      </trkpt>
      <trkpt lat="40.85266" lon="15.26454">
        <ele>747.8</ele>
      </trkpt>
      <trkpt lat="40.85262" lon="15.26463">
        <ele>748.5</ele>
      </trkpt>
      <trkpt lat="40.852559" lon="15.26475">
        <ele>749.7</ele>
      </trkpt>
      <trkpt lat="40.85249" lon="15.26487">
        <ele>751.2</ele>
      </trkpt>
      <trkpt lat="40.85243" lon="15.26497">
        <ele>752.5</ele>
      </trkpt>
      <trkpt lat="40.85239" lon="15.26507">
        <ele>752.8</ele>
      </trkpt>
      <trkpt lat="40.85234" lon="15.26519">
        <ele>753.1</ele>
      </trkpt>
      <trkpt lat="40.85232" lon="15.26529">
        <ele>752.9</ele>
      </trkpt>
      <trkpt lat="40.8523" lon="15.26542">
        <ele>752.6</ele>
      </trkpt>
      <trkpt lat="40.85229" lon="15.26555">
        <ele>752.1</ele>
      </trkpt>
      <trkpt lat="40.85227" lon="15.26567">
        <ele>752.0</ele>
      </trkpt>
      <trkpt lat="40.85226" lon="15.26575">
        <ele>751.8</ele>
      </trkpt>
      <trkpt lat="40.85225" lon="15.26582">
        <ele>751.8</ele>
      </trkpt>
      <trkpt lat="40.85223" lon="15.26587">
        <ele>751.6</ele>
      </trkpt>
      <trkpt lat="40.85221" lon="15.26593">
        <ele>750.9</ele>
      </trkpt>
      <trkpt lat="40.85219" lon="15.26597">
        <ele>750.6</ele>
      </trkpt>
      <trkpt lat="40.85215" lon="15.26602">
        <ele>750.8</ele>
      </trkpt>
      <trkpt lat="40.85211" lon="15.26607">
        <ele>750.9</ele>
      </trkpt>
      <trkpt lat="40.85206" lon="15.26612">
        <ele>751.4</ele>
      </trkpt>
      <trkpt lat="40.85201" lon="15.26616">
        <ele>752.0</ele>
      </trkpt>
      <trkpt lat="40.85195" lon="15.2662">
        <ele>752.9</ele>
      </trkpt>
      <trkpt lat="40.85188" lon="15.26623">
        <ele>754.4</ele>
      </trkpt>
      <trkpt lat="40.8518" lon="15.26624">
        <ele>756.6</ele>
      </trkpt>
      <trkpt lat="40.8517" lon="15.26624">
        <ele>759.7</ele>
      </trkpt>
      <trkpt lat="40.8516" lon="15.26623">
        <ele>762.4</ele>
      </trkpt>
      <trkpt lat="40.8515" lon="15.26622">
        <ele>764.6</ele>
      </trkpt>
      <trkpt lat="40.85143" lon="15.26622">
        <ele>766.0</ele>
      </trkpt>
      <trkpt lat="40.85136" lon="15.26622">
        <ele>767.4</ele>
      </trkpt>
      <trkpt lat="40.85133" lon="15.26623">
        <ele>767.7</ele>
      </trkpt>
      <trkpt lat="40.85131" lon="15.26623">
        <ele>768.1</ele>
      </trkpt>
      <trkpt lat="40.85129" lon="15.26624">
        <ele>768.2</ele>
      </trkpt>
      <trkpt lat="40.85108" lon="15.26636">
        <ele>769.4</ele>
      </trkpt>
      <trkpt lat="40.85099" lon="15.26643">
        <ele>769.5</ele>
      </trkpt>
      <trkpt lat="40.85094" lon="15.26648">
        <ele>769.3</ele>
      </trkpt>
      <trkpt lat="40.85089" lon="15.26653">
        <ele>769.1</ele>
      </trkpt>
      <trkpt lat="40.85084" lon="15.26659">
        <ele>768.7</ele>
      </trkpt>
      <trkpt lat="40.8508" lon="15.26666">
        <ele>768.3</ele>
      </trkpt>
      <trkpt lat="40.85075" lon="15.26673">
        <ele>770.1</ele>
      </trkpt>
      <trkpt lat="40.85073" lon="15.26678">
        <ele>771.1</ele>
      </trkpt>
      <trkpt lat="40.85072" lon="15.26681">
        <ele>771.5</ele>
      </trkpt>
      <trkpt lat="40.85071" lon="15.26685">
        <ele>772.0</ele>
      </trkpt>
      <trkpt lat="40.85071" lon="15.26689">
        <ele>772.2</ele>
      </trkpt>
      <trkpt lat="40.85071" lon="15.26693">
        <ele>772.4</ele>
      </trkpt>
      <trkpt lat="40.85072" lon="15.267">
        <ele>772.3</ele>
      </trkpt>
      <trkpt lat="40.85073" lon="15.26704">
        <ele>772.1</ele>
      </trkpt>
      <trkpt lat="40.85074" lon="15.26707">
        <ele>771.9</ele>
      </trkpt>
      <trkpt lat="40.85081" lon="15.26718">
        <ele>769.7</ele>
      </trkpt>
      <trkpt lat="40.85096" lon="15.26735">
        <ele>765.9</ele>
      </trkpt>
      <trkpt lat="40.85109" lon="15.26752">
        <ele>762.5</ele>
      </trkpt>
      <trkpt lat="40.85114" lon="15.26758">
        <ele>761.7</ele>
      </trkpt>
      <trkpt lat="40.85116" lon="15.2676">
        <ele>761.3</ele>
      </trkpt>
      <trkpt lat="40.85117" lon="15.26763">
        <ele>761.4</ele>
      </trkpt>
      <trkpt lat="40.85118" lon="15.26766">
        <ele>761.4</ele>
      </trkpt>
      <trkpt lat="40.85119" lon="15.26769">
        <ele>761.5</ele>
      </trkpt>
      <trkpt lat="40.85119" lon="15.26773">
        <ele>761.9</ele>
      </trkpt>
      <trkpt lat="40.85119" lon="15.26777">
        <ele>762.4</ele>
      </trkpt>
      <trkpt lat="40.85119" lon="15.26782">
        <ele>762.9</ele>
      </trkpt>
      <trkpt lat="40.85116" lon="15.26802">
        <ele>766.0</ele>
      </trkpt>
      <trkpt lat="40.85114" lon="15.26814">
        <ele>767.9</ele>
      </trkpt>
      <trkpt lat="40.85112" lon="15.26832">
        <ele>770.3</ele>
      </trkpt>
      <trkpt lat="40.85112" lon="15.26838">
        <ele>771.1</ele>
      </trkpt>
      <trkpt lat="40.85112" lon="15.26842">
        <ele>771.6</ele>
      </trkpt>
      <trkpt lat="40.85113" lon="15.26845">
        <ele>771.8</ele>
      </trkpt>
      <trkpt lat="40.85114" lon="15.26848">
        <ele>772.0</ele>
      </trkpt>
      <trkpt lat="40.851149" lon="15.26854">
        <ele>772.6</ele>
      </trkpt>
      <trkpt lat="40.85118" lon="15.26859">
        <ele>772.7</ele>
      </trkpt>
      <trkpt lat="40.85119" lon="15.26861">
        <ele>772.8</ele>
      </trkpt>
      <trkpt lat="40.8512" lon="15.26863">
        <ele>772.8</ele>
      </trkpt>
      <trkpt lat="40.85124" lon="15.26865">
        <ele>772.3</ele>
      </trkpt>
      <trkpt lat="40.85131" lon="15.26867">
        <ele>771.1</ele>
      </trkpt>
      <trkpt lat="40.8514" lon="15.26867">
        <ele>769.2</ele>
      </trkpt>
      <trkpt lat="40.85161" lon="15.26868">
        <ele>764.9</ele>
      </trkpt>
      <trkpt lat="40.85181" lon="15.2687">
        <ele>760.9</ele>
      </trkpt>
      <trkpt lat="40.85187" lon="15.26871">
        <ele>759.8</ele>
      </trkpt>
      <trkpt lat="40.8519" lon="15.26873">
        <ele>759.5</ele>
      </trkpt>
      <trkpt lat="40.85192" lon="15.26874">
        <ele>759.2</ele>
      </trkpt>
      <trkpt lat="40.85195" lon="15.26875">
        <ele>758.7</ele>
      </trkpt>
      <trkpt lat="40.85199" lon="15.26878">
        <ele>758.3</ele>
      </trkpt>
      <trkpt lat="40.85201" lon="15.26879">
        <ele>758.0</ele>
      </trkpt>
      <trkpt lat="40.85203" lon="15.26882">
        <ele>758.0</ele>
      </trkpt>
      <trkpt lat="40.85204" lon="15.26884">
        <ele>758.1</ele>
      </trkpt>
      <trkpt lat="40.85205" lon="15.26886">
        <ele>758.2</ele>
      </trkpt>
      <trkpt lat="40.85206" lon="15.26889">
        <ele>758.4</ele>
      </trkpt>
      <trkpt lat="40.85206" lon="15.26893">
        <ele>758.9</ele>
      </trkpt>
      <trkpt lat="40.85206" lon="15.26897">
        <ele>759.6</ele>
      </trkpt>
      <trkpt lat="40.85206" lon="15.26912">
        <ele>761.9</ele>
      </trkpt>
      <trkpt lat="40.85205" lon="15.26924">
        <ele>762.9</ele>
      </trkpt>
      <trkpt lat="40.85204" lon="15.2694">
        <ele>763.7</ele>
      </trkpt>
      <trkpt lat="40.85203" lon="15.26948">
        <ele>764.3</ele>
      </trkpt>
      <trkpt lat="40.85201" lon="15.26958">
        <ele>765.2</ele>
      </trkpt>
      <trkpt lat="40.851999" lon="15.26969">
        <ele>765.9</ele>
      </trkpt>
      <trkpt lat="40.85199" lon="15.26979">
        <ele>766.6</ele>
      </trkpt>
      <trkpt lat="40.85199" lon="15.26992">
        <ele>767.1</ele>
      </trkpt>
      <trkpt lat="40.85199" lon="15.27001">
        <ele>767.3</ele>
      </trkpt>
      <trkpt lat="40.85199" lon="15.2701">
        <ele>766.9</ele>
      </trkpt>
      <trkpt lat="40.85199" lon="15.27021">
        <ele>766.5</ele>
      </trkpt>
      <trkpt lat="40.851999" lon="15.27033">
        <ele>765.7</ele>
      </trkpt>
      <trkpt lat="40.85201" lon="15.27045">
        <ele>764.9</ele>
      </trkpt>
      <trkpt lat="40.85201" lon="15.27055">
        <ele>764.5</ele>
      </trkpt>
      <trkpt lat="40.85201" lon="15.27066">
        <ele>764.1</ele>
      </trkpt>
      <trkpt lat="40.851999" lon="15.27079">
        <ele>764.0</ele>
      </trkpt>
      <trkpt lat="40.85197" lon="15.27092">
        <ele>764.3</ele>
      </trkpt>
      <trkpt lat="40.85196" lon="15.27104">
        <ele>763.9</ele>
      </trkpt>
      <trkpt lat="40.85196" lon="15.27118">
        <ele>763.1</ele>
      </trkpt>
      <trkpt lat="40.85196" lon="15.27135">
        <ele>762.1</ele>
      </trkpt>
      <trkpt lat="40.85196" lon="15.27146">
        <ele>761.5</ele>
      </trkpt>
      <trkpt lat="40.85196" lon="15.27155">
        <ele>760.9</ele>
      </trkpt>
      <trkpt lat="40.85194" lon="15.27166">
        <ele>760.8</ele>
      </trkpt>
      <trkpt lat="40.851909" lon="15.27177">
        <ele>761.8</ele>
      </trkpt>
      <trkpt lat="40.85187" lon="15.27188">
        <ele>763.1</ele>
      </trkpt>
      <trkpt lat="40.851819" lon="15.272">
        <ele>764.6</ele>
      </trkpt>
      <trkpt lat="40.85178" lon="15.27213">
        <ele>765.8</ele>
      </trkpt>
      <trkpt lat="40.85176" lon="15.27225">
        <ele>766.5</ele>
      </trkpt>
      <trkpt lat="40.85176" lon="15.27236">
        <ele>766.6</ele>
      </trkpt>
      <trkpt lat="40.85176" lon="15.27248">
        <ele>766.8</ele>
      </trkpt>
      <trkpt lat="40.85177" lon="15.27277">
        <ele>767.5</ele>
      </trkpt>
      <trkpt lat="40.85178" lon="15.2729">
        <ele>767.7</ele>
      </trkpt>
      <trkpt lat="40.85178" lon="15.27299">
        <ele>768.0</ele>
      </trkpt>
      <trkpt lat="40.85177" lon="15.27308">
        <ele>768.6</ele>
      </trkpt>
      <trkpt lat="40.85177" lon="15.27315">
        <ele>768.8</ele>
      </trkpt>
      <trkpt lat="40.85176" lon="15.27322">
        <ele>769.3</ele>
      </trkpt>
      <trkpt lat="40.85175" lon="15.27329">
        <ele>769.8</ele>
      </trkpt>
      <trkpt lat="40.85173" lon="15.27344">
        <ele>770.2</ele>
      </trkpt>
      <trkpt lat="40.8517" lon="15.27363">
        <ele>770.5</ele>
      </trkpt>
      <trkpt lat="40.85166" lon="15.27393">
        <ele>770.8</ele>
      </trkpt>
      <trkpt lat="40.85164" lon="15.27419">
        <ele>771.3</ele>
      </trkpt>
      <trkpt lat="40.851619" lon="15.27438">
        <ele>773.8</ele>
      </trkpt>
      <trkpt lat="40.851619" lon="15.27451">
        <ele>775.0</ele>
      </trkpt>
      <trkpt lat="40.851619" lon="15.27461">
        <ele>775.9</ele>
      </trkpt>
      <trkpt lat="40.85163" lon="15.27466">
        <ele>776.0</ele>
      </trkpt>
      <trkpt lat="40.85164" lon="15.27471">
        <ele>776.1</ele>
      </trkpt>
      <trkpt lat="40.85166" lon="15.27476">
        <ele>775.9</ele>
      </trkpt>
      <trkpt lat="40.85167" lon="15.2748">
        <ele>776.0</ele>
      </trkpt>
      <trkpt lat="40.8517" lon="15.27486">
        <ele>776.0</ele>
      </trkpt>
      <trkpt lat="40.85172" lon="15.2749">
        <ele>776.0</ele>
      </trkpt>
      <trkpt lat="40.85176" lon="15.27495">
        <ele>775.6</ele>
      </trkpt>
      <trkpt lat="40.8518" lon="15.27501">
        <ele>775.3</ele>
      </trkpt>
      <trkpt lat="40.85185" lon="15.27506">
        <ele>774.4</ele>
      </trkpt>
      <trkpt lat="40.85192" lon="15.27513">
        <ele>773.2</ele>
      </trkpt>
      <trkpt lat="40.85204" lon="15.2752">
        <ele>771.1</ele>
      </trkpt>
      <trkpt lat="40.85246" lon="15.27554">
        <ele>766.1</ele>
      </trkpt>
      <trkpt lat="40.85249" lon="15.27558">
        <ele>766.0</ele>
      </trkpt>
      <trkpt lat="40.85252" lon="15.27561">
        <ele>765.9</ele>
      </trkpt>
      <trkpt lat="40.85255" lon="15.27566">
        <ele>766.0</ele>
      </trkpt>
      <trkpt lat="40.85257" lon="15.27572">
        <ele>766.3</ele>
      </trkpt>
      <trkpt lat="40.85258" lon="15.27578">
        <ele>766.7</ele>
      </trkpt>
      <trkpt lat="40.85258" lon="15.27584">
        <ele>767.1</ele>
      </trkpt>
      <trkpt lat="40.85257" lon="15.27592">
        <ele>766.3</ele>
      </trkpt>
      <trkpt lat="40.852559" lon="15.27599">
        <ele>765.7</ele>
      </trkpt>
      <trkpt lat="40.85254" lon="15.27604">
        <ele>765.3</ele>
      </trkpt>
      <trkpt lat="40.85252" lon="15.27609">
        <ele>764.9</ele>
      </trkpt>
      <trkpt lat="40.85251" lon="15.27612">
        <ele>764.8</ele>
      </trkpt>
      <trkpt lat="40.85248" lon="15.27616">
        <ele>764.7</ele>
      </trkpt>
      <trkpt lat="40.85242" lon="15.27621">
        <ele>764.8</ele>
      </trkpt>
      <trkpt lat="40.85237" lon="15.27625">
        <ele>764.9</ele>
      </trkpt>
      <trkpt lat="40.85231" lon="15.27629">
        <ele>765.1</ele>
      </trkpt>
      <trkpt lat="40.85224" lon="15.27631">
        <ele>765.6</ele>
      </trkpt>
      <trkpt lat="40.85215" lon="15.27634">
        <ele>766.2</ele>
      </trkpt>
      <trkpt lat="40.85206" lon="15.27636">
        <ele>766.9</ele>
      </trkpt>
      <trkpt lat="40.851999" lon="15.27637">
        <ele>767.4</ele>
      </trkpt>
      <trkpt lat="40.851909" lon="15.27638">
        <ele>768.2</ele>
      </trkpt>
      <trkpt lat="40.85177" lon="15.27638">
        <ele>769.7</ele>
      </trkpt>
      <trkpt lat="40.85136" lon="15.27631">
        <ele>775.1</ele>
      </trkpt>
      <trkpt lat="40.85096" lon="15.27623">
        <ele>780.9</ele>
      </trkpt>
      <trkpt lat="40.85085" lon="15.27622">
        <ele>782.2</ele>
      </trkpt>
      <trkpt lat="40.85077" lon="15.27622">
        <ele>783.3</ele>
      </trkpt>
      <trkpt lat="40.85073" lon="15.27623">
        <ele>783.8</ele>
      </trkpt>
      <trkpt lat="40.85069" lon="15.27624">
        <ele>784.1</ele>
      </trkpt>
      <trkpt lat="40.85065" lon="15.27627">
        <ele>784.3</ele>
      </trkpt>
      <trkpt lat="40.85061" lon="15.27631">
        <ele>784.4</ele>
      </trkpt>
      <trkpt lat="40.85058" lon="15.27634">
        <ele>784.4</ele>
      </trkpt>
      <trkpt lat="40.85056" lon="15.27639">
        <ele>784.0</ele>
      </trkpt>
      <trkpt lat="40.85054" lon="15.27645">
        <ele>783.4</ele>
      </trkpt>
      <trkpt lat="40.85053" lon="15.27649">
        <ele>783.2</ele>
      </trkpt>
      <trkpt lat="40.85053" lon="15.27654">
        <ele>782.5</ele>
      </trkpt>
      <trkpt lat="40.85054" lon="15.2766">
        <ele>781.5</ele>
      </trkpt>
      <trkpt lat="40.85056" lon="15.27665">
        <ele>780.5</ele>
      </trkpt>
      <trkpt lat="40.850589" lon="15.27675">
        <ele>779.8</ele>
      </trkpt>
      <trkpt lat="40.85067" lon="15.27687">
        <ele>778.4</ele>
      </trkpt>
      <trkpt lat="40.85076" lon="15.27699">
        <ele>776.6</ele>
      </trkpt>
      <trkpt lat="40.850969" lon="15.27729">
        <ele>772.7</ele>
      </trkpt>
      <trkpt lat="40.85109" lon="15.27746">
        <ele>770.2</ele>
      </trkpt>
      <trkpt lat="40.85116" lon="15.27754">
        <ele>768.7</ele>
      </trkpt>
      <trkpt lat="40.8512" lon="15.27762">
        <ele>767.7</ele>
      </trkpt>
      <trkpt lat="40.85122" lon="15.27767">
        <ele>767.3</ele>
      </trkpt>
      <trkpt lat="40.85124" lon="15.27772">
        <ele>766.8</ele>
      </trkpt>
      <trkpt lat="40.85125" lon="15.27776">
        <ele>766.5</ele>
      </trkpt>
      <trkpt lat="40.85125" lon="15.27781">
        <ele>766.4</ele>
      </trkpt>
      <trkpt lat="40.85125" lon="15.27784">
        <ele>766.4</ele>
      </trkpt>
      <trkpt lat="40.85124" lon="15.27787">
        <ele>766.5</ele>
      </trkpt>
      <trkpt lat="40.85123" lon="15.2779">
        <ele>766.7</ele>
      </trkpt>
      <trkpt lat="40.85121" lon="15.27795">
        <ele>766.9</ele>
      </trkpt>
      <trkpt lat="40.85118" lon="15.27798">
        <ele>767.4</ele>
      </trkpt>
      <trkpt lat="40.85113" lon="15.27802">
        <ele>768.3</ele>
      </trkpt>
      <trkpt lat="40.85108" lon="15.27806">
        <ele>769.1</ele>
      </trkpt>
      <trkpt lat="40.85092" lon="15.27817">
        <ele>771.8</ele>
      </trkpt>
      <trkpt lat="40.85083" lon="15.27824">
        <ele>773.3</ele>
      </trkpt>
      <trkpt lat="40.85079" lon="15.27829">
        <ele>774.1</ele>
      </trkpt>
      <trkpt lat="40.85076" lon="15.27833">
        <ele>774.7</ele>
      </trkpt>
      <trkpt lat="40.85075" lon="15.27835">
        <ele>774.9</ele>
      </trkpt>
      <trkpt lat="40.85074" lon="15.27839">
        <ele>775.2</ele>
      </trkpt>
      <trkpt lat="40.85072" lon="15.27846">
        <ele>775.8</ele>
      </trkpt>
      <trkpt lat="40.85072" lon="15.27852">
        <ele>775.8</ele>
      </trkpt>
      <trkpt lat="40.85071" lon="15.27858">
        <ele>776.2</ele>
      </trkpt>
      <trkpt lat="40.85072" lon="15.27864">
        <ele>776.0</ele>
      </trkpt>
      <trkpt lat="40.85073" lon="15.27869">
        <ele>775.8</ele>
      </trkpt>
      <trkpt lat="40.85074" lon="15.27872">
        <ele>775.6</ele>
      </trkpt>
      <trkpt lat="40.85076" lon="15.27878">
        <ele>775.3</ele>
      </trkpt>
      <trkpt lat="40.85079" lon="15.27889">
        <ele>774.7</ele>
      </trkpt>
      <trkpt lat="40.85082" lon="15.27897">
        <ele>774.1</ele>
      </trkpt>
      <trkpt lat="40.85085" lon="15.27908">
        <ele>773.6</ele>
      </trkpt>
      <trkpt lat="40.85087" lon="15.27917">
        <ele>773.4</ele>
      </trkpt>
      <trkpt lat="40.850879" lon="15.27924">
        <ele>773.3</ele>
      </trkpt>
      <trkpt lat="40.850879" lon="15.2793">
        <ele>773.4</ele>
      </trkpt>
      <trkpt lat="40.85087" lon="15.27937">
        <ele>773.7</ele>
      </trkpt>
      <trkpt lat="40.85086" lon="15.27945">
        <ele>773.9</ele>
      </trkpt>
      <trkpt lat="40.85084" lon="15.27953">
        <ele>774.3</ele>
      </trkpt>
      <trkpt lat="40.85083" lon="15.27961">
        <ele>774.6</ele>
      </trkpt>
      <trkpt lat="40.85082" lon="15.27971">
        <ele>774.9</ele>
      </trkpt>
      <trkpt lat="40.85081" lon="15.27978">
        <ele>775.1</ele>
      </trkpt>
      <trkpt lat="40.85081" lon="15.27989">
        <ele>775.2</ele>
      </trkpt>
      <trkpt lat="40.85081" lon="15.27998">
        <ele>775.3</ele>
      </trkpt>
      <trkpt lat="40.85082" lon="15.28007">
        <ele>775.5</ele>
      </trkpt>
      <trkpt lat="40.85083" lon="15.28014">
        <ele>775.7</ele>
      </trkpt>
      <trkpt lat="40.85084" lon="15.28019">
        <ele>775.8</ele>
      </trkpt>
      <trkpt lat="40.85085" lon="15.28024">
        <ele>776.0</ele>
      </trkpt>
      <trkpt lat="40.85087" lon="15.2803">
        <ele>776.0</ele>
      </trkpt>
      <trkpt lat="40.850879" lon="15.28034">
        <ele>776.1</ele>
      </trkpt>
      <trkpt lat="40.8509" lon="15.28039">
        <ele>776.2</ele>
      </trkpt>
      <trkpt lat="40.85093" lon="15.28043">
        <ele>776.1</ele>
      </trkpt>
      <trkpt lat="40.85096" lon="15.28048">
        <ele>776.1</ele>
      </trkpt>
      <trkpt lat="40.85098" lon="15.28052">
        <ele>776.1</ele>
      </trkpt>
      <trkpt lat="40.85102" lon="15.28056">
        <ele>776.0</ele>
      </trkpt>
      <trkpt lat="40.851059" lon="15.28059">
        <ele>775.8</ele>
      </trkpt>
      <trkpt lat="40.85109" lon="15.28062">
        <ele>775.7</ele>
      </trkpt>
      <trkpt lat="40.85113" lon="15.28065">
        <ele>775.6</ele>
      </trkpt>
      <trkpt lat="40.85118" lon="15.28068">
        <ele>775.4</ele>
      </trkpt>
      <trkpt lat="40.85123" lon="15.28072">
        <ele>775.3</ele>
      </trkpt>
      <trkpt lat="40.8513" lon="15.28076">
        <ele>775.0</ele>
      </trkpt>
      <trkpt lat="40.85141" lon="15.28082">
        <ele>774.7</ele>
      </trkpt>
      <trkpt lat="40.85155" lon="15.2809">
        <ele>774.0</ele>
      </trkpt>
      <trkpt lat="40.85158" lon="15.28091">
        <ele>773.8</ele>
      </trkpt>
      <trkpt lat="40.85164" lon="15.28095">
        <ele>773.5</ele>
      </trkpt>
      <trkpt lat="40.85171" lon="15.28099">
        <ele>773.3</ele>
      </trkpt>
      <trkpt lat="40.85174" lon="15.28102">
        <ele>773.2</ele>
      </trkpt>
      <trkpt lat="40.85176" lon="15.28104">
        <ele>773.2</ele>
      </trkpt>
      <trkpt lat="40.85178" lon="15.28106">
        <ele>773.2</ele>
      </trkpt>
      <trkpt lat="40.8518" lon="15.28109">
        <ele>773.2</ele>
      </trkpt>
      <trkpt lat="40.851819" lon="15.28112">
        <ele>773.2</ele>
      </trkpt>
      <trkpt lat="40.85184" lon="15.28115">
        <ele>773.2</ele>
      </trkpt>
      <trkpt lat="40.85185" lon="15.28118">
        <ele>773.2</ele>
      </trkpt>
      <trkpt lat="40.85187" lon="15.28122">
        <ele>773.2</ele>
      </trkpt>
      <trkpt lat="40.85188" lon="15.28126">
        <ele>773.2</ele>
      </trkpt>
      <trkpt lat="40.85188" lon="15.28129">
        <ele>773.3</ele>
      </trkpt>
      <trkpt lat="40.85189" lon="15.28135">
        <ele>773.4</ele>
      </trkpt>
      <trkpt lat="40.85189" lon="15.28138">
        <ele>773.4</ele>
      </trkpt>
      <trkpt lat="40.85189" lon="15.28143">
        <ele>773.5</ele>
      </trkpt>
      <trkpt lat="40.85189" lon="15.28147">
        <ele>773.6</ele>
      </trkpt>
      <trkpt lat="40.85189" lon="15.28152">
        <ele>773.7</ele>
      </trkpt>
      <trkpt lat="40.85189" lon="15.28157">
        <ele>773.8</ele>
      </trkpt>
      <trkpt lat="40.85188" lon="15.28161">
        <ele>773.9</ele>
      </trkpt>
      <trkpt lat="40.85185" lon="15.28168">
        <ele>774.1</ele>
      </trkpt>
      <trkpt lat="40.85183" lon="15.28174">
        <ele>773.8</ele>
      </trkpt>
      <trkpt lat="40.8518" lon="15.28181">
        <ele>773.6</ele>
      </trkpt>
      <trkpt lat="40.85176" lon="15.28184">
        <ele>773.6</ele>
      </trkpt>
      <trkpt lat="40.85169" lon="15.28188">
        <ele>773.6</ele>
      </trkpt>
      <trkpt lat="40.851619" lon="15.28192">
        <ele>773.5</ele>
      </trkpt>
      <trkpt lat="40.85148" lon="15.282">
        <ele>773.2</ele>
      </trkpt>
      <trkpt lat="40.85112" lon="15.28219">
        <ele>771.9</ele>
      </trkpt>
      <trkpt lat="40.85099" lon="15.28226">
        <ele>771.3</ele>
      </trkpt>
      <trkpt lat="40.850879" lon="15.28232">
        <ele>770.7</ele>
      </trkpt>
      <trkpt lat="40.8508" lon="15.28235">
        <ele>770.4</ele>
      </trkpt>
      <trkpt lat="40.85073" lon="15.28238">
        <ele>769.9</ele>
      </trkpt>
      <trkpt lat="40.85066" lon="15.2824">
        <ele>769.5</ele>
      </trkpt>
      <trkpt lat="40.8506" lon="15.2824">
        <ele>769.4</ele>
      </trkpt>
      <trkpt lat="40.85052" lon="15.2824">
        <ele>769.2</ele>
      </trkpt>
      <trkpt lat="40.85049" lon="15.28239">
        <ele>769.2</ele>
      </trkpt>
      <trkpt lat="40.85045" lon="15.28239">
        <ele>769.1</ele>
      </trkpt>
      <trkpt lat="40.85042" lon="15.28237">
        <ele>769.2</ele>
      </trkpt>
      <trkpt lat="40.85035" lon="15.28234">
        <ele>769.3</ele>
      </trkpt>
      <trkpt lat="40.85028" lon="15.28229">
        <ele>769.5</ele>
      </trkpt>
      <trkpt lat="40.85021" lon="15.28223">
        <ele>769.9</ele>
      </trkpt>
      <trkpt lat="40.850119" lon="15.28216">
        <ele>770.2</ele>
      </trkpt>
      <trkpt lat="40.84999" lon="15.28204">
        <ele>770.8</ele>
      </trkpt>
      <trkpt lat="40.84993" lon="15.28199">
        <ele>770.7</ele>
      </trkpt>
      <trkpt lat="40.84985" lon="15.2819">
        <ele>770.7</ele>
      </trkpt>
      <trkpt lat="40.84974" lon="15.28178">
        <ele>770.6</ele>
      </trkpt>
      <trkpt lat="40.8496" lon="15.2816">
        <ele>770.6</ele>
      </trkpt>
      <trkpt lat="40.84951" lon="15.2815">
        <ele>770.5</ele>
      </trkpt>
      <trkpt lat="40.84946" lon="15.28145">
        <ele>770.5</ele>
      </trkpt>
      <trkpt lat="40.84941" lon="15.28141">
        <ele>770.3</ele>
      </trkpt>
      <trkpt lat="40.84937" lon="15.2814">
        <ele>770.0</ele>
      </trkpt>
      <trkpt lat="40.84933" lon="15.28139">
        <ele>769.8</ele>
      </trkpt>
      <trkpt lat="40.8493" lon="15.28138">
        <ele>769.6</ele>
      </trkpt>
      <trkpt lat="40.84924" lon="15.28138">
        <ele>769.1</ele>
      </trkpt>
      <trkpt lat="40.849089" lon="15.28138">
        <ele>768.3</ele>
      </trkpt>
      <trkpt lat="40.8489" lon="15.28139">
        <ele>767.8</ele>
      </trkpt>
      <trkpt lat="40.84872" lon="15.28139">
        <ele>767.4</ele>
      </trkpt>
      <trkpt lat="40.84858" lon="15.28137">
        <ele>767.4</ele>
      </trkpt>
      <trkpt lat="40.84833" lon="15.28133">
        <ele>767.4</ele>
      </trkpt>
      <trkpt lat="40.84821" lon="15.28132">
        <ele>767.5</ele>
      </trkpt>
      <trkpt lat="40.84813" lon="15.28132">
        <ele>767.5</ele>
      </trkpt>
      <trkpt lat="40.848059" lon="15.28134">
        <ele>767.2</ele>
      </trkpt>
      <trkpt lat="40.84799" lon="15.28135">
        <ele>766.9</ele>
      </trkpt>
      <trkpt lat="40.84748" lon="15.28155">
        <ele>763.1</ele>
      </trkpt>
      <trkpt lat="40.84699" lon="15.28173">
        <ele>760.7</ele>
      </trkpt>
      <trkpt lat="40.84655" lon="15.2819">
        <ele>758.5</ele>
      </trkpt>
      <trkpt lat="40.84624" lon="15.28202">
        <ele>756.4</ele>
      </trkpt>
      <trkpt lat="40.84606" lon="15.28208">
        <ele>755.3</ele>
      </trkpt>
      <trkpt lat="40.8459" lon="15.28213">
        <ele>754.4</ele>
      </trkpt>
      <trkpt lat="40.84587" lon="15.28214">
        <ele>754.2</ele>
      </trkpt>
      <trkpt lat="40.84529" lon="15.28218">
        <ele>754.0</ele>
      </trkpt>
      <trkpt lat="40.84471" lon="15.2822">
        <ele>754.1</ele>
      </trkpt>
      <trkpt lat="40.84431" lon="15.28221">
        <ele>754.1</ele>
      </trkpt>
      <trkpt lat="40.84423" lon="15.28221">
        <ele>754.1</ele>
      </trkpt>
      <trkpt lat="40.84414" lon="15.28221">
        <ele>754.0</ele>
      </trkpt>
      <trkpt lat="40.84408" lon="15.28223">
        <ele>753.5</ele>
      </trkpt>
      <trkpt lat="40.844029" lon="15.28225">
        <ele>753.1</ele>
      </trkpt>
      <trkpt lat="40.84397" lon="15.28228">
        <ele>752.5</ele>
      </trkpt>
      <trkpt lat="40.84392" lon="15.28231">
        <ele>752.0</ele>
      </trkpt>
      <trkpt lat="40.84387" lon="15.28235">
        <ele>751.4</ele>
      </trkpt>
      <trkpt lat="40.84382" lon="15.2824">
        <ele>750.7</ele>
      </trkpt>
      <trkpt lat="40.84372" lon="15.28251">
        <ele>749.3</ele>
      </trkpt>
      <trkpt lat="40.843649" lon="15.28259">
        <ele>748.4</ele>
      </trkpt>
      <trkpt lat="40.84359" lon="15.28267">
        <ele>747.6</ele>
      </trkpt>
      <trkpt lat="40.84355" lon="15.28275">
        <ele>747.0</ele>
      </trkpt>
      <trkpt lat="40.84347" lon="15.28289">
        <ele>746.1</ele>
      </trkpt>
      <trkpt lat="40.84343" lon="15.28298">
        <ele>745.6</ele>
      </trkpt>
      <trkpt lat="40.84339" lon="15.28307">
        <ele>745.1</ele>
      </trkpt>
      <trkpt lat="40.84332" lon="15.28325">
        <ele>744.3</ele>
      </trkpt>
      <trkpt lat="40.843269" lon="15.28336">
        <ele>743.6</ele>
      </trkpt>
      <trkpt lat="40.84323" lon="15.28348">
        <ele>742.5</ele>
      </trkpt>
      <trkpt lat="40.84319" lon="15.28356">
        <ele>741.9</ele>
      </trkpt>
      <trkpt lat="40.84316" lon="15.28363">
        <ele>741.3</ele>
      </trkpt>
      <trkpt lat="40.84311" lon="15.2837">
        <ele>740.8</ele>
      </trkpt>
      <trkpt lat="40.84308" lon="15.28374">
        <ele>740.6</ele>
      </trkpt>
      <trkpt lat="40.843" lon="15.28383">
        <ele>740.1</ele>
      </trkpt>
      <trkpt lat="40.84273" lon="15.28409">
        <ele>739.4</ele>
      </trkpt>
      <trkpt lat="40.84265" lon="15.2843">
        <ele>739.2</ele>
      </trkpt>
      <trkpt lat="40.8426" lon="15.2845">
        <ele>739.0</ele>
      </trkpt>
      <trkpt lat="40.84258" lon="15.28458">
        <ele>739.0</ele>
      </trkpt>
      <trkpt lat="40.84255" lon="15.28469">
        <ele>739.0</ele>
      </trkpt>
      <trkpt lat="40.84254" lon="15.28478">
        <ele>739.0</ele>
      </trkpt>
      <trkpt lat="40.84252" lon="15.28486">
        <ele>739.0</ele>
      </trkpt>
      <trkpt lat="40.84251" lon="15.28495">
        <ele>739.0</ele>
      </trkpt>
      <trkpt lat="40.84251" lon="15.28504">
        <ele>739.0</ele>
      </trkpt>
      <trkpt lat="40.84251" lon="15.28521">
        <ele>739.2</ele>
      </trkpt>
      <trkpt lat="40.84251" lon="15.28539">
        <ele>739.4</ele>
      </trkpt>
      <trkpt lat="40.84254" lon="15.28575">
        <ele>739.4</ele>
      </trkpt>
      <trkpt lat="40.84257" lon="15.28605">
        <ele>738.6</ele>
      </trkpt>
      <trkpt lat="40.84259" lon="15.28631">
        <ele>737.7</ele>
      </trkpt>
      <trkpt lat="40.84258" lon="15.28644">
        <ele>737.6</ele>
      </trkpt>
      <trkpt lat="40.84258" lon="15.2865">
        <ele>737.4</ele>
      </trkpt>
      <trkpt lat="40.84258" lon="15.28654">
        <ele>737.3</ele>
      </trkpt>
      <trkpt lat="40.84256" lon="15.28661">
        <ele>737.4</ele>
      </trkpt>
      <trkpt lat="40.84255" lon="15.28666">
        <ele>737.4</ele>
      </trkpt>
      <trkpt lat="40.84245" lon="15.2869">
        <ele>737.2</ele>
      </trkpt>
      <trkpt lat="40.84238" lon="15.28702">
        <ele>737.4</ele>
      </trkpt>
      <trkpt lat="40.84225" lon="15.28722">
        <ele>738.2</ele>
      </trkpt>
      <trkpt lat="40.84217" lon="15.28733">
        <ele>738.8</ele>
      </trkpt>
      <trkpt lat="40.84211" lon="15.28741">
        <ele>739.4</ele>
      </trkpt>
      <trkpt lat="40.84207" lon="15.28748">
        <ele>739.8</ele>
      </trkpt>
      <trkpt lat="40.84205" lon="15.28753">
        <ele>740.0</ele>
      </trkpt>
      <trkpt lat="40.84203" lon="15.28757">
        <ele>740.3</ele>
      </trkpt>
      <trkpt lat="40.84203" lon="15.2876">
        <ele>740.3</ele>
      </trkpt>
      <trkpt lat="40.84203" lon="15.28763">
        <ele>740.3</ele>
      </trkpt>
      <trkpt lat="40.84202" lon="15.28767">
        <ele>740.5</ele>
      </trkpt>
      <trkpt lat="40.84202" lon="15.28773">
        <ele>740.5</ele>
      </trkpt>
      <trkpt lat="40.84203" lon="15.28779">
        <ele>740.3</ele>
      </trkpt>
      <trkpt lat="40.84205" lon="15.28784">
        <ele>740.0</ele>
      </trkpt>
      <trkpt lat="40.84221" lon="15.28831">
        <ele>737.5</ele>
      </trkpt>
      <trkpt lat="40.842329" lon="15.28865">
        <ele>734.8</ele>
      </trkpt>
      <trkpt lat="40.84236" lon="15.28874">
        <ele>734.2</ele>
      </trkpt>
      <trkpt lat="40.84236" lon="15.28874">
        <ele>734.2</ele>
      </trkpt>
      <trkpt lat="40.84234" lon="15.28882">
        <ele>734.2</ele>
      </trkpt>
      <trkpt lat="40.84231" lon="15.28891">
        <ele>734.3</ele>
      </trkpt>
      <trkpt lat="40.84229" lon="15.28899">
        <ele>734.3</ele>
      </trkpt>
      <trkpt lat="40.84227" lon="15.28903">
        <ele>734.4</ele>
      </trkpt>
      <trkpt lat="40.84223" lon="15.28907">
        <ele>734.6</ele>
      </trkpt>
      <trkpt lat="40.84219" lon="15.2891">
        <ele>734.9</ele>
      </trkpt>
      <trkpt lat="40.84216" lon="15.28912">
        <ele>735.0</ele>
      </trkpt>
      <trkpt lat="40.84211" lon="15.28912">
        <ele>735.5</ele>
      </trkpt>
      <trkpt lat="40.84202" lon="15.28912">
        <ele>736.3</ele>
      </trkpt>
      <trkpt lat="40.84188" lon="15.28908">
        <ele>737.8</ele>
      </trkpt>
      <trkpt lat="40.84178" lon="15.28905">
        <ele>738.8</ele>
      </trkpt>
      <trkpt lat="40.8417" lon="15.28904">
        <ele>739.7</ele>
      </trkpt>
      <trkpt lat="40.84164" lon="15.28904">
        <ele>740.1</ele>
      </trkpt>
      <trkpt lat="40.841589" lon="15.28904">
        <ele>740.2</ele>
      </trkpt>
      <trkpt lat="40.84156" lon="15.28905">
        <ele>740.1</ele>
      </trkpt>
      <trkpt lat="40.84152" lon="15.28907">
        <ele>740.0</ele>
      </trkpt>
      <trkpt lat="40.84146" lon="15.2891">
        <ele>739.8</ele>
      </trkpt>
      <trkpt lat="40.84138" lon="15.28916">
        <ele>739.4</ele>
      </trkpt>
      <trkpt lat="40.84118" lon="15.28932">
        <ele>737.8</ele>
      </trkpt>
      <trkpt lat="40.84096" lon="15.28951">
        <ele>736.3</ele>
      </trkpt>
      <trkpt lat="40.84071" lon="15.28972">
        <ele>735.5</ele>
      </trkpt>
      <trkpt lat="40.840269" lon="15.29007">
        <ele>736.2</ele>
      </trkpt>
      <trkpt lat="40.840089" lon="15.29022">
        <ele>736.4</ele>
      </trkpt>
      <trkpt lat="40.83999" lon="15.29031">
        <ele>736.3</ele>
      </trkpt>
      <trkpt lat="40.83991" lon="15.29039">
        <ele>734.8</ele>
      </trkpt>
      <trkpt lat="40.83985" lon="15.29045">
        <ele>733.7</ele>
      </trkpt>
      <trkpt lat="40.83978" lon="15.29055">
        <ele>732.3</ele>
      </trkpt>
      <trkpt lat="40.83973" lon="15.29062">
        <ele>731.4</ele>
      </trkpt>
      <trkpt lat="40.83969" lon="15.2907">
        <ele>730.6</ele>
      </trkpt>
      <trkpt lat="40.83945" lon="15.29137">
        <ele>731.5</ele>
      </trkpt>
      <trkpt lat="40.8394" lon="15.29153">
        <ele>732.2</ele>
      </trkpt>
      <trkpt lat="40.83926" lon="15.29191">
        <ele>734.7</ele>
      </trkpt>
      <trkpt lat="40.83916" lon="15.29222">
        <ele>737.2</ele>
      </trkpt>
      <trkpt lat="40.83911" lon="15.29239">
        <ele>737.7</ele>
      </trkpt>
      <trkpt lat="40.83908" lon="15.29251">
        <ele>738.1</ele>
      </trkpt>
      <trkpt lat="40.83908" lon="15.29256">
        <ele>738.0</ele>
      </trkpt>
      <trkpt lat="40.83907" lon="15.29262">
        <ele>737.6</ele>
      </trkpt>
      <trkpt lat="40.83907" lon="15.29266">
        <ele>737.5</ele>
      </trkpt>
      <trkpt lat="40.83908" lon="15.29271">
        <ele>737.6</ele>
      </trkpt>
      <trkpt lat="40.83908" lon="15.29275">
        <ele>737.5</ele>
      </trkpt>
      <trkpt lat="40.83909" lon="15.29281">
        <ele>737.5</ele>
      </trkpt>
      <trkpt lat="40.83911" lon="15.29289">
        <ele>737.8</ele>
      </trkpt>
      <trkpt lat="40.83914" lon="15.29294">
        <ele>738.3</ele>
      </trkpt>
      <trkpt lat="40.83917" lon="15.293">
        <ele>738.8</ele>
      </trkpt>
      <trkpt lat="40.83921" lon="15.29307">
        <ele>738.8</ele>
      </trkpt>
      <trkpt lat="40.83927" lon="15.29315">
        <ele>739.1</ele>
      </trkpt>
      <trkpt lat="40.83935" lon="15.29326">
        <ele>739.6</ele>
      </trkpt>
      <trkpt lat="40.83938" lon="15.29331">
        <ele>739.8</ele>
      </trkpt>
      <trkpt lat="40.83941" lon="15.29336">
        <ele>740.0</ele>
      </trkpt>
      <trkpt lat="40.83943" lon="15.29342">
        <ele>740.1</ele>
      </trkpt>
      <trkpt lat="40.83945" lon="15.29347">
        <ele>740.2</ele>
      </trkpt>
      <trkpt lat="40.83947" lon="15.29356">
        <ele>740.3</ele>
      </trkpt>
      <trkpt lat="40.83948" lon="15.29364">
        <ele>740.3</ele>
      </trkpt>
      <trkpt lat="40.83949" lon="15.29378">
        <ele>740.3</ele>
      </trkpt>
      <trkpt lat="40.8395" lon="15.29396">
        <ele>740.2</ele>
      </trkpt>
      <trkpt lat="40.83951" lon="15.29423">
        <ele>740.5</ele>
      </trkpt>
      <trkpt lat="40.83951" lon="15.29435">
        <ele>741.1</ele>
      </trkpt>
      <trkpt lat="40.8395" lon="15.29443">
        <ele>741.5</ele>
      </trkpt>
      <trkpt lat="40.83949" lon="15.29448">
        <ele>741.6</ele>
      </trkpt>
      <trkpt lat="40.83948" lon="15.29455">
        <ele>741.9</ele>
      </trkpt>
      <trkpt lat="40.83945" lon="15.29466">
        <ele>742.2</ele>
      </trkpt>
      <trkpt lat="40.83936" lon="15.29488">
        <ele>742.4</ele>
      </trkpt>
      <trkpt lat="40.83926" lon="15.29514">
        <ele>742.8</ele>
      </trkpt>
      <trkpt lat="40.83921" lon="15.29528">
        <ele>743.1</ele>
      </trkpt>
      <trkpt lat="40.839149" lon="15.29541">
        <ele>743.1</ele>
      </trkpt>
      <trkpt lat="40.83911" lon="15.29547">
        <ele>742.7</ele>
      </trkpt>
      <trkpt lat="40.83908" lon="15.29553">
        <ele>742.5</ele>
      </trkpt>
      <trkpt lat="40.83902" lon="15.2956">
        <ele>741.8</ele>
      </trkpt>
      <trkpt lat="40.8389" lon="15.29572">
        <ele>740.4</ele>
      </trkpt>
      <trkpt lat="40.83885" lon="15.29577">
        <ele>739.8</ele>
      </trkpt>
      <trkpt lat="40.838769" lon="15.29586">
        <ele>738.8</ele>
      </trkpt>
      <trkpt lat="40.83861" lon="15.29613">
        <ele>736.6</ele>
      </trkpt>
      <trkpt lat="40.83851" lon="15.29631">
        <ele>735.4</ele>
      </trkpt>
      <trkpt lat="40.83846" lon="15.29639">
        <ele>734.9</ele>
      </trkpt>
      <trkpt lat="40.83841" lon="15.29649">
        <ele>734.5</ele>
      </trkpt>
      <trkpt lat="40.83838" lon="15.29659">
        <ele>734.4</ele>
      </trkpt>
      <trkpt lat="40.83837" lon="15.29665">
        <ele>734.4</ele>
      </trkpt>
      <trkpt lat="40.83836" lon="15.29673">
        <ele>734.3</ele>
      </trkpt>
      <trkpt lat="40.83836" lon="15.29683">
        <ele>734.1</ele>
      </trkpt>
      <trkpt lat="40.83836" lon="15.29695">
        <ele>733.9</ele>
      </trkpt>
      <trkpt lat="40.83836" lon="15.29709">
        <ele>733.7</ele>
      </trkpt>
      <trkpt lat="40.83837" lon="15.29725">
        <ele>733.5</ele>
      </trkpt>
      <trkpt lat="40.83838" lon="15.29737">
        <ele>733.3</ele>
      </trkpt>
      <trkpt lat="40.838389" lon="15.29747">
        <ele>733.2</ele>
      </trkpt>
      <trkpt lat="40.83842" lon="15.29752">
        <ele>733.0</ele>
      </trkpt>
      <trkpt lat="40.83843" lon="15.29755">
        <ele>732.8</ele>
      </trkpt>
      <trkpt lat="40.83845" lon="15.29759">
        <ele>732.5</ele>
      </trkpt>
      <trkpt lat="40.838479" lon="15.29761">
        <ele>732.4</ele>
      </trkpt>
      <trkpt lat="40.83852" lon="15.29765">
        <ele>732.1</ele>
      </trkpt>
      <trkpt lat="40.83855" lon="15.29766">
        <ele>732.1</ele>
      </trkpt>
      <trkpt lat="40.83859" lon="15.29768">
        <ele>731.9</ele>
      </trkpt>
      <trkpt lat="40.83873" lon="15.2977">
        <ele>731.8</ele>
      </trkpt>
      <trkpt lat="40.83892" lon="15.29772">
        <ele>731.7</ele>
      </trkpt>
      <trkpt lat="40.83916" lon="15.29778">
        <ele>731.0</ele>
      </trkpt>
      <trkpt lat="40.83941" lon="15.29786">
        <ele>730.8</ele>
      </trkpt>
      <trkpt lat="40.8395" lon="15.29789">
        <ele>730.8</ele>
      </trkpt>
      <trkpt lat="40.83958" lon="15.29792">
        <ele>730.7</ele>
      </trkpt>
      <trkpt lat="40.83961" lon="15.29795">
        <ele>730.4</ele>
      </trkpt>
      <trkpt lat="40.839619" lon="15.29796">
        <ele>730.3</ele>
      </trkpt>
      <trkpt lat="40.83963" lon="15.29798">
        <ele>730.1</ele>
      </trkpt>
      <trkpt lat="40.83964" lon="15.298">
        <ele>729.8</ele>
      </trkpt>
      <trkpt lat="40.83965" lon="15.29802">
        <ele>729.6</ele>
      </trkpt>
      <trkpt lat="40.83965" lon="15.29804">
        <ele>729.3</ele>
      </trkpt>
      <trkpt lat="40.83965" lon="15.29807">
        <ele>728.9</ele>
      </trkpt>
      <trkpt lat="40.83964" lon="15.29813">
        <ele>728.1</ele>
      </trkpt>
      <trkpt lat="40.8396" lon="15.29816">
        <ele>727.5</ele>
      </trkpt>
      <trkpt lat="40.83956" lon="15.29818">
        <ele>727.0</ele>
      </trkpt>
      <trkpt lat="40.83952" lon="15.2982">
        <ele>726.5</ele>
      </trkpt>
      <trkpt lat="40.83947" lon="15.29822">
        <ele>726.0</ele>
      </trkpt>
      <trkpt lat="40.83943" lon="15.29823">
        <ele>725.7</ele>
      </trkpt>
      <trkpt lat="40.83923" lon="15.2983">
        <ele>723.8</ele>
      </trkpt>
      <trkpt lat="40.83906" lon="15.29837">
        <ele>723.2</ele>
      </trkpt>
      <trkpt lat="40.838949" lon="15.29845">
        <ele>723.1</ele>
      </trkpt>
      <trkpt lat="40.83887" lon="15.29852">
        <ele>723.1</ele>
      </trkpt>
      <trkpt lat="40.83882" lon="15.29858">
        <ele>723.1</ele>
      </trkpt>
      <trkpt lat="40.838769" lon="15.29863">
        <ele>723.2</ele>
      </trkpt>
      <trkpt lat="40.83873" lon="15.29868">
        <ele>723.3</ele>
      </trkpt>
      <trkpt lat="40.83871" lon="15.29873">
        <ele>723.3</ele>
      </trkpt>
      <trkpt lat="40.8387" lon="15.29875">
        <ele>723.3</ele>
      </trkpt>
      <trkpt lat="40.8387" lon="15.29881">
        <ele>723.0</ele>
      </trkpt>
      <trkpt lat="40.8387" lon="15.29886">
        <ele>722.7</ele>
      </trkpt>
      <trkpt lat="40.8387" lon="15.29893">
        <ele>722.4</ele>
      </trkpt>
      <trkpt lat="40.83871" lon="15.29904">
        <ele>721.7</ele>
      </trkpt>
      <trkpt lat="40.83873" lon="15.29911">
        <ele>721.1</ele>
      </trkpt>
      <trkpt lat="40.83874" lon="15.29918">
        <ele>720.6</ele>
      </trkpt>
      <trkpt lat="40.838769" lon="15.29923">
        <ele>720.0</ele>
      </trkpt>
      <trkpt lat="40.83879" lon="15.29928">
        <ele>719.5</ele>
      </trkpt>
      <trkpt lat="40.83884" lon="15.29938">
        <ele>718.2</ele>
      </trkpt>
      <trkpt lat="40.8389" lon="15.29947">
        <ele>716.5</ele>
      </trkpt>
      <trkpt lat="40.83896" lon="15.29957">
        <ele>714.7</ele>
      </trkpt>
      <trkpt lat="40.839" lon="15.29964">
        <ele>713.3</ele>
      </trkpt>
      <trkpt lat="40.83901" lon="15.29967">
        <ele>712.9</ele>
      </trkpt>
      <trkpt lat="40.83903" lon="15.29971">
        <ele>712.1</ele>
      </trkpt>
      <trkpt lat="40.83904" lon="15.29974">
        <ele>711.6</ele>
      </trkpt>
      <trkpt lat="40.83905" lon="15.29978">
        <ele>711.1</ele>
      </trkpt>
      <trkpt lat="40.83905" lon="15.29982">
        <ele>710.8</ele>
      </trkpt>
      <trkpt lat="40.83906" lon="15.29986">
        <ele>710.2</ele>
      </trkpt>
      <trkpt lat="40.83906" lon="15.29989">
        <ele>709.9</ele>
      </trkpt>
      <trkpt lat="40.83905" lon="15.29994">
        <ele>709.8</ele>
      </trkpt>
      <trkpt lat="40.83905" lon="15.29996">
        <ele>709.7</ele>
      </trkpt>
      <trkpt lat="40.83905" lon="15.30001">
        <ele>709.3</ele>
      </trkpt>
      <trkpt lat="40.83904" lon="15.30005">
        <ele>709.4</ele>
      </trkpt>
      <trkpt lat="40.83903" lon="15.30008">
        <ele>709.6</ele>
      </trkpt>
      <trkpt lat="40.83902" lon="15.30013">
        <ele>709.6</ele>
      </trkpt>
      <trkpt lat="40.839" lon="15.30018">
        <ele>710.0</ele>
      </trkpt>
      <trkpt lat="40.83897" lon="15.30025">
        <ele>710.5</ele>
      </trkpt>
      <trkpt lat="40.83892" lon="15.30035">
        <ele>711.5</ele>
      </trkpt>
      <trkpt lat="40.83884" lon="15.30052">
        <ele>713.2</ele>
      </trkpt>
      <trkpt lat="40.83881" lon="15.30058">
        <ele>713.8</ele>
      </trkpt>
      <trkpt lat="40.83878" lon="15.30065">
        <ele>714.4</ele>
      </trkpt>
      <trkpt lat="40.83874" lon="15.30076">
        <ele>715.1</ele>
      </trkpt>
      <trkpt lat="40.83872" lon="15.30082">
        <ele>715.5</ele>
      </trkpt>
      <trkpt lat="40.8387" lon="15.30087">
        <ele>715.3</ele>
      </trkpt>
      <trkpt lat="40.83869" lon="15.30098">
        <ele>713.4</ele>
      </trkpt>
      <trkpt lat="40.83867" lon="15.30107">
        <ele>712.1</ele>
      </trkpt>
      <trkpt lat="40.83866" lon="15.30116">
        <ele>710.5</ele>
      </trkpt>
      <trkpt lat="40.83864" lon="15.30124">
        <ele>709.3</ele>
      </trkpt>
      <trkpt lat="40.83861" lon="15.30132">
        <ele>708.4</ele>
      </trkpt>
      <trkpt lat="40.83856" lon="15.30142">
        <ele>707.3</ele>
      </trkpt>
      <trkpt lat="40.838479" lon="15.30156">
        <ele>705.8</ele>
      </trkpt>
      <trkpt lat="40.83845" lon="15.30164">
        <ele>704.5</ele>
      </trkpt>
      <trkpt lat="40.83842" lon="15.30171">
        <ele>704.1</ele>
      </trkpt>
      <trkpt lat="40.8384" lon="15.30177">
        <ele>703.9</ele>
      </trkpt>
      <trkpt lat="40.83838" lon="15.30186">
        <ele>703.4</ele>
      </trkpt>
      <trkpt lat="40.83837" lon="15.30197">
        <ele>702.8</ele>
      </trkpt>
      <trkpt lat="40.83836" lon="15.30212">
        <ele>701.7</ele>
      </trkpt>
      <trkpt lat="40.83836" lon="15.30224">
        <ele>700.7</ele>
      </trkpt>
      <trkpt lat="40.83836" lon="15.30238">
        <ele>699.4</ele>
      </trkpt>
      <trkpt lat="40.83836" lon="15.30264">
        <ele>698.5</ele>
      </trkpt>
      <trkpt lat="40.83836" lon="15.3029">
        <ele>698.6</ele>
      </trkpt>
      <trkpt lat="40.83844" lon="15.30312">
        <ele>697.3</ele>
      </trkpt>
      <trkpt lat="40.83852" lon="15.30334">
        <ele>696.1</ele>
      </trkpt>
      <trkpt lat="40.83879" lon="15.30404">
        <ele>694.7</ele>
      </trkpt>
      <trkpt lat="40.83909" lon="15.30484">
        <ele>698.0</ele>
      </trkpt>
      <trkpt lat="40.83914" lon="15.30492">
        <ele>698.4</ele>
      </trkpt>
      <trkpt lat="40.8392" lon="15.30503">
        <ele>698.8</ele>
      </trkpt>
      <trkpt lat="40.839329" lon="15.30525">
        <ele>699.3</ele>
      </trkpt>
      <trkpt lat="40.83951" lon="15.30552">
        <ele>699.7</ele>
      </trkpt>
      <trkpt lat="40.83964" lon="15.30572">
        <ele>700.2</ele>
      </trkpt>
      <trkpt lat="40.83969" lon="15.30581">
        <ele>700.5</ele>
      </trkpt>
      <trkpt lat="40.83973" lon="15.30588">
        <ele>700.4</ele>
      </trkpt>
      <trkpt lat="40.83977" lon="15.30597">
        <ele>700.3</ele>
      </trkpt>
      <trkpt lat="40.839799" lon="15.30606">
        <ele>700.2</ele>
      </trkpt>
      <trkpt lat="40.83985" lon="15.30625">
        <ele>700.3</ele>
      </trkpt>
      <trkpt lat="40.83992" lon="15.30669">
        <ele>701.0</ele>
      </trkpt>
      <trkpt lat="40.84002" lon="15.30724">
        <ele>700.2</ele>
      </trkpt>
      <trkpt lat="40.84006" lon="15.30745">
        <ele>699.4</ele>
      </trkpt>
      <trkpt lat="40.840089" lon="15.30762">
        <ele>699.4</ele>
      </trkpt>
      <trkpt lat="40.840089" lon="15.30775">
        <ele>700.1</ele>
      </trkpt>
      <trkpt lat="40.84008" lon="15.30801">
        <ele>701.6</ele>
      </trkpt>
      <trkpt lat="40.84008" lon="15.30824">
        <ele>702.7</ele>
      </trkpt>
      <trkpt lat="40.840089" lon="15.30843">
        <ele>703.3</ele>
      </trkpt>
      <trkpt lat="40.84012" lon="15.30857">
        <ele>703.1</ele>
      </trkpt>
      <trkpt lat="40.84015" lon="15.3087">
        <ele>703.0</ele>
      </trkpt>
      <trkpt lat="40.840179" lon="15.30881">
        <ele>702.9</ele>
      </trkpt>
      <trkpt lat="40.84022" lon="15.30891">
        <ele>702.6</ele>
      </trkpt>
      <trkpt lat="40.840269" lon="15.30901">
        <ele>702.3</ele>
      </trkpt>
      <trkpt lat="40.84035" lon="15.30917">
        <ele>702.0</ele>
      </trkpt>
      <trkpt lat="40.84043" lon="15.30933">
        <ele>701.9</ele>
      </trkpt>
      <trkpt lat="40.84052" lon="15.30949">
        <ele>701.8</ele>
      </trkpt>
      <trkpt lat="40.840649" lon="15.30968">
        <ele>701.4</ele>
      </trkpt>
      <trkpt lat="40.84079" lon="15.30984">
        <ele>701.2</ele>
      </trkpt>
      <trkpt lat="40.84103" lon="15.31008">
        <ele>701.0</ele>
      </trkpt>
      <trkpt lat="40.84126" lon="15.3103">
        <ele>700.0</ele>
      </trkpt>
      <trkpt lat="40.84131" lon="15.31037">
        <ele>699.7</ele>
      </trkpt>
      <trkpt lat="40.84137" lon="15.31044">
        <ele>699.3</ele>
      </trkpt>
      <trkpt lat="40.8414" lon="15.31049">
        <ele>699.0</ele>
      </trkpt>
      <trkpt lat="40.84143" lon="15.31055">
        <ele>698.8</ele>
      </trkpt>
      <trkpt lat="40.84148" lon="15.31063">
        <ele>698.4</ele>
      </trkpt>
      <trkpt lat="40.84151" lon="15.31074">
        <ele>698.1</ele>
      </trkpt>
      <trkpt lat="40.84152" lon="15.31082">
        <ele>698.1</ele>
      </trkpt>
      <trkpt lat="40.84152" lon="15.31088">
        <ele>697.8</ele>
      </trkpt>
      <trkpt lat="40.84152" lon="15.31099">
        <ele>697.2</ele>
      </trkpt>
      <trkpt lat="40.84151" lon="15.31108">
        <ele>696.8</ele>
      </trkpt>
      <trkpt lat="40.8415" lon="15.31116">
        <ele>696.5</ele>
      </trkpt>
      <trkpt lat="40.84148" lon="15.31124">
        <ele>696.4</ele>
      </trkpt>
      <trkpt lat="40.84145" lon="15.31134">
        <ele>696.2</ele>
      </trkpt>
      <trkpt lat="40.84137" lon="15.31149">
        <ele>696.6</ele>
      </trkpt>
      <trkpt lat="40.841299" lon="15.31164">
        <ele>696.9</ele>
      </trkpt>
      <trkpt lat="40.8412" lon="15.31182">
        <ele>697.5</ele>
      </trkpt>
      <trkpt lat="40.84106" lon="15.31213">
        <ele>698.2</ele>
      </trkpt>
      <trkpt lat="40.84099" lon="15.31229">
        <ele>698.6</ele>
      </trkpt>
      <trkpt lat="40.84093" lon="15.31245">
        <ele>698.7</ele>
      </trkpt>
      <trkpt lat="40.84091" lon="15.31252">
        <ele>698.8</ele>
      </trkpt>
      <trkpt lat="40.8409" lon="15.3126">
        <ele>698.7</ele>
      </trkpt>
      <trkpt lat="40.84089" lon="15.31269">
        <ele>698.6</ele>
      </trkpt>
      <trkpt lat="40.84088" lon="15.31283">
        <ele>698.4</ele>
      </trkpt>
      <trkpt lat="40.84088" lon="15.31304">
        <ele>697.9</ele>
      </trkpt>
      <trkpt lat="40.84086" lon="15.31353">
        <ele>697.8</ele>
      </trkpt>
      <trkpt lat="40.84085" lon="15.31403">
        <ele>698.5</ele>
      </trkpt>
      <trkpt lat="40.84085" lon="15.31424">
        <ele>698.8</ele>
      </trkpt>
      <trkpt lat="40.84086" lon="15.31436">
        <ele>698.8</ele>
      </trkpt>
      <trkpt lat="40.84088" lon="15.31449">
        <ele>698.6</ele>
      </trkpt>
      <trkpt lat="40.84093" lon="15.31467">
        <ele>698.1</ele>
      </trkpt>
      <trkpt lat="40.84102" lon="15.31491">
        <ele>697.1</ele>
      </trkpt>
      <trkpt lat="40.841209" lon="15.31542">
        <ele>694.6</ele>
      </trkpt>
      <trkpt lat="40.84124" lon="15.31554">
        <ele>694.1</ele>
      </trkpt>
      <trkpt lat="40.84126" lon="15.31561">
        <ele>693.9</ele>
      </trkpt>
      <trkpt lat="40.84128" lon="15.31567">
        <ele>693.6</ele>
      </trkpt>
      <trkpt lat="40.84129" lon="15.31573">
        <ele>693.4</ele>
      </trkpt>
      <trkpt lat="40.841299" lon="15.31579">
        <ele>693.3</ele>
      </trkpt>
      <trkpt lat="40.841299" lon="15.31593">
        <ele>693.1</ele>
      </trkpt>
      <trkpt lat="40.841299" lon="15.31609">
        <ele>692.9</ele>
      </trkpt>
      <trkpt lat="40.84129" lon="15.31636">
        <ele>692.7</ele>
      </trkpt>
      <trkpt lat="40.84128" lon="15.31651">
        <ele>692.7</ele>
      </trkpt>
      <trkpt lat="40.84126" lon="15.31662">
        <ele>692.9</ele>
      </trkpt>
      <trkpt lat="40.8412" lon="15.31689">
        <ele>693.5</ele>
      </trkpt>
      <trkpt lat="40.84109" lon="15.3173">
        <ele>694.7</ele>
      </trkpt>
      <trkpt lat="40.84102" lon="15.31756">
        <ele>695.5</ele>
      </trkpt>
      <trkpt lat="40.84097" lon="15.31772">
        <ele>695.8</ele>
      </trkpt>
      <trkpt lat="40.84094" lon="15.31783">
        <ele>696.0</ele>
      </trkpt>
      <trkpt lat="40.840919" lon="15.31793">
        <ele>696.0</ele>
      </trkpt>
      <trkpt lat="40.84091" lon="15.31801">
        <ele>695.9</ele>
      </trkpt>
      <trkpt lat="40.8409" lon="15.3181">
        <ele>695.8</ele>
      </trkpt>
      <trkpt lat="40.8409" lon="15.3182">
        <ele>695.4</ele>
      </trkpt>
      <trkpt lat="40.8409" lon="15.31827">
        <ele>695.2</ele>
      </trkpt>
      <trkpt lat="40.84091" lon="15.31838">
        <ele>694.8</ele>
      </trkpt>
      <trkpt lat="40.84093" lon="15.31851">
        <ele>694.4</ele>
      </trkpt>
      <trkpt lat="40.84098" lon="15.3187">
        <ele>693.5</ele>
      </trkpt>
      <trkpt lat="40.84102" lon="15.31885">
        <ele>692.9</ele>
      </trkpt>
      <trkpt lat="40.84106" lon="15.31899">
        <ele>692.3</ele>
      </trkpt>
      <trkpt lat="40.84146" lon="15.32029">
        <ele>690.4</ele>
      </trkpt>
      <trkpt lat="40.84148" lon="15.32038">
        <ele>690.3</ele>
      </trkpt>
      <trkpt lat="40.8415" lon="15.32047">
        <ele>690.1</ele>
      </trkpt>
      <trkpt lat="40.84151" lon="15.32057">
        <ele>690.1</ele>
      </trkpt>
      <trkpt lat="40.84151" lon="15.32067">
        <ele>690.2</ele>
      </trkpt>
      <trkpt lat="40.84149" lon="15.32075">
        <ele>690.4</ele>
      </trkpt>
      <trkpt lat="40.84146" lon="15.32083">
        <ele>690.7</ele>
      </trkpt>
      <trkpt lat="40.8414" lon="15.32091">
        <ele>690.8</ele>
      </trkpt>
      <trkpt lat="40.84135" lon="15.32098">
        <ele>690.9</ele>
      </trkpt>
      <trkpt lat="40.84127" lon="15.32105">
        <ele>691.1</ele>
      </trkpt>
      <trkpt lat="40.84102" lon="15.3212">
        <ele>691.7</ele>
      </trkpt>
      <trkpt lat="40.84078" lon="15.32134">
        <ele>692.3</ele>
      </trkpt>
      <trkpt lat="40.84059" lon="15.32146">
        <ele>693.4</ele>
      </trkpt>
      <trkpt lat="40.84053" lon="15.32151">
        <ele>693.6</ele>
      </trkpt>
      <trkpt lat="40.84048" lon="15.32157">
        <ele>693.6</ele>
      </trkpt>
      <trkpt lat="40.84042" lon="15.32166">
        <ele>693.5</ele>
      </trkpt>
      <trkpt lat="40.84035" lon="15.32182">
        <ele>693.0</ele>
      </trkpt>
      <trkpt lat="40.84028" lon="15.32202">
        <ele>692.3</ele>
      </trkpt>
      <trkpt lat="40.84021" lon="15.32225">
        <ele>691.4</ele>
      </trkpt>
      <trkpt lat="40.84017" lon="15.32241">
        <ele>690.6</ele>
      </trkpt>
      <trkpt lat="40.84014" lon="15.32256">
        <ele>690.3</ele>
      </trkpt>
      <trkpt lat="40.8401" lon="15.32273">
        <ele>690.8</ele>
      </trkpt>
      <trkpt lat="40.84005" lon="15.32298">
        <ele>691.4</ele>
      </trkpt>
      <trkpt lat="40.84001" lon="15.32313">
        <ele>691.9</ele>
      </trkpt>
      <trkpt lat="40.83996" lon="15.32329">
        <ele>692.4</ele>
      </trkpt>
      <trkpt lat="40.83986" lon="15.32348">
        <ele>692.5</ele>
      </trkpt>
      <trkpt lat="40.83977" lon="15.32359">
        <ele>692.6</ele>
      </trkpt>
      <trkpt lat="40.83968" lon="15.32371">
        <ele>692.7</ele>
      </trkpt>
      <trkpt lat="40.83905" lon="15.32445">
        <ele>694.4</ele>
      </trkpt>
      <trkpt lat="40.83888" lon="15.32465">
        <ele>695.4</ele>
      </trkpt>
      <trkpt lat="40.8388" lon="15.32477">
        <ele>695.9</ele>
      </trkpt>
      <trkpt lat="40.838769" lon="15.32483">
        <ele>696.0</ele>
      </trkpt>
      <trkpt lat="40.838769" lon="15.32487">
        <ele>695.8</ele>
      </trkpt>
      <trkpt lat="40.83876" lon="15.32492">
        <ele>695.7</ele>
      </trkpt>
      <trkpt lat="40.838769" lon="15.32496">
        <ele>695.4</ele>
      </trkpt>
      <trkpt lat="40.83878" lon="15.32501">
        <ele>695.1</ele>
      </trkpt>
      <trkpt lat="40.83883" lon="15.32515">
        <ele>694.8</ele>
      </trkpt>
      <trkpt lat="40.83898" lon="15.32551">
        <ele>693.7</ele>
      </trkpt>
      <trkpt lat="40.83908" lon="15.32577">
        <ele>693.1</ele>
      </trkpt>
      <trkpt lat="40.83912" lon="15.32587">
        <ele>692.6</ele>
      </trkpt>
      <trkpt lat="40.83916" lon="15.32599">
        <ele>691.4</ele>
      </trkpt>
      <trkpt lat="40.83917" lon="15.32607">
        <ele>690.8</ele>
      </trkpt>
      <trkpt lat="40.83917" lon="15.32614">
        <ele>690.5</ele>
      </trkpt>
      <trkpt lat="40.83916" lon="15.32623">
        <ele>690.2</ele>
      </trkpt>
      <trkpt lat="40.83913" lon="15.3263">
        <ele>690.4</ele>
      </trkpt>
      <trkpt lat="40.83861" lon="15.32728">
        <ele>692.9</ele>
      </trkpt>
      <trkpt lat="40.83853" lon="15.32742">
        <ele>693.3</ele>
      </trkpt>
      <trkpt lat="40.838479" lon="15.32753">
        <ele>693.4</ele>
      </trkpt>
      <trkpt lat="40.83843" lon="15.32766">
        <ele>693.8</ele>
      </trkpt>
      <trkpt lat="40.8384" lon="15.32773">
        <ele>694.1</ele>
      </trkpt>
      <trkpt lat="40.83838" lon="15.32783">
        <ele>694.0</ele>
      </trkpt>
      <trkpt lat="40.83835" lon="15.32797">
        <ele>694.0</ele>
      </trkpt>
      <trkpt lat="40.83832" lon="15.32818">
        <ele>693.8</ele>
      </trkpt>
      <trkpt lat="40.838299" lon="15.32846">
        <ele>693.4</ele>
      </trkpt>
      <trkpt lat="40.83829" lon="15.32867">
        <ele>693.3</ele>
      </trkpt>
      <trkpt lat="40.83828" lon="15.32889">
        <ele>693.2</ele>
      </trkpt>
      <trkpt lat="40.83828" lon="15.32908">
        <ele>693.0</ele>
      </trkpt>
      <trkpt lat="40.83828" lon="15.32917">
        <ele>692.9</ele>
      </trkpt>
      <trkpt lat="40.838299" lon="15.32924">
        <ele>692.8</ele>
      </trkpt>
      <trkpt lat="40.83833" lon="15.32937">
        <ele>692.8</ele>
      </trkpt>
      <trkpt lat="40.83857" lon="15.33017">
        <ele>689.9</ele>
      </trkpt>
      <trkpt lat="40.83859" lon="15.33025">
        <ele>689.4</ele>
      </trkpt>
      <trkpt lat="40.8386" lon="15.33032">
        <ele>689.1</ele>
      </trkpt>
      <trkpt lat="40.83861" lon="15.33039">
        <ele>688.7</ele>
      </trkpt>
      <trkpt lat="40.83861" lon="15.33046">
        <ele>688.6</ele>
      </trkpt>
      <trkpt lat="40.83861" lon="15.33052">
        <ele>688.5</ele>
      </trkpt>
      <trkpt lat="40.8386" lon="15.33059">
        <ele>688.6</ele>
      </trkpt>
      <trkpt lat="40.83859" lon="15.33064">
        <ele>688.8</ele>
      </trkpt>
      <trkpt lat="40.838479" lon="15.3309">
        <ele>690.8</ele>
      </trkpt>
      <trkpt lat="40.83843" lon="15.33102">
        <ele>691.8</ele>
      </trkpt>
      <trkpt lat="40.83841" lon="15.33111">
        <ele>692.2</ele>
      </trkpt>
      <trkpt lat="40.83841" lon="15.33118">
        <ele>692.1</ele>
      </trkpt>
      <trkpt lat="40.83841" lon="15.33124">
        <ele>692.1</ele>
      </trkpt>
      <trkpt lat="40.83843" lon="15.33131">
        <ele>691.7</ele>
      </trkpt>
      <trkpt lat="40.83846" lon="15.33142">
        <ele>691.1</ele>
      </trkpt>
      <trkpt lat="40.83857" lon="15.33165">
        <ele>689.3</ele>
      </trkpt>
      <trkpt lat="40.83872" lon="15.33194">
        <ele>689.8</ele>
      </trkpt>
      <trkpt lat="40.83885" lon="15.33217">
        <ele>690.0</ele>
      </trkpt>
      <trkpt lat="40.83897" lon="15.33239">
        <ele>690.2</ele>
      </trkpt>
      <trkpt lat="40.83902" lon="15.33249">
        <ele>690.4</ele>
      </trkpt>
      <trkpt lat="40.83905" lon="15.33259">
        <ele>690.1</ele>
      </trkpt>
      <trkpt lat="40.83908" lon="15.33268">
        <ele>689.7</ele>
      </trkpt>
      <trkpt lat="40.83909" lon="15.33275">
        <ele>689.7</ele>
      </trkpt>
      <trkpt lat="40.8391" lon="15.33283">
        <ele>689.6</ele>
      </trkpt>
      <trkpt lat="40.8391" lon="15.33296">
        <ele>689.8</ele>
      </trkpt>
      <trkpt lat="40.8391" lon="15.33311">
        <ele>690.0</ele>
      </trkpt>
      <trkpt lat="40.83911" lon="15.33339">
        <ele>690.3</ele>
      </trkpt>
      <trkpt lat="40.83911" lon="15.33392">
        <ele>691.4</ele>
      </trkpt>
      <trkpt lat="40.83912" lon="15.33401">
        <ele>691.4</ele>
      </trkpt>
      <trkpt lat="40.83912" lon="15.33408">
        <ele>691.6</ele>
      </trkpt>
      <trkpt lat="40.83914" lon="15.33417">
        <ele>691.5</ele>
      </trkpt>
      <trkpt lat="40.83922" lon="15.33437">
        <ele>691.1</ele>
      </trkpt>
      <trkpt lat="40.83943" lon="15.33481">
        <ele>690.4</ele>
      </trkpt>
      <trkpt lat="40.83948" lon="15.33493">
        <ele>690.4</ele>
      </trkpt>
      <trkpt lat="40.83951" lon="15.33499">
        <ele>690.4</ele>
      </trkpt>
      <trkpt lat="40.83955" lon="15.3351">
        <ele>690.2</ele>
      </trkpt>
      <trkpt lat="40.83958" lon="15.33518">
        <ele>690.0</ele>
      </trkpt>
      <trkpt lat="40.8396" lon="15.33526">
        <ele>689.9</ele>
      </trkpt>
      <trkpt lat="40.839619" lon="15.33536">
        <ele>689.9</ele>
      </trkpt>
      <trkpt lat="40.83963" lon="15.3355">
        <ele>690.1</ele>
      </trkpt>
      <trkpt lat="40.83964" lon="15.33567">
        <ele>690.4</ele>
      </trkpt>
      <trkpt lat="40.83964" lon="15.33592">
        <ele>690.9</ele>
      </trkpt>
      <trkpt lat="40.83965" lon="15.33611">
        <ele>691.2</ele>
      </trkpt>
      <trkpt lat="40.83966" lon="15.33622">
        <ele>691.3</ele>
      </trkpt>
      <trkpt lat="40.83967" lon="15.33628">
        <ele>691.3</ele>
      </trkpt>
      <trkpt lat="40.83968" lon="15.33632">
        <ele>691.3</ele>
      </trkpt>
      <trkpt lat="40.83969" lon="15.33637">
        <ele>691.3</ele>
      </trkpt>
      <trkpt lat="40.839709" lon="15.33641">
        <ele>691.2</ele>
      </trkpt>
      <trkpt lat="40.83975" lon="15.33649">
        <ele>691.0</ele>
      </trkpt>
      <trkpt lat="40.83991" lon="15.33667">
        <ele>689.9</ele>
      </trkpt>
      <trkpt lat="40.84008" lon="15.33686">
        <ele>689.5</ele>
      </trkpt>
      <trkpt lat="40.84016" lon="15.33694">
        <ele>689.2</ele>
      </trkpt>
      <trkpt lat="40.840179" lon="15.33699">
        <ele>689.3</ele>
      </trkpt>
      <trkpt lat="40.84021" lon="15.33705">
        <ele>689.4</ele>
      </trkpt>
      <trkpt lat="40.84031" lon="15.33738">
        <ele>690.5</ele>
      </trkpt>
      <trkpt lat="40.84042" lon="15.33773">
        <ele>691.3</ele>
      </trkpt>
      <trkpt lat="40.84045" lon="15.33782">
        <ele>691.6</ele>
      </trkpt>
      <trkpt lat="40.84051" lon="15.33791">
        <ele>691.4</ele>
      </trkpt>
      <trkpt lat="40.84054" lon="15.33796">
        <ele>691.4</ele>
      </trkpt>
      <trkpt lat="40.84075" lon="15.33821">
        <ele>690.9</ele>
      </trkpt>
      <trkpt lat="40.84111" lon="15.33861">
        <ele>689.2</ele>
      </trkpt>
      <trkpt lat="40.841209" lon="15.33875">
        <ele>688.7</ele>
      </trkpt>
      <trkpt lat="40.84126" lon="15.33883">
        <ele>688.5</ele>
      </trkpt>
      <trkpt lat="40.84129" lon="15.3389">
        <ele>688.4</ele>
      </trkpt>
      <trkpt lat="40.84131" lon="15.33897">
        <ele>688.5</ele>
      </trkpt>
      <trkpt lat="40.84132" lon="15.33904">
        <ele>688.6</ele>
      </trkpt>
      <trkpt lat="40.84133" lon="15.33912">
        <ele>688.8</ele>
      </trkpt>
      <trkpt lat="40.84133" lon="15.33919">
        <ele>689.0</ele>
      </trkpt>
      <trkpt lat="40.84132" lon="15.33926">
        <ele>688.9</ele>
      </trkpt>
      <trkpt lat="40.841299" lon="15.33935">
        <ele>688.8</ele>
      </trkpt>
      <trkpt lat="40.84124" lon="15.33955">
        <ele>689.0</ele>
      </trkpt>
      <trkpt lat="40.841119" lon="15.33989">
        <ele>689.5</ele>
      </trkpt>
      <trkpt lat="40.84101" lon="15.34021">
        <ele>689.7</ele>
      </trkpt>
      <trkpt lat="40.840649" lon="15.3412">
        <ele>687.3</ele>
      </trkpt>
      <trkpt lat="40.84055" lon="15.34146">
        <ele>686.0</ele>
      </trkpt>
      <trkpt lat="40.84052" lon="15.34154">
        <ele>685.5</ele>
      </trkpt>
      <trkpt lat="40.84047" lon="15.3417">
        <ele>684.7</ele>
      </trkpt>
      <trkpt lat="40.84019" lon="15.34249">
        <ele>683.5</ele>
      </trkpt>
      <trkpt lat="40.840179" lon="15.34253">
        <ele>683.5</ele>
      </trkpt>
      <trkpt lat="40.83969" lon="15.34388">
        <ele>683.4</ele>
      </trkpt>
      <trkpt lat="40.83964" lon="15.34403">
        <ele>683.8</ele>
      </trkpt>
      <trkpt lat="40.83954" lon="15.34431">
        <ele>684.9</ele>
      </trkpt>
      <trkpt lat="40.8395" lon="15.34444">
        <ele>685.3</ele>
      </trkpt>
      <trkpt lat="40.83948" lon="15.34455">
        <ele>685.5</ele>
      </trkpt>
      <trkpt lat="40.83947" lon="15.34465">
        <ele>685.5</ele>
      </trkpt>
      <trkpt lat="40.83947" lon="15.34472">
        <ele>685.4</ele>
      </trkpt>
      <trkpt lat="40.83948" lon="15.34481">
        <ele>685.0</ele>
      </trkpt>
      <trkpt lat="40.8395" lon="15.34489">
        <ele>684.6</ele>
      </trkpt>
      <trkpt lat="40.83952" lon="15.34497">
        <ele>684.1</ele>
      </trkpt>
      <trkpt lat="40.83956" lon="15.34509">
        <ele>683.4</ele>
      </trkpt>
      <trkpt lat="40.8396" lon="15.34518">
        <ele>682.8</ele>
      </trkpt>
      <trkpt lat="40.83964" lon="15.34527">
        <ele>682.1</ele>
      </trkpt>
      <trkpt lat="40.839709" lon="15.34543">
        <ele>681.1</ele>
      </trkpt>
      <trkpt lat="40.83973" lon="15.34548">
        <ele>680.7</ele>
      </trkpt>
      <trkpt lat="40.83974" lon="15.34553">
        <ele>680.6</ele>
      </trkpt>
      <trkpt lat="40.83975" lon="15.34557">
        <ele>680.4</ele>
      </trkpt>
      <trkpt lat="40.83976" lon="15.34561">
        <ele>680.2</ele>
      </trkpt>
      <trkpt lat="40.83976" lon="15.34566">
        <ele>680.3</ele>
      </trkpt>
      <trkpt lat="40.83975" lon="15.34575">
        <ele>680.5</ele>
      </trkpt>
      <trkpt lat="40.83972" lon="15.34591">
        <ele>681.2</ele>
      </trkpt>
      <trkpt lat="40.83968" lon="15.34612">
        <ele>682.3</ele>
      </trkpt>
      <trkpt lat="40.83967" lon="15.3462">
        <ele>682.6</ele>
      </trkpt>
      <trkpt lat="40.83966" lon="15.34626">
        <ele>682.8</ele>
      </trkpt>
      <trkpt lat="40.83967" lon="15.34632">
        <ele>682.8</ele>
      </trkpt>
      <trkpt lat="40.83968" lon="15.34638">
        <ele>682.7</ele>
      </trkpt>
      <trkpt lat="40.8397" lon="15.34643">
        <ele>682.5</ele>
      </trkpt>
      <trkpt lat="40.83972" lon="15.34647">
        <ele>682.3</ele>
      </trkpt>
      <trkpt lat="40.83976" lon="15.34653">
        <ele>681.9</ele>
      </trkpt>
      <trkpt lat="40.83981" lon="15.34658">
        <ele>681.3</ele>
      </trkpt>
      <trkpt lat="40.83993" lon="15.3467">
        <ele>680.1</ele>
      </trkpt>
      <trkpt lat="40.83997" lon="15.34675">
        <ele>679.8</ele>
      </trkpt>
      <trkpt lat="40.84002" lon="15.34681">
        <ele>679.3</ele>
      </trkpt>
      <trkpt lat="40.84004" lon="15.34685">
        <ele>679.2</ele>
      </trkpt>
      <trkpt lat="40.84008" lon="15.3469">
        <ele>678.7</ele>
      </trkpt>
      <trkpt lat="40.8401" lon="15.34697">
        <ele>678.7</ele>
      </trkpt>
      <trkpt lat="40.84014" lon="15.34715">
        <ele>678.6</ele>
      </trkpt>
      <trkpt lat="40.8402" lon="15.34742">
        <ele>678.4</ele>
      </trkpt>
      <trkpt lat="40.840359" lon="15.34829">
        <ele>675.6</ele>
      </trkpt>
      <trkpt lat="40.84038" lon="15.34847">
        <ele>675.1</ele>
      </trkpt>
      <trkpt lat="40.84039" lon="15.34855">
        <ele>674.8</ele>
      </trkpt>
      <trkpt lat="40.84039" lon="15.3487">
        <ele>674.6</ele>
      </trkpt>
      <trkpt lat="40.84037" lon="15.34893">
        <ele>674.7</ele>
      </trkpt>
      <trkpt lat="40.84031" lon="15.34938">
        <ele>674.1</ele>
      </trkpt>
      <trkpt lat="40.84028" lon="15.34955">
        <ele>673.4</ele>
      </trkpt>
      <trkpt lat="40.84025" lon="15.34971">
        <ele>672.7</ele>
      </trkpt>
      <trkpt lat="40.84022" lon="15.3498">
        <ele>672.4</ele>
      </trkpt>
      <trkpt lat="40.84019" lon="15.34989">
        <ele>672.2</ele>
      </trkpt>
      <trkpt lat="40.84015" lon="15.34998">
        <ele>672.0</ele>
      </trkpt>
      <trkpt lat="40.84011" lon="15.35004">
        <ele>672.2</ele>
      </trkpt>
      <trkpt lat="40.84006" lon="15.3501">
        <ele>672.7</ele>
      </trkpt>
      <trkpt lat="40.84001" lon="15.35015">
        <ele>673.1</ele>
      </trkpt>
      <trkpt lat="40.83997" lon="15.35019">
        <ele>673.5</ele>
      </trkpt>
      <trkpt lat="40.83993" lon="15.35023">
        <ele>673.9</ele>
      </trkpt>
      <trkpt lat="40.8399" lon="15.35027">
        <ele>674.1</ele>
      </trkpt>
      <trkpt lat="40.83988" lon="15.35031">
        <ele>674.2</ele>
      </trkpt>
      <trkpt lat="40.83986" lon="15.35035">
        <ele>674.3</ele>
      </trkpt>
      <trkpt lat="40.83984" lon="15.35039">
        <ele>674.4</ele>
      </trkpt>
      <trkpt lat="40.83982" lon="15.35047">
        <ele>674.4</ele>
      </trkpt>
      <trkpt lat="40.83982" lon="15.35051">
        <ele>674.2</ele>
      </trkpt>
      <trkpt lat="40.83983" lon="15.35056">
        <ele>673.8</ele>
      </trkpt>
      <trkpt lat="40.83984" lon="15.3506">
        <ele>673.5</ele>
      </trkpt>
      <trkpt lat="40.83985" lon="15.35065">
        <ele>673.1</ele>
      </trkpt>
      <trkpt lat="40.83988" lon="15.35069">
        <ele>672.5</ele>
      </trkpt>
      <trkpt lat="40.8399" lon="15.35073">
        <ele>672.0</ele>
      </trkpt>
      <trkpt lat="40.83993" lon="15.35077">
        <ele>671.4</ele>
      </trkpt>
      <trkpt lat="40.83997" lon="15.35081">
        <ele>670.6</ele>
      </trkpt>
      <trkpt lat="40.84001" lon="15.35084">
        <ele>670.0</ele>
      </trkpt>
      <trkpt lat="40.8401" lon="15.35092">
        <ele>669.7</ele>
      </trkpt>
      <trkpt lat="40.84038" lon="15.35114">
        <ele>668.6</ele>
      </trkpt>
      <trkpt lat="40.84049" lon="15.35123">
        <ele>668.2</ele>
      </trkpt>
      <trkpt lat="40.84063" lon="15.35134">
        <ele>667.6</ele>
      </trkpt>
      <trkpt lat="40.84071" lon="15.35142">
        <ele>667.4</ele>
      </trkpt>
      <trkpt lat="40.84077" lon="15.35149">
        <ele>667.3</ele>
      </trkpt>
      <trkpt lat="40.84081" lon="15.35154">
        <ele>667.3</ele>
      </trkpt>
      <trkpt lat="40.840829" lon="15.35158">
        <ele>667.4</ele>
      </trkpt>
      <trkpt lat="40.84085" lon="15.35164">
        <ele>667.4</ele>
      </trkpt>
      <trkpt lat="40.84086" lon="15.3517">
        <ele>667.4</ele>
      </trkpt>
      <trkpt lat="40.84087" lon="15.35177">
        <ele>667.3</ele>
      </trkpt>
      <trkpt lat="40.84087" lon="15.35187">
        <ele>667.4</ele>
      </trkpt>
      <trkpt lat="40.84086" lon="15.35198">
        <ele>667.8</ele>
      </trkpt>
      <trkpt lat="40.84084" lon="15.3521">
        <ele>668.4</ele>
      </trkpt>
      <trkpt lat="40.84082" lon="15.35225">
        <ele>668.8</ele>
      </trkpt>
      <trkpt lat="40.84079" lon="15.35237">
        <ele>669.3</ele>
      </trkpt>
      <trkpt lat="40.84062" lon="15.3532">
        <ele>667.5</ele>
      </trkpt>
      <trkpt lat="40.8406" lon="15.35326">
        <ele>667.4</ele>
      </trkpt>
      <trkpt lat="40.84058" lon="15.35332">
        <ele>667.2</ele>
      </trkpt>
      <trkpt lat="40.84054" lon="15.35338">
        <ele>667.1</ele>
      </trkpt>
      <trkpt lat="40.84026" lon="15.35367">
        <ele>668.3</ele>
      </trkpt>
      <trkpt lat="40.84022" lon="15.35372">
        <ele>668.5</ele>
      </trkpt>
      <trkpt lat="40.840179" lon="15.35379">
        <ele>668.7</ele>
      </trkpt>
      <trkpt lat="40.84016" lon="15.35386">
        <ele>668.7</ele>
      </trkpt>
      <trkpt lat="40.84015" lon="15.35397">
        <ele>668.4</ele>
      </trkpt>
      <trkpt lat="40.84016" lon="15.35402">
        <ele>668.1</ele>
      </trkpt>
      <trkpt lat="40.84017" lon="15.35409">
        <ele>667.6</ele>
      </trkpt>
      <trkpt lat="40.84021" lon="15.3542">
        <ele>666.8</ele>
      </trkpt>
      <trkpt lat="40.84026" lon="15.35433">
        <ele>666.1</ele>
      </trkpt>
      <trkpt lat="40.84035" lon="15.35451">
        <ele>665.0</ele>
      </trkpt>
      <trkpt lat="40.8404" lon="15.35462">
        <ele>664.3</ele>
      </trkpt>
      <trkpt lat="40.84044" lon="15.3547">
        <ele>663.8</ele>
      </trkpt>
      <trkpt lat="40.84048" lon="15.35482">
        <ele>663.3</ele>
      </trkpt>
      <trkpt lat="40.84052" lon="15.35495">
        <ele>662.8</ele>
      </trkpt>
      <trkpt lat="40.84059" lon="15.35521">
        <ele>662.0</ele>
      </trkpt>
      <trkpt lat="40.84066" lon="15.35561">
        <ele>661.7</ele>
      </trkpt>
      <trkpt lat="40.84071" lon="15.35597">
        <ele>661.6</ele>
      </trkpt>
      <trkpt lat="40.840739" lon="15.35614">
        <ele>661.4</ele>
      </trkpt>
      <trkpt lat="40.84077" lon="15.35629">
        <ele>661.2</ele>
      </trkpt>
      <trkpt lat="40.84093" lon="15.35736">
        <ele>660.5</ele>
      </trkpt>
      <trkpt lat="40.84109" lon="15.3584">
        <ele>660.7</ele>
      </trkpt>
      <trkpt lat="40.84111" lon="15.35854">
        <ele>660.3</ele>
      </trkpt>
      <trkpt lat="40.841119" lon="15.35863">
        <ele>660.0</ele>
      </trkpt>
      <trkpt lat="40.841119" lon="15.35872">
        <ele>660.0</ele>
      </trkpt>
      <trkpt lat="40.841119" lon="15.35881">
        <ele>659.8</ele>
      </trkpt>
      <trkpt lat="40.84111" lon="15.35891">
        <ele>659.8</ele>
      </trkpt>
      <trkpt lat="40.8411" lon="15.35897">
        <ele>659.8</ele>
      </trkpt>
      <trkpt lat="40.84109" lon="15.35901">
        <ele>659.8</ele>
      </trkpt>
      <trkpt lat="40.84108" lon="15.35906">
        <ele>659.9</ele>
      </trkpt>
      <trkpt lat="40.84107" lon="15.3591">
        <ele>660.0</ele>
      </trkpt>
      <trkpt lat="40.84102" lon="15.35923">
        <ele>660.0</ele>
      </trkpt>
      <trkpt lat="40.84098" lon="15.35933">
        <ele>660.0</ele>
      </trkpt>
      <trkpt lat="40.84095" lon="15.35942">
        <ele>659.9</ele>
      </trkpt>
      <trkpt lat="40.84094" lon="15.35945">
        <ele>659.8</ele>
      </trkpt>
      <trkpt lat="40.84094" lon="15.3595">
        <ele>659.5</ele>
      </trkpt>
      <trkpt lat="40.84093" lon="15.35955">
        <ele>659.4</ele>
      </trkpt>
      <trkpt lat="40.84093" lon="15.35962">
        <ele>658.9</ele>
      </trkpt>
      <trkpt lat="40.84093" lon="15.35974">
        <ele>658.2</ele>
      </trkpt>
      <trkpt lat="40.84093" lon="15.35981">
        <ele>657.8</ele>
      </trkpt>
      <trkpt lat="40.84094" lon="15.35992">
        <ele>657.0</ele>
      </trkpt>
      <trkpt lat="40.84096" lon="15.3601">
        <ele>656.1</ele>
      </trkpt>
      <trkpt lat="40.84098" lon="15.3603">
        <ele>655.5</ele>
      </trkpt>
      <trkpt lat="40.84098" lon="15.36043">
        <ele>655.4</ele>
      </trkpt>
      <trkpt lat="40.84098" lon="15.36055">
        <ele>655.2</ele>
      </trkpt>
      <trkpt lat="40.84098" lon="15.36069">
        <ele>655.1</ele>
      </trkpt>
      <trkpt lat="40.84098" lon="15.3608">
        <ele>654.9</ele>
      </trkpt>
      <trkpt lat="40.84097" lon="15.36089">
        <ele>654.8</ele>
      </trkpt>
      <trkpt lat="40.84097" lon="15.36097">
        <ele>654.6</ele>
      </trkpt>
      <trkpt lat="40.84096" lon="15.36104">
        <ele>654.5</ele>
      </trkpt>
      <trkpt lat="40.84094" lon="15.3611">
        <ele>654.5</ele>
      </trkpt>
      <trkpt lat="40.840919" lon="15.36115">
        <ele>654.7</ele>
      </trkpt>
      <trkpt lat="40.8409" lon="15.36119">
        <ele>654.8</ele>
      </trkpt>
      <trkpt lat="40.84088" lon="15.36121">
        <ele>655.0</ele>
      </trkpt>
      <trkpt lat="40.84085" lon="15.36125">
        <ele>655.3</ele>
      </trkpt>
      <trkpt lat="40.8408" lon="15.36132">
        <ele>655.8</ele>
      </trkpt>
      <trkpt lat="40.84071" lon="15.36141">
        <ele>657.0</ele>
      </trkpt>
      <trkpt lat="40.84061" lon="15.36156">
        <ele>658.1</ele>
      </trkpt>
      <trkpt lat="40.84056" lon="15.36164">
        <ele>658.7</ele>
      </trkpt>
      <trkpt lat="40.84052" lon="15.36171">
        <ele>659.0</ele>
      </trkpt>
      <trkpt lat="40.8405" lon="15.36177">
        <ele>658.9</ele>
      </trkpt>
      <trkpt lat="40.840359" lon="15.3622">
        <ele>658.0</ele>
      </trkpt>
      <trkpt lat="40.84" lon="15.36342">
        <ele>657.5</ele>
      </trkpt>
      <trkpt lat="40.83987" lon="15.36385">
        <ele>656.3</ele>
      </trkpt>
      <trkpt lat="40.83983" lon="15.36398">
        <ele>656.1</ele>
      </trkpt>
      <trkpt lat="40.83981" lon="15.36408">
        <ele>655.8</ele>
      </trkpt>
      <trkpt lat="40.839799" lon="15.36419">
        <ele>655.3</ele>
      </trkpt>
      <trkpt lat="40.83981" lon="15.36426">
        <ele>655.0</ele>
      </trkpt>
      <trkpt lat="40.83982" lon="15.36437">
        <ele>654.6</ele>
      </trkpt>
      <trkpt lat="40.83985" lon="15.36448">
        <ele>654.0</ele>
      </trkpt>
      <trkpt lat="40.83987" lon="15.36457">
        <ele>653.5</ele>
      </trkpt>
      <trkpt lat="40.83991" lon="15.36466">
        <ele>652.8</ele>
      </trkpt>
      <trkpt lat="40.84029" lon="15.36545">
        <ele>651.7</ele>
      </trkpt>
      <trkpt lat="40.8404" lon="15.36567">
        <ele>653.3</ele>
      </trkpt>
      <trkpt lat="40.84048" lon="15.3658">
        <ele>654.5</ele>
      </trkpt>
      <trkpt lat="40.84053" lon="15.36585">
        <ele>655.0</ele>
      </trkpt>
      <trkpt lat="40.84057" lon="15.36589">
        <ele>655.5</ele>
      </trkpt>
      <trkpt lat="40.84062" lon="15.36593">
        <ele>656.0</ele>
      </trkpt>
      <trkpt lat="40.8407" lon="15.36597">
        <ele>656.4</ele>
      </trkpt>
      <trkpt lat="40.84075" lon="15.36599">
        <ele>656.6</ele>
      </trkpt>
      <trkpt lat="40.84081" lon="15.36599">
        <ele>656.5</ele>
      </trkpt>
      <trkpt lat="40.84087" lon="15.36599">
        <ele>656.6</ele>
      </trkpt>
      <trkpt lat="40.840919" lon="15.36598">
        <ele>656.6</ele>
      </trkpt>
      <trkpt lat="40.84104" lon="15.36592">
        <ele>656.2</ele>
      </trkpt>
      <trkpt lat="40.84128" lon="15.3658">
        <ele>655.6</ele>
      </trkpt>
      <trkpt lat="40.84151" lon="15.36568">
        <ele>654.4</ele>
      </trkpt>
      <trkpt lat="40.84158" lon="15.36565">
        <ele>654.1</ele>
      </trkpt>
      <trkpt lat="40.84163" lon="15.36563">
        <ele>654.0</ele>
      </trkpt>
      <trkpt lat="40.84169" lon="15.36563">
        <ele>653.9</ele>
      </trkpt>
      <trkpt lat="40.84176" lon="15.36563">
        <ele>653.5</ele>
      </trkpt>
      <trkpt lat="40.84182" lon="15.36564">
        <ele>653.3</ele>
      </trkpt>
      <trkpt lat="40.84187" lon="15.36566">
        <ele>653.3</ele>
      </trkpt>
      <trkpt lat="40.84192" lon="15.36568">
        <ele>653.3</ele>
      </trkpt>
      <trkpt lat="40.84196" lon="15.3657">
        <ele>653.3</ele>
      </trkpt>
      <trkpt lat="40.84201" lon="15.36573">
        <ele>653.4</ele>
      </trkpt>
      <trkpt lat="40.84209" lon="15.36579">
        <ele>653.8</ele>
      </trkpt>
      <trkpt lat="40.84214" lon="15.36584">
        <ele>654.1</ele>
      </trkpt>
      <trkpt lat="40.84214" lon="15.36584">
        <ele>654.1</ele>
      </trkpt>
      <trkpt lat="40.84212" lon="15.36618">
        <ele>657.2</ele>
      </trkpt>
      <trkpt lat="40.84212" lon="15.36647">
        <ele>659.8</ele>
      </trkpt>
      <trkpt lat="40.84213" lon="15.36661">
        <ele>660.9</ele>
      </trkpt>
      <trkpt lat="40.842149" lon="15.3669">
        <ele>662.6</ele>
      </trkpt>
      <trkpt lat="40.84216" lon="15.36711">
        <ele>663.7</ele>
      </trkpt>
      <trkpt lat="40.84217" lon="15.36718">
        <ele>664.1</ele>
      </trkpt>
      <trkpt lat="40.84218" lon="15.36727">
        <ele>664.5</ele>
      </trkpt>
      <trkpt lat="40.84221" lon="15.36734">
        <ele>664.7</ele>
      </trkpt>
      <trkpt lat="40.842239" lon="15.36741">
        <ele>665.0</ele>
      </trkpt>
      <trkpt lat="40.8423" lon="15.36752">
        <ele>665.4</ele>
      </trkpt>
      <trkpt lat="40.8423" lon="15.36752">
        <ele>665.4</ele>
      </trkpt>
      <trkpt lat="40.84236" lon="15.36753">
        <ele>665.2</ele>
      </trkpt>
      <trkpt lat="40.84245" lon="15.36752">
        <ele>664.5</ele>
      </trkpt>
      <trkpt lat="40.84273" lon="15.36746">
        <ele>663.6</ele>
      </trkpt>
      <trkpt lat="40.84284" lon="15.36742">
        <ele>663.2</ele>
      </trkpt>
      <trkpt lat="40.84289" lon="15.36742">
        <ele>663.1</ele>
      </trkpt>
      <trkpt lat="40.84297" lon="15.36744">
        <ele>663.3</ele>
      </trkpt>
      <trkpt lat="40.84303" lon="15.36748">
        <ele>663.8</ele>
      </trkpt>
      <trkpt lat="40.84307" lon="15.36751">
        <ele>664.1</ele>
      </trkpt>
      <trkpt lat="40.84319" lon="15.36764">
        <ele>665.0</ele>
      </trkpt>
      <trkpt lat="40.84339" lon="15.36784">
        <ele>665.5</ele>
      </trkpt>
      <trkpt lat="40.84348" lon="15.36795">
        <ele>665.4</ele>
      </trkpt>
      <trkpt lat="40.84362" lon="15.36821">
        <ele>665.6</ele>
      </trkpt>
      <trkpt lat="40.84381" lon="15.3687">
        <ele>666.6</ele>
      </trkpt>
      <trkpt lat="40.84391" lon="15.36907">
        <ele>667.5</ele>
      </trkpt>
      <trkpt lat="40.84397" lon="15.36931">
        <ele>668.4</ele>
      </trkpt>
      <trkpt lat="40.84404" lon="15.36953">
        <ele>669.1</ele>
      </trkpt>
      <trkpt lat="40.8442" lon="15.36992">
        <ele>670.0</ele>
      </trkpt>
      <trkpt lat="40.8442" lon="15.36992">
        <ele>670.0</ele>
      </trkpt>
      <trkpt lat="40.84425" lon="15.37001">
        <ele>670.0</ele>
      </trkpt>
      <trkpt lat="40.84427" lon="15.37004">
        <ele>670.0</ele>
      </trkpt>
      <trkpt lat="40.844299" lon="15.37007">
        <ele>669.7</ele>
      </trkpt>
      <trkpt lat="40.84434" lon="15.37012">
        <ele>669.5</ele>
      </trkpt>
      <trkpt lat="40.84466" lon="15.37042">
        <ele>667.4</ele>
      </trkpt>
      <trkpt lat="40.84483" lon="15.37062">
        <ele>666.6</ele>
      </trkpt>
      <trkpt lat="40.84492" lon="15.37079">
        <ele>666.6</ele>
      </trkpt>
      <trkpt lat="40.84501" lon="15.37096">
        <ele>666.5</ele>
      </trkpt>
      <trkpt lat="40.845059" lon="15.37107">
        <ele>666.6</ele>
      </trkpt>
      <trkpt lat="40.84514" lon="15.37123">
        <ele>666.7</ele>
      </trkpt>
      <trkpt lat="40.845239" lon="15.3714">
        <ele>666.7</ele>
      </trkpt>
      <trkpt lat="40.84533" lon="15.37155">
        <ele>666.7</ele>
      </trkpt>
      <trkpt lat="40.84572" lon="15.37211">
        <ele>664.7</ele>
      </trkpt>
      <trkpt lat="40.84578" lon="15.37218">
        <ele>664.2</ele>
      </trkpt>
      <trkpt lat="40.8459" lon="15.37246">
        <ele>663.2</ele>
      </trkpt>
      <trkpt lat="40.84599" lon="15.37267">
        <ele>662.2</ele>
      </trkpt>
      <trkpt lat="40.84614" lon="15.37299">
        <ele>660.3</ele>
      </trkpt>
      <trkpt lat="40.84659" lon="15.37391">
        <ele>654.6</ele>
      </trkpt>
      <trkpt lat="40.84659" lon="15.37391">
        <ele>654.6</ele>
      </trkpt>
      <trkpt lat="40.84696" lon="15.37481">
        <ele>651.0</ele>
      </trkpt>
      <trkpt lat="40.84719" lon="15.37541">
        <ele>649.4</ele>
      </trkpt>
      <trkpt lat="40.84723" lon="15.3755">
        <ele>649.1</ele>
      </trkpt>
      <trkpt lat="40.84747" lon="15.37608">
        <ele>647.9</ele>
      </trkpt>
      <trkpt lat="40.84757" lon="15.37635">
        <ele>647.6</ele>
      </trkpt>
      <trkpt lat="40.8477" lon="15.37669">
        <ele>647.5</ele>
      </trkpt>
      <trkpt lat="40.84789" lon="15.37718">
        <ele>648.6</ele>
      </trkpt>
      <trkpt lat="40.84809" lon="15.37772">
        <ele>648.8</ele>
      </trkpt>
      <trkpt lat="40.84826" lon="15.3782">
        <ele>649.3</ele>
      </trkpt>
      <trkpt lat="40.84839" lon="15.3786">
        <ele>648.1</ele>
      </trkpt>
      <trkpt lat="40.84851" lon="15.37896">
        <ele>646.5</ele>
      </trkpt>
      <trkpt lat="40.84859" lon="15.37927">
        <ele>646.1</ele>
      </trkpt>
      <trkpt lat="40.84867" lon="15.37956">
        <ele>646.3</ele>
      </trkpt>
      <trkpt lat="40.84873" lon="15.37973">
        <ele>646.2</ele>
      </trkpt>
      <trkpt lat="40.84884" lon="15.38003">
        <ele>645.5</ele>
      </trkpt>
      <trkpt lat="40.84887" lon="15.38012">
        <ele>645.1</ele>
      </trkpt>
      <trkpt lat="40.84919" lon="15.38097">
        <ele>641.7</ele>
      </trkpt>
      <trkpt lat="40.849469" lon="15.38172">
        <ele>643.3</ele>
      </trkpt>
      <trkpt lat="40.85014" lon="15.3835">
        <ele>644.1</ele>
      </trkpt>
      <trkpt lat="40.85077" lon="15.38517">
        <ele>643.1</ele>
      </trkpt>
      <trkpt lat="40.85081" lon="15.38528">
        <ele>643.2</ele>
      </trkpt>
      <trkpt lat="40.85087" lon="15.38545">
        <ele>643.4</ele>
      </trkpt>
      <trkpt lat="40.85093" lon="15.38563">
        <ele>643.6</ele>
      </trkpt>
      <trkpt lat="40.851" lon="15.38585">
        <ele>643.8</ele>
      </trkpt>
      <trkpt lat="40.851059" lon="15.38612">
        <ele>644.1</ele>
      </trkpt>
      <trkpt lat="40.85114" lon="15.38643">
        <ele>644.2</ele>
      </trkpt>
      <trkpt lat="40.8512" lon="15.38673">
        <ele>644.1</ele>
      </trkpt>
      <trkpt lat="40.851349" lon="15.38739">
        <ele>640.3</ele>
      </trkpt>
      <trkpt lat="40.85137" lon="15.38746">
        <ele>639.9</ele>
      </trkpt>
      <trkpt lat="40.85167" lon="15.38874">
        <ele>640.4</ele>
      </trkpt>
      <trkpt lat="40.8517" lon="15.38884">
        <ele>640.4</ele>
      </trkpt>
      <trkpt lat="40.85188" lon="15.38958">
        <ele>638.7</ele>
      </trkpt>
      <trkpt lat="40.85208" lon="15.39045">
        <ele>637.1</ele>
      </trkpt>
      <trkpt lat="40.85211" lon="15.39053">
        <ele>637.0</ele>
      </trkpt>
      <trkpt lat="40.85216" lon="15.39069">
        <ele>637.0</ele>
      </trkpt>
      <trkpt lat="40.85219" lon="15.39074">
        <ele>637.0</ele>
      </trkpt>
      <trkpt lat="40.8522" lon="15.39077">
        <ele>637.0</ele>
      </trkpt>
      <trkpt lat="40.85222" lon="15.3908">
        <ele>636.9</ele>
      </trkpt>
      <trkpt lat="40.85225" lon="15.39086">
        <ele>637.0</ele>
      </trkpt>
      <trkpt lat="40.85228" lon="15.39089">
        <ele>636.9</ele>
      </trkpt>
      <trkpt lat="40.85268" lon="15.39127">
        <ele>636.3</ele>
      </trkpt>
      <trkpt lat="40.85327" lon="15.39179">
        <ele>635.0</ele>
      </trkpt>
      <trkpt lat="40.853499" lon="15.39205">
        <ele>634.9</ele>
      </trkpt>
      <trkpt lat="40.85364" lon="15.39224">
        <ele>635.2</ele>
      </trkpt>
      <trkpt lat="40.8537" lon="15.39233">
        <ele>635.3</ele>
      </trkpt>
      <trkpt lat="40.85375" lon="15.39242">
        <ele>635.6</ele>
      </trkpt>
      <trkpt lat="40.853789" lon="15.39252">
        <ele>635.8</ele>
      </trkpt>
      <trkpt lat="40.85383" lon="15.39264">
        <ele>635.2</ele>
      </trkpt>
      <trkpt lat="40.85384" lon="15.39269">
        <ele>635.1</ele>
      </trkpt>
      <trkpt lat="40.85387" lon="15.39277">
        <ele>634.7</ele>
      </trkpt>
      <trkpt lat="40.85391" lon="15.39292">
        <ele>634.0</ele>
      </trkpt>
      <trkpt lat="40.85394" lon="15.39313">
        <ele>633.2</ele>
      </trkpt>
      <trkpt lat="40.85396" lon="15.39327">
        <ele>632.7</ele>
      </trkpt>
      <trkpt lat="40.85399" lon="15.39347">
        <ele>631.7</ele>
      </trkpt>
      <trkpt lat="40.85401" lon="15.39364">
        <ele>630.9</ele>
      </trkpt>
      <trkpt lat="40.85402" lon="15.39368">
        <ele>630.7</ele>
      </trkpt>
      <trkpt lat="40.85431" lon="15.39588">
        <ele>630.1</ele>
      </trkpt>
      <trkpt lat="40.85445" lon="15.39724">
        <ele>626.2</ele>
      </trkpt>
      <trkpt lat="40.85449" lon="15.39749">
        <ele>625.0</ele>
      </trkpt>
      <trkpt lat="40.8545" lon="15.39766">
        <ele>623.8</ele>
      </trkpt>
      <trkpt lat="40.8545" lon="15.39815">
        <ele>620.9</ele>
      </trkpt>
      <trkpt lat="40.85449" lon="15.39828">
        <ele>620.3</ele>
      </trkpt>
      <trkpt lat="40.85448" lon="15.39841">
        <ele>619.4</ele>
      </trkpt>
      <trkpt lat="40.854439" lon="15.39862">
        <ele>618.2</ele>
      </trkpt>
      <trkpt lat="40.85439" lon="15.39882">
        <ele>617.5</ele>
      </trkpt>
      <trkpt lat="40.8543" lon="15.39913">
        <ele>616.8</ele>
      </trkpt>
      <trkpt lat="40.85424" lon="15.39931">
        <ele>617.5</ele>
      </trkpt>
      <trkpt lat="40.85422" lon="15.39941">
        <ele>617.5</ele>
      </trkpt>
      <trkpt lat="40.85421" lon="15.39952">
        <ele>617.3</ele>
      </trkpt>
      <trkpt lat="40.85421" lon="15.39962">
        <ele>616.8</ele>
      </trkpt>
      <trkpt lat="40.85422" lon="15.39977">
        <ele>615.9</ele>
      </trkpt>
      <trkpt lat="40.85424" lon="15.39991">
        <ele>614.9</ele>
      </trkpt>
      <trkpt lat="40.85429" lon="15.40008">
        <ele>614.7</ele>
      </trkpt>
      <trkpt lat="40.85434" lon="15.4002">
        <ele>615.6</ele>
      </trkpt>
      <trkpt lat="40.854349" lon="15.40022">
        <ele>615.8</ele>
      </trkpt>
      <trkpt lat="40.85443" lon="15.40034">
        <ele>616.3</ele>
      </trkpt>
      <trkpt lat="40.85452" lon="15.40042">
        <ele>616.1</ele>
      </trkpt>
      <trkpt lat="40.85466" lon="15.40049">
        <ele>615.1</ele>
      </trkpt>
      <trkpt lat="40.85577" lon="15.40083">
        <ele>607.7</ele>
      </trkpt>
      <trkpt lat="40.85581" lon="15.40084">
        <ele>607.4</ele>
      </trkpt>
      <trkpt lat="40.85584" lon="15.40085">
        <ele>607.3</ele>
      </trkpt>
      <trkpt lat="40.85598" lon="15.40086">
        <ele>606.4</ele>
      </trkpt>
      <trkpt lat="40.85663" lon="15.40085">
        <ele>601.5</ele>
      </trkpt>
      <trkpt lat="40.85712" lon="15.4009">
        <ele>598.6</ele>
      </trkpt>
      <trkpt lat="40.85719" lon="15.4009">
        <ele>598.1</ele>
      </trkpt>
      <trkpt lat="40.85781" lon="15.40099">
        <ele>592.9</ele>
      </trkpt>
      <trkpt lat="40.85801" lon="15.40104">
        <ele>591.1</ele>
      </trkpt>
      <trkpt lat="40.85812" lon="15.40108">
        <ele>590.2</ele>
      </trkpt>
      <trkpt lat="40.85816" lon="15.4011">
        <ele>590.0</ele>
      </trkpt>
      <trkpt lat="40.85821" lon="15.40112">
        <ele>589.7</ele>
      </trkpt>
      <trkpt lat="40.859" lon="15.40182">
        <ele>588.1</ele>
      </trkpt>
      <trkpt lat="40.85952" lon="15.40213">
        <ele>582.4</ele>
      </trkpt>
      <trkpt lat="40.85953" lon="15.40214">
        <ele>582.3</ele>
      </trkpt>
      <trkpt lat="40.85956" lon="15.40219">
        <ele>582.2</ele>
      </trkpt>
      <trkpt lat="40.85959" lon="15.40222">
        <ele>581.9</ele>
      </trkpt>
      <trkpt lat="40.85962" lon="15.40226">
        <ele>581.6</ele>
      </trkpt>
      <trkpt lat="40.85963" lon="15.4023">
        <ele>581.7</ele>
      </trkpt>
      <trkpt lat="40.85965" lon="15.40234">
        <ele>581.6</ele>
      </trkpt>
      <trkpt lat="40.85967" lon="15.40242">
        <ele>581.8</ele>
      </trkpt>
      <trkpt lat="40.859699" lon="15.40254">
        <ele>581.6</ele>
      </trkpt>
      <trkpt lat="40.85972" lon="15.40271">
        <ele>580.7</ele>
      </trkpt>
      <trkpt lat="40.85973" lon="15.40296">
        <ele>579.7</ele>
      </trkpt>
      <trkpt lat="40.85973" lon="15.4032">
        <ele>578.9</ele>
      </trkpt>
      <trkpt lat="40.85971" lon="15.40351">
        <ele>577.6</ele>
      </trkpt>
      <trkpt lat="40.859699" lon="15.40354">
        <ele>577.7</ele>
      </trkpt>
      <trkpt lat="40.85959" lon="15.40405">
        <ele>576.4</ele>
      </trkpt>
      <trkpt lat="40.85957" lon="15.40414">
        <ele>576.1</ele>
      </trkpt>
      <trkpt lat="40.85955" lon="15.40427">
        <ele>576.1</ele>
      </trkpt>
      <trkpt lat="40.85954" lon="15.40435">
        <ele>576.2</ele>
      </trkpt>
      <trkpt lat="40.85958" lon="15.40467">
        <ele>574.4</ele>
      </trkpt>
      <trkpt lat="40.85968" lon="15.40519">
        <ele>570.4</ele>
      </trkpt>
      <trkpt lat="40.85969" lon="15.40531">
        <ele>570.0</ele>
      </trkpt>
      <trkpt lat="40.859699" lon="15.40539">
        <ele>569.7</ele>
      </trkpt>
      <trkpt lat="40.859699" lon="15.40552">
        <ele>569.5</ele>
      </trkpt>
      <trkpt lat="40.85968" lon="15.40579">
        <ele>569.9</ele>
      </trkpt>
      <trkpt lat="40.85965" lon="15.40618">
        <ele>569.3</ele>
      </trkpt>
      <trkpt lat="40.85967" lon="15.4063">
        <ele>568.3</ele>
      </trkpt>
      <trkpt lat="40.85968" lon="15.40639">
        <ele>567.7</ele>
      </trkpt>
      <trkpt lat="40.85971" lon="15.40647">
        <ele>566.7</ele>
      </trkpt>
      <trkpt lat="40.85977" lon="15.40658">
        <ele>564.8</ele>
      </trkpt>
      <trkpt lat="40.85984" lon="15.4067">
        <ele>562.7</ele>
      </trkpt>
      <trkpt lat="40.85987" lon="15.40676">
        <ele>561.9</ele>
      </trkpt>
      <trkpt lat="40.85994" lon="15.40684">
        <ele>560.2</ele>
      </trkpt>
      <trkpt lat="40.86003" lon="15.40695">
        <ele>558.4</ele>
      </trkpt>
      <trkpt lat="40.86016" lon="15.40711">
        <ele>556.0</ele>
      </trkpt>
      <trkpt lat="40.86023" lon="15.40721">
        <ele>555.0</ele>
      </trkpt>
      <trkpt lat="40.86036" lon="15.40736">
        <ele>553.5</ele>
      </trkpt>
      <trkpt lat="40.86051" lon="15.40756">
        <ele>552.1</ele>
      </trkpt>
      <trkpt lat="40.86059" lon="15.40766">
        <ele>551.1</ele>
      </trkpt>
      <trkpt lat="40.86068" lon="15.40775">
        <ele>550.5</ele>
      </trkpt>
      <trkpt lat="40.86072" lon="15.40778">
        <ele>550.3</ele>
      </trkpt>
      <trkpt lat="40.86076" lon="15.40781">
        <ele>550.2</ele>
      </trkpt>
      <trkpt lat="40.86084" lon="15.40785">
        <ele>550.1</ele>
      </trkpt>
      <trkpt lat="40.86092" lon="15.40787">
        <ele>550.1</ele>
      </trkpt>
      <trkpt lat="40.86098" lon="15.40789">
        <ele>550.1</ele>
      </trkpt>
      <trkpt lat="40.86114" lon="15.40792">
        <ele>550.2</ele>
      </trkpt>
      <trkpt lat="40.861289" lon="15.40794">
        <ele>550.2</ele>
      </trkpt>
      <trkpt lat="40.86152" lon="15.40797">
        <ele>550.4</ele>
      </trkpt>
      <trkpt lat="40.86171" lon="15.40793">
        <ele>549.3</ele>
      </trkpt>
      <trkpt lat="40.861849" lon="15.40786">
        <ele>547.3</ele>
      </trkpt>
      <trkpt lat="40.86199" lon="15.40777">
        <ele>545.3</ele>
      </trkpt>
      <trkpt lat="40.86207" lon="15.40771">
        <ele>544.3</ele>
      </trkpt>
      <trkpt lat="40.86215" lon="15.40765">
        <ele>543.5</ele>
      </trkpt>
      <trkpt lat="40.862229" lon="15.40755">
        <ele>542.6</ele>
      </trkpt>
      <trkpt lat="40.86228" lon="15.40747">
        <ele>542.0</ele>
      </trkpt>
      <trkpt lat="40.8623" lon="15.40741">
        <ele>541.4</ele>
      </trkpt>
      <trkpt lat="40.86233" lon="15.40733">
        <ele>540.7</ele>
      </trkpt>
      <trkpt lat="40.86235" lon="15.40726">
        <ele>540.0</ele>
      </trkpt>
      <trkpt lat="40.86238" lon="15.40717">
        <ele>539.2</ele>
      </trkpt>
      <trkpt lat="40.862409" lon="15.40712">
        <ele>538.8</ele>
      </trkpt>
      <trkpt lat="40.86243" lon="15.40709">
        <ele>538.5</ele>
      </trkpt>
      <trkpt lat="40.86245" lon="15.40707">
        <ele>538.4</ele>
      </trkpt>
      <trkpt lat="40.86248" lon="15.40706">
        <ele>538.3</ele>
      </trkpt>
      <trkpt lat="40.86251" lon="15.40706">
        <ele>538.0</ele>
      </trkpt>
      <trkpt lat="40.86254" lon="15.40706">
        <ele>537.3</ele>
      </trkpt>
      <trkpt lat="40.86256" lon="15.40707">
        <ele>536.8</ele>
      </trkpt>
      <trkpt lat="40.862609" lon="15.40712">
        <ele>535.9</ele>
      </trkpt>
      <trkpt lat="40.86266" lon="15.40723">
        <ele>535.4</ele>
      </trkpt>
      <trkpt lat="40.86268" lon="15.4073">
        <ele>535.4</ele>
      </trkpt>
      <trkpt lat="40.86271" lon="15.4074">
        <ele>535.3</ele>
      </trkpt>
      <trkpt lat="40.86272" lon="15.40755">
        <ele>535.7</ele>
      </trkpt>
      <trkpt lat="40.86272" lon="15.40763">
        <ele>535.7</ele>
      </trkpt>
      <trkpt lat="40.86271" lon="15.4077">
        <ele>536.0</ele>
      </trkpt>
      <trkpt lat="40.86268" lon="15.40781">
        <ele>536.9</ele>
      </trkpt>
      <trkpt lat="40.86263" lon="15.408">
        <ele>538.6</ele>
      </trkpt>
      <trkpt lat="40.8626" lon="15.40813">
        <ele>539.6</ele>
      </trkpt>
      <trkpt lat="40.86257" lon="15.40827">
        <ele>540.7</ele>
      </trkpt>
      <trkpt lat="40.86258" lon="15.40843">
        <ele>540.7</ele>
      </trkpt>
      <trkpt lat="40.86259" lon="15.40856">
        <ele>540.7</ele>
      </trkpt>
      <trkpt lat="40.86264" lon="15.40874">
        <ele>539.6</ele>
      </trkpt>
      <trkpt lat="40.86267" lon="15.40886">
        <ele>539.0</ele>
      </trkpt>
      <trkpt lat="40.86274" lon="15.40905">
        <ele>537.4</ele>
      </trkpt>
      <trkpt lat="40.8628" lon="15.40927">
        <ele>536.7</ele>
      </trkpt>
      <trkpt lat="40.86285" lon="15.40943">
        <ele>536.3</ele>
      </trkpt>
      <trkpt lat="40.862879" lon="15.40953">
        <ele>536.1</ele>
      </trkpt>
      <trkpt lat="40.86293" lon="15.40964">
        <ele>535.5</ele>
      </trkpt>
      <trkpt lat="40.86302" lon="15.40976">
        <ele>534.0</ele>
      </trkpt>
      <trkpt lat="40.8631" lon="15.40984">
        <ele>532.6</ele>
      </trkpt>
      <trkpt lat="40.86322" lon="15.40994">
        <ele>530.3</ele>
      </trkpt>
      <trkpt lat="40.86331" lon="15.41002">
        <ele>528.5</ele>
      </trkpt>
      <trkpt lat="40.86336" lon="15.41007">
        <ele>526.9</ele>
      </trkpt>
      <trkpt lat="40.86341" lon="15.41012">
        <ele>525.2</ele>
      </trkpt>
      <trkpt lat="40.86344" lon="15.41018">
        <ele>524.1</ele>
      </trkpt>
      <trkpt lat="40.86348" lon="15.41027">
        <ele>522.5</ele>
      </trkpt>
      <trkpt lat="40.8635" lon="15.4104">
        <ele>521.5</ele>
      </trkpt>
      <trkpt lat="40.86352" lon="15.4105">
        <ele>520.5</ele>
      </trkpt>
      <trkpt lat="40.86351" lon="15.41057">
        <ele>520.6</ele>
      </trkpt>
      <trkpt lat="40.8635" lon="15.41063">
        <ele>520.7</ele>
      </trkpt>
      <trkpt lat="40.86348" lon="15.4107">
        <ele>521.1</ele>
      </trkpt>
      <trkpt lat="40.86344" lon="15.41079">
        <ele>521.9</ele>
      </trkpt>
      <trkpt lat="40.86336" lon="15.4109">
        <ele>522.7</ele>
      </trkpt>
      <trkpt lat="40.86327" lon="15.411">
        <ele>522.4</ele>
      </trkpt>
      <trkpt lat="40.86313" lon="15.41112">
        <ele>522.3</ele>
      </trkpt>
      <trkpt lat="40.86306" lon="15.41118">
        <ele>522.2</ele>
      </trkpt>
      <trkpt lat="40.86295" lon="15.41126">
        <ele>522.4</ele>
      </trkpt>
      <trkpt lat="40.86273" lon="15.41137">
        <ele>523.9</ele>
      </trkpt>
      <trkpt lat="40.8626" lon="15.41143">
        <ele>524.8</ele>
      </trkpt>
      <trkpt lat="40.86252" lon="15.41146">
        <ele>525.6</ele>
      </trkpt>
      <trkpt lat="40.86242" lon="15.41151">
        <ele>525.6</ele>
      </trkpt>
      <trkpt lat="40.86235" lon="15.41155">
        <ele>525.4</ele>
      </trkpt>
      <trkpt lat="40.86227" lon="15.41161">
        <ele>525.0</ele>
      </trkpt>
      <trkpt lat="40.86218" lon="15.41168">
        <ele>524.7</ele>
      </trkpt>
      <trkpt lat="40.862139" lon="15.41174">
        <ele>524.5</ele>
      </trkpt>
      <trkpt lat="40.86211" lon="15.41179">
        <ele>524.4</ele>
      </trkpt>
      <trkpt lat="40.86207" lon="15.41188">
        <ele>524.0</ele>
      </trkpt>
      <trkpt lat="40.86206" lon="15.41196">
        <ele>523.4</ele>
      </trkpt>
      <trkpt lat="40.86205" lon="15.41204">
        <ele>522.8</ele>
      </trkpt>
      <trkpt lat="40.86205" lon="15.41211">
        <ele>522.1</ele>
      </trkpt>
      <trkpt lat="40.86208" lon="15.41224">
        <ele>520.2</ele>
      </trkpt>
      <trkpt lat="40.8621" lon="15.41235">
        <ele>518.6</ele>
      </trkpt>
      <trkpt lat="40.86213" lon="15.41242">
        <ele>517.2</ele>
      </trkpt>
      <trkpt lat="40.86219" lon="15.41257">
        <ele>514.6</ele>
      </trkpt>
      <trkpt lat="40.86227" lon="15.41271">
        <ele>512.4</ele>
      </trkpt>
      <trkpt lat="40.86235" lon="15.41285">
        <ele>510.4</ele>
      </trkpt>
      <trkpt lat="40.8624" lon="15.41292">
        <ele>509.5</ele>
      </trkpt>
      <trkpt lat="40.86244" lon="15.41299">
        <ele>508.6</ele>
      </trkpt>
      <trkpt lat="40.86247" lon="15.41307">
        <ele>508.2</ele>
      </trkpt>
      <trkpt lat="40.86249" lon="15.41314">
        <ele>507.9</ele>
      </trkpt>
      <trkpt lat="40.86248" lon="15.4132">
        <ele>508.2</ele>
      </trkpt>
      <trkpt lat="40.86247" lon="15.41324">
        <ele>508.3</ele>
      </trkpt>
      <trkpt lat="40.86246" lon="15.41328">
        <ele>508.4</ele>
      </trkpt>
      <trkpt lat="40.862409" lon="15.41336">
        <ele>508.9</ele>
      </trkpt>
      <trkpt lat="40.86233" lon="15.41344">
        <ele>509.2</ele>
      </trkpt>
      <trkpt lat="40.86224" lon="15.41353">
        <ele>509.5</ele>
      </trkpt>
      <trkpt lat="40.86218" lon="15.4136">
        <ele>509.5</ele>
      </trkpt>
      <trkpt lat="40.862139" lon="15.41366">
        <ele>509.3</ele>
      </trkpt>
      <trkpt lat="40.86211" lon="15.41372">
        <ele>508.9</ele>
      </trkpt>
      <trkpt lat="40.86208" lon="15.41382">
        <ele>508.2</ele>
      </trkpt>
      <trkpt lat="40.86207" lon="15.41398">
        <ele>506.3</ele>
      </trkpt>
      <trkpt lat="40.86207" lon="15.41415">
        <ele>504.3</ele>
      </trkpt>
      <trkpt lat="40.86208" lon="15.41438">
        <ele>502.4</ele>
      </trkpt>
      <trkpt lat="40.8622" lon="15.415">
        <ele>497.4</ele>
      </trkpt>
      <trkpt lat="40.8623" lon="15.41561">
        <ele>494.5</ele>
      </trkpt>
      <trkpt lat="40.86234" lon="15.41591">
        <ele>493.5</ele>
      </trkpt>
      <trkpt lat="40.86239" lon="15.41629">
        <ele>491.3</ele>
      </trkpt>
      <trkpt lat="40.86242" lon="15.41651">
        <ele>490.1</ele>
      </trkpt>
      <trkpt lat="40.86245" lon="15.41675">
        <ele>489.4</ele>
      </trkpt>
      <trkpt lat="40.86248" lon="15.41694">
        <ele>490.0</ele>
      </trkpt>
      <trkpt lat="40.86252" lon="15.4171">
        <ele>490.3</ele>
      </trkpt>
      <trkpt lat="40.86255" lon="15.4172">
        <ele>490.3</ele>
      </trkpt>
      <trkpt lat="40.86259" lon="15.41726">
        <ele>490.3</ele>
      </trkpt>
      <trkpt lat="40.86263" lon="15.41732">
        <ele>490.5</ele>
      </trkpt>
      <trkpt lat="40.86269" lon="15.41738">
        <ele>490.6</ele>
      </trkpt>
      <trkpt lat="40.86274" lon="15.4174">
        <ele>490.8</ele>
      </trkpt>
      <trkpt lat="40.86285" lon="15.41743">
        <ele>490.9</ele>
      </trkpt>
      <trkpt lat="40.86299" lon="15.41745">
        <ele>491.1</ele>
      </trkpt>
      <trkpt lat="40.86302" lon="15.41745">
        <ele>491.1</ele>
      </trkpt>
      <trkpt lat="40.86307" lon="15.41746">
        <ele>491.2</ele>
      </trkpt>
      <trkpt lat="40.86311" lon="15.41749">
        <ele>491.6</ele>
      </trkpt>
      <trkpt lat="40.863169" lon="15.41754">
        <ele>492.1</ele>
      </trkpt>
      <trkpt lat="40.86323" lon="15.41762">
        <ele>492.8</ele>
      </trkpt>
      <trkpt lat="40.863259" lon="15.41771">
        <ele>493.7</ele>
      </trkpt>
      <trkpt lat="40.86333" lon="15.41786">
        <ele>495.4</ele>
      </trkpt>
      <trkpt lat="40.8634" lon="15.41804">
        <ele>496.0</ele>
      </trkpt>
      <trkpt lat="40.86356" lon="15.41851">
        <ele>498.3</ele>
      </trkpt>
      <trkpt lat="40.86359" lon="15.41857">
        <ele>498.6</ele>
      </trkpt>
      <trkpt lat="40.8636" lon="15.4186">
        <ele>498.9</ele>
      </trkpt>
      <trkpt lat="40.86365" lon="15.41866">
        <ele>499.2</ele>
      </trkpt>
      <trkpt lat="40.86368" lon="15.41871">
        <ele>499.6</ele>
      </trkpt>
      <trkpt lat="40.86374" lon="15.41874">
        <ele>499.4</ele>
      </trkpt>
      <trkpt lat="40.86379" lon="15.41876">
        <ele>499.3</ele>
      </trkpt>
      <trkpt lat="40.86386" lon="15.41877">
        <ele>498.9</ele>
      </trkpt>
      <trkpt lat="40.86392" lon="15.41877">
        <ele>498.3</ele>
      </trkpt>
      <trkpt lat="40.864019" lon="15.41876">
        <ele>497.4</ele>
      </trkpt>
      <trkpt lat="40.86413" lon="15.41874">
        <ele>496.1</ele>
      </trkpt>
      <trkpt lat="40.86427" lon="15.41874">
        <ele>494.9</ele>
      </trkpt>
      <trkpt lat="40.86441" lon="15.41876">
        <ele>494.5</ele>
      </trkpt>
      <trkpt lat="40.8646" lon="15.41881">
        <ele>494.1</ele>
      </trkpt>
      <trkpt lat="40.86486" lon="15.41886">
        <ele>493.2</ele>
      </trkpt>
      <trkpt lat="40.86512" lon="15.41891">
        <ele>492.1</ele>
      </trkpt>
      <trkpt lat="40.86536" lon="15.41896">
        <ele>491.1</ele>
      </trkpt>
      <trkpt lat="40.86553" lon="15.41901">
        <ele>490.5</ele>
      </trkpt>
      <trkpt lat="40.8656" lon="15.41904">
        <ele>490.3</ele>
      </trkpt>
      <trkpt lat="40.865699" lon="15.41911">
        <ele>490.5</ele>
      </trkpt>
      <trkpt lat="40.86578" lon="15.41918">
        <ele>490.6</ele>
      </trkpt>
      <trkpt lat="40.86587" lon="15.41928">
        <ele>489.9</ele>
      </trkpt>
      <trkpt lat="40.86595" lon="15.41938">
        <ele>488.5</ele>
      </trkpt>
      <trkpt lat="40.86603" lon="15.41955">
        <ele>487.5</ele>
      </trkpt>
      <trkpt lat="40.8661" lon="15.4197">
        <ele>486.5</ele>
      </trkpt>
      <trkpt lat="40.86615" lon="15.41981">
        <ele>485.8</ele>
      </trkpt>
      <trkpt lat="40.86616" lon="15.4199">
        <ele>486.1</ele>
      </trkpt>
      <trkpt lat="40.866169" lon="15.41998">
        <ele>486.3</ele>
      </trkpt>
      <trkpt lat="40.86618" lon="15.42013">
        <ele>485.8</ele>
      </trkpt>
      <trkpt lat="40.866169" lon="15.42025">
        <ele>485.8</ele>
      </trkpt>
      <trkpt lat="40.86615" lon="15.4204">
        <ele>486.0</ele>
      </trkpt>
      <trkpt lat="40.86614" lon="15.42048">
        <ele>486.1</ele>
      </trkpt>
      <trkpt lat="40.86609" lon="15.42072">
        <ele>486.9</ele>
      </trkpt>
      <trkpt lat="40.86606" lon="15.42086">
        <ele>487.6</ele>
      </trkpt>
      <trkpt lat="40.86604" lon="15.42096">
        <ele>488.1</ele>
      </trkpt>
      <trkpt lat="40.86604" lon="15.42108">
        <ele>488.0</ele>
      </trkpt>
      <trkpt lat="40.86604" lon="15.42115">
        <ele>487.9</ele>
      </trkpt>
      <trkpt lat="40.86604" lon="15.42122">
        <ele>487.8</ele>
      </trkpt>
      <trkpt lat="40.86607" lon="15.42133">
        <ele>486.8</ele>
      </trkpt>
      <trkpt lat="40.86612" lon="15.42157">
        <ele>485.5</ele>
      </trkpt>
      <trkpt lat="40.86616" lon="15.42173">
        <ele>484.3</ele>
      </trkpt>
      <trkpt lat="40.8662" lon="15.4219">
        <ele>482.8</ele>
      </trkpt>
      <trkpt lat="40.86625" lon="15.42203">
        <ele>481.8</ele>
      </trkpt>
      <trkpt lat="40.8663" lon="15.42213">
        <ele>481.1</ele>
      </trkpt>
      <trkpt lat="40.86637" lon="15.42224">
        <ele>480.3</ele>
      </trkpt>
      <trkpt lat="40.86647" lon="15.42235">
        <ele>479.9</ele>
      </trkpt>
      <trkpt lat="40.86654" lon="15.4224">
        <ele>479.8</ele>
      </trkpt>
      <trkpt lat="40.86661" lon="15.42244">
        <ele>479.7</ele>
      </trkpt>
      <trkpt lat="40.86668" lon="15.42246">
        <ele>479.6</ele>
      </trkpt>
      <trkpt lat="40.86672" lon="15.42248">
        <ele>479.5</ele>
      </trkpt>
      <trkpt lat="40.86681" lon="15.4225">
        <ele>479.1</ele>
      </trkpt>
      <trkpt lat="40.8671" lon="15.42257">
        <ele>477.2</ele>
      </trkpt>
      <trkpt lat="40.86724" lon="15.42262">
        <ele>476.5</ele>
      </trkpt>
      <trkpt lat="40.86742" lon="15.42272">
        <ele>476.2</ele>
      </trkpt>
      <trkpt lat="40.86768" lon="15.4229">
        <ele>475.8</ele>
      </trkpt>
      <trkpt lat="40.86786" lon="15.42299">
        <ele>475.3</ele>
      </trkpt>
      <trkpt lat="40.8681" lon="15.42307">
        <ele>474.6</ele>
      </trkpt>
      <trkpt lat="40.86833" lon="15.42314">
        <ele>474.2</ele>
      </trkpt>
      <trkpt lat="40.86844" lon="15.42319">
        <ele>472.6</ele>
      </trkpt>
      <trkpt lat="40.86851" lon="15.42324">
        <ele>471.8</ele>
      </trkpt>
      <trkpt lat="40.86856" lon="15.42329">
        <ele>471.1</ele>
      </trkpt>
      <trkpt lat="40.868609" lon="15.42338">
        <ele>470.3</ele>
      </trkpt>
      <trkpt lat="40.86866" lon="15.4235">
        <ele>469.1</ele>
      </trkpt>
      <trkpt lat="40.86868" lon="15.42362">
        <ele>468.6</ele>
      </trkpt>
      <trkpt lat="40.86872" lon="15.42399">
        <ele>467.6</ele>
      </trkpt>
      <trkpt lat="40.86876" lon="15.42417">
        <ele>466.8</ele>
      </trkpt>
      <trkpt lat="40.86882" lon="15.42432">
        <ele>465.1</ele>
      </trkpt>
      <trkpt lat="40.86891" lon="15.42448">
        <ele>463.8</ele>
      </trkpt>
      <trkpt lat="40.869" lon="15.42458">
        <ele>463.5</ele>
      </trkpt>
      <trkpt lat="40.86915" lon="15.4247">
        <ele>464.1</ele>
      </trkpt>
      <trkpt lat="40.86921" lon="15.42473">
        <ele>464.2</ele>
      </trkpt>
      <trkpt lat="40.869639" lon="15.4249">
        <ele>464.4</ele>
      </trkpt>
      <trkpt lat="40.86974" lon="15.42493">
        <ele>464.5</ele>
      </trkpt>
      <trkpt lat="40.86983" lon="15.42494">
        <ele>464.4</ele>
      </trkpt>
      <trkpt lat="40.87009" lon="15.42495">
        <ele>463.5</ele>
      </trkpt>
      <trkpt lat="40.87042" lon="15.42495">
        <ele>460.8</ele>
      </trkpt>
      <trkpt lat="40.87051" lon="15.42497">
        <ele>460.3</ele>
      </trkpt>
      <trkpt lat="40.87062" lon="15.42503">
        <ele>459.9</ele>
      </trkpt>
      <trkpt lat="40.87073" lon="15.4251">
        <ele>459.4</ele>
      </trkpt>
      <trkpt lat="40.87083" lon="15.42519">
        <ele>459.4</ele>
      </trkpt>
      <trkpt lat="40.87102" lon="15.42536">
        <ele>458.7</ele>
      </trkpt>
      <trkpt lat="40.87118" lon="15.42548">
        <ele>458.3</ele>
      </trkpt>
      <trkpt lat="40.87125" lon="15.42553">
        <ele>458.1</ele>
      </trkpt>
      <trkpt lat="40.87154" lon="15.42572">
        <ele>457.6</ele>
      </trkpt>
      <trkpt lat="40.87178" lon="15.42587">
        <ele>457.1</ele>
      </trkpt>
      <trkpt lat="40.87197" lon="15.42597">
        <ele>455.1</ele>
      </trkpt>
      <trkpt lat="40.87214" lon="15.42604">
        <ele>453.6</ele>
      </trkpt>
      <trkpt lat="40.8722" lon="15.42606">
        <ele>453.1</ele>
      </trkpt>
      <trkpt lat="40.8723" lon="15.42608">
        <ele>452.6</ele>
      </trkpt>
      <trkpt lat="40.872369" lon="15.42609">
        <ele>452.3</ele>
      </trkpt>
      <trkpt lat="40.872459" lon="15.42608">
        <ele>452.2</ele>
      </trkpt>
      <trkpt lat="40.87262" lon="15.42606">
        <ele>452.9</ele>
      </trkpt>
      <trkpt lat="40.87281" lon="15.42605">
        <ele>454.0</ele>
      </trkpt>
      <trkpt lat="40.87289" lon="15.42605">
        <ele>454.4</ele>
      </trkpt>
      <trkpt lat="40.87295" lon="15.42605">
        <ele>454.6</ele>
      </trkpt>
      <trkpt lat="40.87301" lon="15.42607">
        <ele>454.5</ele>
      </trkpt>
      <trkpt lat="40.87305" lon="15.42608">
        <ele>454.5</ele>
      </trkpt>
      <trkpt lat="40.87316" lon="15.42612">
        <ele>454.1</ele>
      </trkpt>
      <trkpt lat="40.87318" lon="15.42613">
        <ele>454.0</ele>
      </trkpt>
      <trkpt lat="40.87335" lon="15.42619">
        <ele>453.4</ele>
      </trkpt>
      <trkpt lat="40.87346" lon="15.42626">
        <ele>452.4</ele>
      </trkpt>
      <trkpt lat="40.87357" lon="15.42637">
        <ele>450.8</ele>
      </trkpt>
      <trkpt lat="40.87369" lon="15.4265">
        <ele>449.3</ele>
      </trkpt>
      <trkpt lat="40.87386" lon="15.42667">
        <ele>448.0</ele>
      </trkpt>
      <trkpt lat="40.87401" lon="15.42679">
        <ele>447.1</ele>
      </trkpt>
      <trkpt lat="40.87425" lon="15.42693">
        <ele>446.4</ele>
      </trkpt>
      <trkpt lat="40.8747" lon="15.42724">
        <ele>443.1</ele>
      </trkpt>
      <trkpt lat="40.87486" lon="15.42733">
        <ele>442.4</ele>
      </trkpt>
      <trkpt lat="40.87498" lon="15.4274">
        <ele>441.8</ele>
      </trkpt>
      <trkpt lat="40.87507" lon="15.42743">
        <ele>441.4</ele>
      </trkpt>
      <trkpt lat="40.87517" lon="15.42745">
        <ele>440.9</ele>
      </trkpt>
      <trkpt lat="40.87541" lon="15.42748">
        <ele>440.4</ele>
      </trkpt>
      <trkpt lat="40.87594" lon="15.42758">
        <ele>436.0</ele>
      </trkpt>
      <trkpt lat="40.87599" lon="15.42759">
        <ele>435.1</ele>
      </trkpt>
      <trkpt lat="40.8761" lon="15.42759">
        <ele>434.0</ele>
      </trkpt>
      <trkpt lat="40.87617" lon="15.42758">
        <ele>433.7</ele>
      </trkpt>
      <trkpt lat="40.87624" lon="15.42756">
        <ele>433.6</ele>
      </trkpt>
      <trkpt lat="40.87637" lon="15.42751">
        <ele>433.9</ele>
      </trkpt>
      <trkpt lat="40.87653" lon="15.42745">
        <ele>433.7</ele>
      </trkpt>
      <trkpt lat="40.87658" lon="15.42744">
        <ele>433.4</ele>
      </trkpt>
      <trkpt lat="40.87663" lon="15.42743">
        <ele>433.1</ele>
      </trkpt>
      <trkpt lat="40.87668" lon="15.42743">
        <ele>432.8</ele>
      </trkpt>
      <trkpt lat="40.87677" lon="15.42744">
        <ele>432.4</ele>
      </trkpt>
      <trkpt lat="40.87692" lon="15.42747">
        <ele>431.4</ele>
      </trkpt>
      <trkpt lat="40.87712" lon="15.42755">
        <ele>429.0</ele>
      </trkpt>
      <trkpt lat="40.877429" lon="15.42768">
        <ele>424.7</ele>
      </trkpt>
      <trkpt lat="40.87771" lon="15.42777">
        <ele>421.8</ele>
      </trkpt>
      <trkpt lat="40.87782" lon="15.42781">
        <ele>420.6</ele>
      </trkpt>
      <trkpt lat="40.87797" lon="15.42783">
        <ele>420.0</ele>
      </trkpt>
      <trkpt lat="40.87832" lon="15.42787">
        <ele>418.8</ele>
      </trkpt>
      <trkpt lat="40.87882" lon="15.42792">
        <ele>415.1</ele>
      </trkpt>
      <trkpt lat="40.87908" lon="15.42795">
        <ele>413.0</ele>
      </trkpt>
      <trkpt lat="40.879219" lon="15.42796">
        <ele>412.0</ele>
      </trkpt>
      <trkpt lat="40.87926" lon="15.42795">
        <ele>412.0</ele>
      </trkpt>
      <trkpt lat="40.8793" lon="15.42794">
        <ele>412.0</ele>
      </trkpt>
      <trkpt lat="40.87934" lon="15.42792">
        <ele>412.4</ele>
      </trkpt>
      <trkpt lat="40.8795" lon="15.42782">
        <ele>414.4</ele>
      </trkpt>
      <trkpt lat="40.87953" lon="15.42781">
        <ele>414.5</ele>
      </trkpt>
      <trkpt lat="40.87956" lon="15.4278">
        <ele>414.6</ele>
      </trkpt>
      <trkpt lat="40.87959" lon="15.42779">
        <ele>414.8</ele>
      </trkpt>
      <trkpt lat="40.87962" lon="15.42779">
        <ele>414.6</ele>
      </trkpt>
      <trkpt lat="40.87964" lon="15.42778">
        <ele>414.8</ele>
      </trkpt>
      <trkpt lat="40.87967" lon="15.42779">
        <ele>414.3</ele>
      </trkpt>
      <trkpt lat="40.87971" lon="15.4278">
        <ele>413.8</ele>
      </trkpt>
      <trkpt lat="40.8798" lon="15.42783">
        <ele>412.4</ele>
      </trkpt>
      <trkpt lat="40.87986" lon="15.42786">
        <ele>411.1</ele>
      </trkpt>
      <trkpt lat="40.87993" lon="15.42788">
        <ele>410.1</ele>
      </trkpt>
      <trkpt lat="40.88" lon="15.42789">
        <ele>409.3</ele>
      </trkpt>
      <trkpt lat="40.8801" lon="15.42791">
        <ele>408.2</ele>
      </trkpt>
      <trkpt lat="40.88018" lon="15.42791">
        <ele>407.8</ele>
      </trkpt>
      <trkpt lat="40.88057" lon="15.42791">
        <ele>406.0</ele>
      </trkpt>
      <trkpt lat="40.88082" lon="15.42792">
        <ele>404.5</ele>
      </trkpt>
      <trkpt lat="40.88085" lon="15.42792">
        <ele>404.4</ele>
      </trkpt>
      <trkpt lat="40.88108" lon="15.42796">
        <ele>403.1</ele>
      </trkpt>
      <trkpt lat="40.88125" lon="15.42802">
        <ele>401.3</ele>
      </trkpt>
      <trkpt lat="40.88154" lon="15.42812">
        <ele>398.0</ele>
      </trkpt>
      <trkpt lat="40.88203" lon="15.42828">
        <ele>392.6</ele>
      </trkpt>
      <trkpt lat="40.882373" lon="15.42835">
        <ele>390.7</ele>
      </trkpt>
      <trkpt lat="40.88272" lon="15.42842">
        <ele>388.5</ele>
      </trkpt>
      <trkpt lat="40.88272" lon="15.42842">
        <ele>388.5</ele>
      </trkpt>
      <trkpt lat="40.88299" lon="15.42844">
        <ele>386.8</ele>
      </trkpt>
      <trkpt lat="40.88323" lon="15.42845">
        <ele>385.4</ele>
      </trkpt>
      <trkpt lat="40.883339" lon="15.42845">
        <ele>384.8</ele>
      </trkpt>
      <trkpt lat="40.88353" lon="15.42846">
        <ele>382.2</ele>
      </trkpt>
      <trkpt lat="40.88353" lon="15.42846">
        <ele>382.2</ele>
      </trkpt>
      <trkpt lat="40.88349" lon="15.42931">
        <ele>376.9</ele>
      </trkpt>
      <trkpt lat="40.88344" lon="15.43005">
        <ele>375.5</ele>
      </trkpt>
      <trkpt lat="40.88341" lon="15.43057">
        <ele>377.4</ele>
      </trkpt>
      <trkpt lat="40.88337" lon="15.43101">
        <ele>380.7</ele>
      </trkpt>
      <trkpt lat="40.88338" lon="15.43103">
        <ele>380.8</ele>
      </trkpt>
      <trkpt lat="40.88338" lon="15.43103">
        <ele>380.8</ele>
      </trkpt>
      <trkpt lat="40.88328" lon="15.43108">
        <ele>382.3</ele>
      </trkpt>
      <trkpt lat="40.88324" lon="15.43109">
        <ele>382.8</ele>
      </trkpt>
      <trkpt lat="40.883159" lon="15.43112">
        <ele>383.8</ele>
      </trkpt>
      <trkpt lat="40.8831" lon="15.43113">
        <ele>384.4</ele>
      </trkpt>
      <trkpt lat="40.88304" lon="15.43112">
        <ele>384.7</ele>
      </trkpt>
      <trkpt lat="40.8829" lon="15.43103">
        <ele>384.3</ele>
      </trkpt>
      <trkpt lat="40.88267" lon="15.4309">
        <ele>383.4</ele>
      </trkpt>
      <trkpt lat="40.88252" lon="15.4308">
        <ele>382.7</ele>
      </trkpt>
      <trkpt lat="40.88238" lon="15.43075">
        <ele>382.3</ele>
      </trkpt>
      <trkpt lat="40.88218" lon="15.43076">
        <ele>382.2</ele>
      </trkpt>
      <trkpt lat="40.88191" lon="15.43078">
        <ele>382.0</ele>
      </trkpt>
      <trkpt lat="40.88154" lon="15.43077">
        <ele>382.6</ele>
      </trkpt>
      <trkpt lat="40.8812" lon="15.43077">
        <ele>385.0</ele>
      </trkpt>
      <trkpt lat="40.88095" lon="15.43074">
        <ele>386.5</ele>
      </trkpt>
      <trkpt lat="40.88069" lon="15.4307">
        <ele>387.7</ele>
      </trkpt>
      <trkpt lat="40.88051" lon="15.43068">
        <ele>388.3</ele>
      </trkpt>
      <trkpt lat="40.88039" lon="15.43068">
        <ele>388.8</ele>
      </trkpt>
      <trkpt lat="40.88013" lon="15.43075">
        <ele>390.6</ele>
      </trkpt>
      <trkpt lat="40.87995" lon="15.43078">
        <ele>391.4</ele>
      </trkpt>
      <trkpt lat="40.87973" lon="15.43078">
        <ele>391.6</ele>
      </trkpt>
      <trkpt lat="40.87957" lon="15.43073">
        <ele>391.2</ele>
      </trkpt>
      <trkpt lat="40.879399" lon="15.43069">
        <ele>391.0</ele>
      </trkpt>
      <trkpt lat="40.87923" lon="15.43068">
        <ele>391.0</ele>
      </trkpt>
      <trkpt lat="40.878929" lon="15.4307">
        <ele>391.6</ele>
      </trkpt>
      <trkpt lat="40.87876" lon="15.43077">
        <ele>392.6</ele>
      </trkpt>
      <trkpt lat="40.87858" lon="15.43089">
        <ele>394.8</ele>
      </trkpt>
      <trkpt lat="40.87843" lon="15.43097">
        <ele>397.0</ele>
      </trkpt>
      <trkpt lat="40.8783" lon="15.43103">
        <ele>398.6</ele>
      </trkpt>
      <trkpt lat="40.87821" lon="15.43104">
        <ele>399.1</ele>
      </trkpt>
      <trkpt lat="40.87803" lon="15.43101">
        <ele>399.3</ele>
      </trkpt>
      <trkpt lat="40.87776" lon="15.43086">
        <ele>397.3</ele>
      </trkpt>
      <trkpt lat="40.87735" lon="15.43075">
        <ele>397.3</ele>
      </trkpt>
      <trkpt lat="40.87706" lon="15.43067">
        <ele>397.1</ele>
      </trkpt>
      <trkpt lat="40.87673" lon="15.43066">
        <ele>397.4</ele>
      </trkpt>
      <trkpt lat="40.87652" lon="15.43067">
        <ele>398.2</ele>
      </trkpt>
      <trkpt lat="40.87629" lon="15.43067">
        <ele>399.1</ele>
      </trkpt>
      <trkpt lat="40.87619" lon="15.43067">
        <ele>399.4</ele>
      </trkpt>
      <trkpt lat="40.87513" lon="15.43068">
        <ele>403.0</ele>
      </trkpt>
      <trkpt lat="40.87474" lon="15.43069">
        <ele>403.6</ele>
      </trkpt>
      <trkpt lat="40.87465" lon="15.43069">
        <ele>403.8</ele>
      </trkpt>
      <trkpt lat="40.87458" lon="15.43071">
        <ele>404.0</ele>
      </trkpt>
      <trkpt lat="40.87448" lon="15.43073">
        <ele>404.2</ele>
      </trkpt>
      <trkpt lat="40.87445" lon="15.43074">
        <ele>404.3</ele>
      </trkpt>
      <trkpt lat="40.874429" lon="15.43076">
        <ele>404.4</ele>
      </trkpt>
      <trkpt lat="40.8744" lon="15.43079">
        <ele>404.5</ele>
      </trkpt>
      <trkpt lat="40.87438" lon="15.4308">
        <ele>404.6</ele>
      </trkpt>
      <trkpt lat="40.87436" lon="15.43081">
        <ele>404.7</ele>
      </trkpt>
      <trkpt lat="40.87435" lon="15.43081">
        <ele>404.7</ele>
      </trkpt>
      <trkpt lat="40.87432" lon="15.43082">
        <ele>404.8</ele>
      </trkpt>
      <trkpt lat="40.87424" lon="15.43082">
        <ele>404.8</ele>
      </trkpt>
      <trkpt lat="40.87422" lon="15.43082">
        <ele>404.9</ele>
      </trkpt>
      <trkpt lat="40.87404" lon="15.43078">
        <ele>405.1</ele>
      </trkpt>
      <trkpt lat="40.87391" lon="15.43073">
        <ele>405.4</ele>
      </trkpt>
      <trkpt lat="40.87386" lon="15.43072">
        <ele>405.6</ele>
      </trkpt>
      <trkpt lat="40.87381" lon="15.4307">
        <ele>405.7</ele>
      </trkpt>
      <trkpt lat="40.87375" lon="15.43069">
        <ele>405.9</ele>
      </trkpt>
      <trkpt lat="40.87368" lon="15.4307">
        <ele>406.2</ele>
      </trkpt>
      <trkpt lat="40.87367" lon="15.4307">
        <ele>406.2</ele>
      </trkpt>
      <trkpt lat="40.873318" lon="15.430555">
        <ele>407.0</ele>
      </trkpt>
      <trkpt lat="40.87288" lon="15.43047">
        <ele>408.0</ele>
      </trkpt>
      <trkpt lat="40.872426" lon="15.430491">
        <ele>409.4</ele>
      </trkpt>
      <trkpt lat="40.872134" lon="15.43077">
        <ele>411.1</ele>
      </trkpt>
      <trkpt lat="40.872556" lon="15.43077">
        <ele>409.7</ele>
      </trkpt>
      <trkpt lat="40.873334" lon="15.430963">
        <ele>408.6</ele>
      </trkpt>
      <trkpt lat="40.87335" lon="15.43097">
        <ele>408.6</ele>
      </trkpt>
      <trkpt lat="40.87336" lon="15.43094">
        <ele>408.4</ele>
      </trkpt>
      <trkpt lat="40.87337" lon="15.43089">
        <ele>408.1</ele>
      </trkpt>
      <trkpt lat="40.87339" lon="15.43086">
        <ele>407.9</ele>
      </trkpt>
      <trkpt lat="40.873399" lon="15.43084">
        <ele>407.8</ele>
      </trkpt>
      <trkpt lat="40.87343" lon="15.43081">
        <ele>407.6</ele>
      </trkpt>
      <trkpt lat="40.8735" lon="15.43076">
        <ele>407.1</ele>
      </trkpt>
      <trkpt lat="40.87357" lon="15.43074">
        <ele>406.8</ele>
      </trkpt>
      <trkpt lat="40.87368" lon="15.4307">
        <ele>406.2</ele>
      </trkpt>
      <trkpt lat="40.87375" lon="15.43069">
        <ele>405.9</ele>
      </trkpt>
      <trkpt lat="40.87381" lon="15.4307">
        <ele>405.7</ele>
      </trkpt>
      <trkpt lat="40.87386" lon="15.43072">
        <ele>405.6</ele>
      </trkpt>
      <trkpt lat="40.87391" lon="15.43073">
        <ele>405.4</ele>
      </trkpt>
      <trkpt lat="40.87404" lon="15.43078">
        <ele>405.1</ele>
      </trkpt>
      <trkpt lat="40.87422" lon="15.43082">
        <ele>404.9</ele>
      </trkpt>
      <trkpt lat="40.87424" lon="15.43082">
        <ele>404.8</ele>
      </trkpt>
      <trkpt lat="40.87432" lon="15.43082">
        <ele>404.8</ele>
      </trkpt>
      <trkpt lat="40.87435" lon="15.43081">
        <ele>404.7</ele>
      </trkpt>
      <trkpt lat="40.87436" lon="15.43081">
        <ele>404.7</ele>
      </trkpt>
      <trkpt lat="40.87438" lon="15.4308">
        <ele>404.6</ele>
      </trkpt>
      <trkpt lat="40.8744" lon="15.43079">
        <ele>404.5</ele>
      </trkpt>
      <trkpt lat="40.874429" lon="15.43076">
        <ele>404.4</ele>
      </trkpt>
      <trkpt lat="40.87445" lon="15.43074">
        <ele>404.3</ele>
      </trkpt>
      <trkpt lat="40.87448" lon="15.43073">
        <ele>404.2</ele>
      </trkpt>
      <trkpt lat="40.87458" lon="15.43071">
        <ele>404.0</ele>
      </trkpt>
      <trkpt lat="40.87465" lon="15.43069">
        <ele>403.8</ele>
      </trkpt>
      <trkpt lat="40.87474" lon="15.43069">
        <ele>403.6</ele>
      </trkpt>
      <trkpt lat="40.87513" lon="15.43068">
        <ele>403.0</ele>
      </trkpt>
      <trkpt lat="40.87619" lon="15.43067">
        <ele>399.4</ele>
      </trkpt>
      <trkpt lat="40.87652" lon="15.43067">
        <ele>398.2</ele>
      </trkpt>
      <trkpt lat="40.87673" lon="15.43066">
        <ele>397.4</ele>
      </trkpt>
      <trkpt lat="40.87706" lon="15.43067">
        <ele>397.1</ele>
      </trkpt>
      <trkpt lat="40.87735" lon="15.43075">
        <ele>397.3</ele>
      </trkpt>
      <trkpt lat="40.87776" lon="15.43086">
        <ele>397.3</ele>
      </trkpt>
      <trkpt lat="40.87803" lon="15.43101">
        <ele>399.3</ele>
      </trkpt>
      <trkpt lat="40.87821" lon="15.43104">
        <ele>399.1</ele>
      </trkpt>
      <trkpt lat="40.8783" lon="15.43103">
        <ele>398.6</ele>
      </trkpt>
      <trkpt lat="40.87843" lon="15.43097">
        <ele>397.0</ele>
      </trkpt>
      <trkpt lat="40.87858" lon="15.43089">
        <ele>394.8</ele>
      </trkpt>
      <trkpt lat="40.87876" lon="15.43077">
        <ele>392.6</ele>
      </trkpt>
      <trkpt lat="40.87888" lon="15.43072">
        <ele>392.0</ele>
      </trkpt>
      <trkpt lat="40.878929" lon="15.4307">
        <ele>391.6</ele>
      </trkpt>
      <trkpt lat="40.87923" lon="15.43068">
        <ele>391.0</ele>
      </trkpt>
      <trkpt lat="40.879399" lon="15.43069">
        <ele>391.0</ele>
      </trkpt>
      <trkpt lat="40.87957" lon="15.43073">
        <ele>391.2</ele>
      </trkpt>
      <trkpt lat="40.87973" lon="15.43078">
        <ele>391.6</ele>
      </trkpt>
      <trkpt lat="40.87995" lon="15.43078">
        <ele>391.4</ele>
      </trkpt>
      <trkpt lat="40.88013" lon="15.43075">
        <ele>390.6</ele>
      </trkpt>
      <trkpt lat="40.88039" lon="15.43068">
        <ele>388.8</ele>
      </trkpt>
      <trkpt lat="40.88051" lon="15.43068">
        <ele>388.3</ele>
      </trkpt>
      <trkpt lat="40.88069" lon="15.4307">
        <ele>387.7</ele>
      </trkpt>
      <trkpt lat="40.88095" lon="15.43074">
        <ele>386.5</ele>
      </trkpt>
      <trkpt lat="40.8812" lon="15.43077">
        <ele>385.0</ele>
      </trkpt>
      <trkpt lat="40.88154" lon="15.43077">
        <ele>382.6</ele>
      </trkpt>
      <trkpt lat="40.88191" lon="15.43078">
        <ele>382.0</ele>
      </trkpt>
      <trkpt lat="40.88218" lon="15.43076">
        <ele>382.2</ele>
      </trkpt>
      <trkpt lat="40.88238" lon="15.43075">
        <ele>382.3</ele>
      </trkpt>
      <trkpt lat="40.88252" lon="15.4308">
        <ele>382.7</ele>
      </trkpt>
      <trkpt lat="40.88267" lon="15.4309">
        <ele>383.4</ele>
      </trkpt>
      <trkpt lat="40.8829" lon="15.43103">
        <ele>384.3</ele>
      </trkpt>
      <trkpt lat="40.88304" lon="15.43112">
        <ele>384.7</ele>
      </trkpt>
      <trkpt lat="40.8831" lon="15.43113">
        <ele>384.4</ele>
      </trkpt>
      <trkpt lat="40.883159" lon="15.43112">
        <ele>383.8</ele>
      </trkpt>
      <trkpt lat="40.88324" lon="15.43109">
        <ele>382.8</ele>
      </trkpt>
      <trkpt lat="40.88328" lon="15.43108">
        <ele>382.3</ele>
      </trkpt>
      <trkpt lat="40.88338" lon="15.43103">
        <ele>380.8</ele>
      </trkpt>
      <trkpt lat="40.88338" lon="15.43103">
        <ele>380.8</ele>
      </trkpt>
      <trkpt lat="40.88337" lon="15.43101">
        <ele>380.7</ele>
      </trkpt>
      <trkpt lat="40.88341" lon="15.43057">
        <ele>377.4</ele>
      </trkpt>
      <trkpt lat="40.88344" lon="15.43005">
        <ele>375.5</ele>
      </trkpt>
      <trkpt lat="40.88349" lon="15.42931">
        <ele>376.9</ele>
      </trkpt>
      <trkpt lat="40.88353" lon="15.42846">
        <ele>382.2</ele>
      </trkpt>
      <trkpt lat="40.88353" lon="15.42846">
        <ele>382.2</ele>
      </trkpt>
      <trkpt lat="40.88388" lon="15.42849">
        <ele>377.6</ele>
      </trkpt>
      <trkpt lat="40.88446" lon="15.42854">
        <ele>373.5</ele>
      </trkpt>
      <trkpt lat="40.88458" lon="15.42856">
        <ele>373.2</ele>
      </trkpt>
      <trkpt lat="40.885129" lon="15.42868">
        <ele>372.4</ele>
      </trkpt>
      <trkpt lat="40.8855" lon="15.42875">
        <ele>372.9</ele>
      </trkpt>
      <trkpt lat="40.8858" lon="15.42879">
        <ele>373.3</ele>
      </trkpt>
      <trkpt lat="40.88591" lon="15.42882">
        <ele>373.0</ele>
      </trkpt>
      <trkpt lat="40.88602" lon="15.42888">
        <ele>372.6</ele>
      </trkpt>
      <trkpt lat="40.88611" lon="15.42896">
        <ele>372.2</ele>
      </trkpt>
      <trkpt lat="40.88618" lon="15.42904">
        <ele>371.9</ele>
      </trkpt>
      <trkpt lat="40.88636" lon="15.42931">
        <ele>370.7</ele>
      </trkpt>
      <trkpt lat="40.8866" lon="15.42968">
        <ele>368.6</ele>
      </trkpt>
      <trkpt lat="40.8867" lon="15.42983">
        <ele>367.8</ele>
      </trkpt>
      <trkpt lat="40.88677" lon="15.42989">
        <ele>367.6</ele>
      </trkpt>
      <trkpt lat="40.88683" lon="15.42992">
        <ele>367.5</ele>
      </trkpt>
      <trkpt lat="40.88686" lon="15.42993">
        <ele>367.5</ele>
      </trkpt>
      <trkpt lat="40.8869" lon="15.42994">
        <ele>367.5</ele>
      </trkpt>
      <trkpt lat="40.88693" lon="15.42994">
        <ele>367.6</ele>
      </trkpt>
      <trkpt lat="40.88697" lon="15.42993">
        <ele>367.6</ele>
      </trkpt>
      <trkpt lat="40.88704" lon="15.42991">
        <ele>367.8</ele>
      </trkpt>
      <trkpt lat="40.88712" lon="15.42988">
        <ele>368.0</ele>
      </trkpt>
      <trkpt lat="40.8872" lon="15.42987">
        <ele>368.1</ele>
      </trkpt>
      <trkpt lat="40.88725" lon="15.42986">
        <ele>368.1</ele>
      </trkpt>
      <trkpt lat="40.88725" lon="15.42986">
        <ele>368.1</ele>
      </trkpt>
      <trkpt lat="40.88723" lon="15.42973">
        <ele>368.5</ele>
      </trkpt>
      <trkpt lat="40.8872" lon="15.42964">
        <ele>368.8</ele>
      </trkpt>
      <trkpt lat="40.88714" lon="15.42945">
        <ele>369.5</ele>
      </trkpt>
      <trkpt lat="40.88703" lon="15.4292">
        <ele>370.4</ele>
      </trkpt>
      <trkpt lat="40.88697" lon="15.42886">
        <ele>370.5</ele>
      </trkpt>
      <trkpt lat="40.88683" lon="15.4282">
        <ele>370.3</ele>
      </trkpt>
      <trkpt lat="40.88697" lon="15.42886">
        <ele>370.5</ele>
      </trkpt>
      <trkpt lat="40.88703" lon="15.4292">
        <ele>370.4</ele>
      </trkpt>
      <trkpt lat="40.88714" lon="15.42945">
        <ele>369.5</ele>
      </trkpt>
      <trkpt lat="40.8872" lon="15.42964">
        <ele>368.8</ele>
      </trkpt>
      <trkpt lat="40.88723" lon="15.42973">
        <ele>368.5</ele>
      </trkpt>
      <trkpt lat="40.88725" lon="15.42986">
        <ele>368.1</ele>
      </trkpt>
      <trkpt lat="40.88725" lon="15.42986">
        <ele>368.1</ele>
      </trkpt>
      <trkpt lat="40.8873" lon="15.42986">
        <ele>368.2</ele>
      </trkpt>
      <trkpt lat="40.88738" lon="15.42986">
        <ele>368.2</ele>
      </trkpt>
      <trkpt lat="40.887479" lon="15.42987">
        <ele>368.3</ele>
      </trkpt>
      <trkpt lat="40.88768" lon="15.4299">
        <ele>367.3</ele>
      </trkpt>
      <trkpt lat="40.88791" lon="15.42997">
        <ele>366.1</ele>
      </trkpt>
      <trkpt lat="40.88797" lon="15.42999">
        <ele>365.8</ele>
      </trkpt>
      <trkpt lat="40.88797" lon="15.42999">
        <ele>365.8</ele>
      </trkpt>
      <trkpt lat="40.88811" lon="15.43">
        <ele>365.1</ele>
      </trkpt>
      <trkpt lat="40.8883" lon="15.43005">
        <ele>364.0</ele>
      </trkpt>
      <trkpt lat="40.88865" lon="15.43013">
        <ele>362.3</ele>
      </trkpt>
      <trkpt lat="40.88889" lon="15.43018">
        <ele>361.2</ele>
      </trkpt>
      <trkpt lat="40.88913" lon="15.43024">
        <ele>360.2</ele>
      </trkpt>
      <trkpt lat="40.88939" lon="15.4303">
        <ele>362.1</ele>
      </trkpt>
      <trkpt lat="40.88959" lon="15.43035">
        <ele>364.1</ele>
      </trkpt>
      <trkpt lat="40.88977" lon="15.43039">
        <ele>366.0</ele>
      </trkpt>
      <trkpt lat="40.88987" lon="15.4304">
        <ele>367.1</ele>
      </trkpt>
      <trkpt lat="40.889919" lon="15.4304">
        <ele>367.6</ele>
      </trkpt>
      <trkpt lat="40.88994" lon="15.4304">
        <ele>367.8</ele>
      </trkpt>
      <trkpt lat="40.88996" lon="15.4304">
        <ele>368.0</ele>
      </trkpt>
      <trkpt lat="40.890009" lon="15.43038">
        <ele>368.4</ele>
      </trkpt>
      <trkpt lat="40.89007" lon="15.43034">
        <ele>368.8</ele>
      </trkpt>
      <trkpt lat="40.89037" lon="15.43013">
        <ele>370.6</ele>
      </trkpt>
      <trkpt lat="40.89064" lon="15.42993">
        <ele>371.9</ele>
      </trkpt>
      <trkpt lat="40.89081" lon="15.42984">
        <ele>373.2</ele>
      </trkpt>
      <trkpt lat="40.89092" lon="15.42981">
        <ele>374.3</ele>
      </trkpt>
      <trkpt lat="40.89101" lon="15.42982">
        <ele>375.4</ele>
      </trkpt>
      <trkpt lat="40.89114" lon="15.42986">
        <ele>377.0</ele>
      </trkpt>
      <trkpt lat="40.89134" lon="15.42993">
        <ele>379.4</ele>
      </trkpt>
      <trkpt lat="40.89138" lon="15.42996">
        <ele>379.9</ele>
      </trkpt>
      <trkpt lat="40.89141" lon="15.42998">
        <ele>380.2</ele>
      </trkpt>
      <trkpt lat="40.891419" lon="15.43001">
        <ele>380.4</ele>
      </trkpt>
      <trkpt lat="40.89143" lon="15.43003">
        <ele>380.7</ele>
      </trkpt>
      <trkpt lat="40.89144" lon="15.43005">
        <ele>380.9</ele>
      </trkpt>
      <trkpt lat="40.89144" lon="15.43007">
        <ele>381.1</ele>
      </trkpt>
      <trkpt lat="40.89144" lon="15.43009">
        <ele>381.2</ele>
      </trkpt>
      <trkpt lat="40.89143" lon="15.43012">
        <ele>381.3</ele>
      </trkpt>
      <trkpt lat="40.891419" lon="15.43014">
        <ele>381.4</ele>
      </trkpt>
      <trkpt lat="40.89139" lon="15.43018">
        <ele>381.4</ele>
      </trkpt>
      <trkpt lat="40.89136" lon="15.4302">
        <ele>381.2</ele>
      </trkpt>
      <trkpt lat="40.89133" lon="15.43022">
        <ele>381.1</ele>
      </trkpt>
      <trkpt lat="40.89124" lon="15.43027">
        <ele>380.7</ele>
      </trkpt>
      <trkpt lat="40.891039" lon="15.43035">
        <ele>379.6</ele>
      </trkpt>
      <trkpt lat="40.89084" lon="15.43044">
        <ele>378.8</ele>
      </trkpt>
      <trkpt lat="40.89075" lon="15.43048">
        <ele>378.2</ele>
      </trkpt>
      <trkpt lat="40.8907" lon="15.43052">
        <ele>377.9</ele>
      </trkpt>
      <trkpt lat="40.89065" lon="15.43058">
        <ele>377.9</ele>
      </trkpt>
      <trkpt lat="40.89062" lon="15.43063">
        <ele>378.0</ele>
      </trkpt>
      <trkpt lat="40.89059" lon="15.43069">
        <ele>378.1</ele>
      </trkpt>
      <trkpt lat="40.89055" lon="15.43079">
        <ele>378.5</ele>
      </trkpt>
      <trkpt lat="40.89052" lon="15.43088">
        <ele>378.7</ele>
      </trkpt>
      <trkpt lat="40.89052" lon="15.43092">
        <ele>378.9</ele>
      </trkpt>
      <trkpt lat="40.89052" lon="15.43094">
        <ele>379.0</ele>
      </trkpt>
      <trkpt lat="40.89052" lon="15.43095">
        <ele>379.1</ele>
      </trkpt>
      <trkpt lat="40.89053" lon="15.43098">
        <ele>379.4</ele>
      </trkpt>
      <trkpt lat="40.89055" lon="15.431">
        <ele>379.8</ele>
      </trkpt>
      <trkpt lat="40.890569" lon="15.43103">
        <ele>380.2</ele>
      </trkpt>
      <trkpt lat="40.89059" lon="15.43105">
        <ele>380.6</ele>
      </trkpt>
      <trkpt lat="40.89062" lon="15.43106">
        <ele>381.1</ele>
      </trkpt>
      <trkpt lat="40.89067" lon="15.43107">
        <ele>382.0</ele>
      </trkpt>
      <trkpt lat="40.89071" lon="15.43107">
        <ele>382.6</ele>
      </trkpt>
      <trkpt lat="40.89075" lon="15.43107">
        <ele>383.2</ele>
      </trkpt>
      <trkpt lat="40.8913" lon="15.4309">
        <ele>386.3</ele>
      </trkpt>
      <trkpt lat="40.8914" lon="15.43087">
        <ele>386.7</ele>
      </trkpt>
      <trkpt lat="40.89147" lon="15.43086">
        <ele>387.1</ele>
      </trkpt>
      <trkpt lat="40.89156" lon="15.43085">
        <ele>387.5</ele>
      </trkpt>
      <trkpt lat="40.89159" lon="15.43086">
        <ele>387.8</ele>
      </trkpt>
      <trkpt lat="40.89163" lon="15.43087">
        <ele>388.1</ele>
      </trkpt>
      <trkpt lat="40.89167" lon="15.43089">
        <ele>388.6</ele>
      </trkpt>
      <trkpt lat="40.89174" lon="15.43095">
        <ele>390.1</ele>
      </trkpt>
      <trkpt lat="40.89177" lon="15.43097">
        <ele>390.7</ele>
      </trkpt>
      <trkpt lat="40.89177" lon="15.43097">
        <ele>390.7</ele>
      </trkpt>
      <trkpt lat="40.8918" lon="15.431">
        <ele>391.4</ele>
      </trkpt>
      <trkpt lat="40.89187" lon="15.43106">
        <ele>393.1</ele>
      </trkpt>
      <trkpt lat="40.89193" lon="15.4311">
        <ele>394.3</ele>
      </trkpt>
      <trkpt lat="40.892" lon="15.4311">
        <ele>395.3</ele>
      </trkpt>
      <trkpt lat="40.89204" lon="15.4311">
        <ele>395.9</ele>
      </trkpt>
      <trkpt lat="40.89208" lon="15.43109">
        <ele>396.4</ele>
      </trkpt>
      <trkpt lat="40.892159" lon="15.43106">
        <ele>397.2</ele>
      </trkpt>
      <trkpt lat="40.89221" lon="15.43101">
        <ele>397.3</ele>
      </trkpt>
      <trkpt lat="40.89253" lon="15.43061">
        <ele>399.6</ele>
      </trkpt>
      <trkpt lat="40.89269" lon="15.43039">
        <ele>403.6</ele>
      </trkpt>
      <trkpt lat="40.89274" lon="15.43032">
        <ele>404.7</ele>
      </trkpt>
      <trkpt lat="40.89278" lon="15.43024">
        <ele>405.4</ele>
      </trkpt>
      <trkpt lat="40.8928" lon="15.43017">
        <ele>405.8</ele>
      </trkpt>
      <trkpt lat="40.89281" lon="15.43012">
        <ele>405.9</ele>
      </trkpt>
      <trkpt lat="40.8928" lon="15.43006">
        <ele>405.3</ele>
      </trkpt>
      <trkpt lat="40.89279" lon="15.42998">
        <ele>405.1</ele>
      </trkpt>
      <trkpt lat="40.89277" lon="15.4299">
        <ele>405.3</ele>
      </trkpt>
      <trkpt lat="40.89266" lon="15.4295">
        <ele>405.6</ele>
      </trkpt>
      <trkpt lat="40.89253" lon="15.42917">
        <ele>404.0</ele>
      </trkpt>
      <trkpt lat="40.8925" lon="15.42904">
        <ele>404.1</ele>
      </trkpt>
      <trkpt lat="40.89248" lon="15.42894">
        <ele>404.4</ele>
      </trkpt>
      <trkpt lat="40.89247" lon="15.42886">
        <ele>404.8</ele>
      </trkpt>
      <trkpt lat="40.89248" lon="15.42883">
        <ele>405.3</ele>
      </trkpt>
      <trkpt lat="40.89248" lon="15.42882">
        <ele>405.3</ele>
      </trkpt>
      <trkpt lat="40.89248" lon="15.42881">
        <ele>405.4</ele>
      </trkpt>
      <trkpt lat="40.89249" lon="15.42879">
        <ele>405.9</ele>
      </trkpt>
      <trkpt lat="40.8925" lon="15.42877">
        <ele>406.3</ele>
      </trkpt>
      <trkpt lat="40.89251" lon="15.42876">
        <ele>406.7</ele>
      </trkpt>
      <trkpt lat="40.89252" lon="15.42876">
        <ele>407.0</ele>
      </trkpt>
      <trkpt lat="40.89252" lon="15.42876">
        <ele>407.0</ele>
      </trkpt>
      <trkpt lat="40.89255" lon="15.42877">
        <ele>407.8</ele>
      </trkpt>
      <trkpt lat="40.89256" lon="15.42877">
        <ele>408.0</ele>
      </trkpt>
      <trkpt lat="40.89257" lon="15.42878">
        <ele>408.2</ele>
      </trkpt>
      <trkpt lat="40.89259" lon="15.4288">
        <ele>408.7</ele>
      </trkpt>
      <trkpt lat="40.8926" lon="15.42882">
        <ele>408.8</ele>
      </trkpt>
      <trkpt lat="40.89261" lon="15.42884">
        <ele>408.9</ele>
      </trkpt>
      <trkpt lat="40.89262" lon="15.42888">
        <ele>409.0</ele>
      </trkpt>
      <trkpt lat="40.892629" lon="15.42895">
        <ele>408.7</ele>
      </trkpt>
      <trkpt lat="40.89264" lon="15.42903">
        <ele>408.5</ele>
      </trkpt>
      <trkpt lat="40.89265" lon="15.4291">
        <ele>408.3</ele>
      </trkpt>
      <trkpt lat="40.89267" lon="15.42918">
        <ele>408.4</ele>
      </trkpt>
      <trkpt lat="40.8927" lon="15.42924">
        <ele>408.9</ele>
      </trkpt>
      <trkpt lat="40.89277" lon="15.42933">
        <ele>410.3</ele>
      </trkpt>
      <trkpt lat="40.89281" lon="15.42938">
        <ele>411.1</ele>
      </trkpt>
      <trkpt lat="40.89288" lon="15.42945">
        <ele>412.5</ele>
      </trkpt>
      <trkpt lat="40.89296" lon="15.42951">
        <ele>414.3</ele>
      </trkpt>
      <trkpt lat="40.89306" lon="15.42955">
        <ele>416.7</ele>
      </trkpt>
      <trkpt lat="40.8932" lon="15.42962">
        <ele>419.8</ele>
      </trkpt>
      <trkpt lat="40.89324" lon="15.42965">
        <ele>420.5</ele>
      </trkpt>
      <trkpt lat="40.89327" lon="15.42968">
        <ele>420.8</ele>
      </trkpt>
      <trkpt lat="40.8933" lon="15.42972">
        <ele>421.1</ele>
      </trkpt>
      <trkpt lat="40.89333" lon="15.42979">
        <ele>420.8</ele>
      </trkpt>
      <trkpt lat="40.89334" lon="15.42984">
        <ele>420.5</ele>
      </trkpt>
      <trkpt lat="40.89334" lon="15.42991">
        <ele>419.4</ele>
      </trkpt>
      <trkpt lat="40.89331" lon="15.43011">
        <ele>418.2</ele>
      </trkpt>
      <trkpt lat="40.89328" lon="15.43025">
        <ele>418.4</ele>
      </trkpt>
      <trkpt lat="40.89325" lon="15.43036">
        <ele>418.4</ele>
      </trkpt>
      <trkpt lat="40.89319" lon="15.43054">
        <ele>417.9</ele>
      </trkpt>
      <trkpt lat="40.89315" lon="15.43064">
        <ele>417.3</ele>
      </trkpt>
      <trkpt lat="40.89308" lon="15.43083">
        <ele>416.4</ele>
      </trkpt>
      <trkpt lat="40.89305" lon="15.43097">
        <ele>417.1</ele>
      </trkpt>
      <trkpt lat="40.89299" lon="15.43133">
        <ele>419.9</ele>
      </trkpt>
      <trkpt lat="40.89294" lon="15.4318">
        <ele>424.0</ele>
      </trkpt>
      <trkpt lat="40.892919" lon="15.43216">
        <ele>426.8</ele>
      </trkpt>
      <trkpt lat="40.89289" lon="15.4324">
        <ele>428.2</ele>
      </trkpt>
      <trkpt lat="40.89285" lon="15.43256">
        <ele>427.9</ele>
      </trkpt>
      <trkpt lat="40.89282" lon="15.43276">
        <ele>426.8</ele>
      </trkpt>
      <trkpt lat="40.89282" lon="15.43283">
        <ele>426.8</ele>
      </trkpt>
      <trkpt lat="40.89282" lon="15.43286">
        <ele>426.8</ele>
      </trkpt>
      <trkpt lat="40.892829" lon="15.43288">
        <ele>427.1</ele>
      </trkpt>
      <trkpt lat="40.89284" lon="15.4329">
        <ele>427.4</ele>
      </trkpt>
      <trkpt lat="40.89285" lon="15.43291">
        <ele>427.8</ele>
      </trkpt>
      <trkpt lat="40.89285" lon="15.43292">
        <ele>427.8</ele>
      </trkpt>
      <trkpt lat="40.89286" lon="15.43293">
        <ele>428.1</ele>
      </trkpt>
      <trkpt lat="40.89288" lon="15.43294">
        <ele>428.7</ele>
      </trkpt>
      <trkpt lat="40.8929" lon="15.43294">
        <ele>429.1</ele>
      </trkpt>
      <trkpt lat="40.89291" lon="15.43294">
        <ele>429.4</ele>
      </trkpt>
      <trkpt lat="40.892919" lon="15.43293">
        <ele>429.8</ele>
      </trkpt>
      <trkpt lat="40.89293" lon="15.43293">
        <ele>430.1</ele>
      </trkpt>
      <trkpt lat="40.89294" lon="15.43292">
        <ele>430.4</ele>
      </trkpt>
      <trkpt lat="40.89296" lon="15.43288">
        <ele>431.1</ele>
      </trkpt>
      <trkpt lat="40.89296" lon="15.43287">
        <ele>431.1</ele>
      </trkpt>
      <trkpt lat="40.893009" lon="15.43266">
        <ele>432.8</ele>
      </trkpt>
      <trkpt lat="40.89309" lon="15.43241">
        <ele>434.5</ele>
      </trkpt>
      <trkpt lat="40.89315" lon="15.43215">
        <ele>433.7</ele>
      </trkpt>
      <trkpt lat="40.89318" lon="15.43196">
        <ele>432.6</ele>
      </trkpt>
      <trkpt lat="40.89327" lon="15.43168">
        <ele>432.3</ele>
      </trkpt>
      <trkpt lat="40.89349" lon="15.4311">
        <ele>433.1</ele>
      </trkpt>
      <trkpt lat="40.8936" lon="15.43084">
        <ele>434.3</ele>
      </trkpt>
      <trkpt lat="40.89371" lon="15.43061">
        <ele>435.6</ele>
      </trkpt>
      <trkpt lat="40.89374" lon="15.43055">
        <ele>435.9</ele>
      </trkpt>
      <trkpt lat="40.89378" lon="15.43049">
        <ele>436.5</ele>
      </trkpt>
      <trkpt lat="40.89381" lon="15.43046">
        <ele>437.1</ele>
      </trkpt>
      <trkpt lat="40.893859" lon="15.4304">
        <ele>437.8</ele>
      </trkpt>
      <trkpt lat="40.89387" lon="15.43039">
        <ele>438.0</ele>
      </trkpt>
      <trkpt lat="40.8939" lon="15.43038">
        <ele>438.8</ele>
      </trkpt>
      <trkpt lat="40.89392" lon="15.43038">
        <ele>439.4</ele>
      </trkpt>
      <trkpt lat="40.893949" lon="15.43038">
        <ele>440.4</ele>
      </trkpt>
      <trkpt lat="40.89397" lon="15.4304">
        <ele>441.4</ele>
      </trkpt>
      <trkpt lat="40.89399" lon="15.43041">
        <ele>442.2</ele>
      </trkpt>
      <trkpt lat="40.894" lon="15.43042">
        <ele>442.7</ele>
      </trkpt>
      <trkpt lat="40.894" lon="15.43043">
        <ele>442.8</ele>
      </trkpt>
      <trkpt lat="40.89401" lon="15.43045">
        <ele>443.4</ele>
      </trkpt>
      <trkpt lat="40.89401" lon="15.43046">
        <ele>443.7</ele>
      </trkpt>
      <trkpt lat="40.89401" lon="15.43047">
        <ele>443.8</ele>
      </trkpt>
      <trkpt lat="40.89401" lon="15.43049">
        <ele>444.2</ele>
      </trkpt>
      <trkpt lat="40.89401" lon="15.43051">
        <ele>444.5</ele>
      </trkpt>
      <trkpt lat="40.89401" lon="15.43053">
        <ele>444.8</ele>
      </trkpt>
      <trkpt lat="40.894" lon="15.43054">
        <ele>444.7</ele>
      </trkpt>
      <trkpt lat="40.89397" lon="15.4306">
        <ele>444.6</ele>
      </trkpt>
      <trkpt lat="40.89389" lon="15.43071">
        <ele>443.4</ele>
      </trkpt>
      <trkpt lat="40.89384" lon="15.43078">
        <ele>442.7</ele>
      </trkpt>
      <trkpt lat="40.89382" lon="15.43082">
        <ele>442.5</ele>
      </trkpt>
      <trkpt lat="40.89377" lon="15.43093">
        <ele>441.9</ele>
      </trkpt>
      <trkpt lat="40.89375" lon="15.43098">
        <ele>441.7</ele>
      </trkpt>
      <trkpt lat="40.89373" lon="15.43105">
        <ele>441.7</ele>
      </trkpt>
      <trkpt lat="40.89372" lon="15.43115">
        <ele>442.5</ele>
      </trkpt>
      <trkpt lat="40.89371" lon="15.43132">
        <ele>444.0</ele>
      </trkpt>
      <trkpt lat="40.8937" lon="15.43161">
        <ele>446.9</ele>
      </trkpt>
      <trkpt lat="40.89368" lon="15.43195">
        <ele>449.3</ele>
      </trkpt>
      <trkpt lat="40.89365" lon="15.43237">
        <ele>451.8</ele>
      </trkpt>
      <trkpt lat="40.89362" lon="15.43266">
        <ele>451.1</ele>
      </trkpt>
      <trkpt lat="40.89359" lon="15.43297">
        <ele>448.9</ele>
      </trkpt>
      <trkpt lat="40.89359" lon="15.43303">
        <ele>448.8</ele>
      </trkpt>
      <trkpt lat="40.8936" lon="15.43308">
        <ele>448.8</ele>
      </trkpt>
      <trkpt lat="40.89361" lon="15.4331">
        <ele>448.9</ele>
      </trkpt>
      <trkpt lat="40.89362" lon="15.43312">
        <ele>449.1</ele>
      </trkpt>
      <trkpt lat="40.89363" lon="15.43313">
        <ele>449.4</ele>
      </trkpt>
      <trkpt lat="40.89365" lon="15.43315">
        <ele>449.8</ele>
      </trkpt>
      <trkpt lat="40.89367" lon="15.43316">
        <ele>450.3</ele>
      </trkpt>
      <trkpt lat="40.89369" lon="15.43316">
        <ele>450.8</ele>
      </trkpt>
      <trkpt lat="40.8937" lon="15.43316">
        <ele>451.1</ele>
      </trkpt>
      <trkpt lat="40.89371" lon="15.43316">
        <ele>451.4</ele>
      </trkpt>
      <trkpt lat="40.89372" lon="15.43315">
        <ele>451.7</ele>
      </trkpt>
      <trkpt lat="40.89374" lon="15.43314">
        <ele>452.3</ele>
      </trkpt>
      <trkpt lat="40.89375" lon="15.43313">
        <ele>452.6</ele>
      </trkpt>
      <trkpt lat="40.89376" lon="15.43311">
        <ele>452.9</ele>
      </trkpt>
      <trkpt lat="40.89376" lon="15.4331">
        <ele>452.9</ele>
      </trkpt>
      <trkpt lat="40.89376" lon="15.43309">
        <ele>453.1</ele>
      </trkpt>
      <trkpt lat="40.89377" lon="15.43305">
        <ele>453.6</ele>
      </trkpt>
      <trkpt lat="40.89378" lon="15.43299">
        <ele>454.2</ele>
      </trkpt>
      <trkpt lat="40.89382" lon="15.43261">
        <ele>457.5</ele>
      </trkpt>
      <trkpt lat="40.89387" lon="15.43242">
        <ele>459.1</ele>
      </trkpt>
      <trkpt lat="40.89394" lon="15.43214">
        <ele>459.6</ele>
      </trkpt>
      <trkpt lat="40.89397" lon="15.43205">
        <ele>460.1</ele>
      </trkpt>
      <trkpt lat="40.89403" lon="15.43189">
        <ele>461.1</ele>
      </trkpt>
      <trkpt lat="40.8941" lon="15.43175">
        <ele>462.9</ele>
      </trkpt>
      <trkpt lat="40.89412" lon="15.4317">
        <ele>463.4</ele>
      </trkpt>
      <trkpt lat="40.89415" lon="15.43161">
        <ele>463.8</ele>
      </trkpt>
      <trkpt lat="40.89416" lon="15.43156">
        <ele>463.6</ele>
      </trkpt>
      <trkpt lat="40.89416" lon="15.4315">
        <ele>462.9</ele>
      </trkpt>
      <trkpt lat="40.89416" lon="15.4314">
        <ele>461.9</ele>
      </trkpt>
      <trkpt lat="40.89416" lon="15.43139">
        <ele>461.8</ele>
      </trkpt>
      <trkpt lat="40.89416" lon="15.43137">
        <ele>461.5</ele>
      </trkpt>
      <trkpt lat="40.89417" lon="15.43136">
        <ele>461.8</ele>
      </trkpt>
      <trkpt lat="40.89418" lon="15.43134">
        <ele>461.9</ele>
      </trkpt>
      <trkpt lat="40.89419" lon="15.43132">
        <ele>462.0</ele>
      </trkpt>
      <trkpt lat="40.8942" lon="15.43132">
        <ele>462.3</ele>
      </trkpt>
      <trkpt lat="40.89421" lon="15.43131">
        <ele>462.5</ele>
      </trkpt>
      <trkpt lat="40.89423" lon="15.43131">
        <ele>463.1</ele>
      </trkpt>
      <trkpt lat="40.89425" lon="15.43131">
        <ele>463.7</ele>
      </trkpt>
      <trkpt lat="40.89427" lon="15.43132">
        <ele>464.4</ele>
      </trkpt>
      <trkpt lat="40.89428" lon="15.43132">
        <ele>464.6</ele>
      </trkpt>
      <trkpt lat="40.89429" lon="15.43134">
        <ele>465.1</ele>
      </trkpt>
      <trkpt lat="40.8943" lon="15.43135">
        <ele>465.7</ele>
      </trkpt>
      <trkpt lat="40.8943" lon="15.43136">
        <ele>465.8</ele>
      </trkpt>
      <trkpt lat="40.89432" lon="15.43139">
        <ele>466.6</ele>
      </trkpt>
      <trkpt lat="40.89432" lon="15.43141">
        <ele>466.9</ele>
      </trkpt>
      <trkpt lat="40.894329" lon="15.43145">
        <ele>467.7</ele>
      </trkpt>
      <trkpt lat="40.894329" lon="15.43149">
        <ele>468.2</ele>
      </trkpt>
      <trkpt lat="40.894329" lon="15.43154">
        <ele>468.8</ele>
      </trkpt>
      <trkpt lat="40.894329" lon="15.43161">
        <ele>469.6</ele>
      </trkpt>
      <trkpt lat="40.8943" lon="15.43172">
        <ele>469.5</ele>
      </trkpt>
      <trkpt lat="40.89424" lon="15.43186">
        <ele>468.2</ele>
      </trkpt>
      <trkpt lat="40.89419" lon="15.43201">
        <ele>467.4</ele>
      </trkpt>
      <trkpt lat="40.89415" lon="15.43215">
        <ele>466.8</ele>
      </trkpt>
      <trkpt lat="40.89414" lon="15.43225">
        <ele>466.8</ele>
      </trkpt>
      <trkpt lat="40.89414" lon="15.43235">
        <ele>467.4</ele>
      </trkpt>
      <trkpt lat="40.89416" lon="15.43248">
        <ele>468.6</ele>
      </trkpt>
      <trkpt lat="40.89418" lon="15.43262">
        <ele>468.4</ele>
      </trkpt>
      <trkpt lat="40.8942" lon="15.43273">
        <ele>468.0</ele>
      </trkpt>
      <trkpt lat="40.89422" lon="15.43282">
        <ele>467.9</ele>
      </trkpt>
      <trkpt lat="40.89426" lon="15.43288">
        <ele>468.5</ele>
      </trkpt>
      <trkpt lat="40.8943" lon="15.43293">
        <ele>469.3</ele>
      </trkpt>
      <trkpt lat="40.89439" lon="15.433">
        <ele>471.4</ele>
      </trkpt>
      <trkpt lat="40.894509" lon="15.43308">
        <ele>474.3</ele>
      </trkpt>
      <trkpt lat="40.894599" lon="15.43315">
        <ele>476.4</ele>
      </trkpt>
      <trkpt lat="40.89465" lon="15.4332">
        <ele>477.5</ele>
      </trkpt>
      <trkpt lat="40.89468" lon="15.43323">
        <ele>478.2</ele>
      </trkpt>
      <trkpt lat="40.89469" lon="15.43327">
        <ele>478.2</ele>
      </trkpt>
      <trkpt lat="40.8947" lon="15.43329">
        <ele>478.3</ele>
      </trkpt>
      <trkpt lat="40.8947" lon="15.43332">
        <ele>478.1</ele>
      </trkpt>
      <trkpt lat="40.89471" lon="15.43339">
        <ele>478.6</ele>
      </trkpt>
      <trkpt lat="40.8947" lon="15.43349">
        <ele>478.9</ele>
      </trkpt>
      <trkpt lat="40.89468" lon="15.43359">
        <ele>478.9</ele>
      </trkpt>
      <trkpt lat="40.89458" lon="15.43391">
        <ele>477.9</ele>
      </trkpt>
      <trkpt lat="40.894509" lon="15.43415">
        <ele>476.9</ele>
      </trkpt>
      <trkpt lat="40.894509" lon="15.43415">
        <ele>476.9</ele>
      </trkpt>
      <trkpt lat="40.89449" lon="15.43423">
        <ele>476.6</ele>
      </trkpt>
      <trkpt lat="40.89446" lon="15.43432">
        <ele>476.1</ele>
      </trkpt>
      <trkpt lat="40.89444" lon="15.43443">
        <ele>475.9</ele>
      </trkpt>
      <trkpt lat="40.89444" lon="15.43449">
        <ele>476.2</ele>
      </trkpt>
      <trkpt lat="40.89445" lon="15.43452">
        <ele>476.6</ele>
      </trkpt>
      <trkpt lat="40.89446" lon="15.43455">
        <ele>476.9</ele>
      </trkpt>
      <trkpt lat="40.89454" lon="15.43474">
        <ele>480.0</ele>
      </trkpt>
      <trkpt lat="40.894599" lon="15.43488">
        <ele>482.1</ele>
      </trkpt>
      <trkpt lat="40.89463" lon="15.43494">
        <ele>483.1</ele>
      </trkpt>
      <trkpt lat="40.89464" lon="15.43496">
        <ele>483.4</ele>
      </trkpt>
      <trkpt lat="40.89464" lon="15.43499">
        <ele>483.5</ele>
      </trkpt>
      <trkpt lat="40.89465" lon="15.43502">
        <ele>483.9</ele>
      </trkpt>
      <trkpt lat="40.89465" lon="15.43504">
        <ele>484.0</ele>
      </trkpt>
      <trkpt lat="40.89465" lon="15.43507">
        <ele>484.2</ele>
      </trkpt>
      <trkpt lat="40.89464" lon="15.43509">
        <ele>484.1</ele>
      </trkpt>
      <trkpt lat="40.89464" lon="15.43511">
        <ele>484.2</ele>
      </trkpt>
      <trkpt lat="40.89463" lon="15.43515">
        <ele>484.2</ele>
      </trkpt>
      <trkpt lat="40.89462" lon="15.43519">
        <ele>484.2</ele>
      </trkpt>
      <trkpt lat="40.89455" lon="15.43535">
        <ele>483.8</ele>
      </trkpt>
      <trkpt lat="40.89452" lon="15.43542">
        <ele>483.7</ele>
      </trkpt>
      <trkpt lat="40.89448" lon="15.43548">
        <ele>483.4</ele>
      </trkpt>
      <trkpt lat="40.89445" lon="15.43552">
        <ele>483.2</ele>
      </trkpt>
      <trkpt lat="40.894419" lon="15.43556">
        <ele>482.9</ele>
      </trkpt>
      <trkpt lat="40.89439" lon="15.43558">
        <ele>482.6</ele>
      </trkpt>
      <trkpt lat="40.8943" lon="15.43563">
        <ele>481.6</ele>
      </trkpt>
      <trkpt lat="40.89416" lon="15.4357">
        <ele>480.1</ele>
      </trkpt>
      <trkpt lat="40.8941" lon="15.43575">
        <ele>478.9</ele>
      </trkpt>
      <trkpt lat="40.89405" lon="15.43579">
        <ele>478.1</ele>
      </trkpt>
      <trkpt lat="40.89401" lon="15.43583">
        <ele>477.4</ele>
      </trkpt>
      <trkpt lat="40.89398" lon="15.4359">
        <ele>476.9</ele>
      </trkpt>
      <trkpt lat="40.89397" lon="15.43598">
        <ele>477.1</ele>
      </trkpt>
      <trkpt lat="40.89396" lon="15.43608">
        <ele>477.2</ele>
      </trkpt>
      <trkpt lat="40.89396" lon="15.43621">
        <ele>477.9</ele>
      </trkpt>
      <trkpt lat="40.894" lon="15.43636">
        <ele>479.9</ele>
      </trkpt>
      <trkpt lat="40.89403" lon="15.43643">
        <ele>481.2</ele>
      </trkpt>
      <trkpt lat="40.89406" lon="15.43648">
        <ele>482.3</ele>
      </trkpt>
      <trkpt lat="40.89412" lon="15.43654">
        <ele>484.6</ele>
      </trkpt>
      <trkpt lat="40.89418" lon="15.43662">
        <ele>486.8</ele>
      </trkpt>
      <trkpt lat="40.89431" lon="15.43677">
        <ele>488.0</ele>
      </trkpt>
      <trkpt lat="40.89437" lon="15.43688">
        <ele>487.9</ele>
      </trkpt>
      <trkpt lat="40.89441" lon="15.437">
        <ele>487.6</ele>
      </trkpt>
      <trkpt lat="40.89443" lon="15.43708">
        <ele>487.3</ele>
      </trkpt>
      <trkpt lat="40.89448" lon="15.43723">
        <ele>486.9</ele>
      </trkpt>
      <trkpt lat="40.89456" lon="15.43736">
        <ele>487.5</ele>
      </trkpt>
      <trkpt lat="40.894599" lon="15.43742">
        <ele>487.8</ele>
      </trkpt>
      <trkpt lat="40.89466" lon="15.43747">
        <ele>488.6</ele>
      </trkpt>
      <trkpt lat="40.89477" lon="15.4375">
        <ele>490.6</ele>
      </trkpt>
      <trkpt lat="40.89483" lon="15.43749">
        <ele>491.8</ele>
      </trkpt>
      <trkpt lat="40.89492" lon="15.43748">
        <ele>493.5</ele>
      </trkpt>
      <trkpt lat="40.89504" lon="15.43743">
        <ele>495.8</ele>
      </trkpt>
      <trkpt lat="40.89524" lon="15.43732">
        <ele>498.5</ele>
      </trkpt>
      <trkpt lat="40.89529" lon="15.4373">
        <ele>499.1</ele>
      </trkpt>
      <trkpt lat="40.89542" lon="15.43724">
        <ele>500.6</ele>
      </trkpt>
      <trkpt lat="40.896009" lon="15.43705">
        <ele>505.5</ele>
      </trkpt>
      <trkpt lat="40.89607" lon="15.43703">
        <ele>505.9</ele>
      </trkpt>
      <trkpt lat="40.89661" lon="15.43687">
        <ele>508.6</ele>
      </trkpt>
      <trkpt lat="40.89663" lon="15.43685">
        <ele>508.6</ele>
      </trkpt>
      <trkpt lat="40.89669" lon="15.43683">
        <ele>508.9</ele>
      </trkpt>
      <trkpt lat="40.89675" lon="15.43678">
        <ele>508.9</ele>
      </trkpt>
      <trkpt lat="40.89683" lon="15.4367">
        <ele>508.9</ele>
      </trkpt>
      <trkpt lat="40.89688" lon="15.43662">
        <ele>508.9</ele>
      </trkpt>
      <trkpt lat="40.89692" lon="15.43648">
        <ele>509.2</ele>
      </trkpt>
      <trkpt lat="40.89694" lon="15.43637">
        <ele>509.1</ele>
      </trkpt>
      <trkpt lat="40.89694" lon="15.43635">
        <ele>509.1</ele>
      </trkpt>
      <trkpt lat="40.896949" lon="15.4362">
        <ele>508.8</ele>
      </trkpt>
      <trkpt lat="40.896949" lon="15.43591">
        <ele>507.9</ele>
      </trkpt>
      <trkpt lat="40.89696" lon="15.43565">
        <ele>508.0</ele>
      </trkpt>
      <trkpt lat="40.89696" lon="15.43561">
        <ele>508.1</ele>
      </trkpt>
      <trkpt lat="40.89698" lon="15.43544">
        <ele>508.3</ele>
      </trkpt>
      <trkpt lat="40.897" lon="15.4353">
        <ele>508.6</ele>
      </trkpt>
      <trkpt lat="40.89703" lon="15.43522">
        <ele>508.9</ele>
      </trkpt>
      <trkpt lat="40.89705" lon="15.43517">
        <ele>509.2</ele>
      </trkpt>
      <trkpt lat="40.89707" lon="15.43513">
        <ele>509.3</ele>
      </trkpt>
      <trkpt lat="40.89715" lon="15.43503">
        <ele>509.9</ele>
      </trkpt>
      <trkpt lat="40.89719" lon="15.435">
        <ele>510.1</ele>
      </trkpt>
      <trkpt lat="40.897239" lon="15.43497">
        <ele>510.4</ele>
      </trkpt>
      <trkpt lat="40.8974" lon="15.43492">
        <ele>511.5</ele>
      </trkpt>
      <trkpt lat="40.89749" lon="15.43489">
        <ele>512.1</ele>
      </trkpt>
      <trkpt lat="40.89759" lon="15.43483">
        <ele>513.5</ele>
      </trkpt>
      <trkpt lat="40.8976" lon="15.43483">
        <ele>513.7</ele>
      </trkpt>
      <trkpt lat="40.89764" lon="15.43481">
        <ele>514.3</ele>
      </trkpt>
      <trkpt lat="40.89768" lon="15.43477">
        <ele>514.9</ele>
      </trkpt>
      <trkpt lat="40.89772" lon="15.43472">
        <ele>515.6</ele>
      </trkpt>
      <trkpt lat="40.89776" lon="15.43465">
        <ele>516.3</ele>
      </trkpt>
      <trkpt lat="40.89781" lon="15.43455">
        <ele>517.2</ele>
      </trkpt>
      <trkpt lat="40.89784" lon="15.43448">
        <ele>517.8</ele>
      </trkpt>
      <trkpt lat="40.89787" lon="15.43438">
        <ele>518.4</ele>
      </trkpt>
      <trkpt lat="40.89791" lon="15.43427">
        <ele>519.2</ele>
      </trkpt>
      <trkpt lat="40.89793" lon="15.43414">
        <ele>519.9</ele>
      </trkpt>
      <trkpt lat="40.89795" lon="15.43405">
        <ele>521.1</ele>
      </trkpt>
      <trkpt lat="40.89795" lon="15.43397">
        <ele>521.8</ele>
      </trkpt>
      <trkpt lat="40.89795" lon="15.43392">
        <ele>522.2</ele>
      </trkpt>
      <trkpt lat="40.89795" lon="15.43386">
        <ele>522.7</ele>
      </trkpt>
      <trkpt lat="40.89794" lon="15.43382">
        <ele>522.9</ele>
      </trkpt>
      <trkpt lat="40.89793" lon="15.43374">
        <ele>523.5</ele>
      </trkpt>
      <trkpt lat="40.89792" lon="15.4337">
        <ele>523.7</ele>
      </trkpt>
      <trkpt lat="40.897889" lon="15.43363">
        <ele>524.0</ele>
      </trkpt>
      <trkpt lat="40.89786" lon="15.43356">
        <ele>524.2</ele>
      </trkpt>
      <trkpt lat="40.89783" lon="15.43352">
        <ele>524.2</ele>
      </trkpt>
      <trkpt lat="40.89779" lon="15.43347">
        <ele>524.2</ele>
      </trkpt>
      <trkpt lat="40.89772" lon="15.43339">
        <ele>524.1</ele>
      </trkpt>
      <trkpt lat="40.89759" lon="15.4333">
        <ele>523.3</ele>
      </trkpt>
      <trkpt lat="40.89748" lon="15.43323">
        <ele>522.6</ele>
      </trkpt>
      <trkpt lat="40.8974" lon="15.4332">
        <ele>522.4</ele>
      </trkpt>
      <trkpt lat="40.89731" lon="15.43317">
        <ele>522.2</ele>
      </trkpt>
      <trkpt lat="40.89723" lon="15.43316">
        <ele>521.8</ele>
      </trkpt>
      <trkpt lat="40.89715" lon="15.43316">
        <ele>521.4</ele>
      </trkpt>
      <trkpt lat="40.89708" lon="15.43316">
        <ele>521.0</ele>
      </trkpt>
      <trkpt lat="40.89702" lon="15.43314">
        <ele>520.8</ele>
      </trkpt>
      <trkpt lat="40.89701" lon="15.43314">
        <ele>520.8</ele>
      </trkpt>
      <trkpt lat="40.896949" lon="15.43311">
        <ele>520.6</ele>
      </trkpt>
      <trkpt lat="40.89692" lon="15.43309">
        <ele>520.6</ele>
      </trkpt>
      <trkpt lat="40.8969" lon="15.43307">
        <ele>520.6</ele>
      </trkpt>
      <trkpt lat="40.89688" lon="15.43304">
        <ele>520.6</ele>
      </trkpt>
      <trkpt lat="40.896859" lon="15.433">
        <ele>520.7</ele>
      </trkpt>
      <trkpt lat="40.89685" lon="15.43295">
        <ele>520.9</ele>
      </trkpt>
      <trkpt lat="40.89682" lon="15.43285">
        <ele>521.3</ele>
      </trkpt>
      <trkpt lat="40.89682" lon="15.43279">
        <ele>521.6</ele>
      </trkpt>
      <trkpt lat="40.89682" lon="15.43271">
        <ele>522.0</ele>
      </trkpt>
      <trkpt lat="40.89683" lon="15.43267">
        <ele>522.3</ele>
      </trkpt>
      <trkpt lat="40.89685" lon="15.43257">
        <ele>522.9</ele>
      </trkpt>
      <trkpt lat="40.89688" lon="15.43245">
        <ele>523.4</ele>
      </trkpt>
      <trkpt lat="40.89691" lon="15.43235">
        <ele>523.4</ele>
      </trkpt>
      <trkpt lat="40.89693" lon="15.4323">
        <ele>523.5</ele>
      </trkpt>
      <trkpt lat="40.89696" lon="15.43223">
        <ele>523.6</ele>
      </trkpt>
      <trkpt lat="40.89699" lon="15.43214">
        <ele>523.8</ele>
      </trkpt>
      <trkpt lat="40.897039" lon="15.43207">
        <ele>524.2</ele>
      </trkpt>
      <trkpt lat="40.89709" lon="15.43201">
        <ele>524.8</ele>
      </trkpt>
      <trkpt lat="40.89715" lon="15.43194">
        <ele>525.5</ele>
      </trkpt>
      <trkpt lat="40.89719" lon="15.4319">
        <ele>526.1</ele>
      </trkpt>
      <trkpt lat="40.89722" lon="15.43188">
        <ele>526.5</ele>
      </trkpt>
      <trkpt lat="40.89727" lon="15.43184">
        <ele>527.2</ele>
      </trkpt>
      <trkpt lat="40.89738" lon="15.43179">
        <ele>528.8</ele>
      </trkpt>
      <trkpt lat="40.89746" lon="15.43177">
        <ele>530.0</ele>
      </trkpt>
      <trkpt lat="40.89754" lon="15.43176">
        <ele>531.2</ele>
      </trkpt>
      <trkpt lat="40.89762" lon="15.43177">
        <ele>532.1</ele>
      </trkpt>
      <trkpt lat="40.8977" lon="15.4318">
        <ele>533.0</ele>
      </trkpt>
      <trkpt lat="40.89773" lon="15.43182">
        <ele>533.4</ele>
      </trkpt>
      <trkpt lat="40.89779" lon="15.43188">
        <ele>534.0</ele>
      </trkpt>
      <trkpt lat="40.89804" lon="15.43209">
        <ele>536.9</ele>
      </trkpt>
      <trkpt lat="40.8984" lon="15.43237">
        <ele>542.0</ele>
      </trkpt>
      <trkpt lat="40.89917" lon="15.43295">
        <ele>552.0</ele>
      </trkpt>
      <trkpt lat="40.89919" lon="15.43299">
        <ele>552.2</ele>
      </trkpt>
      <trkpt lat="40.8992" lon="15.43307">
        <ele>552.2</ele>
      </trkpt>
      <trkpt lat="40.8992" lon="15.43317">
        <ele>552.0</ele>
      </trkpt>
      <trkpt lat="40.89918" lon="15.43331">
        <ele>551.3</ele>
      </trkpt>
      <trkpt lat="40.89916" lon="15.43356">
        <ele>551.1</ele>
      </trkpt>
      <trkpt lat="40.89915" lon="15.43371">
        <ele>551.0</ele>
      </trkpt>
      <trkpt lat="40.89917" lon="15.43387">
        <ele>551.7</ele>
      </trkpt>
      <trkpt lat="40.89922" lon="15.43411">
        <ele>553.2</ele>
      </trkpt>
      <trkpt lat="40.89925" lon="15.43425">
        <ele>553.7</ele>
      </trkpt>
      <trkpt lat="40.89927" lon="15.43435">
        <ele>553.8</ele>
      </trkpt>
      <trkpt lat="40.899299" lon="15.43441">
        <ele>554.4</ele>
      </trkpt>
      <trkpt lat="40.89932" lon="15.43446">
        <ele>554.8</ele>
      </trkpt>
      <trkpt lat="40.89934" lon="15.43448">
        <ele>555.3</ele>
      </trkpt>
      <trkpt lat="40.89935" lon="15.4345">
        <ele>555.5</ele>
      </trkpt>
      <trkpt lat="40.89936" lon="15.43451">
        <ele>555.8</ele>
      </trkpt>
      <trkpt lat="40.89937" lon="15.43451">
        <ele>556.0</ele>
      </trkpt>
      <trkpt lat="40.89938" lon="15.43451">
        <ele>556.3</ele>
      </trkpt>
      <trkpt lat="40.899389" lon="15.43452">
        <ele>556.6</ele>
      </trkpt>
      <trkpt lat="40.89943" lon="15.43452">
        <ele>557.7</ele>
      </trkpt>
      <trkpt lat="40.89947" lon="15.43453">
        <ele>558.8</ele>
      </trkpt>
      <trkpt lat="40.89951" lon="15.43452">
        <ele>559.9</ele>
      </trkpt>
      <trkpt lat="40.89953" lon="15.43451">
        <ele>560.5</ele>
      </trkpt>
      <trkpt lat="40.89955" lon="15.43449">
        <ele>561.1</ele>
      </trkpt>
      <trkpt lat="40.89957" lon="15.43447">
        <ele>561.6</ele>
      </trkpt>
      <trkpt lat="40.89959" lon="15.43444">
        <ele>562.2</ele>
      </trkpt>
      <trkpt lat="40.8996" lon="15.43441">
        <ele>562.4</ele>
      </trkpt>
      <trkpt lat="40.89962" lon="15.43436">
        <ele>563.0</ele>
      </trkpt>
      <trkpt lat="40.89963" lon="15.43423">
        <ele>563.2</ele>
      </trkpt>
      <trkpt lat="40.89963" lon="15.43412">
        <ele>562.9</ele>
      </trkpt>
      <trkpt lat="40.89962" lon="15.43399">
        <ele>562.2</ele>
      </trkpt>
      <trkpt lat="40.89962" lon="15.43386">
        <ele>561.7</ele>
      </trkpt>
      <trkpt lat="40.89964" lon="15.43373">
        <ele>561.6</ele>
      </trkpt>
      <trkpt lat="40.899679" lon="15.43362">
        <ele>562.0</ele>
      </trkpt>
      <trkpt lat="40.89971" lon="15.43356">
        <ele>562.4</ele>
      </trkpt>
      <trkpt lat="40.89985" lon="15.4333">
        <ele>564.1</ele>
      </trkpt>
      <trkpt lat="40.89992" lon="15.43318">
        <ele>565.5</ele>
      </trkpt>
      <trkpt lat="40.89999" lon="15.43306">
        <ele>566.8</ele>
      </trkpt>
      <trkpt lat="40.9" lon="15.43304">
        <ele>567.0</ele>
      </trkpt>
      <trkpt lat="40.90003" lon="15.43298">
        <ele>567.6</ele>
      </trkpt>
      <trkpt lat="40.90004" lon="15.43296">
        <ele>567.8</ele>
      </trkpt>
      <trkpt lat="40.90006" lon="15.43292">
        <ele>568.2</ele>
      </trkpt>
      <trkpt lat="40.90012" lon="15.43281">
        <ele>569.3</ele>
      </trkpt>
      <trkpt lat="40.90014" lon="15.43271">
        <ele>569.8</ele>
      </trkpt>
      <trkpt lat="40.90014" lon="15.43267">
        <ele>569.8</ele>
      </trkpt>
      <trkpt lat="40.90014" lon="15.43261">
        <ele>569.8</ele>
      </trkpt>
      <trkpt lat="40.90013" lon="15.43247">
        <ele>569.8</ele>
      </trkpt>
      <trkpt lat="40.90006" lon="15.43194">
        <ele>571.4</ele>
      </trkpt>
      <trkpt lat="40.90006" lon="15.43114">
        <ele>572.3</ele>
      </trkpt>
      <trkpt lat="40.90007" lon="15.43105">
        <ele>572.4</ele>
      </trkpt>
      <trkpt lat="40.90008" lon="15.43097">
        <ele>572.4</ele>
      </trkpt>
      <trkpt lat="40.9001" lon="15.43093">
        <ele>572.7</ele>
      </trkpt>
      <trkpt lat="40.90013" lon="15.43089">
        <ele>573.1</ele>
      </trkpt>
      <trkpt lat="40.90016" lon="15.43085">
        <ele>573.5</ele>
      </trkpt>
      <trkpt lat="40.9002" lon="15.43083">
        <ele>574.1</ele>
      </trkpt>
      <trkpt lat="40.90026" lon="15.43081">
        <ele>574.8</ele>
      </trkpt>
      <trkpt lat="40.9003" lon="15.43081">
        <ele>575.5</ele>
      </trkpt>
      <trkpt lat="40.900329" lon="15.43081">
        <ele>575.9</ele>
      </trkpt>
      <trkpt lat="40.90036" lon="15.43083">
        <ele>576.6</ele>
      </trkpt>
      <trkpt lat="40.90038" lon="15.43084">
        <ele>576.9</ele>
      </trkpt>
      <trkpt lat="40.90041" lon="15.43085">
        <ele>577.4</ele>
      </trkpt>
      <trkpt lat="40.90046" lon="15.43092">
        <ele>578.3</ele>
      </trkpt>
      <trkpt lat="40.90047" lon="15.43097">
        <ele>578.6</ele>
      </trkpt>
      <trkpt lat="40.90049" lon="15.43111">
        <ele>579.2</ele>
      </trkpt>
      <trkpt lat="40.90052" lon="15.43135">
        <ele>580.1</ele>
      </trkpt>
      <trkpt lat="40.90054" lon="15.4315">
        <ele>580.7</ele>
      </trkpt>
      <trkpt lat="40.90058" lon="15.43187">
        <ele>581.0</ele>
      </trkpt>
      <trkpt lat="40.9007" lon="15.43275">
        <ele>580.8</ele>
      </trkpt>
      <trkpt lat="40.9007" lon="15.43278">
        <ele>580.7</ele>
      </trkpt>
      <trkpt lat="40.90076" lon="15.4331">
        <ele>581.2</ele>
      </trkpt>
      <trkpt lat="40.90083" lon="15.43333">
        <ele>581.9</ele>
      </trkpt>
      <trkpt lat="40.90086" lon="15.43345">
        <ele>582.4</ele>
      </trkpt>
      <trkpt lat="40.90093" lon="15.43366">
        <ele>582.8</ele>
      </trkpt>
      <trkpt lat="40.90104" lon="15.43371">
        <ele>582.8</ele>
      </trkpt>
      <trkpt lat="40.90104" lon="15.43371">
        <ele>582.8</ele>
      </trkpt>
      <trkpt lat="40.90099" lon="15.43398">
        <ele>582.8</ele>
      </trkpt>
      <trkpt lat="40.90082" lon="15.43471">
        <ele>585.8</ele>
      </trkpt>
      <trkpt lat="40.90081" lon="15.43479">
        <ele>585.9</ele>
      </trkpt>
      <trkpt lat="40.90079" lon="15.43492">
        <ele>586.1</ele>
      </trkpt>
      <trkpt lat="40.90075" lon="15.43512">
        <ele>586.7</ele>
      </trkpt>
      <trkpt lat="40.90074" lon="15.43522">
        <ele>587.3</ele>
      </trkpt>
      <trkpt lat="40.90076" lon="15.43533">
        <ele>588.3</ele>
      </trkpt>
      <trkpt lat="40.90086" lon="15.43551">
        <ele>590.3</ele>
      </trkpt>
      <trkpt lat="40.90086" lon="15.43551">
        <ele>590.3</ele>
      </trkpt>
      <trkpt lat="40.900889" lon="15.43558">
        <ele>590.4</ele>
      </trkpt>
      <trkpt lat="40.90104" lon="15.43584">
        <ele>590.1</ele>
      </trkpt>
      <trkpt lat="40.90104" lon="15.43584">
        <ele>590.1</ele>
      </trkpt>
      <trkpt lat="40.90112" lon="15.436">
        <ele>590.3</ele>
      </trkpt>
      <trkpt lat="40.90117" lon="15.43608">
        <ele>590.2</ele>
      </trkpt>
      <trkpt lat="40.9012" lon="15.43614">
        <ele>590.1</ele>
      </trkpt>
    </trkseg>
  </trk>
</gpx>
