<?xml version="1.0" encoding="UTF-8"?>
<gpx xmlns:gpxdata="http://www.cluetrust.com/XML/GPXDATA/1/0" xmlns:xsi="http://www.w3.org/2001/XMLSchema-instance" xmlns="http://www.topografix.com/GPX/1/1" version="1.1" creator="http://ridewithgps.com/" xsi:schemaLocation="http://www.topografix.com/GPX/1/1 http://www.topografix.com/GPX/1/1/gpx.xsd http://www.cluetrust.com/XML/GPXDATA/1/0 http://www.cluetrust.com/Schemas/gpxdata10.xsd">
  <metadata>
    <name>02 CICLOVIA DELL'ACQUEDOTTO - CALITRI-ATELLA NEW 2022 OK</name>
    <link href="https://ridewithgps.com/routes/38548096">
      <text>02 CICLOVIA DELL'ACQUEDOTTO - CALITRI-ATELLA NEW 2022 OK</text>
    </link>
    <time>2022-02-12T13:13:47Z</time>
  </metadata>
  <trk>
    <name>02 CICLOVIA DELL'ACQUEDOTTO - CALITRI-ATELLA NEW 2022 OK</name>
    <trkseg>
      <trkpt lat="40.90134" lon="15.43639">
        <ele>589.1</ele>
      </trkpt>
      <trkpt lat="40.9013" lon="15.43632">
        <ele>589.5</ele>
      </trkpt>
      <trkpt lat="40.901269" lon="15.43627">
        <ele>589.8</ele>
      </trkpt>
      <trkpt lat="40.90117" lon="15.43608">
        <ele>590.2</ele>
      </trkpt>
      <trkpt lat="40.90112" lon="15.436">
        <ele>590.3</ele>
      </trkpt>
      <trkpt lat="40.90104" lon="15.43584">
        <ele>590.1</ele>
      </trkpt>
      <trkpt lat="40.90104" lon="15.43584">
        <ele>590.1</ele>
      </trkpt>
      <trkpt lat="40.900889" lon="15.43558">
        <ele>590.4</ele>
      </trkpt>
      <trkpt lat="40.90086" lon="15.43551">
        <ele>590.3</ele>
      </trkpt>
      <trkpt lat="40.90076" lon="15.43533">
        <ele>588.3</ele>
      </trkpt>
      <trkpt lat="40.90076" lon="15.43533">
        <ele>588.3</ele>
      </trkpt>
      <trkpt lat="40.90074" lon="15.43522">
        <ele>587.3</ele>
      </trkpt>
      <trkpt lat="40.90075" lon="15.43512">
        <ele>586.7</ele>
      </trkpt>
      <trkpt lat="40.90079" lon="15.43492">
        <ele>586.1</ele>
      </trkpt>
      <trkpt lat="40.90081" lon="15.43479">
        <ele>585.9</ele>
      </trkpt>
      <trkpt lat="40.90082" lon="15.43471">
        <ele>585.8</ele>
      </trkpt>
      <trkpt lat="40.90099" lon="15.43398">
        <ele>582.8</ele>
      </trkpt>
      <trkpt lat="40.90104" lon="15.43365">
        <ele>582.8</ele>
      </trkpt>
      <trkpt lat="40.90104" lon="15.43365">
        <ele>582.8</ele>
      </trkpt>
      <trkpt lat="40.90093" lon="15.43361">
        <ele>582.7</ele>
      </trkpt>
      <trkpt lat="40.90083" lon="15.43333">
        <ele>581.9</ele>
      </trkpt>
      <trkpt lat="40.90076" lon="15.4331">
        <ele>581.2</ele>
      </trkpt>
      <trkpt lat="40.9007" lon="15.43278">
        <ele>580.7</ele>
      </trkpt>
      <trkpt lat="40.9007" lon="15.43275">
        <ele>580.8</ele>
      </trkpt>
      <trkpt lat="40.90058" lon="15.43187">
        <ele>581.0</ele>
      </trkpt>
      <trkpt lat="40.90054" lon="15.4315">
        <ele>580.7</ele>
      </trkpt>
      <trkpt lat="40.90052" lon="15.43135">
        <ele>580.1</ele>
      </trkpt>
      <trkpt lat="40.90049" lon="15.43111">
        <ele>579.2</ele>
      </trkpt>
      <trkpt lat="40.90047" lon="15.43097">
        <ele>578.6</ele>
      </trkpt>
      <trkpt lat="40.90046" lon="15.43092">
        <ele>578.3</ele>
      </trkpt>
      <trkpt lat="40.90041" lon="15.43085">
        <ele>577.4</ele>
      </trkpt>
      <trkpt lat="40.90038" lon="15.43084">
        <ele>576.9</ele>
      </trkpt>
      <trkpt lat="40.90036" lon="15.43083">
        <ele>576.6</ele>
      </trkpt>
      <trkpt lat="40.900329" lon="15.43081">
        <ele>575.9</ele>
      </trkpt>
      <trkpt lat="40.9003" lon="15.43081">
        <ele>575.5</ele>
      </trkpt>
      <trkpt lat="40.90026" lon="15.43081">
        <ele>574.8</ele>
      </trkpt>
      <trkpt lat="40.9002" lon="15.43083">
        <ele>574.1</ele>
      </trkpt>
      <trkpt lat="40.90016" lon="15.43085">
        <ele>573.5</ele>
      </trkpt>
      <trkpt lat="40.90013" lon="15.43089">
        <ele>573.1</ele>
      </trkpt>
      <trkpt lat="40.9001" lon="15.43093">
        <ele>572.7</ele>
      </trkpt>
      <trkpt lat="40.90008" lon="15.43097">
        <ele>572.4</ele>
      </trkpt>
      <trkpt lat="40.90007" lon="15.43105">
        <ele>572.4</ele>
      </trkpt>
      <trkpt lat="40.90006" lon="15.43114">
        <ele>572.3</ele>
      </trkpt>
      <trkpt lat="40.90006" lon="15.43122">
        <ele>572.4</ele>
      </trkpt>
      <trkpt lat="40.90006" lon="15.43194">
        <ele>571.4</ele>
      </trkpt>
      <trkpt lat="40.90013" lon="15.43247">
        <ele>569.8</ele>
      </trkpt>
      <trkpt lat="40.90014" lon="15.43261">
        <ele>569.8</ele>
      </trkpt>
      <trkpt lat="40.90014" lon="15.43267">
        <ele>569.8</ele>
      </trkpt>
      <trkpt lat="40.90014" lon="15.43271">
        <ele>569.8</ele>
      </trkpt>
      <trkpt lat="40.90012" lon="15.43281">
        <ele>569.3</ele>
      </trkpt>
      <trkpt lat="40.90006" lon="15.43292">
        <ele>568.2</ele>
      </trkpt>
      <trkpt lat="40.90004" lon="15.43296">
        <ele>567.8</ele>
      </trkpt>
      <trkpt lat="40.90003" lon="15.43298">
        <ele>567.6</ele>
      </trkpt>
      <trkpt lat="40.9" lon="15.43304">
        <ele>567.0</ele>
      </trkpt>
      <trkpt lat="40.89999" lon="15.43306">
        <ele>566.8</ele>
      </trkpt>
      <trkpt lat="40.89992" lon="15.43318">
        <ele>565.5</ele>
      </trkpt>
      <trkpt lat="40.89985" lon="15.4333">
        <ele>564.1</ele>
      </trkpt>
      <trkpt lat="40.89971" lon="15.43356">
        <ele>562.4</ele>
      </trkpt>
      <trkpt lat="40.899679" lon="15.43362">
        <ele>562.0</ele>
      </trkpt>
      <trkpt lat="40.89964" lon="15.43373">
        <ele>561.6</ele>
      </trkpt>
      <trkpt lat="40.89962" lon="15.43386">
        <ele>561.7</ele>
      </trkpt>
      <trkpt lat="40.89962" lon="15.43399">
        <ele>562.2</ele>
      </trkpt>
      <trkpt lat="40.89963" lon="15.43412">
        <ele>562.9</ele>
      </trkpt>
      <trkpt lat="40.89963" lon="15.43423">
        <ele>563.2</ele>
      </trkpt>
      <trkpt lat="40.89962" lon="15.43436">
        <ele>563.0</ele>
      </trkpt>
      <trkpt lat="40.89961" lon="15.4344">
        <ele>562.7</ele>
      </trkpt>
      <trkpt lat="40.89959" lon="15.43444">
        <ele>562.2</ele>
      </trkpt>
      <trkpt lat="40.89957" lon="15.43447">
        <ele>561.6</ele>
      </trkpt>
      <trkpt lat="40.89955" lon="15.43449">
        <ele>561.1</ele>
      </trkpt>
      <trkpt lat="40.89953" lon="15.43451">
        <ele>560.5</ele>
      </trkpt>
      <trkpt lat="40.89951" lon="15.43452">
        <ele>559.9</ele>
      </trkpt>
      <trkpt lat="40.89947" lon="15.43453">
        <ele>558.8</ele>
      </trkpt>
      <trkpt lat="40.89943" lon="15.43452">
        <ele>557.7</ele>
      </trkpt>
      <trkpt lat="40.899389" lon="15.43452">
        <ele>556.6</ele>
      </trkpt>
      <trkpt lat="40.89938" lon="15.43451">
        <ele>556.3</ele>
      </trkpt>
      <trkpt lat="40.89937" lon="15.43451">
        <ele>556.0</ele>
      </trkpt>
      <trkpt lat="40.89936" lon="15.43451">
        <ele>555.8</ele>
      </trkpt>
      <trkpt lat="40.89935" lon="15.4345">
        <ele>555.5</ele>
      </trkpt>
      <trkpt lat="40.89934" lon="15.43448">
        <ele>555.3</ele>
      </trkpt>
      <trkpt lat="40.89932" lon="15.43446">
        <ele>554.8</ele>
      </trkpt>
      <trkpt lat="40.899299" lon="15.43441">
        <ele>554.4</ele>
      </trkpt>
      <trkpt lat="40.89927" lon="15.43435">
        <ele>553.8</ele>
      </trkpt>
      <trkpt lat="40.89925" lon="15.43425">
        <ele>553.7</ele>
      </trkpt>
      <trkpt lat="40.89922" lon="15.43411">
        <ele>553.2</ele>
      </trkpt>
      <trkpt lat="40.89917" lon="15.43387">
        <ele>551.7</ele>
      </trkpt>
      <trkpt lat="40.89915" lon="15.43371">
        <ele>551.0</ele>
      </trkpt>
      <trkpt lat="40.89916" lon="15.43356">
        <ele>551.1</ele>
      </trkpt>
      <trkpt lat="40.89917" lon="15.43342">
        <ele>551.2</ele>
      </trkpt>
      <trkpt lat="40.89918" lon="15.43331">
        <ele>551.3</ele>
      </trkpt>
      <trkpt lat="40.8992" lon="15.43317">
        <ele>552.0</ele>
      </trkpt>
      <trkpt lat="40.8992" lon="15.43307">
        <ele>552.2</ele>
      </trkpt>
      <trkpt lat="40.89919" lon="15.43299">
        <ele>552.2</ele>
      </trkpt>
      <trkpt lat="40.89917" lon="15.43295">
        <ele>552.0</ele>
      </trkpt>
      <trkpt lat="40.89804" lon="15.43209">
        <ele>536.9</ele>
      </trkpt>
      <trkpt lat="40.89779" lon="15.43188">
        <ele>534.0</ele>
      </trkpt>
      <trkpt lat="40.89773" lon="15.43182">
        <ele>533.4</ele>
      </trkpt>
      <trkpt lat="40.8977" lon="15.4318">
        <ele>533.0</ele>
      </trkpt>
      <trkpt lat="40.89762" lon="15.43177">
        <ele>532.1</ele>
      </trkpt>
      <trkpt lat="40.89754" lon="15.43176">
        <ele>531.2</ele>
      </trkpt>
      <trkpt lat="40.89746" lon="15.43177">
        <ele>530.0</ele>
      </trkpt>
      <trkpt lat="40.89738" lon="15.43179">
        <ele>528.8</ele>
      </trkpt>
      <trkpt lat="40.89727" lon="15.43184">
        <ele>527.2</ele>
      </trkpt>
      <trkpt lat="40.89722" lon="15.43188">
        <ele>526.5</ele>
      </trkpt>
      <trkpt lat="40.89719" lon="15.4319">
        <ele>526.1</ele>
      </trkpt>
      <trkpt lat="40.89715" lon="15.43194">
        <ele>525.5</ele>
      </trkpt>
      <trkpt lat="40.89715" lon="15.43194">
        <ele>525.5</ele>
      </trkpt>
      <trkpt lat="40.89708" lon="15.43194">
        <ele>524.6</ele>
      </trkpt>
      <trkpt lat="40.897" lon="15.43196">
        <ele>523.6</ele>
      </trkpt>
      <trkpt lat="40.8968" lon="15.43203">
        <ele>521.3</ele>
      </trkpt>
      <trkpt lat="40.89678" lon="15.43203">
        <ele>521.1</ele>
      </trkpt>
      <trkpt lat="40.89665" lon="15.43208">
        <ele>519.7</ele>
      </trkpt>
      <trkpt lat="40.89655" lon="15.43213">
        <ele>518.5</ele>
      </trkpt>
      <trkpt lat="40.89644" lon="15.43217">
        <ele>517.0</ele>
      </trkpt>
      <trkpt lat="40.89635" lon="15.43222">
        <ele>515.8</ele>
      </trkpt>
      <trkpt lat="40.896299" lon="15.43227">
        <ele>515.3</ele>
      </trkpt>
      <trkpt lat="40.89626" lon="15.43231">
        <ele>514.9</ele>
      </trkpt>
      <trkpt lat="40.89622" lon="15.43237">
        <ele>514.5</ele>
      </trkpt>
      <trkpt lat="40.89618" lon="15.43245">
        <ele>514.2</ele>
      </trkpt>
      <trkpt lat="40.89617" lon="15.43247">
        <ele>514.1</ele>
      </trkpt>
      <trkpt lat="40.89607" lon="15.43266">
        <ele>511.6</ele>
      </trkpt>
      <trkpt lat="40.896" lon="15.43278">
        <ele>509.7</ele>
      </trkpt>
      <trkpt lat="40.89596" lon="15.43283">
        <ele>508.7</ele>
      </trkpt>
      <trkpt lat="40.895919" lon="15.43288">
        <ele>507.7</ele>
      </trkpt>
      <trkpt lat="40.89584" lon="15.43298">
        <ele>505.7</ele>
      </trkpt>
      <trkpt lat="40.895829" lon="15.43299">
        <ele>505.4</ele>
      </trkpt>
      <trkpt lat="40.89578" lon="15.43304">
        <ele>504.1</ele>
      </trkpt>
      <trkpt lat="40.89578" lon="15.43303">
        <ele>504.2</ele>
      </trkpt>
      <trkpt lat="40.89576" lon="15.43305">
        <ele>503.6</ele>
      </trkpt>
      <trkpt lat="40.89568" lon="15.43311">
        <ele>501.7</ele>
      </trkpt>
      <trkpt lat="40.89549" lon="15.43318">
        <ele>497.5</ele>
      </trkpt>
      <trkpt lat="40.89533" lon="15.4332">
        <ele>494.3</ele>
      </trkpt>
      <trkpt lat="40.89529" lon="15.43321">
        <ele>493.5</ele>
      </trkpt>
      <trkpt lat="40.8951" lon="15.4332">
        <ele>489.9</ele>
      </trkpt>
      <trkpt lat="40.89487" lon="15.43318">
        <ele>484.2</ele>
      </trkpt>
      <trkpt lat="40.89476" lon="15.43319">
        <ele>480.9</ele>
      </trkpt>
      <trkpt lat="40.89468" lon="15.43323">
        <ele>478.2</ele>
      </trkpt>
      <trkpt lat="40.89468" lon="15.43323">
        <ele>478.2</ele>
      </trkpt>
      <trkpt lat="40.89465" lon="15.4332">
        <ele>477.5</ele>
      </trkpt>
      <trkpt lat="40.894599" lon="15.43315">
        <ele>476.4</ele>
      </trkpt>
      <trkpt lat="40.894509" lon="15.43308">
        <ele>474.3</ele>
      </trkpt>
      <trkpt lat="40.89439" lon="15.433">
        <ele>471.4</ele>
      </trkpt>
      <trkpt lat="40.8943" lon="15.43293">
        <ele>469.3</ele>
      </trkpt>
      <trkpt lat="40.89426" lon="15.43288">
        <ele>468.5</ele>
      </trkpt>
      <trkpt lat="40.89422" lon="15.43282">
        <ele>467.9</ele>
      </trkpt>
      <trkpt lat="40.8942" lon="15.43273">
        <ele>468.0</ele>
      </trkpt>
      <trkpt lat="40.89418" lon="15.43262">
        <ele>468.4</ele>
      </trkpt>
      <trkpt lat="40.89417" lon="15.43257">
        <ele>468.5</ele>
      </trkpt>
      <trkpt lat="40.89416" lon="15.43248">
        <ele>468.7</ele>
      </trkpt>
      <trkpt lat="40.89414" lon="15.43235">
        <ele>467.4</ele>
      </trkpt>
      <trkpt lat="40.89414" lon="15.43225">
        <ele>466.9</ele>
      </trkpt>
      <trkpt lat="40.89415" lon="15.43224">
        <ele>467.2</ele>
      </trkpt>
      <trkpt lat="40.89415" lon="15.43215">
        <ele>466.8</ele>
      </trkpt>
      <trkpt lat="40.89419" lon="15.43201">
        <ele>467.4</ele>
      </trkpt>
      <trkpt lat="40.89424" lon="15.43186">
        <ele>468.2</ele>
      </trkpt>
      <trkpt lat="40.8943" lon="15.43172">
        <ele>469.5</ele>
      </trkpt>
      <trkpt lat="40.894329" lon="15.43161">
        <ele>469.6</ele>
      </trkpt>
      <trkpt lat="40.894329" lon="15.43154">
        <ele>468.8</ele>
      </trkpt>
      <trkpt lat="40.894329" lon="15.43149">
        <ele>468.2</ele>
      </trkpt>
      <trkpt lat="40.894329" lon="15.43145">
        <ele>467.7</ele>
      </trkpt>
      <trkpt lat="40.89432" lon="15.43141">
        <ele>467.0</ele>
      </trkpt>
      <trkpt lat="40.89432" lon="15.43139">
        <ele>466.7</ele>
      </trkpt>
      <trkpt lat="40.8943" lon="15.43136">
        <ele>465.8</ele>
      </trkpt>
      <trkpt lat="40.8943" lon="15.43135">
        <ele>465.7</ele>
      </trkpt>
      <trkpt lat="40.89429" lon="15.43134">
        <ele>465.2</ele>
      </trkpt>
      <trkpt lat="40.89428" lon="15.43132">
        <ele>464.7</ele>
      </trkpt>
      <trkpt lat="40.89427" lon="15.43132">
        <ele>464.4</ele>
      </trkpt>
      <trkpt lat="40.89425" lon="15.43131">
        <ele>463.7</ele>
      </trkpt>
      <trkpt lat="40.89423" lon="15.43131">
        <ele>463.1</ele>
      </trkpt>
      <trkpt lat="40.89421" lon="15.43131">
        <ele>462.5</ele>
      </trkpt>
      <trkpt lat="40.8942" lon="15.43132">
        <ele>462.3</ele>
      </trkpt>
      <trkpt lat="40.89419" lon="15.43132">
        <ele>462.0</ele>
      </trkpt>
      <trkpt lat="40.89418" lon="15.43134">
        <ele>461.9</ele>
      </trkpt>
      <trkpt lat="40.89417" lon="15.43136">
        <ele>461.8</ele>
      </trkpt>
      <trkpt lat="40.89416" lon="15.43137">
        <ele>461.5</ele>
      </trkpt>
      <trkpt lat="40.89416" lon="15.43139">
        <ele>461.8</ele>
      </trkpt>
      <trkpt lat="40.89416" lon="15.4314">
        <ele>461.9</ele>
      </trkpt>
      <trkpt lat="40.89416" lon="15.4315">
        <ele>463.0</ele>
      </trkpt>
      <trkpt lat="40.89416" lon="15.43156">
        <ele>463.6</ele>
      </trkpt>
      <trkpt lat="40.89415" lon="15.43161">
        <ele>463.8</ele>
      </trkpt>
      <trkpt lat="40.89412" lon="15.4317">
        <ele>463.4</ele>
      </trkpt>
      <trkpt lat="40.8941" lon="15.43175">
        <ele>463.0</ele>
      </trkpt>
      <trkpt lat="40.89406" lon="15.43183">
        <ele>461.9</ele>
      </trkpt>
      <trkpt lat="40.89403" lon="15.43189">
        <ele>461.2</ele>
      </trkpt>
      <trkpt lat="40.89397" lon="15.43205">
        <ele>460.1</ele>
      </trkpt>
      <trkpt lat="40.89394" lon="15.43214">
        <ele>459.6</ele>
      </trkpt>
      <trkpt lat="40.89387" lon="15.43242">
        <ele>459.2</ele>
      </trkpt>
      <trkpt lat="40.89382" lon="15.43261">
        <ele>457.5</ele>
      </trkpt>
      <trkpt lat="40.89378" lon="15.43296">
        <ele>454.4</ele>
      </trkpt>
      <trkpt lat="40.89378" lon="15.43299">
        <ele>454.2</ele>
      </trkpt>
      <trkpt lat="40.89377" lon="15.43305">
        <ele>453.6</ele>
      </trkpt>
      <trkpt lat="40.89376" lon="15.43309">
        <ele>453.1</ele>
      </trkpt>
      <trkpt lat="40.89376" lon="15.4331">
        <ele>453.0</ele>
      </trkpt>
      <trkpt lat="40.89376" lon="15.43311">
        <ele>453.0</ele>
      </trkpt>
      <trkpt lat="40.89375" lon="15.43313">
        <ele>452.6</ele>
      </trkpt>
      <trkpt lat="40.89374" lon="15.43314">
        <ele>452.3</ele>
      </trkpt>
      <trkpt lat="40.89372" lon="15.43315">
        <ele>451.7</ele>
      </trkpt>
      <trkpt lat="40.89371" lon="15.43316">
        <ele>451.4</ele>
      </trkpt>
      <trkpt lat="40.8937" lon="15.43316">
        <ele>451.1</ele>
      </trkpt>
      <trkpt lat="40.89369" lon="15.43316">
        <ele>450.8</ele>
      </trkpt>
      <trkpt lat="40.89367" lon="15.43316">
        <ele>450.3</ele>
      </trkpt>
      <trkpt lat="40.89365" lon="15.43315">
        <ele>449.8</ele>
      </trkpt>
      <trkpt lat="40.89363" lon="15.43313">
        <ele>449.4</ele>
      </trkpt>
      <trkpt lat="40.89362" lon="15.43312">
        <ele>449.2</ele>
      </trkpt>
      <trkpt lat="40.89361" lon="15.4331">
        <ele>449.0</ele>
      </trkpt>
      <trkpt lat="40.8936" lon="15.43308">
        <ele>448.8</ele>
      </trkpt>
      <trkpt lat="40.89359" lon="15.43303">
        <ele>448.8</ele>
      </trkpt>
      <trkpt lat="40.89359" lon="15.43297">
        <ele>449.0</ele>
      </trkpt>
      <trkpt lat="40.89362" lon="15.43266">
        <ele>451.2</ele>
      </trkpt>
      <trkpt lat="40.89363" lon="15.43255">
        <ele>452.0</ele>
      </trkpt>
      <trkpt lat="40.89365" lon="15.43237">
        <ele>451.8</ele>
      </trkpt>
      <trkpt lat="40.89368" lon="15.43195">
        <ele>449.3</ele>
      </trkpt>
      <trkpt lat="40.8937" lon="15.43161">
        <ele>447.0</ele>
      </trkpt>
      <trkpt lat="40.89371" lon="15.43132">
        <ele>444.0</ele>
      </trkpt>
      <trkpt lat="40.89372" lon="15.43115">
        <ele>442.5</ele>
      </trkpt>
      <trkpt lat="40.89373" lon="15.43105">
        <ele>441.7</ele>
      </trkpt>
      <trkpt lat="40.89375" lon="15.43098">
        <ele>441.7</ele>
      </trkpt>
      <trkpt lat="40.89377" lon="15.43093">
        <ele>441.9</ele>
      </trkpt>
      <trkpt lat="40.89382" lon="15.43082">
        <ele>442.5</ele>
      </trkpt>
      <trkpt lat="40.89384" lon="15.43078">
        <ele>442.7</ele>
      </trkpt>
      <trkpt lat="40.89389" lon="15.43071">
        <ele>443.5</ele>
      </trkpt>
      <trkpt lat="40.89397" lon="15.4306">
        <ele>444.6</ele>
      </trkpt>
      <trkpt lat="40.894" lon="15.43054">
        <ele>444.7</ele>
      </trkpt>
      <trkpt lat="40.89401" lon="15.43053">
        <ele>444.8</ele>
      </trkpt>
      <trkpt lat="40.89401" lon="15.43051">
        <ele>444.5</ele>
      </trkpt>
      <trkpt lat="40.89401" lon="15.43049">
        <ele>444.2</ele>
      </trkpt>
      <trkpt lat="40.89401" lon="15.43047">
        <ele>443.8</ele>
      </trkpt>
      <trkpt lat="40.89401" lon="15.43046">
        <ele>443.7</ele>
      </trkpt>
      <trkpt lat="40.89401" lon="15.43045">
        <ele>443.5</ele>
      </trkpt>
      <trkpt lat="40.894" lon="15.43043">
        <ele>442.8</ele>
      </trkpt>
      <trkpt lat="40.894" lon="15.43042">
        <ele>442.7</ele>
      </trkpt>
      <trkpt lat="40.89399" lon="15.43041">
        <ele>442.2</ele>
      </trkpt>
      <trkpt lat="40.89397" lon="15.4304">
        <ele>441.4</ele>
      </trkpt>
      <trkpt lat="40.893949" lon="15.43038">
        <ele>440.4</ele>
      </trkpt>
      <trkpt lat="40.89392" lon="15.43038">
        <ele>439.4</ele>
      </trkpt>
      <trkpt lat="40.8939" lon="15.43038">
        <ele>438.8</ele>
      </trkpt>
      <trkpt lat="40.89387" lon="15.43039">
        <ele>438.0</ele>
      </trkpt>
      <trkpt lat="40.893859" lon="15.4304">
        <ele>437.8</ele>
      </trkpt>
      <trkpt lat="40.89381" lon="15.43046">
        <ele>437.1</ele>
      </trkpt>
      <trkpt lat="40.89378" lon="15.43049">
        <ele>436.5</ele>
      </trkpt>
      <trkpt lat="40.89377" lon="15.4305">
        <ele>436.3</ele>
      </trkpt>
      <trkpt lat="40.89374" lon="15.43055">
        <ele>435.9</ele>
      </trkpt>
      <trkpt lat="40.89371" lon="15.43061">
        <ele>435.6</ele>
      </trkpt>
      <trkpt lat="40.8936" lon="15.43084">
        <ele>434.3</ele>
      </trkpt>
      <trkpt lat="40.89349" lon="15.4311">
        <ele>433.2</ele>
      </trkpt>
      <trkpt lat="40.89327" lon="15.43168">
        <ele>432.3</ele>
      </trkpt>
      <trkpt lat="40.89318" lon="15.43196">
        <ele>432.6</ele>
      </trkpt>
      <trkpt lat="40.89315" lon="15.43215">
        <ele>433.7</ele>
      </trkpt>
      <trkpt lat="40.89309" lon="15.43241">
        <ele>434.5</ele>
      </trkpt>
      <trkpt lat="40.893009" lon="15.43266">
        <ele>432.8</ele>
      </trkpt>
      <trkpt lat="40.89296" lon="15.43287">
        <ele>431.1</ele>
      </trkpt>
      <trkpt lat="40.89296" lon="15.43288">
        <ele>431.1</ele>
      </trkpt>
      <trkpt lat="40.89294" lon="15.43292">
        <ele>430.4</ele>
      </trkpt>
      <trkpt lat="40.89293" lon="15.43293">
        <ele>430.1</ele>
      </trkpt>
      <trkpt lat="40.892919" lon="15.43293">
        <ele>429.8</ele>
      </trkpt>
      <trkpt lat="40.89291" lon="15.43294">
        <ele>429.5</ele>
      </trkpt>
      <trkpt lat="40.8929" lon="15.43294">
        <ele>429.2</ele>
      </trkpt>
      <trkpt lat="40.89288" lon="15.43294">
        <ele>428.7</ele>
      </trkpt>
      <trkpt lat="40.89286" lon="15.43293">
        <ele>428.1</ele>
      </trkpt>
      <trkpt lat="40.89285" lon="15.43292">
        <ele>427.8</ele>
      </trkpt>
      <trkpt lat="40.89285" lon="15.43291">
        <ele>427.8</ele>
      </trkpt>
      <trkpt lat="40.89284" lon="15.4329">
        <ele>427.5</ele>
      </trkpt>
      <trkpt lat="40.892829" lon="15.43288">
        <ele>427.2</ele>
      </trkpt>
      <trkpt lat="40.892829" lon="15.43287">
        <ele>427.2</ele>
      </trkpt>
      <trkpt lat="40.89282" lon="15.43286">
        <ele>426.9</ele>
      </trkpt>
      <trkpt lat="40.89282" lon="15.43283">
        <ele>426.9</ele>
      </trkpt>
      <trkpt lat="40.89282" lon="15.43276">
        <ele>426.9</ele>
      </trkpt>
      <trkpt lat="40.89285" lon="15.43256">
        <ele>427.9</ele>
      </trkpt>
      <trkpt lat="40.89288" lon="15.43241">
        <ele>428.0</ele>
      </trkpt>
      <trkpt lat="40.89289" lon="15.4324">
        <ele>428.2</ele>
      </trkpt>
      <trkpt lat="40.892919" lon="15.43216">
        <ele>426.8</ele>
      </trkpt>
      <trkpt lat="40.89294" lon="15.4318">
        <ele>424.0</ele>
      </trkpt>
      <trkpt lat="40.89299" lon="15.43133">
        <ele>419.9</ele>
      </trkpt>
      <trkpt lat="40.893009" lon="15.43123">
        <ele>419.2</ele>
      </trkpt>
      <trkpt lat="40.89305" lon="15.43097">
        <ele>417.2</ele>
      </trkpt>
      <trkpt lat="40.89308" lon="15.43083">
        <ele>416.4</ele>
      </trkpt>
      <trkpt lat="40.89315" lon="15.43064">
        <ele>417.4</ele>
      </trkpt>
      <trkpt lat="40.89319" lon="15.43054">
        <ele>417.9</ele>
      </trkpt>
      <trkpt lat="40.89325" lon="15.43036">
        <ele>418.4</ele>
      </trkpt>
      <trkpt lat="40.89328" lon="15.43025">
        <ele>418.4</ele>
      </trkpt>
      <trkpt lat="40.89331" lon="15.43011">
        <ele>418.2</ele>
      </trkpt>
      <trkpt lat="40.89334" lon="15.42991">
        <ele>419.5</ele>
      </trkpt>
      <trkpt lat="40.89334" lon="15.42984">
        <ele>420.5</ele>
      </trkpt>
      <trkpt lat="40.89333" lon="15.42979">
        <ele>420.9</ele>
      </trkpt>
      <trkpt lat="40.8933" lon="15.42972">
        <ele>421.1</ele>
      </trkpt>
      <trkpt lat="40.89327" lon="15.42968">
        <ele>420.9</ele>
      </trkpt>
      <trkpt lat="40.89324" lon="15.42965">
        <ele>420.5</ele>
      </trkpt>
      <trkpt lat="40.8932" lon="15.42962">
        <ele>419.8</ele>
      </trkpt>
      <trkpt lat="40.89306" lon="15.42955">
        <ele>416.7</ele>
      </trkpt>
      <trkpt lat="40.89296" lon="15.42951">
        <ele>414.3</ele>
      </trkpt>
      <trkpt lat="40.89288" lon="15.42945">
        <ele>412.5</ele>
      </trkpt>
      <trkpt lat="40.89281" lon="15.42938">
        <ele>411.1</ele>
      </trkpt>
      <trkpt lat="40.89277" lon="15.42933">
        <ele>410.3</ele>
      </trkpt>
      <trkpt lat="40.8927" lon="15.42924">
        <ele>408.9</ele>
      </trkpt>
      <trkpt lat="40.89267" lon="15.42918">
        <ele>408.4</ele>
      </trkpt>
      <trkpt lat="40.89267" lon="15.42917">
        <ele>408.5</ele>
      </trkpt>
      <trkpt lat="40.89265" lon="15.4291">
        <ele>408.3</ele>
      </trkpt>
      <trkpt lat="40.89264" lon="15.42903">
        <ele>408.5</ele>
      </trkpt>
      <trkpt lat="40.892629" lon="15.42895">
        <ele>408.7</ele>
      </trkpt>
      <trkpt lat="40.89262" lon="15.42888">
        <ele>409.0</ele>
      </trkpt>
      <trkpt lat="40.89261" lon="15.42884">
        <ele>408.9</ele>
      </trkpt>
      <trkpt lat="40.8926" lon="15.42882">
        <ele>408.8</ele>
      </trkpt>
      <trkpt lat="40.89259" lon="15.4288">
        <ele>408.7</ele>
      </trkpt>
      <trkpt lat="40.89257" lon="15.42878">
        <ele>408.2</ele>
      </trkpt>
      <trkpt lat="40.89256" lon="15.42877">
        <ele>408.0</ele>
      </trkpt>
      <trkpt lat="40.89255" lon="15.42877">
        <ele>407.8</ele>
      </trkpt>
      <trkpt lat="40.89252" lon="15.42876">
        <ele>407.0</ele>
      </trkpt>
      <trkpt lat="40.89252" lon="15.42876">
        <ele>407.0</ele>
      </trkpt>
      <trkpt lat="40.89251" lon="15.42876">
        <ele>406.7</ele>
      </trkpt>
      <trkpt lat="40.8925" lon="15.42877">
        <ele>406.3</ele>
      </trkpt>
      <trkpt lat="40.89249" lon="15.42879">
        <ele>405.9</ele>
      </trkpt>
      <trkpt lat="40.89248" lon="15.42881">
        <ele>405.5</ele>
      </trkpt>
      <trkpt lat="40.89248" lon="15.42882">
        <ele>405.4</ele>
      </trkpt>
      <trkpt lat="40.89248" lon="15.42883">
        <ele>405.3</ele>
      </trkpt>
      <trkpt lat="40.89247" lon="15.42886">
        <ele>404.8</ele>
      </trkpt>
      <trkpt lat="40.89248" lon="15.42894">
        <ele>404.4</ele>
      </trkpt>
      <trkpt lat="40.8925" lon="15.42904">
        <ele>404.1</ele>
      </trkpt>
      <trkpt lat="40.89253" lon="15.42917">
        <ele>404.0</ele>
      </trkpt>
      <trkpt lat="40.89266" lon="15.4295">
        <ele>405.6</ele>
      </trkpt>
      <trkpt lat="40.89269" lon="15.42962">
        <ele>405.6</ele>
      </trkpt>
      <trkpt lat="40.89277" lon="15.4299">
        <ele>405.4</ele>
      </trkpt>
      <trkpt lat="40.89279" lon="15.42998">
        <ele>405.1</ele>
      </trkpt>
      <trkpt lat="40.8928" lon="15.43006">
        <ele>405.4</ele>
      </trkpt>
      <trkpt lat="40.89281" lon="15.43012">
        <ele>405.9</ele>
      </trkpt>
      <trkpt lat="40.8928" lon="15.43017">
        <ele>405.8</ele>
      </trkpt>
      <trkpt lat="40.89278" lon="15.43024">
        <ele>405.5</ele>
      </trkpt>
      <trkpt lat="40.89274" lon="15.43032">
        <ele>404.7</ele>
      </trkpt>
      <trkpt lat="40.89269" lon="15.43039">
        <ele>403.6</ele>
      </trkpt>
      <trkpt lat="40.89264" lon="15.43046">
        <ele>402.4</ele>
      </trkpt>
      <trkpt lat="40.89253" lon="15.43061">
        <ele>399.6</ele>
      </trkpt>
      <trkpt lat="40.89221" lon="15.43101">
        <ele>397.3</ele>
      </trkpt>
      <trkpt lat="40.892159" lon="15.43106">
        <ele>397.2</ele>
      </trkpt>
      <trkpt lat="40.89208" lon="15.43109">
        <ele>396.4</ele>
      </trkpt>
      <trkpt lat="40.89204" lon="15.4311">
        <ele>395.9</ele>
      </trkpt>
      <trkpt lat="40.892" lon="15.4311">
        <ele>395.3</ele>
      </trkpt>
      <trkpt lat="40.89193" lon="15.4311">
        <ele>394.3</ele>
      </trkpt>
      <trkpt lat="40.89187" lon="15.43106">
        <ele>393.1</ele>
      </trkpt>
      <trkpt lat="40.89186" lon="15.43105">
        <ele>392.8</ele>
      </trkpt>
      <trkpt lat="40.89185" lon="15.43104">
        <ele>392.6</ele>
      </trkpt>
      <trkpt lat="40.89187" lon="15.43106">
        <ele>393.1</ele>
      </trkpt>
      <trkpt lat="40.89193" lon="15.4311">
        <ele>394.3</ele>
      </trkpt>
      <trkpt lat="40.89193" lon="15.4311">
        <ele>394.3</ele>
      </trkpt>
      <trkpt lat="40.89209" lon="15.43211">
        <ele>406.1</ele>
      </trkpt>
      <trkpt lat="40.89212" lon="15.43225">
        <ele>407.6</ele>
      </trkpt>
      <trkpt lat="40.89213" lon="15.4324">
        <ele>408.8</ele>
      </trkpt>
      <trkpt lat="40.89213" lon="15.4325">
        <ele>409.4</ele>
      </trkpt>
      <trkpt lat="40.89211" lon="15.43261">
        <ele>409.1</ele>
      </trkpt>
      <trkpt lat="40.89209" lon="15.43269">
        <ele>409.0</ele>
      </trkpt>
      <trkpt lat="40.89205" lon="15.43278">
        <ele>408.3</ele>
      </trkpt>
      <trkpt lat="40.89195" lon="15.4329">
        <ele>406.6</ele>
      </trkpt>
      <trkpt lat="40.89187" lon="15.43301">
        <ele>405.1</ele>
      </trkpt>
      <trkpt lat="40.89176" lon="15.43321">
        <ele>403.4</ele>
      </trkpt>
      <trkpt lat="40.89174" lon="15.43324">
        <ele>403.1</ele>
      </trkpt>
      <trkpt lat="40.8917" lon="15.43335">
        <ele>402.7</ele>
      </trkpt>
      <trkpt lat="40.89166" lon="15.43348">
        <ele>402.2</ele>
      </trkpt>
      <trkpt lat="40.89163" lon="15.43358">
        <ele>402.0</ele>
      </trkpt>
      <trkpt lat="40.89157" lon="15.43368">
        <ele>401.1</ele>
      </trkpt>
      <trkpt lat="40.89145" lon="15.43383">
        <ele>399.6</ele>
      </trkpt>
      <trkpt lat="40.89138" lon="15.43389">
        <ele>398.5</ele>
      </trkpt>
      <trkpt lat="40.89132" lon="15.43392">
        <ele>397.6</ele>
      </trkpt>
      <trkpt lat="40.891219" lon="15.43393">
        <ele>395.9</ele>
      </trkpt>
      <trkpt lat="40.89115" lon="15.43391">
        <ele>394.7</ele>
      </trkpt>
      <trkpt lat="40.89107" lon="15.4339">
        <ele>393.3</ele>
      </trkpt>
      <trkpt lat="40.89068" lon="15.43385">
        <ele>386.6</ele>
      </trkpt>
      <trkpt lat="40.89054" lon="15.43384">
        <ele>384.2</ele>
      </trkpt>
      <trkpt lat="40.890479" lon="15.43385">
        <ele>383.2</ele>
      </trkpt>
      <trkpt lat="40.89043" lon="15.4339">
        <ele>382.4</ele>
      </trkpt>
      <trkpt lat="40.89026" lon="15.43406">
        <ele>379.6</ele>
      </trkpt>
      <trkpt lat="40.89011" lon="15.43425">
        <ele>377.1</ele>
      </trkpt>
      <trkpt lat="40.88997" lon="15.43444">
        <ele>374.8</ele>
      </trkpt>
      <trkpt lat="40.88981" lon="15.4346">
        <ele>372.0</ele>
      </trkpt>
      <trkpt lat="40.8897" lon="15.43474">
        <ele>370.0</ele>
      </trkpt>
      <trkpt lat="40.88966" lon="15.4348">
        <ele>369.3</ele>
      </trkpt>
      <trkpt lat="40.889629" lon="15.43486">
        <ele>368.8</ele>
      </trkpt>
      <trkpt lat="40.8896" lon="15.43494">
        <ele>368.3</ele>
      </trkpt>
      <trkpt lat="40.88957" lon="15.43505">
        <ele>367.4</ele>
      </trkpt>
      <trkpt lat="40.88953" lon="15.43537">
        <ele>364.9</ele>
      </trkpt>
      <trkpt lat="40.88951" lon="15.4356">
        <ele>363.2</ele>
      </trkpt>
      <trkpt lat="40.889449" lon="15.43609">
        <ele>360.3</ele>
      </trkpt>
      <trkpt lat="40.88938" lon="15.43678">
        <ele>358.4</ele>
      </trkpt>
      <trkpt lat="40.88937" lon="15.43689">
        <ele>358.1</ele>
      </trkpt>
      <trkpt lat="40.88935" lon="15.43702">
        <ele>357.6</ele>
      </trkpt>
      <trkpt lat="40.88934" lon="15.43713">
        <ele>357.3</ele>
      </trkpt>
      <trkpt lat="40.88932" lon="15.43724">
        <ele>356.9</ele>
      </trkpt>
      <trkpt lat="40.88929" lon="15.43731">
        <ele>356.7</ele>
      </trkpt>
      <trkpt lat="40.88926" lon="15.43735">
        <ele>356.5</ele>
      </trkpt>
      <trkpt lat="40.88923" lon="15.43738">
        <ele>356.4</ele>
      </trkpt>
      <trkpt lat="40.88913" lon="15.43745">
        <ele>356.2</ele>
      </trkpt>
      <trkpt lat="40.88904" lon="15.43753">
        <ele>356.1</ele>
      </trkpt>
      <trkpt lat="40.88902" lon="15.43755">
        <ele>356.1</ele>
      </trkpt>
      <trkpt lat="40.889" lon="15.4376">
        <ele>356.0</ele>
      </trkpt>
      <trkpt lat="40.888979" lon="15.43769">
        <ele>355.8</ele>
      </trkpt>
      <trkpt lat="40.88891" lon="15.43821">
        <ele>354.6</ele>
      </trkpt>
      <trkpt lat="40.8888" lon="15.43891">
        <ele>354.1</ele>
      </trkpt>
      <trkpt lat="40.88876" lon="15.43912">
        <ele>354.0</ele>
      </trkpt>
      <trkpt lat="40.88875" lon="15.43933">
        <ele>353.9</ele>
      </trkpt>
      <trkpt lat="40.88877" lon="15.4396">
        <ele>353.7</ele>
      </trkpt>
      <trkpt lat="40.8888" lon="15.43997">
        <ele>353.5</ele>
      </trkpt>
      <trkpt lat="40.88883" lon="15.4405">
        <ele>353.5</ele>
      </trkpt>
      <trkpt lat="40.88886" lon="15.44063">
        <ele>353.6</ele>
      </trkpt>
      <trkpt lat="40.88889" lon="15.44073">
        <ele>353.6</ele>
      </trkpt>
      <trkpt lat="40.889159" lon="15.44125">
        <ele>354.5</ele>
      </trkpt>
      <trkpt lat="40.88936" lon="15.44161">
        <ele>356.3</ele>
      </trkpt>
      <trkpt lat="40.88946" lon="15.44178">
        <ele>356.7</ele>
      </trkpt>
      <trkpt lat="40.88953" lon="15.44195">
        <ele>356.6</ele>
      </trkpt>
      <trkpt lat="40.889539" lon="15.44199">
        <ele>356.6</ele>
      </trkpt>
      <trkpt lat="40.889539" lon="15.44204">
        <ele>356.4</ele>
      </trkpt>
      <trkpt lat="40.889539" lon="15.44208">
        <ele>356.3</ele>
      </trkpt>
      <trkpt lat="40.88952" lon="15.44211">
        <ele>356.0</ele>
      </trkpt>
      <trkpt lat="40.889449" lon="15.44224">
        <ele>355.2</ele>
      </trkpt>
      <trkpt lat="40.88922" lon="15.44256">
        <ele>353.2</ele>
      </trkpt>
      <trkpt lat="40.88906" lon="15.4428">
        <ele>352.6</ele>
      </trkpt>
      <trkpt lat="40.889" lon="15.44288">
        <ele>352.5</ele>
      </trkpt>
      <trkpt lat="40.88896" lon="15.44296">
        <ele>352.4</ele>
      </trkpt>
      <trkpt lat="40.88894" lon="15.44303">
        <ele>352.4</ele>
      </trkpt>
      <trkpt lat="40.88894" lon="15.44312">
        <ele>352.3</ele>
      </trkpt>
      <trkpt lat="40.888901" lon="15.443741">
        <ele>351.8</ele>
      </trkpt>
      <trkpt lat="40.888893" lon="15.444556">
        <ele>351.4</ele>
      </trkpt>
      <trkpt lat="40.888893" lon="15.444556">
        <ele>351.4</ele>
      </trkpt>
      <trkpt lat="40.889801" lon="15.446262">
        <ele>349.7</ele>
      </trkpt>
      <trkpt lat="40.88984" lon="15.44638">
        <ele>349.5</ele>
      </trkpt>
      <trkpt lat="40.88936" lon="15.44664">
        <ele>349.8</ele>
      </trkpt>
      <trkpt lat="40.88926" lon="15.44672">
        <ele>349.9</ele>
      </trkpt>
      <trkpt lat="40.88917" lon="15.44677">
        <ele>350.0</ele>
      </trkpt>
      <trkpt lat="40.88879" lon="15.44697">
        <ele>350.5</ele>
      </trkpt>
      <trkpt lat="40.88841" lon="15.44721">
        <ele>350.9</ele>
      </trkpt>
      <trkpt lat="40.88787" lon="15.44762">
        <ele>351.6</ele>
      </trkpt>
      <trkpt lat="40.88764" lon="15.44776">
        <ele>351.8</ele>
      </trkpt>
      <trkpt lat="40.88764" lon="15.44776">
        <ele>351.8</ele>
      </trkpt>
      <trkpt lat="40.88726" lon="15.44796">
        <ele>352.1</ele>
      </trkpt>
      <trkpt lat="40.88718" lon="15.44797">
        <ele>352.2</ele>
      </trkpt>
      <trkpt lat="40.88713" lon="15.44797">
        <ele>352.2</ele>
      </trkpt>
      <trkpt lat="40.88713" lon="15.44797">
        <ele>352.2</ele>
      </trkpt>
      <trkpt lat="40.88713" lon="15.44796">
        <ele>352.2</ele>
      </trkpt>
      <trkpt lat="40.88713" lon="15.44795">
        <ele>352.2</ele>
      </trkpt>
      <trkpt lat="40.88713" lon="15.44794">
        <ele>352.2</ele>
      </trkpt>
      <trkpt lat="40.88713" lon="15.44793">
        <ele>352.2</ele>
      </trkpt>
      <trkpt lat="40.88712" lon="15.44792">
        <ele>352.2</ele>
      </trkpt>
      <trkpt lat="40.88712" lon="15.44791">
        <ele>352.2</ele>
      </trkpt>
      <trkpt lat="40.88712" lon="15.4479">
        <ele>352.2</ele>
      </trkpt>
      <trkpt lat="40.88711" lon="15.4479">
        <ele>352.2</ele>
      </trkpt>
      <trkpt lat="40.88711" lon="15.44789">
        <ele>352.2</ele>
      </trkpt>
      <trkpt lat="40.887099" lon="15.44789">
        <ele>352.3</ele>
      </trkpt>
      <trkpt lat="40.887099" lon="15.44788">
        <ele>352.3</ele>
      </trkpt>
      <trkpt lat="40.88709" lon="15.44788">
        <ele>352.3</ele>
      </trkpt>
      <trkpt lat="40.88709" lon="15.44787">
        <ele>352.3</ele>
      </trkpt>
      <trkpt lat="40.88708" lon="15.44787">
        <ele>352.3</ele>
      </trkpt>
      <trkpt lat="40.88707" lon="15.44786">
        <ele>352.3</ele>
      </trkpt>
      <trkpt lat="40.88706" lon="15.44786">
        <ele>352.3</ele>
      </trkpt>
      <trkpt lat="40.88705" lon="15.44786">
        <ele>352.3</ele>
      </trkpt>
      <trkpt lat="40.88713" lon="15.44765">
        <ele>352.4</ele>
      </trkpt>
      <trkpt lat="40.8872" lon="15.44753">
        <ele>352.3</ele>
      </trkpt>
      <trkpt lat="40.88731" lon="15.44734">
        <ele>352.1</ele>
      </trkpt>
      <trkpt lat="40.88738" lon="15.44718">
        <ele>351.8</ele>
      </trkpt>
      <trkpt lat="40.8874" lon="15.44709">
        <ele>351.7</ele>
      </trkpt>
      <trkpt lat="40.88741" lon="15.44702">
        <ele>351.6</ele>
      </trkpt>
      <trkpt lat="40.88741" lon="15.44688">
        <ele>351.4</ele>
      </trkpt>
      <trkpt lat="40.88741" lon="15.44677">
        <ele>351.3</ele>
      </trkpt>
      <trkpt lat="40.88738" lon="15.44665">
        <ele>351.3</ele>
      </trkpt>
      <trkpt lat="40.88732" lon="15.44642">
        <ele>351.7</ele>
      </trkpt>
      <trkpt lat="40.88715" lon="15.44607">
        <ele>352.3</ele>
      </trkpt>
      <trkpt lat="40.88704" lon="15.44572">
        <ele>352.6</ele>
      </trkpt>
      <trkpt lat="40.88692" lon="15.4453">
        <ele>352.7</ele>
      </trkpt>
      <trkpt lat="40.88684" lon="15.44468">
        <ele>352.8</ele>
      </trkpt>
      <trkpt lat="40.88679" lon="15.44374">
        <ele>353.7</ele>
      </trkpt>
      <trkpt lat="40.88682" lon="15.44329">
        <ele>354.4</ele>
      </trkpt>
      <trkpt lat="40.88682" lon="15.44329">
        <ele>354.4</ele>
      </trkpt>
      <trkpt lat="40.88677" lon="15.44314">
        <ele>354.5</ele>
      </trkpt>
      <trkpt lat="40.886719" lon="15.44307">
        <ele>354.6</ele>
      </trkpt>
      <trkpt lat="40.88666" lon="15.44298">
        <ele>354.6</ele>
      </trkpt>
      <trkpt lat="40.88659" lon="15.44289">
        <ele>354.7</ele>
      </trkpt>
      <trkpt lat="40.88649" lon="15.44279">
        <ele>354.8</ele>
      </trkpt>
      <trkpt lat="40.88643" lon="15.44278">
        <ele>354.9</ele>
      </trkpt>
      <trkpt lat="40.88637" lon="15.44277">
        <ele>355.0</ele>
      </trkpt>
      <trkpt lat="40.88574" lon="15.44267">
        <ele>356.3</ele>
      </trkpt>
      <trkpt lat="40.88548" lon="15.44263">
        <ele>356.6</ele>
      </trkpt>
      <trkpt lat="40.88453" lon="15.4425">
        <ele>357.6</ele>
      </trkpt>
      <trkpt lat="40.884351" lon="15.442381">
        <ele>358.0</ele>
      </trkpt>
      <trkpt lat="40.884269" lon="15.442102">
        <ele>358.4</ele>
      </trkpt>
      <trkpt lat="40.884327" lon="15.441593">
        <ele>358.8</ele>
      </trkpt>
      <trkpt lat="40.884207" lon="15.441244">
        <ele>358.0</ele>
      </trkpt>
      <trkpt lat="40.883916" lon="15.441169">
        <ele>358.1</ele>
      </trkpt>
      <trkpt lat="40.883602" lon="15.441236">
        <ele>358.6</ele>
      </trkpt>
      <trkpt lat="40.883335" lon="15.44133">
        <ele>359.2</ele>
      </trkpt>
      <trkpt lat="40.883118" lon="15.441477">
        <ele>365.6</ele>
      </trkpt>
      <trkpt lat="40.882996" lon="15.441893">
        <ele>372.2</ele>
      </trkpt>
      <trkpt lat="40.883049" lon="15.442274">
        <ele>373.0</ele>
      </trkpt>
      <trkpt lat="40.883272" lon="15.442942">
        <ele>367.1</ele>
      </trkpt>
      <trkpt lat="40.883479" lon="15.443653">
        <ele>367.7</ele>
      </trkpt>
      <trkpt lat="40.883685" lon="15.444363">
        <ele>370.7</ele>
      </trkpt>
      <trkpt lat="40.883937" lon="15.444825">
        <ele>367.5</ele>
      </trkpt>
      <trkpt lat="40.88418" lon="15.445383">
        <ele>363.7</ele>
      </trkpt>
      <trkpt lat="40.884452" lon="15.446018">
        <ele>362.3</ele>
      </trkpt>
      <trkpt lat="40.884661" lon="15.44649">
        <ele>359.8</ele>
      </trkpt>
      <trkpt lat="40.88487" lon="15.447088">
        <ele>357.2</ele>
      </trkpt>
      <trkpt lat="40.885016" lon="15.447443">
        <ele>354.9</ele>
      </trkpt>
      <trkpt lat="40.88505" lon="15.44742">
        <ele>354.8</ele>
      </trkpt>
      <trkpt lat="40.88508" lon="15.44751">
        <ele>354.9</ele>
      </trkpt>
      <trkpt lat="40.88535" lon="15.44836">
        <ele>356.0</ele>
      </trkpt>
      <trkpt lat="40.88561" lon="15.44922">
        <ele>355.6</ele>
      </trkpt>
      <trkpt lat="40.8857" lon="15.44951">
        <ele>355.6</ele>
      </trkpt>
      <trkpt lat="40.885779" lon="15.44978">
        <ele>355.7</ele>
      </trkpt>
      <trkpt lat="40.88586" lon="15.45004">
        <ele>356.1</ele>
      </trkpt>
      <trkpt lat="40.88602" lon="15.45058">
        <ele>357.6</ele>
      </trkpt>
      <trkpt lat="40.88614" lon="15.45104">
        <ele>357.8</ele>
      </trkpt>
      <trkpt lat="40.8862" lon="15.4513">
        <ele>357.5</ele>
      </trkpt>
      <trkpt lat="40.88624" lon="15.45158">
        <ele>357.5</ele>
      </trkpt>
      <trkpt lat="40.88626" lon="15.45179">
        <ele>356.8</ele>
      </trkpt>
      <trkpt lat="40.88627" lon="15.452">
        <ele>355.8</ele>
      </trkpt>
      <trkpt lat="40.88628" lon="15.45225">
        <ele>354.7</ele>
      </trkpt>
      <trkpt lat="40.88627" lon="15.45262">
        <ele>353.8</ele>
      </trkpt>
      <trkpt lat="40.88626" lon="15.45288">
        <ele>353.7</ele>
      </trkpt>
      <trkpt lat="40.88624" lon="15.45326">
        <ele>353.6</ele>
      </trkpt>
      <trkpt lat="40.88623" lon="15.45338">
        <ele>353.6</ele>
      </trkpt>
      <trkpt lat="40.88621" lon="15.45378">
        <ele>354.0</ele>
      </trkpt>
      <trkpt lat="40.88619" lon="15.45418">
        <ele>354.5</ele>
      </trkpt>
      <trkpt lat="40.886159" lon="15.45463">
        <ele>353.5</ele>
      </trkpt>
      <trkpt lat="40.88609" lon="15.45578">
        <ele>351.9</ele>
      </trkpt>
      <trkpt lat="40.88602" lon="15.4571">
        <ele>351.0</ele>
      </trkpt>
      <trkpt lat="40.88597" lon="15.45811">
        <ele>351.6</ele>
      </trkpt>
      <trkpt lat="40.88594" lon="15.45868">
        <ele>351.8</ele>
      </trkpt>
      <trkpt lat="40.88587" lon="15.45979">
        <ele>351.8</ele>
      </trkpt>
      <trkpt lat="40.88587" lon="15.45993">
        <ele>351.8</ele>
      </trkpt>
      <trkpt lat="40.88587" lon="15.45999">
        <ele>351.8</ele>
      </trkpt>
      <trkpt lat="40.88588" lon="15.46009">
        <ele>352.6</ele>
      </trkpt>
      <trkpt lat="40.88592" lon="15.46029">
        <ele>354.4</ele>
      </trkpt>
      <trkpt lat="40.88599" lon="15.46055">
        <ele>356.1</ele>
      </trkpt>
      <trkpt lat="40.88621" lon="15.4612">
        <ele>358.1</ele>
      </trkpt>
      <trkpt lat="40.88638" lon="15.46174">
        <ele>358.3</ele>
      </trkpt>
      <trkpt lat="40.886539" lon="15.46224">
        <ele>358.2</ele>
      </trkpt>
      <trkpt lat="40.88665" lon="15.46257">
        <ele>358.0</ele>
      </trkpt>
      <trkpt lat="40.88676" lon="15.46296">
        <ele>359.2</ele>
      </trkpt>
      <trkpt lat="40.8868" lon="15.46316">
        <ele>360.0</ele>
      </trkpt>
      <trkpt lat="40.886809" lon="15.46326">
        <ele>360.5</ele>
      </trkpt>
      <trkpt lat="40.8868" lon="15.46343">
        <ele>361.0</ele>
      </trkpt>
      <trkpt lat="40.88676" lon="15.46363">
        <ele>361.3</ele>
      </trkpt>
      <trkpt lat="40.88673" lon="15.46374">
        <ele>361.7</ele>
      </trkpt>
      <trkpt lat="40.88669" lon="15.46388">
        <ele>362.2</ele>
      </trkpt>
      <trkpt lat="40.88646" lon="15.46431">
        <ele>365.7</ele>
      </trkpt>
      <trkpt lat="40.88611" lon="15.46499">
        <ele>367.8</ele>
      </trkpt>
      <trkpt lat="40.88608" lon="15.46505">
        <ele>368.1</ele>
      </trkpt>
      <trkpt lat="40.88587" lon="15.46545">
        <ele>369.5</ele>
      </trkpt>
      <trkpt lat="40.88558" lon="15.466">
        <ele>367.5</ele>
      </trkpt>
      <trkpt lat="40.88546" lon="15.46626">
        <ele>365.8</ele>
      </trkpt>
      <trkpt lat="40.88542" lon="15.46636">
        <ele>365.1</ele>
      </trkpt>
      <trkpt lat="40.88541" lon="15.46648">
        <ele>364.1</ele>
      </trkpt>
      <trkpt lat="40.88542" lon="15.46659">
        <ele>363.1</ele>
      </trkpt>
      <trkpt lat="40.88544" lon="15.46666">
        <ele>362.5</ele>
      </trkpt>
      <trkpt lat="40.88548" lon="15.46672">
        <ele>362.2</ele>
      </trkpt>
      <trkpt lat="40.88556" lon="15.46686">
        <ele>361.6</ele>
      </trkpt>
      <trkpt lat="40.88556" lon="15.46686">
        <ele>361.6</ele>
      </trkpt>
      <trkpt lat="40.88543" lon="15.46697">
        <ele>361.9</ele>
      </trkpt>
      <trkpt lat="40.8854" lon="15.46699">
        <ele>362.0</ele>
      </trkpt>
      <trkpt lat="40.88535" lon="15.46701">
        <ele>362.2</ele>
      </trkpt>
      <trkpt lat="40.8853" lon="15.46703">
        <ele>362.3</ele>
      </trkpt>
      <trkpt lat="40.88425" lon="15.46722">
        <ele>366.9</ele>
      </trkpt>
      <trkpt lat="40.8836" lon="15.46733">
        <ele>369.4</ele>
      </trkpt>
      <trkpt lat="40.88328" lon="15.46738">
        <ele>370.5</ele>
      </trkpt>
      <trkpt lat="40.88301" lon="15.4674">
        <ele>372.1</ele>
      </trkpt>
      <trkpt lat="40.88293" lon="15.46741">
        <ele>372.5</ele>
      </trkpt>
      <trkpt lat="40.88285" lon="15.46743">
        <ele>372.8</ele>
      </trkpt>
      <trkpt lat="40.88279" lon="15.46746">
        <ele>372.8</ele>
      </trkpt>
      <trkpt lat="40.88272" lon="15.46749">
        <ele>372.8</ele>
      </trkpt>
      <trkpt lat="40.88265" lon="15.46753">
        <ele>373.0</ele>
      </trkpt>
      <trkpt lat="40.88258" lon="15.46757">
        <ele>373.4</ele>
      </trkpt>
      <trkpt lat="40.88237" lon="15.46779">
        <ele>374.2</ele>
      </trkpt>
      <trkpt lat="40.88233" lon="15.46783">
        <ele>374.4</ele>
      </trkpt>
      <trkpt lat="40.88229" lon="15.46785">
        <ele>374.6</ele>
      </trkpt>
      <trkpt lat="40.88226" lon="15.46787">
        <ele>374.7</ele>
      </trkpt>
      <trkpt lat="40.882219" lon="15.46789">
        <ele>374.9</ele>
      </trkpt>
      <trkpt lat="40.88218" lon="15.46791">
        <ele>375.1</ele>
      </trkpt>
      <trkpt lat="40.88215" lon="15.46793">
        <ele>375.3</ele>
      </trkpt>
      <trkpt lat="40.88198" lon="15.46798">
        <ele>376.1</ele>
      </trkpt>
      <trkpt lat="40.88194" lon="15.468">
        <ele>376.3</ele>
      </trkpt>
      <trkpt lat="40.8819" lon="15.46802">
        <ele>376.4</ele>
      </trkpt>
      <trkpt lat="40.88164" lon="15.46819">
        <ele>377.0</ele>
      </trkpt>
      <trkpt lat="40.88151" lon="15.46828">
        <ele>377.1</ele>
      </trkpt>
      <trkpt lat="40.88144" lon="15.46833">
        <ele>377.1</ele>
      </trkpt>
      <trkpt lat="40.88142" lon="15.46834">
        <ele>377.2</ele>
      </trkpt>
      <trkpt lat="40.88138" lon="15.46835">
        <ele>377.5</ele>
      </trkpt>
      <trkpt lat="40.88135" lon="15.46835">
        <ele>377.7</ele>
      </trkpt>
      <trkpt lat="40.88133" lon="15.46834">
        <ele>377.7</ele>
      </trkpt>
      <trkpt lat="40.88111" lon="15.46824">
        <ele>379.2</ele>
      </trkpt>
      <trkpt lat="40.88102" lon="15.46821">
        <ele>379.7</ele>
      </trkpt>
      <trkpt lat="40.88099" lon="15.46819">
        <ele>380.0</ele>
      </trkpt>
      <trkpt lat="40.88095" lon="15.46818">
        <ele>380.2</ele>
      </trkpt>
      <trkpt lat="40.88079" lon="15.46815">
        <ele>380.9</ele>
      </trkpt>
      <trkpt lat="40.88075" lon="15.46813">
        <ele>381.1</ele>
      </trkpt>
      <trkpt lat="40.8807" lon="15.46811">
        <ele>381.3</ele>
      </trkpt>
      <trkpt lat="40.88065" lon="15.46807">
        <ele>381.6</ele>
      </trkpt>
      <trkpt lat="40.88061" lon="15.46804">
        <ele>381.8</ele>
      </trkpt>
      <trkpt lat="40.88058" lon="15.46801">
        <ele>382.0</ele>
      </trkpt>
      <trkpt lat="40.88053" lon="15.46794">
        <ele>382.4</ele>
      </trkpt>
      <trkpt lat="40.88023" lon="15.46752">
        <ele>385.3</ele>
      </trkpt>
      <trkpt lat="40.88019" lon="15.46746">
        <ele>386.0</ele>
      </trkpt>
      <trkpt lat="40.88015" lon="15.46742">
        <ele>386.6</ele>
      </trkpt>
      <trkpt lat="40.88011" lon="15.46738">
        <ele>387.2</ele>
      </trkpt>
      <trkpt lat="40.88005" lon="15.46735">
        <ele>387.7</ele>
      </trkpt>
      <trkpt lat="40.88" lon="15.46732">
        <ele>388.2</ele>
      </trkpt>
      <trkpt lat="40.879959" lon="15.46731">
        <ele>388.6</ele>
      </trkpt>
      <trkpt lat="40.8799" lon="15.4673">
        <ele>389.2</ele>
      </trkpt>
      <trkpt lat="40.87984" lon="15.46729">
        <ele>389.8</ele>
      </trkpt>
      <trkpt lat="40.8798" lon="15.4673">
        <ele>390.0</ele>
      </trkpt>
      <trkpt lat="40.87976" lon="15.46731">
        <ele>390.2</ele>
      </trkpt>
      <trkpt lat="40.87973" lon="15.46733">
        <ele>390.2</ele>
      </trkpt>
      <trkpt lat="40.87971" lon="15.46736">
        <ele>389.9</ele>
      </trkpt>
      <trkpt lat="40.879689" lon="15.46738">
        <ele>389.8</ele>
      </trkpt>
      <trkpt lat="40.87968" lon="15.46741">
        <ele>389.4</ele>
      </trkpt>
      <trkpt lat="40.87967" lon="15.46744">
        <ele>389.2</ele>
      </trkpt>
      <trkpt lat="40.87964" lon="15.4676">
        <ele>388.0</ele>
      </trkpt>
      <trkpt lat="40.87962" lon="15.46768">
        <ele>387.8</ele>
      </trkpt>
      <trkpt lat="40.8796" lon="15.46773">
        <ele>387.6</ele>
      </trkpt>
      <trkpt lat="40.87958" lon="15.46777">
        <ele>387.6</ele>
      </trkpt>
      <trkpt lat="40.87956" lon="15.4678">
        <ele>387.6</ele>
      </trkpt>
      <trkpt lat="40.87954" lon="15.46782">
        <ele>387.6</ele>
      </trkpt>
      <trkpt lat="40.87951" lon="15.46784">
        <ele>387.7</ele>
      </trkpt>
      <trkpt lat="40.87945" lon="15.46786">
        <ele>388.1</ele>
      </trkpt>
      <trkpt lat="40.87927" lon="15.46792">
        <ele>389.2</ele>
      </trkpt>
      <trkpt lat="40.87886" lon="15.46804">
        <ele>393.2</ele>
      </trkpt>
      <trkpt lat="40.87883" lon="15.46805">
        <ele>393.4</ele>
      </trkpt>
      <trkpt lat="40.8788" lon="15.46807">
        <ele>393.8</ele>
      </trkpt>
      <trkpt lat="40.87877" lon="15.46809">
        <ele>394.0</ele>
      </trkpt>
      <trkpt lat="40.87848" lon="15.46829">
        <ele>395.8</ele>
      </trkpt>
      <trkpt lat="40.87845" lon="15.46831">
        <ele>395.9</ele>
      </trkpt>
      <trkpt lat="40.87842" lon="15.46832">
        <ele>396.2</ele>
      </trkpt>
      <trkpt lat="40.8784" lon="15.46832">
        <ele>396.4</ele>
      </trkpt>
      <trkpt lat="40.87835" lon="15.46833">
        <ele>396.9</ele>
      </trkpt>
      <trkpt lat="40.87829" lon="15.46837">
        <ele>397.4</ele>
      </trkpt>
      <trkpt lat="40.87791" lon="15.46869">
        <ele>401.3</ele>
      </trkpt>
      <trkpt lat="40.877899" lon="15.4687">
        <ele>401.4</ele>
      </trkpt>
      <trkpt lat="40.87789" lon="15.46871">
        <ele>401.6</ele>
      </trkpt>
      <trkpt lat="40.87789" lon="15.46872">
        <ele>401.6</ele>
      </trkpt>
      <trkpt lat="40.87789" lon="15.46874">
        <ele>401.6</ele>
      </trkpt>
      <trkpt lat="40.87788" lon="15.46887">
        <ele>401.3</ele>
      </trkpt>
      <trkpt lat="40.87788" lon="15.46889">
        <ele>401.3</ele>
      </trkpt>
      <trkpt lat="40.87788" lon="15.46891">
        <ele>401.3</ele>
      </trkpt>
      <trkpt lat="40.87789" lon="15.46893">
        <ele>401.1</ele>
      </trkpt>
      <trkpt lat="40.877899" lon="15.46895">
        <ele>401.1</ele>
      </trkpt>
      <trkpt lat="40.87809" lon="15.46929">
        <ele>398.8</ele>
      </trkpt>
      <trkpt lat="40.87811" lon="15.46935">
        <ele>398.7</ele>
      </trkpt>
      <trkpt lat="40.87814" lon="15.4694">
        <ele>398.4</ele>
      </trkpt>
      <trkpt lat="40.87815" lon="15.46943">
        <ele>398.4</ele>
      </trkpt>
      <trkpt lat="40.87815" lon="15.46946">
        <ele>398.4</ele>
      </trkpt>
      <trkpt lat="40.87815" lon="15.46948">
        <ele>398.4</ele>
      </trkpt>
      <trkpt lat="40.87815" lon="15.4695">
        <ele>398.5</ele>
      </trkpt>
      <trkpt lat="40.87815" lon="15.46953">
        <ele>398.5</ele>
      </trkpt>
      <trkpt lat="40.87814" lon="15.46955">
        <ele>398.7</ele>
      </trkpt>
      <trkpt lat="40.87813" lon="15.46957">
        <ele>398.8</ele>
      </trkpt>
      <trkpt lat="40.87791" lon="15.46991">
        <ele>401.9</ele>
      </trkpt>
      <trkpt lat="40.87787" lon="15.46998">
        <ele>402.5</ele>
      </trkpt>
      <trkpt lat="40.87783" lon="15.47003">
        <ele>402.9</ele>
      </trkpt>
      <trkpt lat="40.8778" lon="15.47007">
        <ele>403.1</ele>
      </trkpt>
      <trkpt lat="40.87778" lon="15.47011">
        <ele>403.1</ele>
      </trkpt>
      <trkpt lat="40.87758" lon="15.47029">
        <ele>404.4</ele>
      </trkpt>
      <trkpt lat="40.87753" lon="15.47034">
        <ele>404.6</ele>
      </trkpt>
      <trkpt lat="40.8775" lon="15.47037">
        <ele>404.8</ele>
      </trkpt>
      <trkpt lat="40.87748" lon="15.47039">
        <ele>405.0</ele>
      </trkpt>
      <trkpt lat="40.87746" lon="15.47043">
        <ele>405.1</ele>
      </trkpt>
      <trkpt lat="40.87745" lon="15.47046">
        <ele>405.1</ele>
      </trkpt>
      <trkpt lat="40.87738" lon="15.47062">
        <ele>405.4</ele>
      </trkpt>
      <trkpt lat="40.87737" lon="15.47064">
        <ele>405.6</ele>
      </trkpt>
      <trkpt lat="40.87736" lon="15.47065">
        <ele>405.8</ele>
      </trkpt>
      <trkpt lat="40.8773" lon="15.47072">
        <ele>406.5</ele>
      </trkpt>
      <trkpt lat="40.87729" lon="15.47073">
        <ele>406.6</ele>
      </trkpt>
      <trkpt lat="40.87728" lon="15.47075">
        <ele>406.7</ele>
      </trkpt>
      <trkpt lat="40.87718" lon="15.47095">
        <ele>407.9</ele>
      </trkpt>
      <trkpt lat="40.87704" lon="15.47119">
        <ele>409.6</ele>
      </trkpt>
      <trkpt lat="40.87703" lon="15.47121">
        <ele>409.6</ele>
      </trkpt>
      <trkpt lat="40.87702" lon="15.47123">
        <ele>409.7</ele>
      </trkpt>
      <trkpt lat="40.87702" lon="15.47124">
        <ele>409.7</ele>
      </trkpt>
      <trkpt lat="40.87701" lon="15.47126">
        <ele>409.7</ele>
      </trkpt>
      <trkpt lat="40.87701" lon="15.47128">
        <ele>409.6</ele>
      </trkpt>
      <trkpt lat="40.87701" lon="15.47132">
        <ele>409.4</ele>
      </trkpt>
      <trkpt lat="40.87701" lon="15.47128">
        <ele>409.6</ele>
      </trkpt>
      <trkpt lat="40.87701" lon="15.47126">
        <ele>409.7</ele>
      </trkpt>
      <trkpt lat="40.87702" lon="15.47124">
        <ele>409.7</ele>
      </trkpt>
      <trkpt lat="40.87702" lon="15.47123">
        <ele>409.7</ele>
      </trkpt>
      <trkpt lat="40.87703" lon="15.47121">
        <ele>409.6</ele>
      </trkpt>
      <trkpt lat="40.87704" lon="15.47119">
        <ele>409.6</ele>
      </trkpt>
      <trkpt lat="40.87718" lon="15.47095">
        <ele>407.9</ele>
      </trkpt>
      <trkpt lat="40.87728" lon="15.47075">
        <ele>406.7</ele>
      </trkpt>
      <trkpt lat="40.87729" lon="15.47073">
        <ele>406.6</ele>
      </trkpt>
      <trkpt lat="40.8773" lon="15.47072">
        <ele>406.5</ele>
      </trkpt>
      <trkpt lat="40.87736" lon="15.47065">
        <ele>405.8</ele>
      </trkpt>
      <trkpt lat="40.87737" lon="15.47064">
        <ele>405.6</ele>
      </trkpt>
      <trkpt lat="40.87738" lon="15.47062">
        <ele>405.4</ele>
      </trkpt>
      <trkpt lat="40.87745" lon="15.47046">
        <ele>405.1</ele>
      </trkpt>
      <trkpt lat="40.87746" lon="15.47043">
        <ele>405.1</ele>
      </trkpt>
      <trkpt lat="40.87748" lon="15.47039">
        <ele>405.0</ele>
      </trkpt>
      <trkpt lat="40.8775" lon="15.47037">
        <ele>404.8</ele>
      </trkpt>
      <trkpt lat="40.87753" lon="15.47034">
        <ele>404.6</ele>
      </trkpt>
      <trkpt lat="40.87758" lon="15.47029">
        <ele>404.4</ele>
      </trkpt>
      <trkpt lat="40.87778" lon="15.47011">
        <ele>403.1</ele>
      </trkpt>
      <trkpt lat="40.8778" lon="15.47007">
        <ele>403.1</ele>
      </trkpt>
      <trkpt lat="40.87783" lon="15.47003">
        <ele>402.9</ele>
      </trkpt>
      <trkpt lat="40.87787" lon="15.46998">
        <ele>402.5</ele>
      </trkpt>
      <trkpt lat="40.87813" lon="15.46957">
        <ele>398.8</ele>
      </trkpt>
      <trkpt lat="40.87814" lon="15.46955">
        <ele>398.7</ele>
      </trkpt>
      <trkpt lat="40.87815" lon="15.46953">
        <ele>398.5</ele>
      </trkpt>
      <trkpt lat="40.87815" lon="15.4695">
        <ele>398.5</ele>
      </trkpt>
      <trkpt lat="40.87815" lon="15.46948">
        <ele>398.4</ele>
      </trkpt>
      <trkpt lat="40.87815" lon="15.46946">
        <ele>398.4</ele>
      </trkpt>
      <trkpt lat="40.87815" lon="15.46943">
        <ele>398.4</ele>
      </trkpt>
      <trkpt lat="40.87814" lon="15.4694">
        <ele>398.4</ele>
      </trkpt>
      <trkpt lat="40.87811" lon="15.46935">
        <ele>398.7</ele>
      </trkpt>
      <trkpt lat="40.87809" lon="15.46929">
        <ele>398.8</ele>
      </trkpt>
      <trkpt lat="40.877899" lon="15.46895">
        <ele>401.1</ele>
      </trkpt>
      <trkpt lat="40.87789" lon="15.46893">
        <ele>401.1</ele>
      </trkpt>
      <trkpt lat="40.87788" lon="15.46891">
        <ele>401.3</ele>
      </trkpt>
      <trkpt lat="40.87788" lon="15.46889">
        <ele>401.3</ele>
      </trkpt>
      <trkpt lat="40.87788" lon="15.46887">
        <ele>401.3</ele>
      </trkpt>
      <trkpt lat="40.87789" lon="15.46874">
        <ele>401.6</ele>
      </trkpt>
      <trkpt lat="40.87789" lon="15.46872">
        <ele>401.6</ele>
      </trkpt>
      <trkpt lat="40.87789" lon="15.46871">
        <ele>401.6</ele>
      </trkpt>
      <trkpt lat="40.877899" lon="15.4687">
        <ele>401.4</ele>
      </trkpt>
      <trkpt lat="40.87791" lon="15.46869">
        <ele>401.3</ele>
      </trkpt>
      <trkpt lat="40.87829" lon="15.46837">
        <ele>397.4</ele>
      </trkpt>
      <trkpt lat="40.87835" lon="15.46833">
        <ele>396.9</ele>
      </trkpt>
      <trkpt lat="40.8784" lon="15.46832">
        <ele>396.4</ele>
      </trkpt>
      <trkpt lat="40.87842" lon="15.46832">
        <ele>396.2</ele>
      </trkpt>
      <trkpt lat="40.87845" lon="15.46831">
        <ele>395.9</ele>
      </trkpt>
      <trkpt lat="40.87848" lon="15.46829">
        <ele>395.8</ele>
      </trkpt>
      <trkpt lat="40.87853" lon="15.46826">
        <ele>395.4</ele>
      </trkpt>
      <trkpt lat="40.87853" lon="15.46825">
        <ele>395.6</ele>
      </trkpt>
      <trkpt lat="40.87877" lon="15.46809">
        <ele>394.0</ele>
      </trkpt>
      <trkpt lat="40.8788" lon="15.46807">
        <ele>393.8</ele>
      </trkpt>
      <trkpt lat="40.87883" lon="15.46805">
        <ele>393.4</ele>
      </trkpt>
      <trkpt lat="40.87886" lon="15.46804">
        <ele>393.2</ele>
      </trkpt>
      <trkpt lat="40.87927" lon="15.46792">
        <ele>389.2</ele>
      </trkpt>
      <trkpt lat="40.87945" lon="15.46786">
        <ele>388.1</ele>
      </trkpt>
      <trkpt lat="40.87951" lon="15.46784">
        <ele>387.7</ele>
      </trkpt>
      <trkpt lat="40.87954" lon="15.46782">
        <ele>387.6</ele>
      </trkpt>
      <trkpt lat="40.87956" lon="15.4678">
        <ele>387.6</ele>
      </trkpt>
      <trkpt lat="40.87958" lon="15.46777">
        <ele>387.6</ele>
      </trkpt>
      <trkpt lat="40.8796" lon="15.46773">
        <ele>387.6</ele>
      </trkpt>
      <trkpt lat="40.87962" lon="15.46768">
        <ele>387.8</ele>
      </trkpt>
      <trkpt lat="40.87964" lon="15.4676">
        <ele>388.0</ele>
      </trkpt>
      <trkpt lat="40.87967" lon="15.46744">
        <ele>389.2</ele>
      </trkpt>
      <trkpt lat="40.87968" lon="15.46741">
        <ele>389.4</ele>
      </trkpt>
      <trkpt lat="40.879689" lon="15.46738">
        <ele>389.8</ele>
      </trkpt>
      <trkpt lat="40.87971" lon="15.46736">
        <ele>389.9</ele>
      </trkpt>
      <trkpt lat="40.87973" lon="15.46733">
        <ele>390.2</ele>
      </trkpt>
      <trkpt lat="40.87976" lon="15.46731">
        <ele>390.2</ele>
      </trkpt>
      <trkpt lat="40.8798" lon="15.4673">
        <ele>390.0</ele>
      </trkpt>
      <trkpt lat="40.87984" lon="15.46729">
        <ele>389.8</ele>
      </trkpt>
      <trkpt lat="40.8799" lon="15.4673">
        <ele>389.2</ele>
      </trkpt>
      <trkpt lat="40.879959" lon="15.46731">
        <ele>388.6</ele>
      </trkpt>
      <trkpt lat="40.88" lon="15.46732">
        <ele>388.2</ele>
      </trkpt>
      <trkpt lat="40.88005" lon="15.46735">
        <ele>387.7</ele>
      </trkpt>
      <trkpt lat="40.88011" lon="15.46738">
        <ele>387.2</ele>
      </trkpt>
      <trkpt lat="40.88015" lon="15.46742">
        <ele>386.6</ele>
      </trkpt>
      <trkpt lat="40.88019" lon="15.46746">
        <ele>386.0</ele>
      </trkpt>
      <trkpt lat="40.88023" lon="15.46752">
        <ele>385.3</ele>
      </trkpt>
      <trkpt lat="40.88053" lon="15.46794">
        <ele>382.4</ele>
      </trkpt>
      <trkpt lat="40.88058" lon="15.46801">
        <ele>382.0</ele>
      </trkpt>
      <trkpt lat="40.88061" lon="15.46804">
        <ele>381.8</ele>
      </trkpt>
      <trkpt lat="40.88065" lon="15.46807">
        <ele>381.6</ele>
      </trkpt>
      <trkpt lat="40.8807" lon="15.46811">
        <ele>381.3</ele>
      </trkpt>
      <trkpt lat="40.88075" lon="15.46813">
        <ele>381.1</ele>
      </trkpt>
      <trkpt lat="40.88079" lon="15.46815">
        <ele>380.9</ele>
      </trkpt>
      <trkpt lat="40.88095" lon="15.46818">
        <ele>380.2</ele>
      </trkpt>
      <trkpt lat="40.88099" lon="15.46819">
        <ele>380.0</ele>
      </trkpt>
      <trkpt lat="40.88102" lon="15.46821">
        <ele>379.7</ele>
      </trkpt>
      <trkpt lat="40.88133" lon="15.46834">
        <ele>377.7</ele>
      </trkpt>
      <trkpt lat="40.88135" lon="15.46835">
        <ele>377.7</ele>
      </trkpt>
      <trkpt lat="40.88138" lon="15.46835">
        <ele>377.5</ele>
      </trkpt>
      <trkpt lat="40.88142" lon="15.46834">
        <ele>377.2</ele>
      </trkpt>
      <trkpt lat="40.88144" lon="15.46833">
        <ele>377.1</ele>
      </trkpt>
      <trkpt lat="40.88151" lon="15.46828">
        <ele>377.1</ele>
      </trkpt>
      <trkpt lat="40.88164" lon="15.46819">
        <ele>377.0</ele>
      </trkpt>
      <trkpt lat="40.8819" lon="15.46802">
        <ele>376.4</ele>
      </trkpt>
      <trkpt lat="40.88194" lon="15.468">
        <ele>376.3</ele>
      </trkpt>
      <trkpt lat="40.88198" lon="15.46798">
        <ele>376.1</ele>
      </trkpt>
      <trkpt lat="40.88215" lon="15.46793">
        <ele>375.3</ele>
      </trkpt>
      <trkpt lat="40.88218" lon="15.46791">
        <ele>375.1</ele>
      </trkpt>
      <trkpt lat="40.882219" lon="15.46789">
        <ele>374.9</ele>
      </trkpt>
      <trkpt lat="40.88226" lon="15.46787">
        <ele>374.7</ele>
      </trkpt>
      <trkpt lat="40.88229" lon="15.46785">
        <ele>374.6</ele>
      </trkpt>
      <trkpt lat="40.88233" lon="15.46783">
        <ele>374.4</ele>
      </trkpt>
      <trkpt lat="40.88237" lon="15.46779">
        <ele>374.2</ele>
      </trkpt>
      <trkpt lat="40.88258" lon="15.46757">
        <ele>373.4</ele>
      </trkpt>
      <trkpt lat="40.88265" lon="15.46753">
        <ele>373.0</ele>
      </trkpt>
      <trkpt lat="40.88272" lon="15.46749">
        <ele>372.8</ele>
      </trkpt>
      <trkpt lat="40.88279" lon="15.46746">
        <ele>372.8</ele>
      </trkpt>
      <trkpt lat="40.88285" lon="15.46743">
        <ele>372.8</ele>
      </trkpt>
      <trkpt lat="40.88293" lon="15.46741">
        <ele>372.5</ele>
      </trkpt>
      <trkpt lat="40.88301" lon="15.4674">
        <ele>372.1</ele>
      </trkpt>
      <trkpt lat="40.88328" lon="15.46738">
        <ele>370.5</ele>
      </trkpt>
      <trkpt lat="40.8836" lon="15.46733">
        <ele>369.4</ele>
      </trkpt>
      <trkpt lat="40.8853" lon="15.46703">
        <ele>362.3</ele>
      </trkpt>
      <trkpt lat="40.88535" lon="15.46701">
        <ele>362.2</ele>
      </trkpt>
      <trkpt lat="40.8854" lon="15.46699">
        <ele>362.0</ele>
      </trkpt>
      <trkpt lat="40.88543" lon="15.46697">
        <ele>361.9</ele>
      </trkpt>
      <trkpt lat="40.88556" lon="15.46686">
        <ele>361.6</ele>
      </trkpt>
      <trkpt lat="40.88556" lon="15.46686">
        <ele>361.6</ele>
      </trkpt>
      <trkpt lat="40.88568" lon="15.467">
        <ele>360.8</ele>
      </trkpt>
      <trkpt lat="40.88579" lon="15.4671">
        <ele>360.1</ele>
      </trkpt>
      <trkpt lat="40.88592" lon="15.46723">
        <ele>359.2</ele>
      </trkpt>
      <trkpt lat="40.88613" lon="15.46742">
        <ele>357.2</ele>
      </trkpt>
      <trkpt lat="40.88652" lon="15.4678">
        <ele>354.5</ele>
      </trkpt>
      <trkpt lat="40.886719" lon="15.468">
        <ele>353.9</ele>
      </trkpt>
      <trkpt lat="40.88682" lon="15.46811">
        <ele>353.6</ele>
      </trkpt>
      <trkpt lat="40.88691" lon="15.46823">
        <ele>353.4</ele>
      </trkpt>
      <trkpt lat="40.88695" lon="15.46834">
        <ele>353.4</ele>
      </trkpt>
      <trkpt lat="40.88697" lon="15.46848">
        <ele>354.3</ele>
      </trkpt>
      <trkpt lat="40.88699" lon="15.46861">
        <ele>355.2</ele>
      </trkpt>
      <trkpt lat="40.88699" lon="15.46873">
        <ele>356.1</ele>
      </trkpt>
      <trkpt lat="40.88699" lon="15.46873">
        <ele>356.1</ele>
      </trkpt>
      <trkpt lat="40.88694" lon="15.46891">
        <ele>358.0</ele>
      </trkpt>
      <trkpt lat="40.88692" lon="15.46895">
        <ele>358.5</ele>
      </trkpt>
      <trkpt lat="40.88692" lon="15.46899">
        <ele>358.8</ele>
      </trkpt>
      <trkpt lat="40.88685" lon="15.46958">
        <ele>365.5</ele>
      </trkpt>
      <trkpt lat="40.88684" lon="15.46968">
        <ele>366.8</ele>
      </trkpt>
      <trkpt lat="40.88682" lon="15.46977">
        <ele>368.1</ele>
      </trkpt>
      <trkpt lat="40.88679" lon="15.46987">
        <ele>369.6</ele>
      </trkpt>
      <trkpt lat="40.88664" lon="15.47025">
        <ele>377.2</ele>
      </trkpt>
      <trkpt lat="40.88662" lon="15.4703">
        <ele>378.1</ele>
      </trkpt>
      <trkpt lat="40.88659" lon="15.47037">
        <ele>379.3</ele>
      </trkpt>
      <trkpt lat="40.88655" lon="15.47044">
        <ele>380.6</ele>
      </trkpt>
      <trkpt lat="40.88651" lon="15.47048">
        <ele>381.4</ele>
      </trkpt>
      <trkpt lat="40.88643" lon="15.47056">
        <ele>383.0</ele>
      </trkpt>
      <trkpt lat="40.88617" lon="15.47082">
        <ele>388.5</ele>
      </trkpt>
      <trkpt lat="40.88597" lon="15.47098">
        <ele>392.4</ele>
      </trkpt>
      <trkpt lat="40.88589" lon="15.47104">
        <ele>393.9</ele>
      </trkpt>
      <trkpt lat="40.88555" lon="15.47124">
        <ele>398.1</ele>
      </trkpt>
      <trkpt lat="40.88546" lon="15.4713">
        <ele>399.1</ele>
      </trkpt>
      <trkpt lat="40.88537" lon="15.47137">
        <ele>400.4</ele>
      </trkpt>
      <trkpt lat="40.8853" lon="15.47143">
        <ele>401.3</ele>
      </trkpt>
      <trkpt lat="40.885219" lon="15.47149">
        <ele>402.4</ele>
      </trkpt>
      <trkpt lat="40.88515" lon="15.47155">
        <ele>403.3</ele>
      </trkpt>
      <trkpt lat="40.88507" lon="15.47164">
        <ele>404.7</ele>
      </trkpt>
      <trkpt lat="40.885" lon="15.47173">
        <ele>405.9</ele>
      </trkpt>
      <trkpt lat="40.88496" lon="15.47181">
        <ele>407.3</ele>
      </trkpt>
      <trkpt lat="40.88491" lon="15.47191">
        <ele>409.1</ele>
      </trkpt>
      <trkpt lat="40.88487" lon="15.47203">
        <ele>411.1</ele>
      </trkpt>
      <trkpt lat="40.88456" lon="15.47287">
        <ele>423.1</ele>
      </trkpt>
      <trkpt lat="40.88454" lon="15.47293">
        <ele>423.8</ele>
      </trkpt>
      <trkpt lat="40.88452" lon="15.47297">
        <ele>424.3</ele>
      </trkpt>
      <trkpt lat="40.88447" lon="15.47304">
        <ele>425.4</ele>
      </trkpt>
      <trkpt lat="40.88441" lon="15.4731">
        <ele>426.7</ele>
      </trkpt>
      <trkpt lat="40.8843" lon="15.47319">
        <ele>428.8</ele>
      </trkpt>
      <trkpt lat="40.88401" lon="15.47338">
        <ele>434.3</ele>
      </trkpt>
      <trkpt lat="40.88357" lon="15.47371">
        <ele>440.8</ele>
      </trkpt>
      <trkpt lat="40.883339" lon="15.47388">
        <ele>443.9</ele>
      </trkpt>
      <trkpt lat="40.88323" lon="15.47396">
        <ele>445.4</ele>
      </trkpt>
      <trkpt lat="40.88302" lon="15.47406">
        <ele>448.4</ele>
      </trkpt>
      <trkpt lat="40.88293" lon="15.47411">
        <ele>449.7</ele>
      </trkpt>
      <trkpt lat="40.88283" lon="15.47421">
        <ele>451.1</ele>
      </trkpt>
      <trkpt lat="40.88267" lon="15.47422">
        <ele>453.4</ele>
      </trkpt>
      <trkpt lat="40.88257" lon="15.47423">
        <ele>454.8</ele>
      </trkpt>
      <trkpt lat="40.88248" lon="15.47425">
        <ele>456.0</ele>
      </trkpt>
      <trkpt lat="40.88238" lon="15.47428">
        <ele>456.6</ele>
      </trkpt>
      <trkpt lat="40.88215" lon="15.47435">
        <ele>457.9</ele>
      </trkpt>
      <trkpt lat="40.88208" lon="15.47437">
        <ele>458.3</ele>
      </trkpt>
      <trkpt lat="40.88207" lon="15.47437">
        <ele>458.3</ele>
      </trkpt>
      <trkpt lat="40.88138" lon="15.47461">
        <ele>463.6</ele>
      </trkpt>
      <trkpt lat="40.88129" lon="15.47466">
        <ele>464.5</ele>
      </trkpt>
      <trkpt lat="40.8812" lon="15.47471">
        <ele>465.4</ele>
      </trkpt>
      <trkpt lat="40.88112" lon="15.47476">
        <ele>466.2</ele>
      </trkpt>
      <trkpt lat="40.88105" lon="15.47481">
        <ele>466.8</ele>
      </trkpt>
      <trkpt lat="40.88098" lon="15.47487">
        <ele>467.6</ele>
      </trkpt>
      <trkpt lat="40.88089" lon="15.47497">
        <ele>468.4</ele>
      </trkpt>
      <trkpt lat="40.88067" lon="15.47519">
        <ele>469.3</ele>
      </trkpt>
      <trkpt lat="40.88031" lon="15.47565">
        <ele>472.4</ele>
      </trkpt>
      <trkpt lat="40.880249" lon="15.47573">
        <ele>473.3</ele>
      </trkpt>
      <trkpt lat="40.87997" lon="15.47608">
        <ele>477.4</ele>
      </trkpt>
      <trkpt lat="40.87968" lon="15.47645">
        <ele>481.4</ele>
      </trkpt>
      <trkpt lat="40.87948" lon="15.47673">
        <ele>484.2</ele>
      </trkpt>
      <trkpt lat="40.87935" lon="15.47692">
        <ele>486.5</ele>
      </trkpt>
      <trkpt lat="40.87925" lon="15.47709">
        <ele>488.3</ele>
      </trkpt>
      <trkpt lat="40.8791" lon="15.4774">
        <ele>492.0</ele>
      </trkpt>
      <trkpt lat="40.87904" lon="15.47751">
        <ele>493.5</ele>
      </trkpt>
      <trkpt lat="40.87885" lon="15.47791">
        <ele>500.2</ele>
      </trkpt>
      <trkpt lat="40.87883" lon="15.47797">
        <ele>500.9</ele>
      </trkpt>
      <trkpt lat="40.8788" lon="15.47803">
        <ele>502.0</ele>
      </trkpt>
      <trkpt lat="40.87851" lon="15.47882">
        <ele>510.9</ele>
      </trkpt>
      <trkpt lat="40.87851" lon="15.47884">
        <ele>510.9</ele>
      </trkpt>
      <trkpt lat="40.8783" lon="15.47955">
        <ele>514.4</ele>
      </trkpt>
      <trkpt lat="40.87789" lon="15.48045">
        <ele>519.1</ele>
      </trkpt>
      <trkpt lat="40.87783" lon="15.48056">
        <ele>519.8</ele>
      </trkpt>
      <trkpt lat="40.87754" lon="15.48121">
        <ele>524.0</ele>
      </trkpt>
      <trkpt lat="40.87753" lon="15.48124">
        <ele>524.1</ele>
      </trkpt>
      <trkpt lat="40.87747" lon="15.48143">
        <ele>525.3</ele>
      </trkpt>
      <trkpt lat="40.87746" lon="15.48143">
        <ele>525.4</ele>
      </trkpt>
      <trkpt lat="40.87738" lon="15.48167">
        <ele>527.2</ele>
      </trkpt>
      <trkpt lat="40.87706" lon="15.48247">
        <ele>532.9</ele>
      </trkpt>
      <trkpt lat="40.87698" lon="15.48272">
        <ele>534.2</ele>
      </trkpt>
      <trkpt lat="40.87693" lon="15.48281">
        <ele>535.0</ele>
      </trkpt>
      <trkpt lat="40.876869" lon="15.48299">
        <ele>536.0</ele>
      </trkpt>
      <trkpt lat="40.87683" lon="15.48309">
        <ele>536.6</ele>
      </trkpt>
      <trkpt lat="40.8768" lon="15.48314">
        <ele>537.0</ele>
      </trkpt>
      <trkpt lat="40.87667" lon="15.48335">
        <ele>538.9</ele>
      </trkpt>
      <trkpt lat="40.87657" lon="15.48345">
        <ele>539.6</ele>
      </trkpt>
      <trkpt lat="40.87651" lon="15.4835">
        <ele>540.0</ele>
      </trkpt>
      <trkpt lat="40.87643" lon="15.48354">
        <ele>540.7</ele>
      </trkpt>
      <trkpt lat="40.87623" lon="15.48359">
        <ele>542.7</ele>
      </trkpt>
      <trkpt lat="40.87617" lon="15.4836">
        <ele>543.3</ele>
      </trkpt>
      <trkpt lat="40.87616" lon="15.4836">
        <ele>543.4</ele>
      </trkpt>
      <trkpt lat="40.87613" lon="15.4836">
        <ele>543.7</ele>
      </trkpt>
      <trkpt lat="40.87613" lon="15.4836">
        <ele>543.7</ele>
      </trkpt>
      <trkpt lat="40.87613" lon="15.48365">
        <ele>543.4</ele>
      </trkpt>
      <trkpt lat="40.87612" lon="15.48368">
        <ele>543.3</ele>
      </trkpt>
      <trkpt lat="40.8761" lon="15.48373">
        <ele>543.2</ele>
      </trkpt>
      <trkpt lat="40.87609" lon="15.48379">
        <ele>543.0</ele>
      </trkpt>
      <trkpt lat="40.87608" lon="15.48382">
        <ele>542.9</ele>
      </trkpt>
      <trkpt lat="40.87605" lon="15.48387">
        <ele>542.9</ele>
      </trkpt>
      <trkpt lat="40.876019" lon="15.48392">
        <ele>542.9</ele>
      </trkpt>
      <trkpt lat="40.87597" lon="15.48401">
        <ele>542.8</ele>
      </trkpt>
      <trkpt lat="40.8759" lon="15.48412">
        <ele>542.7</ele>
      </trkpt>
      <trkpt lat="40.87579" lon="15.48424">
        <ele>543.4</ele>
      </trkpt>
      <trkpt lat="40.87573" lon="15.48432">
        <ele>544.0</ele>
      </trkpt>
      <trkpt lat="40.87567" lon="15.4844">
        <ele>544.7</ele>
      </trkpt>
      <trkpt lat="40.87526" lon="15.48481">
        <ele>551.1</ele>
      </trkpt>
      <trkpt lat="40.87503" lon="15.48514">
        <ele>554.4</ele>
      </trkpt>
      <trkpt lat="40.87469" lon="15.48567">
        <ele>555.6</ele>
      </trkpt>
      <trkpt lat="40.87427" lon="15.48633">
        <ele>555.1</ele>
      </trkpt>
      <trkpt lat="40.8741" lon="15.48655">
        <ele>555.1</ele>
      </trkpt>
      <trkpt lat="40.874" lon="15.48665">
        <ele>555.2</ele>
      </trkpt>
      <trkpt lat="40.87395" lon="15.48669">
        <ele>555.3</ele>
      </trkpt>
      <trkpt lat="40.87319" lon="15.4873">
        <ele>555.9</ele>
      </trkpt>
      <trkpt lat="40.87317" lon="15.48731">
        <ele>556.0</ele>
      </trkpt>
      <trkpt lat="40.87315" lon="15.48734">
        <ele>555.9</ele>
      </trkpt>
      <trkpt lat="40.87305" lon="15.48751">
        <ele>555.0</ele>
      </trkpt>
      <trkpt lat="40.873019" lon="15.48758">
        <ele>555.1</ele>
      </trkpt>
      <trkpt lat="40.873019" lon="15.4876">
        <ele>554.9</ele>
      </trkpt>
      <trkpt lat="40.87292" lon="15.48807">
        <ele>553.5</ele>
      </trkpt>
      <trkpt lat="40.87283" lon="15.48869">
        <ele>551.2</ele>
      </trkpt>
      <trkpt lat="40.87279" lon="15.4898">
        <ele>551.0</ele>
      </trkpt>
      <trkpt lat="40.87278" lon="15.48982">
        <ele>551.2</ele>
      </trkpt>
      <trkpt lat="40.87278" lon="15.48984">
        <ele>551.2</ele>
      </trkpt>
      <trkpt lat="40.87278" lon="15.48986">
        <ele>551.3</ele>
      </trkpt>
      <trkpt lat="40.87278" lon="15.48988">
        <ele>551.3</ele>
      </trkpt>
      <trkpt lat="40.87277" lon="15.48989">
        <ele>551.5</ele>
      </trkpt>
      <trkpt lat="40.87276" lon="15.48993">
        <ele>551.8</ele>
      </trkpt>
      <trkpt lat="40.87274" lon="15.48997">
        <ele>552.2</ele>
      </trkpt>
      <trkpt lat="40.87273" lon="15.48999">
        <ele>552.4</ele>
      </trkpt>
      <trkpt lat="40.87271" lon="15.49002">
        <ele>552.6</ele>
      </trkpt>
      <trkpt lat="40.8727" lon="15.49006">
        <ele>552.5</ele>
      </trkpt>
      <trkpt lat="40.87268" lon="15.49009">
        <ele>552.6</ele>
      </trkpt>
      <trkpt lat="40.87204" lon="15.49084">
        <ele>554.9</ele>
      </trkpt>
      <trkpt lat="40.87167" lon="15.49131">
        <ele>555.5</ele>
      </trkpt>
      <trkpt lat="40.87155" lon="15.49151">
        <ele>556.0</ele>
      </trkpt>
      <trkpt lat="40.87147" lon="15.49172">
        <ele>555.5</ele>
      </trkpt>
      <trkpt lat="40.8714" lon="15.492">
        <ele>553.4</ele>
      </trkpt>
      <trkpt lat="40.87133" lon="15.4922">
        <ele>552.1</ele>
      </trkpt>
      <trkpt lat="40.87129" lon="15.49227">
        <ele>551.8</ele>
      </trkpt>
      <trkpt lat="40.87116" lon="15.49244">
        <ele>551.2</ele>
      </trkpt>
      <trkpt lat="40.87051" lon="15.49312">
        <ele>544.6</ele>
      </trkpt>
      <trkpt lat="40.87027" lon="15.49347">
        <ele>540.7</ele>
      </trkpt>
      <trkpt lat="40.87004" lon="15.49399">
        <ele>537.2</ele>
      </trkpt>
      <trkpt lat="40.86998" lon="15.49411">
        <ele>536.6</ele>
      </trkpt>
      <trkpt lat="40.86977" lon="15.49471">
        <ele>532.8</ele>
      </trkpt>
      <trkpt lat="40.869729" lon="15.49478">
        <ele>532.5</ele>
      </trkpt>
      <trkpt lat="40.86969" lon="15.49483">
        <ele>532.5</ele>
      </trkpt>
      <trkpt lat="40.86965" lon="15.4949">
        <ele>532.2</ele>
      </trkpt>
      <trkpt lat="40.86962" lon="15.49501">
        <ele>531.6</ele>
      </trkpt>
      <trkpt lat="40.86958" lon="15.49511">
        <ele>531.6</ele>
      </trkpt>
      <trkpt lat="40.86948" lon="15.49572">
        <ele>530.6</ele>
      </trkpt>
      <trkpt lat="40.86944" lon="15.4959">
        <ele>530.3</ele>
      </trkpt>
      <trkpt lat="40.86943" lon="15.49593">
        <ele>530.3</ele>
      </trkpt>
      <trkpt lat="40.86941" lon="15.49596">
        <ele>530.3</ele>
      </trkpt>
      <trkpt lat="40.86937" lon="15.49601">
        <ele>530.6</ele>
      </trkpt>
      <trkpt lat="40.86932" lon="15.49608">
        <ele>530.8</ele>
      </trkpt>
      <trkpt lat="40.86923" lon="15.49617">
        <ele>531.5</ele>
      </trkpt>
      <trkpt lat="40.86911" lon="15.49631">
        <ele>532.3</ele>
      </trkpt>
      <trkpt lat="40.86874" lon="15.4967">
        <ele>533.9</ele>
      </trkpt>
      <trkpt lat="40.86842" lon="15.49699">
        <ele>536.5</ele>
      </trkpt>
      <trkpt lat="40.8684" lon="15.49702">
        <ele>536.7</ele>
      </trkpt>
      <trkpt lat="40.86829" lon="15.4972">
        <ele>538.0</ele>
      </trkpt>
      <trkpt lat="40.868229" lon="15.49733">
        <ele>538.9</ele>
      </trkpt>
      <trkpt lat="40.86813" lon="15.4977">
        <ele>540.6</ele>
      </trkpt>
      <trkpt lat="40.86811" lon="15.49786">
        <ele>541.1</ele>
      </trkpt>
      <trkpt lat="40.86794" lon="15.49912">
        <ele>547.9</ele>
      </trkpt>
      <trkpt lat="40.8678" lon="15.50027">
        <ele>552.5</ele>
      </trkpt>
      <trkpt lat="40.86774" lon="15.50058">
        <ele>553.4</ele>
      </trkpt>
      <trkpt lat="40.8677" lon="15.50081">
        <ele>553.9</ele>
      </trkpt>
      <trkpt lat="40.86765" lon="15.50096">
        <ele>553.9</ele>
      </trkpt>
      <trkpt lat="40.86761" lon="15.50107">
        <ele>553.7</ele>
      </trkpt>
      <trkpt lat="40.86755" lon="15.50116">
        <ele>554.0</ele>
      </trkpt>
      <trkpt lat="40.8675" lon="15.50123">
        <ele>554.1</ele>
      </trkpt>
      <trkpt lat="40.86742" lon="15.50131">
        <ele>554.6</ele>
      </trkpt>
      <trkpt lat="40.86723" lon="15.50144">
        <ele>556.2</ele>
      </trkpt>
      <trkpt lat="40.86699" lon="15.50162">
        <ele>558.1</ele>
      </trkpt>
      <trkpt lat="40.86654" lon="15.50189">
        <ele>562.5</ele>
      </trkpt>
      <trkpt lat="40.86637" lon="15.502">
        <ele>564.2</ele>
      </trkpt>
      <trkpt lat="40.86541" lon="15.50259">
        <ele>564.4</ele>
      </trkpt>
      <trkpt lat="40.86525" lon="15.50264">
        <ele>564.2</ele>
      </trkpt>
      <trkpt lat="40.86517" lon="15.50273">
        <ele>563.0</ele>
      </trkpt>
      <trkpt lat="40.8648" lon="15.50303">
        <ele>560.8</ele>
      </trkpt>
      <trkpt lat="40.86312" lon="15.50412">
        <ele>561.4</ele>
      </trkpt>
      <trkpt lat="40.86307" lon="15.50416">
        <ele>561.3</ele>
      </trkpt>
      <trkpt lat="40.86304" lon="15.5042">
        <ele>561.3</ele>
      </trkpt>
      <trkpt lat="40.86302" lon="15.50424">
        <ele>561.4</ele>
      </trkpt>
      <trkpt lat="40.86298" lon="15.50432">
        <ele>561.5</ele>
      </trkpt>
      <trkpt lat="40.86296" lon="15.5044">
        <ele>561.4</ele>
      </trkpt>
      <trkpt lat="40.86294" lon="15.50447">
        <ele>561.4</ele>
      </trkpt>
      <trkpt lat="40.86293" lon="15.50452">
        <ele>561.3</ele>
      </trkpt>
      <trkpt lat="40.86293" lon="15.50459">
        <ele>561.0</ele>
      </trkpt>
      <trkpt lat="40.86294" lon="15.50464">
        <ele>560.6</ele>
      </trkpt>
      <trkpt lat="40.86303" lon="15.50486">
        <ele>557.9</ele>
      </trkpt>
      <trkpt lat="40.86306" lon="15.50502">
        <ele>556.4</ele>
      </trkpt>
      <trkpt lat="40.86307" lon="15.50513">
        <ele>555.1</ele>
      </trkpt>
      <trkpt lat="40.86307" lon="15.50522">
        <ele>554.3</ele>
      </trkpt>
      <trkpt lat="40.86306" lon="15.50532">
        <ele>553.5</ele>
      </trkpt>
      <trkpt lat="40.86305" lon="15.50536">
        <ele>553.3</ele>
      </trkpt>
      <trkpt lat="40.86304" lon="15.50539">
        <ele>553.2</ele>
      </trkpt>
      <trkpt lat="40.86301" lon="15.50545">
        <ele>553.2</ele>
      </trkpt>
      <trkpt lat="40.86293" lon="15.50556">
        <ele>553.5</ele>
      </trkpt>
      <trkpt lat="40.862879" lon="15.50561">
        <ele>553.9</ele>
      </trkpt>
      <trkpt lat="40.86277" lon="15.50567">
        <ele>555.2</ele>
      </trkpt>
      <trkpt lat="40.862699" lon="15.50567">
        <ele>556.5</ele>
      </trkpt>
      <trkpt lat="40.8626" lon="15.50566">
        <ele>558.3</ele>
      </trkpt>
      <trkpt lat="40.86246" lon="15.50564">
        <ele>560.8</ele>
      </trkpt>
      <trkpt lat="40.86226" lon="15.50561">
        <ele>563.3</ele>
      </trkpt>
      <trkpt lat="40.86218" lon="15.50561">
        <ele>564.2</ele>
      </trkpt>
      <trkpt lat="40.86211" lon="15.50562">
        <ele>564.9</ele>
      </trkpt>
      <trkpt lat="40.86207" lon="15.50562">
        <ele>565.3</ele>
      </trkpt>
      <trkpt lat="40.86203" lon="15.50564">
        <ele>565.6</ele>
      </trkpt>
      <trkpt lat="40.86196" lon="15.50569">
        <ele>565.9</ele>
      </trkpt>
      <trkpt lat="40.86193" lon="15.50575">
        <ele>565.6</ele>
      </trkpt>
      <trkpt lat="40.86187" lon="15.50592">
        <ele>565.8</ele>
      </trkpt>
      <trkpt lat="40.86186" lon="15.50596">
        <ele>566.0</ele>
      </trkpt>
      <trkpt lat="40.86186" lon="15.50601">
        <ele>566.1</ele>
      </trkpt>
      <trkpt lat="40.86187" lon="15.50605">
        <ele>566.1</ele>
      </trkpt>
      <trkpt lat="40.86188" lon="15.5061">
        <ele>566.1</ele>
      </trkpt>
      <trkpt lat="40.86193" lon="15.50625">
        <ele>565.6</ele>
      </trkpt>
      <trkpt lat="40.86198" lon="15.50639">
        <ele>564.9</ele>
      </trkpt>
      <trkpt lat="40.86207" lon="15.50661">
        <ele>563.3</ele>
      </trkpt>
      <trkpt lat="40.8621" lon="15.5067">
        <ele>562.5</ele>
      </trkpt>
      <trkpt lat="40.86211" lon="15.50678">
        <ele>561.8</ele>
      </trkpt>
      <trkpt lat="40.86212" lon="15.50689">
        <ele>561.0</ele>
      </trkpt>
      <trkpt lat="40.86211" lon="15.50698">
        <ele>560.7</ele>
      </trkpt>
      <trkpt lat="40.86209" lon="15.50707">
        <ele>560.7</ele>
      </trkpt>
      <trkpt lat="40.86207" lon="15.50713">
        <ele>560.8</ele>
      </trkpt>
      <trkpt lat="40.862" lon="15.50728">
        <ele>561.4</ele>
      </trkpt>
      <trkpt lat="40.86188" lon="15.50754">
        <ele>562.4</ele>
      </trkpt>
      <trkpt lat="40.86147" lon="15.50844">
        <ele>564.8</ele>
      </trkpt>
      <trkpt lat="40.86133" lon="15.50875">
        <ele>566.6</ele>
      </trkpt>
      <trkpt lat="40.86124" lon="15.50904">
        <ele>567.2</ele>
      </trkpt>
      <trkpt lat="40.86116" lon="15.5094">
        <ele>568.1</ele>
      </trkpt>
      <trkpt lat="40.86115" lon="15.50968">
        <ele>568.0</ele>
      </trkpt>
      <trkpt lat="40.86115" lon="15.50978">
        <ele>567.9</ele>
      </trkpt>
      <trkpt lat="40.86115" lon="15.5104">
        <ele>566.7</ele>
      </trkpt>
      <trkpt lat="40.86113" lon="15.51065">
        <ele>566.3</ele>
      </trkpt>
      <trkpt lat="40.86109" lon="15.51081">
        <ele>566.3</ele>
      </trkpt>
      <trkpt lat="40.86105" lon="15.51092">
        <ele>566.7</ele>
      </trkpt>
      <trkpt lat="40.86099" lon="15.51107">
        <ele>567.5</ele>
      </trkpt>
      <trkpt lat="40.8609" lon="15.51125">
        <ele>568.4</ele>
      </trkpt>
      <trkpt lat="40.86084" lon="15.51136">
        <ele>568.9</ele>
      </trkpt>
      <trkpt lat="40.86075" lon="15.51146">
        <ele>570.0</ele>
      </trkpt>
      <trkpt lat="40.86069" lon="15.51155">
        <ele>570.7</ele>
      </trkpt>
      <trkpt lat="40.86036" lon="15.5121">
        <ele>571.2</ele>
      </trkpt>
      <trkpt lat="40.8603" lon="15.51224">
        <ele>571.0</ele>
      </trkpt>
      <trkpt lat="40.86022" lon="15.51257">
        <ele>569.9</ele>
      </trkpt>
      <trkpt lat="40.8601" lon="15.51321">
        <ele>568.2</ele>
      </trkpt>
      <trkpt lat="40.86006" lon="15.51366">
        <ele>565.7</ele>
      </trkpt>
      <trkpt lat="40.86001" lon="15.51409">
        <ele>563.4</ele>
      </trkpt>
      <trkpt lat="40.8599" lon="15.51523">
        <ele>559.5</ele>
      </trkpt>
      <trkpt lat="40.85987" lon="15.51544">
        <ele>559.5</ele>
      </trkpt>
      <trkpt lat="40.85984" lon="15.51598">
        <ele>561.1</ele>
      </trkpt>
      <trkpt lat="40.85985" lon="15.51603">
        <ele>561.5</ele>
      </trkpt>
      <trkpt lat="40.85985" lon="15.51605">
        <ele>561.7</ele>
      </trkpt>
      <trkpt lat="40.85987" lon="15.51612">
        <ele>562.2</ele>
      </trkpt>
      <trkpt lat="40.85993" lon="15.51625">
        <ele>562.6</ele>
      </trkpt>
      <trkpt lat="40.86007" lon="15.51641">
        <ele>562.6</ele>
      </trkpt>
      <trkpt lat="40.86032" lon="15.51666">
        <ele>563.2</ele>
      </trkpt>
      <trkpt lat="40.86067" lon="15.51702">
        <ele>563.3</ele>
      </trkpt>
      <trkpt lat="40.86089" lon="15.51721">
        <ele>563.2</ele>
      </trkpt>
      <trkpt lat="40.8609" lon="15.51722">
        <ele>563.3</ele>
      </trkpt>
      <trkpt lat="40.86097" lon="15.5173">
        <ele>563.6</ele>
      </trkpt>
      <trkpt lat="40.86103" lon="15.51738">
        <ele>564.0</ele>
      </trkpt>
      <trkpt lat="40.86109" lon="15.5175">
        <ele>564.8</ele>
      </trkpt>
      <trkpt lat="40.86115" lon="15.51764">
        <ele>564.2</ele>
      </trkpt>
      <trkpt lat="40.86119" lon="15.51774">
        <ele>563.7</ele>
      </trkpt>
      <trkpt lat="40.86121" lon="15.51785">
        <ele>563.2</ele>
      </trkpt>
      <trkpt lat="40.86122" lon="15.51798">
        <ele>562.8</ele>
      </trkpt>
      <trkpt lat="40.86112" lon="15.5191">
        <ele>561.4</ele>
      </trkpt>
      <trkpt lat="40.86106" lon="15.51949">
        <ele>561.7</ele>
      </trkpt>
      <trkpt lat="40.86105" lon="15.51958">
        <ele>561.8</ele>
      </trkpt>
      <trkpt lat="40.86103" lon="15.51989">
        <ele>561.7</ele>
      </trkpt>
      <trkpt lat="40.86093" lon="15.52059">
        <ele>560.6</ele>
      </trkpt>
      <trkpt lat="40.86088" lon="15.52095">
        <ele>559.7</ele>
      </trkpt>
      <trkpt lat="40.86081" lon="15.52122">
        <ele>558.8</ele>
      </trkpt>
      <trkpt lat="40.86074" lon="15.5214">
        <ele>558.2</ele>
      </trkpt>
      <trkpt lat="40.86063" lon="15.52167">
        <ele>556.9</ele>
      </trkpt>
      <trkpt lat="40.8606" lon="15.52174">
        <ele>556.4</ele>
      </trkpt>
      <trkpt lat="40.86054" lon="15.52183">
        <ele>555.9</ele>
      </trkpt>
      <trkpt lat="40.86049" lon="15.52189">
        <ele>555.6</ele>
      </trkpt>
      <trkpt lat="40.86037" lon="15.52197">
        <ele>555.6</ele>
      </trkpt>
      <trkpt lat="40.86032" lon="15.522">
        <ele>555.6</ele>
      </trkpt>
      <trkpt lat="40.86021" lon="15.52208">
        <ele>555.6</ele>
      </trkpt>
      <trkpt lat="40.86008" lon="15.52214">
        <ele>556.0</ele>
      </trkpt>
      <trkpt lat="40.85995" lon="15.52225">
        <ele>556.4</ele>
      </trkpt>
      <trkpt lat="40.859789" lon="15.52246">
        <ele>556.8</ele>
      </trkpt>
      <trkpt lat="40.85967" lon="15.52267">
        <ele>556.0</ele>
      </trkpt>
      <trkpt lat="40.8596" lon="15.52279">
        <ele>555.5</ele>
      </trkpt>
      <trkpt lat="40.85915" lon="15.52359">
        <ele>552.8</ele>
      </trkpt>
      <trkpt lat="40.85883" lon="15.52415">
        <ele>549.2</ele>
      </trkpt>
      <trkpt lat="40.85874" lon="15.52425">
        <ele>549.2</ele>
      </trkpt>
      <trkpt lat="40.8586" lon="15.52434">
        <ele>549.6</ele>
      </trkpt>
      <trkpt lat="40.85813" lon="15.52456">
        <ele>549.8</ele>
      </trkpt>
      <trkpt lat="40.85772" lon="15.52479">
        <ele>547.9</ele>
      </trkpt>
      <trkpt lat="40.85724" lon="15.52503">
        <ele>546.6</ele>
      </trkpt>
      <trkpt lat="40.85668" lon="15.5253">
        <ele>546.1</ele>
      </trkpt>
      <trkpt lat="40.8566" lon="15.52534">
        <ele>546.5</ele>
      </trkpt>
      <trkpt lat="40.85657" lon="15.52538">
        <ele>546.5</ele>
      </trkpt>
      <trkpt lat="40.85654" lon="15.52543">
        <ele>546.4</ele>
      </trkpt>
      <trkpt lat="40.85652" lon="15.52548">
        <ele>546.2</ele>
      </trkpt>
      <trkpt lat="40.85635" lon="15.52591">
        <ele>544.0</ele>
      </trkpt>
      <trkpt lat="40.856029" lon="15.52679">
        <ele>538.5</ele>
      </trkpt>
      <trkpt lat="40.85597" lon="15.52694">
        <ele>537.8</ele>
      </trkpt>
      <trkpt lat="40.8559" lon="15.52705">
        <ele>537.6</ele>
      </trkpt>
      <trkpt lat="40.85579" lon="15.52717">
        <ele>537.1</ele>
      </trkpt>
      <trkpt lat="40.85572" lon="15.5272">
        <ele>536.6</ele>
      </trkpt>
      <trkpt lat="40.85562" lon="15.52724">
        <ele>535.9</ele>
      </trkpt>
      <trkpt lat="40.85553" lon="15.52725">
        <ele>535.5</ele>
      </trkpt>
      <trkpt lat="40.85526" lon="15.52721">
        <ele>535.2</ele>
      </trkpt>
      <trkpt lat="40.85516" lon="15.52717">
        <ele>535.5</ele>
      </trkpt>
      <trkpt lat="40.85492" lon="15.52709">
        <ele>536.3</ele>
      </trkpt>
      <trkpt lat="40.8548" lon="15.5271">
        <ele>536.1</ele>
      </trkpt>
      <trkpt lat="40.85471" lon="15.52711">
        <ele>535.9</ele>
      </trkpt>
      <trkpt lat="40.85402" lon="15.52728">
        <ele>532.5</ele>
      </trkpt>
      <trkpt lat="40.85366" lon="15.52732">
        <ele>531.4</ele>
      </trkpt>
      <trkpt lat="40.85358" lon="15.52734">
        <ele>531.0</ele>
      </trkpt>
      <trkpt lat="40.85326" lon="15.52749">
        <ele>528.0</ele>
      </trkpt>
      <trkpt lat="40.8531" lon="15.52754">
        <ele>526.5</ele>
      </trkpt>
      <trkpt lat="40.85299" lon="15.52758">
        <ele>525.5</ele>
      </trkpt>
      <trkpt lat="40.85249" lon="15.52773">
        <ele>521.9</ele>
      </trkpt>
      <trkpt lat="40.85233" lon="15.52775">
        <ele>521.8</ele>
      </trkpt>
      <trkpt lat="40.85221" lon="15.52777">
        <ele>521.7</ele>
      </trkpt>
      <trkpt lat="40.85214" lon="15.52778">
        <ele>521.7</ele>
      </trkpt>
      <trkpt lat="40.85201" lon="15.52779">
        <ele>521.8</ele>
      </trkpt>
      <trkpt lat="40.85192" lon="15.52778">
        <ele>522.1</ele>
      </trkpt>
      <trkpt lat="40.85188" lon="15.52776">
        <ele>522.5</ele>
      </trkpt>
      <trkpt lat="40.8518" lon="15.52771">
        <ele>523.3</ele>
      </trkpt>
      <trkpt lat="40.85174" lon="15.52764">
        <ele>524.2</ele>
      </trkpt>
      <trkpt lat="40.85142" lon="15.52723">
        <ele>530.6</ele>
      </trkpt>
      <trkpt lat="40.85138" lon="15.52719">
        <ele>531.1</ele>
      </trkpt>
      <trkpt lat="40.85133" lon="15.52717">
        <ele>531.3</ele>
      </trkpt>
      <trkpt lat="40.85128" lon="15.52715">
        <ele>531.5</ele>
      </trkpt>
      <trkpt lat="40.85119" lon="15.52715">
        <ele>531.3</ele>
      </trkpt>
      <trkpt lat="40.851149" lon="15.52715">
        <ele>531.2</ele>
      </trkpt>
      <trkpt lat="40.8511" lon="15.52716">
        <ele>531.0</ele>
      </trkpt>
      <trkpt lat="40.85104" lon="15.52719">
        <ele>530.6</ele>
      </trkpt>
      <trkpt lat="40.85094" lon="15.52726">
        <ele>529.8</ele>
      </trkpt>
      <trkpt lat="40.850879" lon="15.52732">
        <ele>529.3</ele>
      </trkpt>
      <trkpt lat="40.85084" lon="15.52738">
        <ele>528.9</ele>
      </trkpt>
      <trkpt lat="40.85082" lon="15.52742">
        <ele>528.6</ele>
      </trkpt>
      <trkpt lat="40.85081" lon="15.52745">
        <ele>528.5</ele>
      </trkpt>
      <trkpt lat="40.85081" lon="15.52749">
        <ele>528.2</ele>
      </trkpt>
      <trkpt lat="40.85082" lon="15.52755">
        <ele>529.1</ele>
      </trkpt>
      <trkpt lat="40.85084" lon="15.52764">
        <ele>530.8</ele>
      </trkpt>
      <trkpt lat="40.850879" lon="15.52774">
        <ele>532.3</ele>
      </trkpt>
      <trkpt lat="40.851349" lon="15.52885">
        <ele>531.7</ele>
      </trkpt>
      <trkpt lat="40.85136" lon="15.52893">
        <ele>532.1</ele>
      </trkpt>
      <trkpt lat="40.85137" lon="15.52899">
        <ele>532.3</ele>
      </trkpt>
      <trkpt lat="40.85136" lon="15.52905">
        <ele>533.2</ele>
      </trkpt>
      <trkpt lat="40.851349" lon="15.52912">
        <ele>534.2</ele>
      </trkpt>
      <trkpt lat="40.85134" lon="15.52916">
        <ele>534.9</ele>
      </trkpt>
      <trkpt lat="40.85129" lon="15.52926">
        <ele>537.4</ele>
      </trkpt>
      <trkpt lat="40.8512" lon="15.52948">
        <ele>541.4</ele>
      </trkpt>
      <trkpt lat="40.85112" lon="15.52965">
        <ele>544.0</ele>
      </trkpt>
      <trkpt lat="40.85112" lon="15.5297">
        <ele>544.2</ele>
      </trkpt>
      <trkpt lat="40.85112" lon="15.52981">
        <ele>544.6</ele>
      </trkpt>
      <trkpt lat="40.85112" lon="15.52984">
        <ele>544.7</ele>
      </trkpt>
      <trkpt lat="40.851149" lon="15.52991">
        <ele>544.4</ele>
      </trkpt>
      <trkpt lat="40.85117" lon="15.52993">
        <ele>544.2</ele>
      </trkpt>
      <trkpt lat="40.85121" lon="15.52997">
        <ele>543.9</ele>
      </trkpt>
      <trkpt lat="40.85124" lon="15.52998">
        <ele>543.5</ele>
      </trkpt>
      <trkpt lat="40.85131" lon="15.53">
        <ele>542.7</ele>
      </trkpt>
      <trkpt lat="40.85138" lon="15.53001">
        <ele>542.0</ele>
      </trkpt>
      <trkpt lat="40.85147" lon="15.53003">
        <ele>541.3</ele>
      </trkpt>
      <trkpt lat="40.85237" lon="15.53011">
        <ele>539.4</ele>
      </trkpt>
      <trkpt lat="40.852469" lon="15.53013">
        <ele>539.8</ele>
      </trkpt>
      <trkpt lat="40.85251" lon="15.53014">
        <ele>539.9</ele>
      </trkpt>
      <trkpt lat="40.852559" lon="15.53016">
        <ele>539.6</ele>
      </trkpt>
      <trkpt lat="40.85259" lon="15.53017">
        <ele>539.3</ele>
      </trkpt>
      <trkpt lat="40.85272" lon="15.53028">
        <ele>540.0</ele>
      </trkpt>
      <trkpt lat="40.85297" lon="15.53059">
        <ele>542.9</ele>
      </trkpt>
      <trkpt lat="40.853409" lon="15.53119">
        <ele>550.0</ele>
      </trkpt>
      <trkpt lat="40.85387" lon="15.53171">
        <ele>554.2</ele>
      </trkpt>
      <trkpt lat="40.854059" lon="15.53192">
        <ele>552.6</ele>
      </trkpt>
      <trkpt lat="40.85413" lon="15.53202">
        <ele>552.2</ele>
      </trkpt>
      <trkpt lat="40.85422" lon="15.53219">
        <ele>552.3</ele>
      </trkpt>
      <trkpt lat="40.85427" lon="15.53229">
        <ele>552.4</ele>
      </trkpt>
      <trkpt lat="40.85434" lon="15.53253">
        <ele>553.0</ele>
      </trkpt>
      <trkpt lat="40.85438" lon="15.53274">
        <ele>553.4</ele>
      </trkpt>
      <trkpt lat="40.85439" lon="15.53287">
        <ele>554.0</ele>
      </trkpt>
      <trkpt lat="40.85439" lon="15.53301">
        <ele>555.0</ele>
      </trkpt>
      <trkpt lat="40.85439" lon="15.53309">
        <ele>555.6</ele>
      </trkpt>
      <trkpt lat="40.85437" lon="15.53326">
        <ele>557.6</ele>
      </trkpt>
      <trkpt lat="40.85433" lon="15.53341">
        <ele>559.1</ele>
      </trkpt>
      <trkpt lat="40.85425" lon="15.53362">
        <ele>560.5</ele>
      </trkpt>
      <trkpt lat="40.85408" lon="15.53397">
        <ele>563.4</ele>
      </trkpt>
      <trkpt lat="40.85395" lon="15.53418">
        <ele>565.7</ele>
      </trkpt>
      <trkpt lat="40.85387" lon="15.53427">
        <ele>566.2</ele>
      </trkpt>
      <trkpt lat="40.853789" lon="15.53435">
        <ele>566.7</ele>
      </trkpt>
      <trkpt lat="40.85347" lon="15.53455">
        <ele>571.4</ele>
      </trkpt>
      <trkpt lat="40.85301" lon="15.53484">
        <ele>572.5</ele>
      </trkpt>
      <trkpt lat="40.8524" lon="15.53523">
        <ele>573.8</ele>
      </trkpt>
      <trkpt lat="40.85174" lon="15.53565">
        <ele>576.1</ele>
      </trkpt>
      <trkpt lat="40.85164" lon="15.53571">
        <ele>576.4</ele>
      </trkpt>
      <trkpt lat="40.851529" lon="15.53577">
        <ele>576.9</ele>
      </trkpt>
      <trkpt lat="40.85136" lon="15.53584">
        <ele>578.3</ele>
      </trkpt>
      <trkpt lat="40.85101" lon="15.53591">
        <ele>581.7</ele>
      </trkpt>
      <trkpt lat="40.85011" lon="15.53601">
        <ele>588.2</ele>
      </trkpt>
      <trkpt lat="40.85007" lon="15.53601">
        <ele>588.6</ele>
      </trkpt>
      <trkpt lat="40.84966" lon="15.53605">
        <ele>590.3</ele>
      </trkpt>
      <trkpt lat="40.84954" lon="15.53605">
        <ele>590.9</ele>
      </trkpt>
      <trkpt lat="40.84942" lon="15.53603">
        <ele>592.1</ele>
      </trkpt>
      <trkpt lat="40.84902" lon="15.53598">
        <ele>596.5</ele>
      </trkpt>
      <trkpt lat="40.84894" lon="15.53599">
        <ele>597.3</ele>
      </trkpt>
      <trkpt lat="40.84864" lon="15.5361">
        <ele>598.8</ele>
      </trkpt>
      <trkpt lat="40.84835" lon="15.53626">
        <ele>599.6</ele>
      </trkpt>
      <trkpt lat="40.84816" lon="15.5363">
        <ele>602.7</ele>
      </trkpt>
      <trkpt lat="40.84809" lon="15.53631">
        <ele>603.9</ele>
      </trkpt>
      <trkpt lat="40.84794" lon="15.53633">
        <ele>606.5</ele>
      </trkpt>
      <trkpt lat="40.84774" lon="15.53635">
        <ele>610.0</ele>
      </trkpt>
      <trkpt lat="40.84755" lon="15.53638">
        <ele>613.0</ele>
      </trkpt>
      <trkpt lat="40.84733" lon="15.53642">
        <ele>615.6</ele>
      </trkpt>
      <trkpt lat="40.84726" lon="15.53647">
        <ele>615.5</ele>
      </trkpt>
      <trkpt lat="40.847209" lon="15.53654">
        <ele>614.6</ele>
      </trkpt>
      <trkpt lat="40.84719" lon="15.53657">
        <ele>614.2</ele>
      </trkpt>
      <trkpt lat="40.84716" lon="15.53662">
        <ele>613.5</ele>
      </trkpt>
      <trkpt lat="40.84715" lon="15.53666">
        <ele>612.7</ele>
      </trkpt>
      <trkpt lat="40.84714" lon="15.5367">
        <ele>613.2</ele>
      </trkpt>
      <trkpt lat="40.84713" lon="15.53674">
        <ele>614.0</ele>
      </trkpt>
      <trkpt lat="40.84713" lon="15.53676">
        <ele>614.3</ele>
      </trkpt>
      <trkpt lat="40.84713" lon="15.53678">
        <ele>614.6</ele>
      </trkpt>
      <trkpt lat="40.84714" lon="15.53682">
        <ele>614.9</ele>
      </trkpt>
      <trkpt lat="40.84714" lon="15.53684">
        <ele>615.2</ele>
      </trkpt>
      <trkpt lat="40.84715" lon="15.53687">
        <ele>615.4</ele>
      </trkpt>
      <trkpt lat="40.84717" lon="15.53691">
        <ele>615.4</ele>
      </trkpt>
      <trkpt lat="40.8474" lon="15.53727">
        <ele>613.2</ele>
      </trkpt>
      <trkpt lat="40.84767" lon="15.53767">
        <ele>612.8</ele>
      </trkpt>
      <trkpt lat="40.84809" lon="15.53813">
        <ele>614.0</ele>
      </trkpt>
      <trkpt lat="40.84821" lon="15.5383">
        <ele>614.8</ele>
      </trkpt>
      <trkpt lat="40.84826" lon="15.53839">
        <ele>615.2</ele>
      </trkpt>
      <trkpt lat="40.8483" lon="15.53849">
        <ele>615.9</ele>
      </trkpt>
      <trkpt lat="40.8484" lon="15.53888">
        <ele>620.1</ele>
      </trkpt>
      <trkpt lat="40.84861" lon="15.53961">
        <ele>620.7</ele>
      </trkpt>
      <trkpt lat="40.84874" lon="15.54006">
        <ele>619.9</ele>
      </trkpt>
      <trkpt lat="40.84875" lon="15.54012">
        <ele>620.2</ele>
      </trkpt>
      <trkpt lat="40.84893" lon="15.54051">
        <ele>621.4</ele>
      </trkpt>
      <trkpt lat="40.84905" lon="15.54078">
        <ele>624.7</ele>
      </trkpt>
      <trkpt lat="40.84917" lon="15.54106">
        <ele>626.6</ele>
      </trkpt>
      <trkpt lat="40.849379" lon="15.54155">
        <ele>626.6</ele>
      </trkpt>
      <trkpt lat="40.84941" lon="15.54166">
        <ele>627.1</ele>
      </trkpt>
      <trkpt lat="40.84942" lon="15.54172">
        <ele>627.2</ele>
      </trkpt>
      <trkpt lat="40.84943" lon="15.54173">
        <ele>627.1</ele>
      </trkpt>
      <trkpt lat="40.84943" lon="15.54176">
        <ele>627.2</ele>
      </trkpt>
      <trkpt lat="40.84943" lon="15.54182">
        <ele>627.4</ele>
      </trkpt>
      <trkpt lat="40.8494" lon="15.54189">
        <ele>627.9</ele>
      </trkpt>
      <trkpt lat="40.849379" lon="15.54193">
        <ele>628.2</ele>
      </trkpt>
      <trkpt lat="40.84931" lon="15.54203">
        <ele>628.8</ele>
      </trkpt>
      <trkpt lat="40.84926" lon="15.54208">
        <ele>629.1</ele>
      </trkpt>
      <trkpt lat="40.84926" lon="15.54208">
        <ele>629.1</ele>
      </trkpt>
      <trkpt lat="40.84931" lon="15.54215">
        <ele>628.8</ele>
      </trkpt>
      <trkpt lat="40.849366" lon="15.542183">
        <ele>628.7</ele>
      </trkpt>
      <trkpt lat="40.849416" lon="15.542233">
        <ele>628.7</ele>
      </trkpt>
      <trkpt lat="40.849466" lon="15.542283">
        <ele>628.9</ele>
      </trkpt>
      <trkpt lat="40.849516" lon="15.54235">
        <ele>629.3</ele>
      </trkpt>
      <trkpt lat="40.849566" lon="15.542433">
        <ele>629.9</ele>
      </trkpt>
      <trkpt lat="40.849633" lon="15.5425">
        <ele>630.8</ele>
      </trkpt>
      <trkpt lat="40.849683" lon="15.542583">
        <ele>630.4</ele>
      </trkpt>
      <trkpt lat="40.849733" lon="15.54265">
        <ele>630.2</ele>
      </trkpt>
      <trkpt lat="40.84975" lon="15.542716">
        <ele>629.9</ele>
      </trkpt>
      <trkpt lat="40.849766" lon="15.542733">
        <ele>629.9</ele>
      </trkpt>
      <trkpt lat="40.849766" lon="15.54275">
        <ele>629.8</ele>
      </trkpt>
      <trkpt lat="40.849832" lon="15.5428">
        <ele>630.3</ele>
      </trkpt>
      <trkpt lat="40.849883" lon="15.5429">
        <ele>630.4</ele>
      </trkpt>
      <trkpt lat="40.849916" lon="15.542966">
        <ele>630.6</ele>
      </trkpt>
      <trkpt lat="40.849966" lon="15.543033">
        <ele>631.2</ele>
      </trkpt>
      <trkpt lat="40.850033" lon="15.543116">
        <ele>631.0</ele>
      </trkpt>
      <trkpt lat="40.85005" lon="15.543133">
        <ele>630.7</ele>
      </trkpt>
      <trkpt lat="40.850066" lon="15.543183">
        <ele>630.3</ele>
      </trkpt>
      <trkpt lat="40.850133" lon="15.543233">
        <ele>629.2</ele>
      </trkpt>
      <trkpt lat="40.850283" lon="15.5434">
        <ele>626.1</ele>
      </trkpt>
      <trkpt lat="40.850466" lon="15.543616">
        <ele>622.5</ele>
      </trkpt>
      <trkpt lat="40.850733" lon="15.543933">
        <ele>621.5</ele>
      </trkpt>
      <trkpt lat="40.851016" lon="15.544383">
        <ele>619.5</ele>
      </trkpt>
      <trkpt lat="40.851166" lon="15.544683">
        <ele>617.2</ele>
      </trkpt>
      <trkpt lat="40.8513" lon="15.544933">
        <ele>616.6</ele>
      </trkpt>
      <trkpt lat="40.851366" lon="15.545133">
        <ele>616.0</ele>
      </trkpt>
      <trkpt lat="40.851416" lon="15.545283">
        <ele>615.6</ele>
      </trkpt>
      <trkpt lat="40.851466" lon="15.545466">
        <ele>615.4</ele>
      </trkpt>
      <trkpt lat="40.85155" lon="15.545716">
        <ele>616.0</ele>
      </trkpt>
      <trkpt lat="40.85165" lon="15.545983">
        <ele>616.8</ele>
      </trkpt>
      <trkpt lat="40.851733" lon="15.54625">
        <ele>614.5</ele>
      </trkpt>
      <trkpt lat="40.851833" lon="15.546533">
        <ele>612.0</ele>
      </trkpt>
      <trkpt lat="40.851916" lon="15.5468">
        <ele>610.8</ele>
      </trkpt>
      <trkpt lat="40.851999" lon="15.547033">
        <ele>610.5</ele>
      </trkpt>
      <trkpt lat="40.852033" lon="15.547166">
        <ele>610.6</ele>
      </trkpt>
      <trkpt lat="40.85205" lon="15.5472">
        <ele>610.7</ele>
      </trkpt>
      <trkpt lat="40.852116" lon="15.547383">
        <ele>611.4</ele>
      </trkpt>
      <trkpt lat="40.85225" lon="15.547516">
        <ele>613.0</ele>
      </trkpt>
      <trkpt lat="40.852366" lon="15.54765">
        <ele>614.5</ele>
      </trkpt>
      <trkpt lat="40.852483" lon="15.547783">
        <ele>616.2</ele>
      </trkpt>
      <trkpt lat="40.8526" lon="15.54785">
        <ele>616.5</ele>
      </trkpt>
      <trkpt lat="40.852683" lon="15.547916">
        <ele>616.7</ele>
      </trkpt>
      <trkpt lat="40.852783" lon="15.548">
        <ele>616.9</ele>
      </trkpt>
      <trkpt lat="40.852883" lon="15.548083">
        <ele>617.0</ele>
      </trkpt>
      <trkpt lat="40.853015" lon="15.548166">
        <ele>617.1</ele>
      </trkpt>
      <trkpt lat="40.853216" lon="15.548366">
        <ele>617.2</ele>
      </trkpt>
      <trkpt lat="40.853466" lon="15.548633">
        <ele>614.7</ele>
      </trkpt>
      <trkpt lat="40.853865" lon="15.549066">
        <ele>610.0</ele>
      </trkpt>
      <trkpt lat="40.854216" lon="15.5495">
        <ele>606.4</ele>
      </trkpt>
      <trkpt lat="40.854533" lon="15.5499">
        <ele>605.0</ele>
      </trkpt>
      <trkpt lat="40.854766" lon="15.55025">
        <ele>604.7</ele>
      </trkpt>
      <trkpt lat="40.854966" lon="15.550483">
        <ele>606.1</ele>
      </trkpt>
      <trkpt lat="40.855165" lon="15.550666">
        <ele>608.6</ele>
      </trkpt>
      <trkpt lat="40.85535" lon="15.550783">
        <ele>611.3</ele>
      </trkpt>
      <trkpt lat="40.8555" lon="15.55085">
        <ele>613.3</ele>
      </trkpt>
      <trkpt lat="40.855616" lon="15.550883">
        <ele>614.3</ele>
      </trkpt>
      <trkpt lat="40.855716" lon="15.550916">
        <ele>615.3</ele>
      </trkpt>
      <trkpt lat="40.855816" lon="15.55095">
        <ele>616.2</ele>
      </trkpt>
      <trkpt lat="40.855916" lon="15.550983">
        <ele>616.8</ele>
      </trkpt>
      <trkpt lat="40.856" lon="15.551033">
        <ele>617.3</ele>
      </trkpt>
      <trkpt lat="40.856066" lon="15.551083">
        <ele>617.8</ele>
      </trkpt>
      <trkpt lat="40.85615" lon="15.55115">
        <ele>618.7</ele>
      </trkpt>
      <trkpt lat="40.8562" lon="15.551233">
        <ele>619.5</ele>
      </trkpt>
      <trkpt lat="40.856266" lon="15.551316">
        <ele>620.8</ele>
      </trkpt>
      <trkpt lat="40.856316" lon="15.5514">
        <ele>622.1</ele>
      </trkpt>
      <trkpt lat="40.856366" lon="15.551483">
        <ele>623.6</ele>
      </trkpt>
      <trkpt lat="40.856416" lon="15.55155">
        <ele>625.2</ele>
      </trkpt>
      <trkpt lat="40.856466" lon="15.551633">
        <ele>627.1</ele>
      </trkpt>
      <trkpt lat="40.856499" lon="15.551683">
        <ele>628.1</ele>
      </trkpt>
      <trkpt lat="40.856533" lon="15.551766">
        <ele>628.3</ele>
      </trkpt>
      <trkpt lat="40.856583" lon="15.551833">
        <ele>629.1</ele>
      </trkpt>
      <trkpt lat="40.856633" lon="15.551916">
        <ele>629.9</ele>
      </trkpt>
      <trkpt lat="40.856699" lon="15.551966">
        <ele>631.1</ele>
      </trkpt>
      <trkpt lat="40.85675" lon="15.552016">
        <ele>631.8</ele>
      </trkpt>
      <trkpt lat="40.8568" lon="15.552083">
        <ele>632.5</ele>
      </trkpt>
      <trkpt lat="40.85685" lon="15.552166">
        <ele>633.3</ele>
      </trkpt>
      <trkpt lat="40.8569" lon="15.552216">
        <ele>634.2</ele>
      </trkpt>
      <trkpt lat="40.856966" lon="15.552283">
        <ele>635.6</ele>
      </trkpt>
      <trkpt lat="40.857016" lon="15.552316">
        <ele>636.7</ele>
      </trkpt>
      <trkpt lat="40.857033" lon="15.55235">
        <ele>637.1</ele>
      </trkpt>
      <trkpt lat="40.85705" lon="15.55235">
        <ele>637.5</ele>
      </trkpt>
      <trkpt lat="40.857166" lon="15.552433">
        <ele>640.4</ele>
      </trkpt>
      <trkpt lat="40.857332" lon="15.552566">
        <ele>644.6</ele>
      </trkpt>
      <trkpt lat="40.8574" lon="15.552866">
        <ele>645.5</ele>
      </trkpt>
      <trkpt lat="40.857383" lon="15.55315">
        <ele>644.2</ele>
      </trkpt>
      <trkpt lat="40.857332" lon="15.55345">
        <ele>641.1</ele>
      </trkpt>
      <trkpt lat="40.8573" lon="15.5537">
        <ele>638.6</ele>
      </trkpt>
      <trkpt lat="40.857316" lon="15.55395">
        <ele>637.8</ele>
      </trkpt>
      <trkpt lat="40.8573" lon="15.554166">
        <ele>636.0</ele>
      </trkpt>
      <trkpt lat="40.857383" lon="15.554416">
        <ele>635.5</ele>
      </trkpt>
      <trkpt lat="40.85745" lon="15.554633">
        <ele>634.7</ele>
      </trkpt>
      <trkpt lat="40.85755" lon="15.554966">
        <ele>632.5</ele>
      </trkpt>
      <trkpt lat="40.857716" lon="15.5556">
        <ele>628.8</ele>
      </trkpt>
      <trkpt lat="40.857833" lon="15.5562">
        <ele>628.3</ele>
      </trkpt>
      <trkpt lat="40.8578" lon="15.556716">
        <ele>628.8</ele>
      </trkpt>
      <trkpt lat="40.857583" lon="15.557">
        <ele>631.4</ele>
      </trkpt>
      <trkpt lat="40.8574" lon="15.557116">
        <ele>631.6</ele>
      </trkpt>
      <trkpt lat="40.8572" lon="15.557266">
        <ele>632.8</ele>
      </trkpt>
      <trkpt lat="40.857083" lon="15.55735">
        <ele>633.7</ele>
      </trkpt>
      <trkpt lat="40.857" lon="15.557416">
        <ele>634.5</ele>
      </trkpt>
      <trkpt lat="40.856916" lon="15.55745">
        <ele>634.6</ele>
      </trkpt>
      <trkpt lat="40.856816" lon="15.5575">
        <ele>635.1</ele>
      </trkpt>
      <trkpt lat="40.85675" lon="15.557533">
        <ele>635.2</ele>
      </trkpt>
      <trkpt lat="40.856666" lon="15.557583">
        <ele>635.6</ele>
      </trkpt>
      <trkpt lat="40.8566" lon="15.557633">
        <ele>636.3</ele>
      </trkpt>
      <trkpt lat="40.856533" lon="15.5577">
        <ele>637.3</ele>
      </trkpt>
      <trkpt lat="40.856466" lon="15.557733">
        <ele>637.7</ele>
      </trkpt>
      <trkpt lat="40.8564" lon="15.5578">
        <ele>638.8</ele>
      </trkpt>
      <trkpt lat="40.856333" lon="15.557866">
        <ele>639.9</ele>
      </trkpt>
      <trkpt lat="40.856283" lon="15.55795">
        <ele>641.5</ele>
      </trkpt>
      <trkpt lat="40.856216" lon="15.558">
        <ele>642.4</ele>
      </trkpt>
      <trkpt lat="40.85615" lon="15.55805">
        <ele>643.3</ele>
      </trkpt>
      <trkpt lat="40.856116" lon="15.55815">
        <ele>645.4</ele>
      </trkpt>
      <trkpt lat="40.856015" lon="15.558216">
        <ele>646.6</ele>
      </trkpt>
      <trkpt lat="40.85595" lon="15.5583">
        <ele>648.4</ele>
      </trkpt>
      <trkpt lat="40.8559" lon="15.558383">
        <ele>649.1</ele>
      </trkpt>
      <trkpt lat="40.855883" lon="15.558466">
        <ele>649.0</ele>
      </trkpt>
      <trkpt lat="40.855866" lon="15.558566">
        <ele>648.9</ele>
      </trkpt>
      <trkpt lat="40.8559" lon="15.558683">
        <ele>649.1</ele>
      </trkpt>
      <trkpt lat="40.855966" lon="15.558766">
        <ele>649.6</ele>
      </trkpt>
      <trkpt lat="40.856032" lon="15.55885">
        <ele>650.4</ele>
      </trkpt>
      <trkpt lat="40.856083" lon="15.55895">
        <ele>651.2</ele>
      </trkpt>
      <trkpt lat="40.856166" lon="15.559083">
        <ele>652.8</ele>
      </trkpt>
      <trkpt lat="40.856233" lon="15.559216">
        <ele>654.2</ele>
      </trkpt>
      <trkpt lat="40.856283" lon="15.559366">
        <ele>654.8</ele>
      </trkpt>
      <trkpt lat="40.856333" lon="15.559516">
        <ele>655.6</ele>
      </trkpt>
      <trkpt lat="40.856383" lon="15.559683">
        <ele>656.5</ele>
      </trkpt>
      <trkpt lat="40.856416" lon="15.55985">
        <ele>657.2</ele>
      </trkpt>
      <trkpt lat="40.856466" lon="15.560016">
        <ele>658.4</ele>
      </trkpt>
      <trkpt lat="40.85655" lon="15.560216">
        <ele>659.6</ele>
      </trkpt>
      <trkpt lat="40.856666" lon="15.560416">
        <ele>661.5</ele>
      </trkpt>
      <trkpt lat="40.856766" lon="15.560683">
        <ele>662.4</ele>
      </trkpt>
      <trkpt lat="40.8568" lon="15.5609">
        <ele>662.6</ele>
      </trkpt>
      <trkpt lat="40.85685" lon="15.561083">
        <ele>663.6</ele>
      </trkpt>
      <trkpt lat="40.8569" lon="15.56125">
        <ele>664.6</ele>
      </trkpt>
      <trkpt lat="40.856983" lon="15.561483">
        <ele>666.4</ele>
      </trkpt>
      <trkpt lat="40.857016" lon="15.5617">
        <ele>667.2</ele>
      </trkpt>
      <trkpt lat="40.856983" lon="15.561916">
        <ele>667.4</ele>
      </trkpt>
      <trkpt lat="40.8569" lon="15.562116">
        <ele>666.7</ele>
      </trkpt>
      <trkpt lat="40.85685" lon="15.562316">
        <ele>666.8</ele>
      </trkpt>
      <trkpt lat="40.856816" lon="15.562433">
        <ele>666.8</ele>
      </trkpt>
      <trkpt lat="40.8568" lon="15.562533">
        <ele>666.7</ele>
      </trkpt>
      <trkpt lat="40.8568" lon="15.562633">
        <ele>665.9</ele>
      </trkpt>
      <trkpt lat="40.8568" lon="15.562716">
        <ele>665.2</ele>
      </trkpt>
      <trkpt lat="40.856833" lon="15.5628">
        <ele>664.9</ele>
      </trkpt>
      <trkpt lat="40.856833" lon="15.562816">
        <ele>664.8</ele>
      </trkpt>
      <trkpt lat="40.856916" lon="15.562933">
        <ele>664.9</ele>
      </trkpt>
      <trkpt lat="40.857133" lon="15.563283">
        <ele>664.0</ele>
      </trkpt>
      <trkpt lat="40.857433" lon="15.563816">
        <ele>662.0</ele>
      </trkpt>
      <trkpt lat="40.857515" lon="15.564416">
        <ele>660.7</ele>
      </trkpt>
      <trkpt lat="40.8575" lon="15.564883">
        <ele>660.9</ele>
      </trkpt>
      <trkpt lat="40.85755" lon="15.565216">
        <ele>662.3</ele>
      </trkpt>
      <trkpt lat="40.857566" lon="15.565533">
        <ele>662.7</ele>
      </trkpt>
      <trkpt lat="40.857515" lon="15.56585">
        <ele>661.5</ele>
      </trkpt>
      <trkpt lat="40.8575" lon="15.566166">
        <ele>662.2</ele>
      </trkpt>
      <trkpt lat="40.8575" lon="15.566383">
        <ele>663.0</ele>
      </trkpt>
      <trkpt lat="40.857532" lon="15.56655">
        <ele>664.3</ele>
      </trkpt>
      <trkpt lat="40.857515" lon="15.566716">
        <ele>664.4</ele>
      </trkpt>
      <trkpt lat="40.8575" lon="15.566883">
        <ele>664.3</ele>
      </trkpt>
      <trkpt lat="40.857466" lon="15.56705">
        <ele>663.6</ele>
      </trkpt>
      <trkpt lat="40.85745" lon="15.567216">
        <ele>663.5</ele>
      </trkpt>
      <trkpt lat="40.857433" lon="15.56735">
        <ele>663.2</ele>
      </trkpt>
      <trkpt lat="40.857466" lon="15.5675">
        <ele>664.2</ele>
      </trkpt>
      <trkpt lat="40.857515" lon="15.567633">
        <ele>665.9</ele>
      </trkpt>
      <trkpt lat="40.857532" lon="15.567783">
        <ele>666.9</ele>
      </trkpt>
      <trkpt lat="40.857532" lon="15.568016">
        <ele>667.7</ele>
      </trkpt>
      <trkpt lat="40.857532" lon="15.568183">
        <ele>668.3</ele>
      </trkpt>
      <trkpt lat="40.8575" lon="15.568383">
        <ele>668.3</ele>
      </trkpt>
      <trkpt lat="40.857433" lon="15.568566">
        <ele>667.9</ele>
      </trkpt>
      <trkpt lat="40.857366" lon="15.568783">
        <ele>667.5</ele>
      </trkpt>
      <trkpt lat="40.857332" lon="15.5691">
        <ele>668.4</ele>
      </trkpt>
      <trkpt lat="40.85725" lon="15.569433">
        <ele>669.4</ele>
      </trkpt>
      <trkpt lat="40.857166" lon="15.569733">
        <ele>669.6</ele>
      </trkpt>
      <trkpt lat="40.857066" lon="15.57">
        <ele>668.4</ele>
      </trkpt>
      <trkpt lat="40.856966" lon="15.570283">
        <ele>669.1</ele>
      </trkpt>
      <trkpt lat="40.856883" lon="15.5705">
        <ele>669.4</ele>
      </trkpt>
      <trkpt lat="40.856833" lon="15.570683">
        <ele>670.5</ele>
      </trkpt>
      <trkpt lat="40.856783" lon="15.570833">
        <ele>671.0</ele>
      </trkpt>
      <trkpt lat="40.856733" lon="15.570966">
        <ele>671.7</ele>
      </trkpt>
      <trkpt lat="40.856666" lon="15.571083">
        <ele>671.5</ele>
      </trkpt>
      <trkpt lat="40.8566" lon="15.5712">
        <ele>672.1</ele>
      </trkpt>
      <trkpt lat="40.85655" lon="15.571316">
        <ele>673.0</ele>
      </trkpt>
      <trkpt lat="40.856483" lon="15.57145">
        <ele>673.7</ele>
      </trkpt>
      <trkpt lat="40.856433" lon="15.571566">
        <ele>674.4</ele>
      </trkpt>
      <trkpt lat="40.856383" lon="15.571666">
        <ele>674.8</ele>
      </trkpt>
      <trkpt lat="40.856383" lon="15.571716">
        <ele>675.1</ele>
      </trkpt>
      <trkpt lat="40.856383" lon="15.571733">
        <ele>675.2</ele>
      </trkpt>
      <trkpt lat="40.856416" lon="15.57185">
        <ele>676.7</ele>
      </trkpt>
      <trkpt lat="40.856433" lon="15.571933">
        <ele>677.5</ele>
      </trkpt>
      <trkpt lat="40.85645" lon="15.57205">
        <ele>678.6</ele>
      </trkpt>
      <trkpt lat="40.856516" lon="15.572166">
        <ele>681.0</ele>
      </trkpt>
      <trkpt lat="40.856566" lon="15.572283">
        <ele>683.0</ele>
      </trkpt>
      <trkpt lat="40.856616" lon="15.572383">
        <ele>684.9</ele>
      </trkpt>
      <trkpt lat="40.856666" lon="15.572516">
        <ele>687.0</ele>
      </trkpt>
      <trkpt lat="40.856716" lon="15.572616">
        <ele>688.4</ele>
      </trkpt>
      <trkpt lat="40.856766" lon="15.572733">
        <ele>689.3</ele>
      </trkpt>
      <trkpt lat="40.856816" lon="15.572833">
        <ele>690.0</ele>
      </trkpt>
      <trkpt lat="40.85685" lon="15.572966">
        <ele>689.9</ele>
      </trkpt>
      <trkpt lat="40.856883" lon="15.573066">
        <ele>689.7</ele>
      </trkpt>
      <trkpt lat="40.856916" lon="15.5732">
        <ele>689.0</ele>
      </trkpt>
      <trkpt lat="40.856933" lon="15.5733">
        <ele>688.3</ele>
      </trkpt>
      <trkpt lat="40.856933" lon="15.573416">
        <ele>688.0</ele>
      </trkpt>
      <trkpt lat="40.856933" lon="15.5735">
        <ele>688.0</ele>
      </trkpt>
      <trkpt lat="40.85695" lon="15.573633">
        <ele>688.0</ele>
      </trkpt>
      <trkpt lat="40.85695" lon="15.57375">
        <ele>687.9</ele>
      </trkpt>
      <trkpt lat="40.856966" lon="15.573983">
        <ele>687.6</ele>
      </trkpt>
      <trkpt lat="40.857033" lon="15.574366">
        <ele>686.7</ele>
      </trkpt>
      <trkpt lat="40.857066" lon="15.574883">
        <ele>687.8</ele>
      </trkpt>
      <trkpt lat="40.857133" lon="15.575183">
        <ele>685.9</ele>
      </trkpt>
      <trkpt lat="40.857166" lon="15.5754">
        <ele>685.2</ele>
      </trkpt>
      <trkpt lat="40.857166" lon="15.57565">
        <ele>685.9</ele>
      </trkpt>
      <trkpt lat="40.8571" lon="15.575983">
        <ele>688.4</ele>
      </trkpt>
      <trkpt lat="40.857133" lon="15.5766">
        <ele>683.3</ele>
      </trkpt>
      <trkpt lat="40.857332" lon="15.577116">
        <ele>672.9</ele>
      </trkpt>
      <trkpt lat="40.857616" lon="15.5777">
        <ele>659.8</ele>
      </trkpt>
      <trkpt lat="40.85785" lon="15.578183">
        <ele>650.0</ele>
      </trkpt>
      <trkpt lat="40.858033" lon="15.578666">
        <ele>642.8</ele>
      </trkpt>
      <trkpt lat="40.8581" lon="15.579066">
        <ele>640.4</ele>
      </trkpt>
      <trkpt lat="40.8579" lon="15.579216">
        <ele>639.9</ele>
      </trkpt>
      <trkpt lat="40.8576" lon="15.578933">
        <ele>646.8</ele>
      </trkpt>
      <trkpt lat="40.857332" lon="15.578683">
        <ele>656.1</ele>
      </trkpt>
      <trkpt lat="40.8571" lon="15.578833">
        <ele>656.2</ele>
      </trkpt>
      <trkpt lat="40.856865" lon="15.57925">
        <ele>648.4</ele>
      </trkpt>
      <trkpt lat="40.8566" lon="15.5796">
        <ele>643.5</ele>
      </trkpt>
      <trkpt lat="40.856283" lon="15.579666">
        <ele>651.5</ele>
      </trkpt>
      <trkpt lat="40.856083" lon="15.579866">
        <ele>653.8</ele>
      </trkpt>
      <trkpt lat="40.8561" lon="15.580166">
        <ele>649.3</ele>
      </trkpt>
      <trkpt lat="40.856216" lon="15.580533">
        <ele>641.5</ele>
      </trkpt>
      <trkpt lat="40.856283" lon="15.580733">
        <ele>636.6</ele>
      </trkpt>
      <trkpt lat="40.8563" lon="15.580916">
        <ele>634.3</ele>
      </trkpt>
      <trkpt lat="40.856216" lon="15.5811">
        <ele>637.3</ele>
      </trkpt>
      <trkpt lat="40.856083" lon="15.58125">
        <ele>642.6</ele>
      </trkpt>
      <trkpt lat="40.855983" lon="15.5814">
        <ele>646.5</ele>
      </trkpt>
      <trkpt lat="40.855933" lon="15.581616">
        <ele>647.7</ele>
      </trkpt>
      <trkpt lat="40.855983" lon="15.58185">
        <ele>645.4</ele>
      </trkpt>
      <trkpt lat="40.856083" lon="15.582133">
        <ele>641.5</ele>
      </trkpt>
      <trkpt lat="40.8562" lon="15.582383">
        <ele>637.2</ele>
      </trkpt>
      <trkpt lat="40.856316" lon="15.582583">
        <ele>632.6</ele>
      </trkpt>
      <trkpt lat="40.856466" lon="15.582766">
        <ele>626.5</ele>
      </trkpt>
      <trkpt lat="40.856633" lon="15.582916">
        <ele>620.2</ele>
      </trkpt>
      <trkpt lat="40.856783" lon="15.583033">
        <ele>616.8</ele>
      </trkpt>
      <trkpt lat="40.856816" lon="15.583066">
        <ele>616.3</ele>
      </trkpt>
      <trkpt lat="40.85705" lon="15.583233">
        <ele>613.6</ele>
      </trkpt>
      <trkpt lat="40.857183" lon="15.583366">
        <ele>612.3</ele>
      </trkpt>
      <trkpt lat="40.857166" lon="15.583383">
        <ele>612.3</ele>
      </trkpt>
      <trkpt lat="40.857183" lon="15.583383">
        <ele>612.1</ele>
      </trkpt>
      <trkpt lat="40.857183" lon="15.583383">
        <ele>612.1</ele>
      </trkpt>
      <trkpt lat="40.857283" lon="15.58355">
        <ele>608.6</ele>
      </trkpt>
      <trkpt lat="40.857466" lon="15.5838">
        <ele>603.7</ele>
      </trkpt>
      <trkpt lat="40.857616" lon="15.584033">
        <ele>599.2</ele>
      </trkpt>
      <trkpt lat="40.85785" lon="15.584216">
        <ele>594.6</ele>
      </trkpt>
      <trkpt lat="40.858116" lon="15.584016">
        <ele>593.2</ele>
      </trkpt>
      <trkpt lat="40.858383" lon="15.583783">
        <ele>590.0</ele>
      </trkpt>
      <trkpt lat="40.858616" lon="15.583533">
        <ele>585.0</ele>
      </trkpt>
      <trkpt lat="40.8585" lon="15.583066">
        <ele>583.6</ele>
      </trkpt>
      <trkpt lat="40.858216" lon="15.5828">
        <ele>584.6</ele>
      </trkpt>
      <trkpt lat="40.857983" lon="15.582583">
        <ele>585.2</ele>
      </trkpt>
      <trkpt lat="40.857733" lon="15.582366">
        <ele>587.4</ele>
      </trkpt>
      <trkpt lat="40.857532" lon="15.582133">
        <ele>588.9</ele>
      </trkpt>
      <trkpt lat="40.8574" lon="15.581916">
        <ele>590.4</ele>
      </trkpt>
      <trkpt lat="40.857366" lon="15.581666">
        <ele>588.8</ele>
      </trkpt>
      <trkpt lat="40.857433" lon="15.581516">
        <ele>588.3</ele>
      </trkpt>
      <trkpt lat="40.85755" lon="15.581583">
        <ele>584.2</ele>
      </trkpt>
      <trkpt lat="40.857783" lon="15.581816">
        <ele>580.0</ele>
      </trkpt>
      <trkpt lat="40.85815" lon="15.582066">
        <ele>575.2</ele>
      </trkpt>
      <trkpt lat="40.8586" lon="15.582333">
        <ele>568.5</ele>
      </trkpt>
      <trkpt lat="40.858866" lon="15.58245">
        <ele>563.5</ele>
      </trkpt>
      <trkpt lat="40.859066" lon="15.582533">
        <ele>559.9</ele>
      </trkpt>
      <trkpt lat="40.8592" lon="15.582583">
        <ele>557.9</ele>
      </trkpt>
      <trkpt lat="40.859333" lon="15.582633">
        <ele>555.9</ele>
      </trkpt>
      <trkpt lat="40.859533" lon="15.5827">
        <ele>552.6</ele>
      </trkpt>
      <trkpt lat="40.859699" lon="15.58275">
        <ele>549.6</ele>
      </trkpt>
      <trkpt lat="40.859833" lon="15.5829">
        <ele>548.4</ele>
      </trkpt>
      <trkpt lat="40.859916" lon="15.583166">
        <ele>549.5</ele>
      </trkpt>
      <trkpt lat="40.859933" lon="15.583466">
        <ele>549.8</ele>
      </trkpt>
      <trkpt lat="40.859916" lon="15.583766">
        <ele>547.7</ele>
      </trkpt>
      <trkpt lat="40.859816" lon="15.584066">
        <ele>547.8</ele>
      </trkpt>
      <trkpt lat="40.859682" lon="15.584233">
        <ele>549.0</ele>
      </trkpt>
      <trkpt lat="40.859483" lon="15.58455">
        <ele>547.7</ele>
      </trkpt>
      <trkpt lat="40.859283" lon="15.58505">
        <ele>542.8</ele>
      </trkpt>
      <trkpt lat="40.859216" lon="15.585383">
        <ele>541.9</ele>
      </trkpt>
      <trkpt lat="40.8592" lon="15.585683">
        <ele>540.1</ele>
      </trkpt>
      <trkpt lat="40.859266" lon="15.5859">
        <ele>536.7</ele>
      </trkpt>
      <trkpt lat="40.85935" lon="15.586116">
        <ele>533.3</ele>
      </trkpt>
      <trkpt lat="40.859483" lon="15.586333">
        <ele>528.6</ele>
      </trkpt>
      <trkpt lat="40.8596" lon="15.58655">
        <ele>524.5</ele>
      </trkpt>
      <trkpt lat="40.859699" lon="15.586783">
        <ele>519.7</ele>
      </trkpt>
      <trkpt lat="40.85975" lon="15.58705">
        <ele>514.9</ele>
      </trkpt>
      <trkpt lat="40.859766" lon="15.587283">
        <ele>511.4</ele>
      </trkpt>
      <trkpt lat="40.859783" lon="15.587433">
        <ele>509.1</ele>
      </trkpt>
      <trkpt lat="40.859783" lon="15.587433">
        <ele>509.1</ele>
      </trkpt>
      <trkpt lat="40.859816" lon="15.5874">
        <ele>508.6</ele>
      </trkpt>
      <trkpt lat="40.859865" lon="15.587383">
        <ele>507.7</ele>
      </trkpt>
      <trkpt lat="40.859883" lon="15.587366">
        <ele>507.5</ele>
      </trkpt>
      <trkpt lat="40.859966" lon="15.587283">
        <ele>506.4</ele>
      </trkpt>
      <trkpt lat="40.860033" lon="15.587183">
        <ele>506.0</ele>
      </trkpt>
      <trkpt lat="40.860133" lon="15.58705">
        <ele>505.1</ele>
      </trkpt>
      <trkpt lat="40.8602" lon="15.586933">
        <ele>504.6</ele>
      </trkpt>
      <trkpt lat="40.860283" lon="15.586783">
        <ele>503.8</ele>
      </trkpt>
      <trkpt lat="40.860366" lon="15.58665">
        <ele>502.4</ele>
      </trkpt>
      <trkpt lat="40.860433" lon="15.586516">
        <ele>500.9</ele>
      </trkpt>
      <trkpt lat="40.86045" lon="15.586466">
        <ele>500.6</ele>
      </trkpt>
      <trkpt lat="40.8605" lon="15.586416">
        <ele>499.4</ele>
      </trkpt>
      <trkpt lat="40.860532" lon="15.586366">
        <ele>498.6</ele>
      </trkpt>
      <trkpt lat="40.860583" lon="15.5863">
        <ele>497.4</ele>
      </trkpt>
      <trkpt lat="40.860616" lon="15.586216">
        <ele>496.6</ele>
      </trkpt>
      <trkpt lat="40.86065" lon="15.586133">
        <ele>496.1</ele>
      </trkpt>
      <trkpt lat="40.8607" lon="15.586083">
        <ele>494.8</ele>
      </trkpt>
      <trkpt lat="40.860733" lon="15.586">
        <ele>494.2</ele>
      </trkpt>
      <trkpt lat="40.860816" lon="15.585833">
        <ele>492.5</ele>
      </trkpt>
      <trkpt lat="40.860916" lon="15.585716">
        <ele>492.5</ele>
      </trkpt>
      <trkpt lat="40.860983" lon="15.585616">
        <ele>492.6</ele>
      </trkpt>
      <trkpt lat="40.86105" lon="15.585516">
        <ele>492.8</ele>
      </trkpt>
      <trkpt lat="40.861133" lon="15.5854">
        <ele>492.6</ele>
      </trkpt>
      <trkpt lat="40.861199" lon="15.585283">
        <ele>492.5</ele>
      </trkpt>
      <trkpt lat="40.861266" lon="15.58515">
        <ele>492.3</ele>
      </trkpt>
      <trkpt lat="40.861316" lon="15.585033">
        <ele>492.3</ele>
      </trkpt>
      <trkpt lat="40.861365" lon="15.584883">
        <ele>492.9</ele>
      </trkpt>
      <trkpt lat="40.86145" lon="15.58475">
        <ele>492.3</ele>
      </trkpt>
      <trkpt lat="40.861533" lon="15.584616">
        <ele>492.1</ele>
      </trkpt>
      <trkpt lat="40.861616" lon="15.584466">
        <ele>492.0</ele>
      </trkpt>
      <trkpt lat="40.861683" lon="15.584316">
        <ele>492.3</ele>
      </trkpt>
      <trkpt lat="40.861766" lon="15.58415">
        <ele>492.5</ele>
      </trkpt>
      <trkpt lat="40.861866" lon="15.583966">
        <ele>491.4</ele>
      </trkpt>
      <trkpt lat="40.86195" lon="15.583783">
        <ele>490.3</ele>
      </trkpt>
      <trkpt lat="40.862" lon="15.583666">
        <ele>489.8</ele>
      </trkpt>
      <trkpt lat="40.862032" lon="15.5836">
        <ele>489.3</ele>
      </trkpt>
      <trkpt lat="40.862066" lon="15.583516">
        <ele>488.8</ele>
      </trkpt>
      <trkpt lat="40.862083" lon="15.583466">
        <ele>488.6</ele>
      </trkpt>
      <trkpt lat="40.8621" lon="15.5834">
        <ele>488.5</ele>
      </trkpt>
      <trkpt lat="40.862116" lon="15.583366">
        <ele>488.2</ele>
      </trkpt>
      <trkpt lat="40.862133" lon="15.58335">
        <ele>487.8</ele>
      </trkpt>
      <trkpt lat="40.862183" lon="15.5832">
        <ele>486.8</ele>
      </trkpt>
      <trkpt lat="40.86225" lon="15.583083">
        <ele>485.4</ele>
      </trkpt>
      <trkpt lat="40.86225" lon="15.582933">
        <ele>486.2</ele>
      </trkpt>
      <trkpt lat="40.862233" lon="15.582866">
        <ele>486.9</ele>
      </trkpt>
      <trkpt lat="40.862215" lon="15.582833">
        <ele>487.6</ele>
      </trkpt>
      <trkpt lat="40.862183" lon="15.582733">
        <ele>488.8</ele>
      </trkpt>
      <trkpt lat="40.862166" lon="15.582666">
        <ele>489.5</ele>
      </trkpt>
      <trkpt lat="40.862166" lon="15.582533">
        <ele>490.1</ele>
      </trkpt>
      <trkpt lat="40.862215" lon="15.582516">
        <ele>489.1</ele>
      </trkpt>
      <trkpt lat="40.86225" lon="15.582583">
        <ele>488.0</ele>
      </trkpt>
      <trkpt lat="40.862333" lon="15.582666">
        <ele>485.6</ele>
      </trkpt>
      <trkpt lat="40.86245" lon="15.5827">
        <ele>482.5</ele>
      </trkpt>
      <trkpt lat="40.862533" lon="15.582683">
        <ele>480.8</ele>
      </trkpt>
      <trkpt lat="40.86265" lon="15.582683">
        <ele>478.8</ele>
      </trkpt>
      <trkpt lat="40.862733" lon="15.5827">
        <ele>477.2</ele>
      </trkpt>
      <trkpt lat="40.862916" lon="15.582683">
        <ele>474.1</ele>
      </trkpt>
      <trkpt lat="40.8631" lon="15.582616">
        <ele>471.3</ele>
      </trkpt>
      <trkpt lat="40.863166" lon="15.582633">
        <ele>470.0</ele>
      </trkpt>
      <trkpt lat="40.863216" lon="15.582633">
        <ele>469.1</ele>
      </trkpt>
      <trkpt lat="40.863366" lon="15.5826">
        <ele>466.8</ele>
      </trkpt>
      <trkpt lat="40.863466" lon="15.582583">
        <ele>465.3</ele>
      </trkpt>
      <trkpt lat="40.863616" lon="15.582566">
        <ele>463.1</ele>
      </trkpt>
      <trkpt lat="40.8637" lon="15.582533">
        <ele>462.1</ele>
      </trkpt>
      <trkpt lat="40.8638" lon="15.582516">
        <ele>460.6</ele>
      </trkpt>
      <trkpt lat="40.86395" lon="15.582533">
        <ele>458.2</ele>
      </trkpt>
      <trkpt lat="40.864066" lon="15.582616">
        <ele>455.9</ele>
      </trkpt>
      <trkpt lat="40.864216" lon="15.582633">
        <ele>453.1</ele>
      </trkpt>
      <trkpt lat="40.86435" lon="15.582616">
        <ele>450.3</ele>
      </trkpt>
      <trkpt lat="40.864483" lon="15.582633">
        <ele>447.4</ele>
      </trkpt>
      <trkpt lat="40.864566" lon="15.582683">
        <ele>445.4</ele>
      </trkpt>
      <trkpt lat="40.864583" lon="15.5827">
        <ele>444.9</ele>
      </trkpt>
      <trkpt lat="40.8646" lon="15.5827">
        <ele>444.7</ele>
      </trkpt>
      <trkpt lat="40.864616" lon="15.582683">
        <ele>444.4</ele>
      </trkpt>
      <trkpt lat="40.864666" lon="15.582683">
        <ele>443.3</ele>
      </trkpt>
      <trkpt lat="40.864716" lon="15.582683">
        <ele>442.2</ele>
      </trkpt>
      <trkpt lat="40.864783" lon="15.5827">
        <ele>440.8</ele>
      </trkpt>
      <trkpt lat="40.864833" lon="15.5827">
        <ele>439.8</ele>
      </trkpt>
      <trkpt lat="40.8649" lon="15.582716">
        <ele>438.4</ele>
      </trkpt>
      <trkpt lat="40.864966" lon="15.58275">
        <ele>437.0</ele>
      </trkpt>
      <trkpt lat="40.865016" lon="15.582783">
        <ele>436.1</ele>
      </trkpt>
      <trkpt lat="40.865066" lon="15.5828">
        <ele>435.4</ele>
      </trkpt>
      <trkpt lat="40.865133" lon="15.582833">
        <ele>434.4</ele>
      </trkpt>
      <trkpt lat="40.865183" lon="15.582883">
        <ele>433.7</ele>
      </trkpt>
      <trkpt lat="40.865215" lon="15.582933">
        <ele>433.3</ele>
      </trkpt>
      <trkpt lat="40.86525" lon="15.583">
        <ele>432.8</ele>
      </trkpt>
      <trkpt lat="40.865283" lon="15.583066">
        <ele>432.5</ele>
      </trkpt>
      <trkpt lat="40.865333" lon="15.583133">
        <ele>431.9</ele>
      </trkpt>
      <trkpt lat="40.865366" lon="15.58315">
        <ele>431.4</ele>
      </trkpt>
      <trkpt lat="40.865416" lon="15.583183">
        <ele>430.7</ele>
      </trkpt>
      <trkpt lat="40.865466" lon="15.583233">
        <ele>430.1</ele>
      </trkpt>
      <trkpt lat="40.865516" lon="15.583266">
        <ele>429.4</ele>
      </trkpt>
      <trkpt lat="40.86555" lon="15.5833">
        <ele>429.0</ele>
      </trkpt>
      <trkpt lat="40.865633" lon="15.58335">
        <ele>427.9</ele>
      </trkpt>
      <trkpt lat="40.865683" lon="15.5834">
        <ele>427.1</ele>
      </trkpt>
      <trkpt lat="40.865733" lon="15.5834">
        <ele>426.5</ele>
      </trkpt>
      <trkpt lat="40.865816" lon="15.583383">
        <ele>425.3</ele>
      </trkpt>
      <trkpt lat="40.865865" lon="15.583333">
        <ele>424.5</ele>
      </trkpt>
      <trkpt lat="40.8659" lon="15.5833">
        <ele>424.0</ele>
      </trkpt>
      <trkpt lat="40.86595" lon="15.58325">
        <ele>423.1</ele>
      </trkpt>
      <trkpt lat="40.865966" lon="15.58325">
        <ele>422.8</ele>
      </trkpt>
      <trkpt lat="40.866016" lon="15.583233">
        <ele>422.2</ele>
      </trkpt>
      <trkpt lat="40.866083" lon="15.583233">
        <ele>421.1</ele>
      </trkpt>
      <trkpt lat="40.866166" lon="15.583233">
        <ele>420.1</ele>
      </trkpt>
      <trkpt lat="40.866233" lon="15.583233">
        <ele>419.1</ele>
      </trkpt>
      <trkpt lat="40.866316" lon="15.583233">
        <ele>417.9</ele>
      </trkpt>
      <trkpt lat="40.866366" lon="15.583233">
        <ele>417.1</ele>
      </trkpt>
      <trkpt lat="40.866416" lon="15.58325">
        <ele>416.5</ele>
      </trkpt>
      <trkpt lat="40.866466" lon="15.58325">
        <ele>415.8</ele>
      </trkpt>
      <trkpt lat="40.8665" lon="15.583283">
        <ele>415.3</ele>
      </trkpt>
      <trkpt lat="40.866532" lon="15.5833">
        <ele>414.9</ele>
      </trkpt>
      <trkpt lat="40.866583" lon="15.583316">
        <ele>414.2</ele>
      </trkpt>
      <trkpt lat="40.866583" lon="15.583366">
        <ele>414.3</ele>
      </trkpt>
      <trkpt lat="40.866633" lon="15.5835">
        <ele>414.1</ele>
      </trkpt>
      <trkpt lat="40.8667" lon="15.583616">
        <ele>413.6</ele>
      </trkpt>
      <trkpt lat="40.866816" lon="15.584233">
        <ele>413.4</ele>
      </trkpt>
      <trkpt lat="40.86685" lon="15.584366">
        <ele>412.8</ele>
      </trkpt>
      <trkpt lat="40.86685" lon="15.584383">
        <ele>412.8</ele>
      </trkpt>
      <trkpt lat="40.86685" lon="15.584433">
        <ele>412.8</ele>
      </trkpt>
      <trkpt lat="40.866866" lon="15.5846">
        <ele>412.5</ele>
      </trkpt>
      <trkpt lat="40.866883" lon="15.584716">
        <ele>412.2</ele>
      </trkpt>
      <trkpt lat="40.86685" lon="15.584816">
        <ele>412.7</ele>
      </trkpt>
      <trkpt lat="40.8668" lon="15.58495">
        <ele>413.3</ele>
      </trkpt>
      <trkpt lat="40.86675" lon="15.58505">
        <ele>413.7</ele>
      </trkpt>
      <trkpt lat="40.866683" lon="15.585183">
        <ele>413.9</ele>
      </trkpt>
      <trkpt lat="40.866633" lon="15.5853">
        <ele>413.9</ele>
      </trkpt>
      <trkpt lat="40.8666" lon="15.585383">
        <ele>413.9</ele>
      </trkpt>
      <trkpt lat="40.866549" lon="15.585516">
        <ele>413.8</ele>
      </trkpt>
      <trkpt lat="40.8665" lon="15.5856">
        <ele>414.0</ele>
      </trkpt>
      <trkpt lat="40.86645" lon="15.5857">
        <ele>414.0</ele>
      </trkpt>
      <trkpt lat="40.866416" lon="15.5858">
        <ele>413.9</ele>
      </trkpt>
      <trkpt lat="40.866366" lon="15.5859">
        <ele>414.4</ele>
      </trkpt>
      <trkpt lat="40.866333" lon="15.586">
        <ele>414.9</ele>
      </trkpt>
      <trkpt lat="40.866266" lon="15.586116">
        <ele>415.7</ele>
      </trkpt>
      <trkpt lat="40.866166" lon="15.586283">
        <ele>416.6</ele>
      </trkpt>
      <trkpt lat="40.866083" lon="15.5864">
        <ele>417.1</ele>
      </trkpt>
      <trkpt lat="40.866" lon="15.586516">
        <ele>417.4</ele>
      </trkpt>
      <trkpt lat="40.865933" lon="15.586683">
        <ele>417.8</ele>
      </trkpt>
      <trkpt lat="40.8659" lon="15.586766">
        <ele>418.5</ele>
      </trkpt>
      <trkpt lat="40.86585" lon="15.586766">
        <ele>418.7</ele>
      </trkpt>
      <trkpt lat="40.86585" lon="15.5868">
        <ele>418.8</ele>
      </trkpt>
      <trkpt lat="40.86585" lon="15.586866">
        <ele>419.3</ele>
      </trkpt>
      <trkpt lat="40.865916" lon="15.586916">
        <ele>419.6</ele>
      </trkpt>
      <trkpt lat="40.86595" lon="15.586966">
        <ele>420.0</ele>
      </trkpt>
      <trkpt lat="40.86595" lon="15.586966">
        <ele>420.0</ele>
      </trkpt>
      <trkpt lat="40.866033" lon="15.587016">
        <ele>420.3</ele>
      </trkpt>
      <trkpt lat="40.866116" lon="15.58715">
        <ele>421.3</ele>
      </trkpt>
      <trkpt lat="40.8662" lon="15.587233">
        <ele>422.3</ele>
      </trkpt>
      <trkpt lat="40.866266" lon="15.587333">
        <ele>423.3</ele>
      </trkpt>
      <trkpt lat="40.866366" lon="15.587416">
        <ele>424.4</ele>
      </trkpt>
      <trkpt lat="40.866516" lon="15.587383">
        <ele>424.2</ele>
      </trkpt>
      <trkpt lat="40.866633" lon="15.587333">
        <ele>423.8</ele>
      </trkpt>
      <trkpt lat="40.86675" lon="15.58725">
        <ele>423.0</ele>
      </trkpt>
      <trkpt lat="40.8669" lon="15.587166">
        <ele>422.4</ele>
      </trkpt>
      <trkpt lat="40.867016" lon="15.587066">
        <ele>421.4</ele>
      </trkpt>
      <trkpt lat="40.867116" lon="15.586933">
        <ele>420.1</ele>
      </trkpt>
      <trkpt lat="40.867216" lon="15.586783">
        <ele>418.5</ele>
      </trkpt>
      <trkpt lat="40.8673" lon="15.586666">
        <ele>417.3</ele>
      </trkpt>
      <trkpt lat="40.867416" lon="15.586633">
        <ele>417.3</ele>
      </trkpt>
      <trkpt lat="40.8676" lon="15.5865">
        <ele>416.9</ele>
      </trkpt>
      <trkpt lat="40.867716" lon="15.586383">
        <ele>416.3</ele>
      </trkpt>
      <trkpt lat="40.8678" lon="15.5863">
        <ele>415.8</ele>
      </trkpt>
      <trkpt lat="40.867916" lon="15.58635">
        <ele>416.9</ele>
      </trkpt>
      <trkpt lat="40.868032" lon="15.58645">
        <ele>418.6</ele>
      </trkpt>
      <trkpt lat="40.868166" lon="15.586483">
        <ele>419.7</ele>
      </trkpt>
      <trkpt lat="40.868366" lon="15.586516">
        <ele>421.1</ele>
      </trkpt>
      <trkpt lat="40.868516" lon="15.5864">
        <ele>420.0</ele>
      </trkpt>
      <trkpt lat="40.868633" lon="15.586283">
        <ele>418.5</ele>
      </trkpt>
      <trkpt lat="40.86875" lon="15.586166">
        <ele>416.9</ele>
      </trkpt>
      <trkpt lat="40.868933" lon="15.586066">
        <ele>415.3</ele>
      </trkpt>
      <trkpt lat="40.869065" lon="15.586">
        <ele>414.2</ele>
      </trkpt>
      <trkpt lat="40.86925" lon="15.585966">
        <ele>411.9</ele>
      </trkpt>
      <trkpt lat="40.869383" lon="15.585966">
        <ele>409.1</ele>
      </trkpt>
      <trkpt lat="40.869483" lon="15.586033">
        <ele>408.5</ele>
      </trkpt>
      <trkpt lat="40.869549" lon="15.586166">
        <ele>409.8</ele>
      </trkpt>
      <trkpt lat="40.869683" lon="15.586333">
        <ele>410.4</ele>
      </trkpt>
      <trkpt lat="40.869732" lon="15.58645">
        <ele>411.8</ele>
      </trkpt>
      <trkpt lat="40.869766" lon="15.58665">
        <ele>415.1</ele>
      </trkpt>
      <trkpt lat="40.869783" lon="15.5868">
        <ele>416.2</ele>
      </trkpt>
      <trkpt lat="40.8698" lon="15.586966">
        <ele>417.1</ele>
      </trkpt>
      <trkpt lat="40.869833" lon="15.5871">
        <ele>417.3</ele>
      </trkpt>
      <trkpt lat="40.86985" lon="15.587266">
        <ele>418.3</ele>
      </trkpt>
      <trkpt lat="40.869833" lon="15.58735">
        <ele>419.3</ele>
      </trkpt>
      <trkpt lat="40.869883" lon="15.587566">
        <ele>419.6</ele>
      </trkpt>
      <trkpt lat="40.8699" lon="15.58775">
        <ele>420.0</ele>
      </trkpt>
      <trkpt lat="40.8699" lon="15.58795">
        <ele>420.8</ele>
      </trkpt>
      <trkpt lat="40.86995" lon="15.58815">
        <ele>420.5</ele>
      </trkpt>
      <trkpt lat="40.870016" lon="15.588366">
        <ele>419.9</ele>
      </trkpt>
      <trkpt lat="40.870083" lon="15.58855">
        <ele>419.9</ele>
      </trkpt>
      <trkpt lat="40.870133" lon="15.588783">
        <ele>420.5</ele>
      </trkpt>
      <trkpt lat="40.870166" lon="15.589">
        <ele>421.3</ele>
      </trkpt>
      <trkpt lat="40.870216" lon="15.589216">
        <ele>421.8</ele>
      </trkpt>
      <trkpt lat="40.870283" lon="15.5894">
        <ele>422.1</ele>
      </trkpt>
      <trkpt lat="40.87035" lon="15.5895">
        <ele>421.4</ele>
      </trkpt>
      <trkpt lat="40.870433" lon="15.589666">
        <ele>421.1</ele>
      </trkpt>
      <trkpt lat="40.870533" lon="15.58985">
        <ele>420.3</ele>
      </trkpt>
      <trkpt lat="40.870666" lon="15.590016">
        <ele>418.4</ele>
      </trkpt>
      <trkpt lat="40.870783" lon="15.590166">
        <ele>417.1</ele>
      </trkpt>
      <trkpt lat="40.870916" lon="15.590383">
        <ele>414.6</ele>
      </trkpt>
      <trkpt lat="40.871016" lon="15.590516">
        <ele>411.3</ele>
      </trkpt>
      <trkpt lat="40.871049" lon="15.59065">
        <ele>410.7</ele>
      </trkpt>
      <trkpt lat="40.871083" lon="15.590833">
        <ele>410.4</ele>
      </trkpt>
      <trkpt lat="40.8711" lon="15.591016">
        <ele>410.1</ele>
      </trkpt>
      <trkpt lat="40.87115" lon="15.591216">
        <ele>408.0</ele>
      </trkpt>
      <trkpt lat="40.87115" lon="15.591416">
        <ele>408.5</ele>
      </trkpt>
      <trkpt lat="40.8711" lon="15.591666">
        <ele>412.0</ele>
      </trkpt>
      <trkpt lat="40.871083" lon="15.591883">
        <ele>412.8</ele>
      </trkpt>
      <trkpt lat="40.871049" lon="15.592083">
        <ele>414.5</ele>
      </trkpt>
      <trkpt lat="40.871016" lon="15.592233">
        <ele>416.3</ele>
      </trkpt>
      <trkpt lat="40.871033" lon="15.5924">
        <ele>415.3</ele>
      </trkpt>
      <trkpt lat="40.871016" lon="15.592583">
        <ele>415.6</ele>
      </trkpt>
      <trkpt lat="40.870983" lon="15.59285">
        <ele>415.6</ele>
      </trkpt>
      <trkpt lat="40.87095" lon="15.59305">
        <ele>416.0</ele>
      </trkpt>
      <trkpt lat="40.87085" lon="15.59325">
        <ele>419.8</ele>
      </trkpt>
      <trkpt lat="40.870816" lon="15.593416">
        <ele>420.7</ele>
      </trkpt>
      <trkpt lat="40.87095" lon="15.5936">
        <ele>414.1</ele>
      </trkpt>
      <trkpt lat="40.870983" lon="15.593766">
        <ele>412.5</ele>
      </trkpt>
      <trkpt lat="40.870966" lon="15.59395">
        <ele>413.3</ele>
      </trkpt>
      <trkpt lat="40.87095" lon="15.5941">
        <ele>414.1</ele>
      </trkpt>
      <trkpt lat="40.8709" lon="15.59425">
        <ele>416.7</ele>
      </trkpt>
      <trkpt lat="40.870916" lon="15.594466">
        <ele>416.0</ele>
      </trkpt>
      <trkpt lat="40.870966" lon="15.594616">
        <ele>413.3</ele>
      </trkpt>
      <trkpt lat="40.870966" lon="15.5948">
        <ele>413.3</ele>
      </trkpt>
      <trkpt lat="40.870966" lon="15.595083">
        <ele>413.7</ele>
      </trkpt>
      <trkpt lat="40.870966" lon="15.595383">
        <ele>414.8</ele>
      </trkpt>
      <trkpt lat="40.870933" lon="15.595583">
        <ele>417.6</ele>
      </trkpt>
      <trkpt lat="40.871" lon="15.595733">
        <ele>414.0</ele>
      </trkpt>
      <trkpt lat="40.871016" lon="15.595966">
        <ele>415.0</ele>
      </trkpt>
      <trkpt lat="40.871066" lon="15.596166">
        <ele>414.2</ele>
      </trkpt>
      <trkpt lat="40.871083" lon="15.5964">
        <ele>415.9</ele>
      </trkpt>
      <trkpt lat="40.871133" lon="15.5966">
        <ele>415.1</ele>
      </trkpt>
      <trkpt lat="40.871166" lon="15.5968">
        <ele>414.8</ele>
      </trkpt>
      <trkpt lat="40.871183" lon="15.597066">
        <ele>415.7</ele>
      </trkpt>
      <trkpt lat="40.871215" lon="15.597366">
        <ele>415.9</ele>
      </trkpt>
      <trkpt lat="40.87125" lon="15.597583">
        <ele>414.8</ele>
      </trkpt>
      <trkpt lat="40.871283" lon="15.597783">
        <ele>412.7</ele>
      </trkpt>
      <trkpt lat="40.871283" lon="15.598016">
        <ele>412.4</ele>
      </trkpt>
      <trkpt lat="40.871266" lon="15.598233">
        <ele>412.9</ele>
      </trkpt>
      <trkpt lat="40.871232" lon="15.59845">
        <ele>412.7</ele>
      </trkpt>
      <trkpt lat="40.871215" lon="15.598633">
        <ele>410.8</ele>
      </trkpt>
      <trkpt lat="40.871133" lon="15.598816">
        <ele>411.6</ele>
      </trkpt>
      <trkpt lat="40.871049" lon="15.598983">
        <ele>412.2</ele>
      </trkpt>
      <trkpt lat="40.870916" lon="15.599133">
        <ele>414.6</ele>
      </trkpt>
      <trkpt lat="40.870783" lon="15.599266">
        <ele>415.9</ele>
      </trkpt>
      <trkpt lat="40.870666" lon="15.599366">
        <ele>416.0</ele>
      </trkpt>
      <trkpt lat="40.870533" lon="15.599483">
        <ele>415.3</ele>
      </trkpt>
      <trkpt lat="40.870416" lon="15.59955">
        <ele>415.3</ele>
      </trkpt>
      <trkpt lat="40.8703" lon="15.599583">
        <ele>416.2</ele>
      </trkpt>
      <trkpt lat="40.87015" lon="15.599616">
        <ele>417.3</ele>
      </trkpt>
      <trkpt lat="40.870016" lon="15.59965">
        <ele>418.0</ele>
      </trkpt>
      <trkpt lat="40.869883" lon="15.5997">
        <ele>417.1</ele>
      </trkpt>
      <trkpt lat="40.869715" lon="15.59975">
        <ele>416.1</ele>
      </trkpt>
      <trkpt lat="40.869549" lon="15.599766">
        <ele>416.5</ele>
      </trkpt>
      <trkpt lat="40.8694" lon="15.599766">
        <ele>417.4</ele>
      </trkpt>
      <trkpt lat="40.86925" lon="15.599766">
        <ele>418.5</ele>
      </trkpt>
      <trkpt lat="40.869116" lon="15.599733">
        <ele>421.0</ele>
      </trkpt>
      <trkpt lat="40.868983" lon="15.599733">
        <ele>421.7</ele>
      </trkpt>
      <trkpt lat="40.868833" lon="15.599716">
        <ele>423.3</ele>
      </trkpt>
      <trkpt lat="40.868683" lon="15.599633">
        <ele>428.3</ele>
      </trkpt>
      <trkpt lat="40.8686" lon="15.599633">
        <ele>428.7</ele>
      </trkpt>
      <trkpt lat="40.868616" lon="15.599633">
        <ele>428.6</ele>
      </trkpt>
      <trkpt lat="40.868616" lon="15.599633">
        <ele>428.6</ele>
      </trkpt>
      <trkpt lat="40.868583" lon="15.59965">
        <ele>427.9</ele>
      </trkpt>
      <trkpt lat="40.86855" lon="15.5997">
        <ele>425.3</ele>
      </trkpt>
      <trkpt lat="40.868483" lon="15.599766">
        <ele>422.4</ele>
      </trkpt>
      <trkpt lat="40.8684" lon="15.599833">
        <ele>419.3</ele>
      </trkpt>
      <trkpt lat="40.868316" lon="15.599883">
        <ele>417.1</ele>
      </trkpt>
      <trkpt lat="40.8682" lon="15.599883">
        <ele>417.3</ele>
      </trkpt>
      <trkpt lat="40.868083" lon="15.5999">
        <ele>416.6</ele>
      </trkpt>
      <trkpt lat="40.86795" lon="15.599916">
        <ele>416.1</ele>
      </trkpt>
      <trkpt lat="40.86785" lon="15.599933">
        <ele>415.3</ele>
      </trkpt>
      <trkpt lat="40.867733" lon="15.599933">
        <ele>415.7</ele>
      </trkpt>
      <trkpt lat="40.8676" lon="15.599933">
        <ele>415.9</ele>
      </trkpt>
      <trkpt lat="40.867516" lon="15.5999">
        <ele>417.6</ele>
      </trkpt>
      <trkpt lat="40.8675" lon="15.5999">
        <ele>417.7</ele>
      </trkpt>
      <trkpt lat="40.867416" lon="15.599866">
        <ele>418.5</ele>
      </trkpt>
      <trkpt lat="40.867316" lon="15.599833">
        <ele>419.0</ele>
      </trkpt>
      <trkpt lat="40.867233" lon="15.599766">
        <ele>421.3</ele>
      </trkpt>
      <trkpt lat="40.86715" lon="15.599683">
        <ele>424.1</ele>
      </trkpt>
      <trkpt lat="40.867066" lon="15.599616">
        <ele>426.1</ele>
      </trkpt>
      <trkpt lat="40.867" lon="15.599533">
        <ele>429.0</ele>
      </trkpt>
      <trkpt lat="40.8669" lon="15.599466">
        <ele>430.6</ele>
      </trkpt>
      <trkpt lat="40.866783" lon="15.599466">
        <ele>429.1</ele>
      </trkpt>
      <trkpt lat="40.866715" lon="15.599633">
        <ele>421.4</ele>
      </trkpt>
      <trkpt lat="40.86665" lon="15.599733">
        <ele>416.9</ele>
      </trkpt>
      <trkpt lat="40.866616" lon="15.599733">
        <ele>416.9</ele>
      </trkpt>
      <trkpt lat="40.8665" lon="15.599733">
        <ele>416.9</ele>
      </trkpt>
      <trkpt lat="40.866383" lon="15.599766">
        <ele>415.6</ele>
      </trkpt>
      <trkpt lat="40.866283" lon="15.5998">
        <ele>414.1</ele>
      </trkpt>
      <trkpt lat="40.866166" lon="15.599816">
        <ele>413.3</ele>
      </trkpt>
      <trkpt lat="40.866065" lon="15.599833">
        <ele>412.7</ele>
      </trkpt>
      <trkpt lat="40.865933" lon="15.599816">
        <ele>413.3</ele>
      </trkpt>
      <trkpt lat="40.86585" lon="15.5998">
        <ele>414.1</ele>
      </trkpt>
      <trkpt lat="40.86585" lon="15.599766">
        <ele>415.7</ele>
      </trkpt>
      <trkpt lat="40.86575" lon="15.599733">
        <ele>416.4</ele>
      </trkpt>
      <trkpt lat="40.86565" lon="15.599683">
        <ele>417.7</ele>
      </trkpt>
      <trkpt lat="40.865533" lon="15.599633">
        <ele>418.8</ele>
      </trkpt>
      <trkpt lat="40.865433" lon="15.599583">
        <ele>420.2</ele>
      </trkpt>
      <trkpt lat="40.865333" lon="15.599566">
        <ele>420.0</ele>
      </trkpt>
      <trkpt lat="40.86525" lon="15.599633">
        <ele>416.2</ele>
      </trkpt>
      <trkpt lat="40.86525" lon="15.599783">
        <ele>409.6</ele>
      </trkpt>
      <trkpt lat="40.86525" lon="15.599916">
        <ele>403.8</ele>
      </trkpt>
      <trkpt lat="40.865233" lon="15.600033">
        <ele>399.4</ele>
      </trkpt>
      <trkpt lat="40.865215" lon="15.600216">
        <ele>397.1</ele>
      </trkpt>
      <trkpt lat="40.8652" lon="15.60035">
        <ele>395.3</ele>
      </trkpt>
      <trkpt lat="40.865183" lon="15.60055">
        <ele>392.7</ele>
      </trkpt>
      <trkpt lat="40.865183" lon="15.600733">
        <ele>390.5</ele>
      </trkpt>
      <trkpt lat="40.865183" lon="15.60075">
        <ele>390.3</ele>
      </trkpt>
      <trkpt lat="40.865183" lon="15.600866">
        <ele>389.6</ele>
      </trkpt>
      <trkpt lat="40.865166" lon="15.6011">
        <ele>392.4</ele>
      </trkpt>
      <trkpt lat="40.865166" lon="15.6012">
        <ele>393.6</ele>
      </trkpt>
      <trkpt lat="40.86515" lon="15.601416">
        <ele>396.3</ele>
      </trkpt>
      <trkpt lat="40.865133" lon="15.601666">
        <ele>399.6</ele>
      </trkpt>
      <trkpt lat="40.865116" lon="15.601883">
        <ele>405.9</ele>
      </trkpt>
      <trkpt lat="40.8651" lon="15.6021">
        <ele>412.3</ele>
      </trkpt>
      <trkpt lat="40.865116" lon="15.6022">
        <ele>415.0</ele>
      </trkpt>
      <trkpt lat="40.865133" lon="15.602216">
        <ele>415.3</ele>
      </trkpt>
      <trkpt lat="40.86525" lon="15.602266">
        <ele>416.1</ele>
      </trkpt>
      <trkpt lat="40.865266" lon="15.602266">
        <ele>416.0</ele>
      </trkpt>
      <trkpt lat="40.865333" lon="15.602283">
        <ele>416.2</ele>
      </trkpt>
      <trkpt lat="40.86545" lon="15.602316">
        <ele>416.6</ele>
      </trkpt>
      <trkpt lat="40.865516" lon="15.60235">
        <ele>417.3</ele>
      </trkpt>
      <trkpt lat="40.8656" lon="15.602383">
        <ele>418.0</ele>
      </trkpt>
      <trkpt lat="40.865699" lon="15.602433">
        <ele>419.1</ele>
      </trkpt>
      <trkpt lat="40.865816" lon="15.6025">
        <ele>421.1</ele>
      </trkpt>
      <trkpt lat="40.865933" lon="15.602566">
        <ele>420.5</ele>
      </trkpt>
      <trkpt lat="40.86605" lon="15.60265">
        <ele>420.4</ele>
      </trkpt>
      <trkpt lat="40.866116" lon="15.60275">
        <ele>422.6</ele>
      </trkpt>
      <trkpt lat="40.8662" lon="15.602833">
        <ele>423.9</ele>
      </trkpt>
      <trkpt lat="40.8663" lon="15.602916">
        <ele>425.1</ele>
      </trkpt>
      <trkpt lat="40.8664" lon="15.602983">
        <ele>425.7</ele>
      </trkpt>
      <trkpt lat="40.8665" lon="15.603016">
        <ele>425.0</ele>
      </trkpt>
      <trkpt lat="40.8666" lon="15.60305">
        <ele>424.5</ele>
      </trkpt>
      <trkpt lat="40.866683" lon="15.603066">
        <ele>423.7</ele>
      </trkpt>
      <trkpt lat="40.86675" lon="15.6031">
        <ele>424.5</ele>
      </trkpt>
      <trkpt lat="40.866816" lon="15.60315">
        <ele>426.1</ele>
      </trkpt>
      <trkpt lat="40.8669" lon="15.6032">
        <ele>427.4</ele>
      </trkpt>
      <trkpt lat="40.866966" lon="15.603233">
        <ele>428.1</ele>
      </trkpt>
      <trkpt lat="40.867033" lon="15.603283">
        <ele>429.4</ele>
      </trkpt>
      <trkpt lat="40.867116" lon="15.603366">
        <ele>431.8</ele>
      </trkpt>
      <trkpt lat="40.867183" lon="15.603466">
        <ele>434.8</ele>
      </trkpt>
      <trkpt lat="40.867283" lon="15.603516">
        <ele>435.3</ele>
      </trkpt>
      <trkpt lat="40.8674" lon="15.60345">
        <ele>431.0</ele>
      </trkpt>
      <trkpt lat="40.86755" lon="15.60345">
        <ele>428.8</ele>
      </trkpt>
      <trkpt lat="40.867666" lon="15.603483">
        <ele>428.5</ele>
      </trkpt>
      <trkpt lat="40.867816" lon="15.603533">
        <ele>428.5</ele>
      </trkpt>
      <trkpt lat="40.86795" lon="15.603583">
        <ele>428.8</ele>
      </trkpt>
      <trkpt lat="40.868083" lon="15.603633">
        <ele>429.1</ele>
      </trkpt>
      <trkpt lat="40.8682" lon="15.6037">
        <ele>430.5</ele>
      </trkpt>
      <trkpt lat="40.8683" lon="15.603766">
        <ele>432.1</ele>
      </trkpt>
      <trkpt lat="40.868383" lon="15.6039">
        <ele>437.0</ele>
      </trkpt>
      <trkpt lat="40.868533" lon="15.603883">
        <ele>434.7</ele>
      </trkpt>
      <trkpt lat="40.86865" lon="15.603816">
        <ele>430.6</ele>
      </trkpt>
      <trkpt lat="40.868766" lon="15.6038">
        <ele>428.6</ele>
      </trkpt>
      <trkpt lat="40.868899" lon="15.603833">
        <ele>428.7</ele>
      </trkpt>
      <trkpt lat="40.869033" lon="15.603866">
        <ele>428.8</ele>
      </trkpt>
      <trkpt lat="40.869133" lon="15.603866">
        <ele>427.9</ele>
      </trkpt>
      <trkpt lat="40.869233" lon="15.60385">
        <ele>426.3</ele>
      </trkpt>
      <trkpt lat="40.869333" lon="15.60385">
        <ele>425.4</ele>
      </trkpt>
      <trkpt lat="40.86945" lon="15.60385">
        <ele>424.5</ele>
      </trkpt>
      <trkpt lat="40.869566" lon="15.603866">
        <ele>424.3</ele>
      </trkpt>
      <trkpt lat="40.86965" lon="15.60385">
        <ele>422.8</ele>
      </trkpt>
      <trkpt lat="40.869732" lon="15.60385">
        <ele>422.2</ele>
      </trkpt>
      <trkpt lat="40.869833" lon="15.60385">
        <ele>421.3</ele>
      </trkpt>
      <trkpt lat="40.86995" lon="15.60385">
        <ele>420.5</ele>
      </trkpt>
      <trkpt lat="40.8701" lon="15.603883">
        <ele>419.1</ele>
      </trkpt>
      <trkpt lat="40.87025" lon="15.603916">
        <ele>416.9</ele>
      </trkpt>
      <trkpt lat="40.870399" lon="15.60395">
        <ele>414.5</ele>
      </trkpt>
      <trkpt lat="40.8705" lon="15.604">
        <ele>413.7</ele>
      </trkpt>
      <trkpt lat="40.8706" lon="15.60405">
        <ele>412.8</ele>
      </trkpt>
      <trkpt lat="40.870716" lon="15.604116">
        <ele>411.7</ele>
      </trkpt>
      <trkpt lat="40.870816" lon="15.604183">
        <ele>410.8</ele>
      </trkpt>
      <trkpt lat="40.8709" lon="15.604283">
        <ele>410.3</ele>
      </trkpt>
      <trkpt lat="40.871016" lon="15.6044">
        <ele>409.0</ele>
      </trkpt>
      <trkpt lat="40.871083" lon="15.604533">
        <ele>408.8</ele>
      </trkpt>
      <trkpt lat="40.871133" lon="15.604766">
        <ele>410.0</ele>
      </trkpt>
      <trkpt lat="40.871183" lon="15.605066">
        <ele>410.9</ele>
      </trkpt>
      <trkpt lat="40.871166" lon="15.605266">
        <ele>412.3</ele>
      </trkpt>
      <trkpt lat="40.87115" lon="15.605483">
        <ele>413.7</ele>
      </trkpt>
      <trkpt lat="40.871133" lon="15.605683">
        <ele>415.3</ele>
      </trkpt>
      <trkpt lat="40.8711" lon="15.605883">
        <ele>418.3</ele>
      </trkpt>
      <trkpt lat="40.871133" lon="15.6061">
        <ele>419.4</ele>
      </trkpt>
      <trkpt lat="40.871215" lon="15.606283">
        <ele>417.4</ele>
      </trkpt>
      <trkpt lat="40.871283" lon="15.606416">
        <ele>415.8</ele>
      </trkpt>
      <trkpt lat="40.871333" lon="15.606516">
        <ele>414.5</ele>
      </trkpt>
      <trkpt lat="40.871366" lon="15.606616">
        <ele>414.2</ele>
      </trkpt>
      <trkpt lat="40.87145" lon="15.606766">
        <ele>412.2</ele>
      </trkpt>
      <trkpt lat="40.871533" lon="15.606933">
        <ele>410.9</ele>
      </trkpt>
      <trkpt lat="40.871616" lon="15.607116">
        <ele>410.1</ele>
      </trkpt>
      <trkpt lat="40.871683" lon="15.6073">
        <ele>410.6</ele>
      </trkpt>
      <trkpt lat="40.871716" lon="15.607533">
        <ele>413.3</ele>
      </trkpt>
      <trkpt lat="40.871716" lon="15.607766">
        <ele>415.7</ele>
      </trkpt>
      <trkpt lat="40.871866" lon="15.607966">
        <ele>412.2</ele>
      </trkpt>
      <trkpt lat="40.871966" lon="15.60815">
        <ele>410.6</ele>
      </trkpt>
      <trkpt lat="40.872" lon="15.60835">
        <ele>411.4</ele>
      </trkpt>
      <trkpt lat="40.872" lon="15.608583">
        <ele>413.6</ele>
      </trkpt>
      <trkpt lat="40.87205" lon="15.608866">
        <ele>414.6</ele>
      </trkpt>
      <trkpt lat="40.8721" lon="15.609083">
        <ele>415.1</ele>
      </trkpt>
      <trkpt lat="40.872183" lon="15.60925">
        <ele>414.3</ele>
      </trkpt>
      <trkpt lat="40.87225" lon="15.6094">
        <ele>413.6</ele>
      </trkpt>
      <trkpt lat="40.872333" lon="15.609583">
        <ele>412.6</ele>
      </trkpt>
      <trkpt lat="40.8724" lon="15.609733">
        <ele>411.8</ele>
      </trkpt>
      <trkpt lat="40.87245" lon="15.609916">
        <ele>411.8</ele>
      </trkpt>
      <trkpt lat="40.872466" lon="15.61015">
        <ele>413.0</ele>
      </trkpt>
      <trkpt lat="40.872466" lon="15.610416">
        <ele>415.0</ele>
      </trkpt>
      <trkpt lat="40.8725" lon="15.610666">
        <ele>415.8</ele>
      </trkpt>
      <trkpt lat="40.872516" lon="15.61085">
        <ele>416.6</ele>
      </trkpt>
      <trkpt lat="40.872516" lon="15.61105">
        <ele>416.8</ele>
      </trkpt>
      <trkpt lat="40.872533" lon="15.61125">
        <ele>416.7</ele>
      </trkpt>
      <trkpt lat="40.872533" lon="15.611466">
        <ele>417.0</ele>
      </trkpt>
      <trkpt lat="40.872549" lon="15.61165">
        <ele>416.9</ele>
      </trkpt>
      <trkpt lat="40.872549" lon="15.61165">
        <ele>416.9</ele>
      </trkpt>
      <trkpt lat="40.872566" lon="15.611733">
        <ele>416.1</ele>
      </trkpt>
      <trkpt lat="40.872566" lon="15.6119">
        <ele>414.8</ele>
      </trkpt>
      <trkpt lat="40.872533" lon="15.612083">
        <ele>414.0</ele>
      </trkpt>
      <trkpt lat="40.872483" lon="15.612233">
        <ele>413.7</ele>
      </trkpt>
      <trkpt lat="40.872383" lon="15.61235">
        <ele>414.8</ele>
      </trkpt>
      <trkpt lat="40.872283" lon="15.612483">
        <ele>415.3</ele>
      </trkpt>
      <trkpt lat="40.87215" lon="15.612616">
        <ele>415.4</ele>
      </trkpt>
      <trkpt lat="40.872033" lon="15.612733">
        <ele>415.0</ele>
      </trkpt>
      <trkpt lat="40.871899" lon="15.61285">
        <ele>414.3</ele>
      </trkpt>
      <trkpt lat="40.871766" lon="15.61295">
        <ele>413.3</ele>
      </trkpt>
      <trkpt lat="40.871633" lon="15.613066">
        <ele>411.9</ele>
      </trkpt>
      <trkpt lat="40.871466" lon="15.613166">
        <ele>411.7</ele>
      </trkpt>
      <trkpt lat="40.871316" lon="15.6133">
        <ele>410.1</ele>
      </trkpt>
      <trkpt lat="40.871133" lon="15.6134">
        <ele>410.5</ele>
      </trkpt>
      <trkpt lat="40.870983" lon="15.6135">
        <ele>410.7</ele>
      </trkpt>
      <trkpt lat="40.870816" lon="15.6136">
        <ele>410.7</ele>
      </trkpt>
      <trkpt lat="40.870666" lon="15.6137">
        <ele>409.4</ele>
      </trkpt>
      <trkpt lat="40.8705" lon="15.61375">
        <ele>409.3</ele>
      </trkpt>
      <trkpt lat="40.8703" lon="15.613783">
        <ele>409.4</ele>
      </trkpt>
      <trkpt lat="40.870116" lon="15.6138">
        <ele>410.0</ele>
      </trkpt>
      <trkpt lat="40.86995" lon="15.613833">
        <ele>409.8</ele>
      </trkpt>
      <trkpt lat="40.869783" lon="15.613833">
        <ele>410.3</ele>
      </trkpt>
      <trkpt lat="40.8696" lon="15.61385">
        <ele>410.3</ele>
      </trkpt>
      <trkpt lat="40.8694" lon="15.613866">
        <ele>410.3</ele>
      </trkpt>
      <trkpt lat="40.8692" lon="15.61385">
        <ele>411.6</ele>
      </trkpt>
      <trkpt lat="40.869" lon="15.613866">
        <ele>410.4</ele>
      </trkpt>
      <trkpt lat="40.868783" lon="15.61385">
        <ele>410.2</ele>
      </trkpt>
      <trkpt lat="40.868566" lon="15.61385">
        <ele>409.3</ele>
      </trkpt>
      <trkpt lat="40.86835" lon="15.613866">
        <ele>408.1</ele>
      </trkpt>
      <trkpt lat="40.868166" lon="15.613833">
        <ele>408.8</ele>
      </trkpt>
      <trkpt lat="40.867983" lon="15.613833">
        <ele>408.5</ele>
      </trkpt>
      <trkpt lat="40.8678" lon="15.613816">
        <ele>408.8</ele>
      </trkpt>
      <trkpt lat="40.8676" lon="15.6138">
        <ele>409.0</ele>
      </trkpt>
      <trkpt lat="40.867416" lon="15.613783">
        <ele>409.3</ele>
      </trkpt>
      <trkpt lat="40.867199" lon="15.61375">
        <ele>410.0</ele>
      </trkpt>
      <trkpt lat="40.867" lon="15.613716">
        <ele>410.6</ele>
      </trkpt>
      <trkpt lat="40.866733" lon="15.613666">
        <ele>411.6</ele>
      </trkpt>
      <trkpt lat="40.866532" lon="15.613683">
        <ele>410.0</ele>
      </trkpt>
      <trkpt lat="40.866333" lon="15.613733">
        <ele>407.3</ele>
      </trkpt>
      <trkpt lat="40.86615" lon="15.6138">
        <ele>404.9</ele>
      </trkpt>
      <trkpt lat="40.865983" lon="15.6138">
        <ele>404.0</ele>
      </trkpt>
      <trkpt lat="40.865833" lon="15.613633">
        <ele>405.7</ele>
      </trkpt>
      <trkpt lat="40.865733" lon="15.613433">
        <ele>408.1</ele>
      </trkpt>
      <trkpt lat="40.865616" lon="15.613233">
        <ele>412.3</ele>
      </trkpt>
      <trkpt lat="40.865466" lon="15.613116">
        <ele>415.3</ele>
      </trkpt>
      <trkpt lat="40.86535" lon="15.613083">
        <ele>415.4</ele>
      </trkpt>
      <trkpt lat="40.865233" lon="15.613083">
        <ele>414.6</ele>
      </trkpt>
      <trkpt lat="40.865116" lon="15.613066">
        <ele>414.2</ele>
      </trkpt>
      <trkpt lat="40.865" lon="15.613033">
        <ele>414.3</ele>
      </trkpt>
      <trkpt lat="40.864883" lon="15.612983">
        <ele>414.9</ele>
      </trkpt>
      <trkpt lat="40.86475" lon="15.612933">
        <ele>415.1</ele>
      </trkpt>
      <trkpt lat="40.864633" lon="15.6129">
        <ele>415.0</ele>
      </trkpt>
      <trkpt lat="40.864516" lon="15.612833">
        <ele>415.3</ele>
      </trkpt>
      <trkpt lat="40.8644" lon="15.61285">
        <ele>413.9</ele>
      </trkpt>
      <trkpt lat="40.864316" lon="15.612933">
        <ele>411.9</ele>
      </trkpt>
      <trkpt lat="40.864316" lon="15.612983">
        <ele>411.1</ele>
      </trkpt>
      <trkpt lat="40.864316" lon="15.613083">
        <ele>409.7</ele>
      </trkpt>
      <trkpt lat="40.864316" lon="15.6131">
        <ele>409.4</ele>
      </trkpt>
      <trkpt lat="40.864316" lon="15.613133">
        <ele>409.0</ele>
      </trkpt>
      <trkpt lat="40.8643" lon="15.6133">
        <ele>406.5</ele>
      </trkpt>
      <trkpt lat="40.864283" lon="15.6135">
        <ele>405.3</ele>
      </trkpt>
      <trkpt lat="40.864283" lon="15.613566">
        <ele>405.1</ele>
      </trkpt>
      <trkpt lat="40.864283" lon="15.6136">
        <ele>405.1</ele>
      </trkpt>
      <trkpt lat="40.864283" lon="15.6137">
        <ele>404.8</ele>
      </trkpt>
      <trkpt lat="40.864283" lon="15.613833">
        <ele>404.3</ele>
      </trkpt>
      <trkpt lat="40.864266" lon="15.613983">
        <ele>403.9</ele>
      </trkpt>
      <trkpt lat="40.86425" lon="15.61415">
        <ele>403.4</ele>
      </trkpt>
      <trkpt lat="40.86425" lon="15.614333">
        <ele>405.9</ele>
      </trkpt>
      <trkpt lat="40.864266" lon="15.61435">
        <ele>406.0</ele>
      </trkpt>
      <trkpt lat="40.864283" lon="15.614366">
        <ele>406.0</ele>
      </trkpt>
      <trkpt lat="40.864316" lon="15.614516">
        <ele>407.8</ele>
      </trkpt>
      <trkpt lat="40.864365" lon="15.614666">
        <ele>409.3</ele>
      </trkpt>
      <trkpt lat="40.864382" lon="15.614733">
        <ele>410.0</ele>
      </trkpt>
      <trkpt lat="40.864416" lon="15.6148">
        <ele>410.5</ele>
      </trkpt>
      <trkpt lat="40.86445" lon="15.614866">
        <ele>410.9</ele>
      </trkpt>
      <trkpt lat="40.8645" lon="15.614983">
        <ele>411.6</ele>
      </trkpt>
      <trkpt lat="40.864683" lon="15.615116">
        <ele>411.8</ele>
      </trkpt>
      <trkpt lat="40.864849" lon="15.615266">
        <ele>412.1</ele>
      </trkpt>
      <trkpt lat="40.865032" lon="15.61535">
        <ele>410.4</ele>
      </trkpt>
      <trkpt lat="40.865215" lon="15.615433">
        <ele>410.1</ele>
      </trkpt>
      <trkpt lat="40.86535" lon="15.615483">
        <ele>409.4</ele>
      </trkpt>
      <trkpt lat="40.865466" lon="15.61555">
        <ele>409.3</ele>
      </trkpt>
      <trkpt lat="40.8656" lon="15.615616">
        <ele>408.8</ele>
      </trkpt>
      <trkpt lat="40.86575" lon="15.615633">
        <ele>407.3</ele>
      </trkpt>
      <trkpt lat="40.8659" lon="15.615666">
        <ele>406.1</ele>
      </trkpt>
      <trkpt lat="40.866065" lon="15.615683">
        <ele>404.6</ele>
      </trkpt>
      <trkpt lat="40.866266" lon="15.61565">
        <ele>402.2</ele>
      </trkpt>
      <trkpt lat="40.866516" lon="15.615583">
        <ele>399.1</ele>
      </trkpt>
      <trkpt lat="40.866715" lon="15.615666">
        <ele>397.9</ele>
      </trkpt>
      <trkpt lat="40.866866" lon="15.615816">
        <ele>397.6</ele>
      </trkpt>
      <trkpt lat="40.866983" lon="15.615983">
        <ele>401.1</ele>
      </trkpt>
      <trkpt lat="40.86715" lon="15.616083">
        <ele>402.4</ele>
      </trkpt>
      <trkpt lat="40.86735" lon="15.61615">
        <ele>402.2</ele>
      </trkpt>
      <trkpt lat="40.86755" lon="15.6162">
        <ele>401.6</ele>
      </trkpt>
      <trkpt lat="40.867816" lon="15.61625">
        <ele>401.9</ele>
      </trkpt>
      <trkpt lat="40.868066" lon="15.61625">
        <ele>401.0</ele>
      </trkpt>
      <trkpt lat="40.8683" lon="15.6162">
        <ele>399.1</ele>
      </trkpt>
      <trkpt lat="40.86845" lon="15.616216">
        <ele>399.3</ele>
      </trkpt>
      <trkpt lat="40.86855" lon="15.616216">
        <ele>399.3</ele>
      </trkpt>
      <trkpt lat="40.86855" lon="15.616216">
        <ele>399.3</ele>
      </trkpt>
      <trkpt lat="40.868699" lon="15.616233">
        <ele>399.6</ele>
      </trkpt>
      <trkpt lat="40.86885" lon="15.61625">
        <ele>400.0</ele>
      </trkpt>
      <trkpt lat="40.869" lon="15.616283">
        <ele>400.6</ele>
      </trkpt>
      <trkpt lat="40.869133" lon="15.616366">
        <ele>402.2</ele>
      </trkpt>
      <trkpt lat="40.86925" lon="15.616433">
        <ele>402.8</ele>
      </trkpt>
      <trkpt lat="40.869383" lon="15.616533">
        <ele>403.3</ele>
      </trkpt>
      <trkpt lat="40.869516" lon="15.616633">
        <ele>403.6</ele>
      </trkpt>
      <trkpt lat="40.86965" lon="15.616733">
        <ele>404.9</ele>
      </trkpt>
      <trkpt lat="40.869766" lon="15.616816">
        <ele>406.3</ele>
      </trkpt>
      <trkpt lat="40.869883" lon="15.616916">
        <ele>408.5</ele>
      </trkpt>
      <trkpt lat="40.870033" lon="15.617016">
        <ele>410.4</ele>
      </trkpt>
      <trkpt lat="40.87015" lon="15.617116">
        <ele>412.3</ele>
      </trkpt>
      <trkpt lat="40.870333" lon="15.617183">
        <ele>412.2</ele>
      </trkpt>
      <trkpt lat="40.8705" lon="15.617216">
        <ele>411.1</ele>
      </trkpt>
      <trkpt lat="40.870666" lon="15.617233">
        <ele>409.3</ele>
      </trkpt>
      <trkpt lat="40.870783" lon="15.61725">
        <ele>408.4</ele>
      </trkpt>
      <trkpt lat="40.870916" lon="15.6173">
        <ele>408.3</ele>
      </trkpt>
      <trkpt lat="40.871016" lon="15.617366">
        <ele>409.0</ele>
      </trkpt>
      <trkpt lat="40.871133" lon="15.617433">
        <ele>409.6</ele>
      </trkpt>
      <trkpt lat="40.871266" lon="15.6175">
        <ele>409.8</ele>
      </trkpt>
      <trkpt lat="40.871416" lon="15.6175">
        <ele>408.4</ele>
      </trkpt>
      <trkpt lat="40.87155" lon="15.617516">
        <ele>407.3</ele>
      </trkpt>
      <trkpt lat="40.871683" lon="15.617516">
        <ele>406.2</ele>
      </trkpt>
      <trkpt lat="40.871833" lon="15.617583">
        <ele>406.4</ele>
      </trkpt>
      <trkpt lat="40.872" lon="15.617616">
        <ele>405.7</ele>
      </trkpt>
      <trkpt lat="40.872116" lon="15.6176">
        <ele>404.6</ele>
      </trkpt>
      <trkpt lat="40.87225" lon="15.617566">
        <ele>403.3</ele>
      </trkpt>
      <trkpt lat="40.87235" lon="15.61765">
        <ele>403.4</ele>
      </trkpt>
      <trkpt lat="40.872366" lon="15.617866">
        <ele>405.4</ele>
      </trkpt>
      <trkpt lat="40.872333" lon="15.618066">
        <ele>408.0</ele>
      </trkpt>
      <trkpt lat="40.872333" lon="15.618066">
        <ele>408.0</ele>
      </trkpt>
      <trkpt lat="40.872316" lon="15.618216">
        <ele>409.8</ele>
      </trkpt>
      <trkpt lat="40.872283" lon="15.618483">
        <ele>411.3</ele>
      </trkpt>
      <trkpt lat="40.87225" lon="15.6187">
        <ele>411.8</ele>
      </trkpt>
      <trkpt lat="40.872183" lon="15.618966">
        <ele>413.1</ele>
      </trkpt>
      <trkpt lat="40.872116" lon="15.6192">
        <ele>414.8</ele>
      </trkpt>
      <trkpt lat="40.87205" lon="15.619416">
        <ele>415.3</ele>
      </trkpt>
      <trkpt lat="40.871983" lon="15.619633">
        <ele>416.0</ele>
      </trkpt>
      <trkpt lat="40.871899" lon="15.6199">
        <ele>417.0</ele>
      </trkpt>
      <trkpt lat="40.871833" lon="15.620216">
        <ele>416.2</ele>
      </trkpt>
      <trkpt lat="40.871783" lon="15.620483">
        <ele>414.6</ele>
      </trkpt>
      <trkpt lat="40.871766" lon="15.6208">
        <ele>411.3</ele>
      </trkpt>
      <trkpt lat="40.871766" lon="15.621066">
        <ele>410.1</ele>
      </trkpt>
      <trkpt lat="40.871816" lon="15.621416">
        <ele>408.2</ele>
      </trkpt>
      <trkpt lat="40.871899" lon="15.621666">
        <ele>406.1</ele>
      </trkpt>
      <trkpt lat="40.871966" lon="15.621983">
        <ele>403.3</ele>
      </trkpt>
      <trkpt lat="40.872016" lon="15.62225">
        <ele>401.3</ele>
      </trkpt>
      <trkpt lat="40.872065" lon="15.622583">
        <ele>399.6</ele>
      </trkpt>
      <trkpt lat="40.872116" lon="15.6229">
        <ele>398.9</ele>
      </trkpt>
      <trkpt lat="40.872166" lon="15.623133">
        <ele>398.0</ele>
      </trkpt>
      <trkpt lat="40.8722" lon="15.623416">
        <ele>397.6</ele>
      </trkpt>
      <trkpt lat="40.87225" lon="15.623683">
        <ele>398.3</ele>
      </trkpt>
      <trkpt lat="40.872283" lon="15.6239">
        <ele>399.0</ele>
      </trkpt>
      <trkpt lat="40.872316" lon="15.624183">
        <ele>399.9</ele>
      </trkpt>
      <trkpt lat="40.87235" lon="15.624466">
        <ele>398.7</ele>
      </trkpt>
      <trkpt lat="40.8724" lon="15.62475">
        <ele>397.1</ele>
      </trkpt>
      <trkpt lat="40.87245" lon="15.62505">
        <ele>395.3</ele>
      </trkpt>
      <trkpt lat="40.8725" lon="15.625316">
        <ele>393.1</ele>
      </trkpt>
      <trkpt lat="40.872533" lon="15.625516">
        <ele>391.3</ele>
      </trkpt>
      <trkpt lat="40.872483" lon="15.625716">
        <ele>390.9</ele>
      </trkpt>
      <trkpt lat="40.872333" lon="15.625833">
        <ele>391.8</ele>
      </trkpt>
      <trkpt lat="40.872183" lon="15.625916">
        <ele>393.4</ele>
      </trkpt>
      <trkpt lat="40.87205" lon="15.6259">
        <ele>394.9</ele>
      </trkpt>
      <trkpt lat="40.871866" lon="15.6258">
        <ele>397.1</ele>
      </trkpt>
      <trkpt lat="40.871683" lon="15.625916">
        <ele>398.9</ele>
      </trkpt>
      <trkpt lat="40.871683" lon="15.626083">
        <ele>399.1</ele>
      </trkpt>
      <trkpt lat="40.8718" lon="15.626166">
        <ele>398.0</ele>
      </trkpt>
      <trkpt lat="40.871916" lon="15.626283">
        <ele>396.8</ele>
      </trkpt>
      <trkpt lat="40.872" lon="15.62645">
        <ele>396.1</ele>
      </trkpt>
      <trkpt lat="40.872" lon="15.62665">
        <ele>396.4</ele>
      </trkpt>
      <trkpt lat="40.871966" lon="15.626933">
        <ele>396.4</ele>
      </trkpt>
      <trkpt lat="40.871933" lon="15.627166">
        <ele>396.5</ele>
      </trkpt>
      <trkpt lat="40.871882" lon="15.6274">
        <ele>397.0</ele>
      </trkpt>
      <trkpt lat="40.871866" lon="15.627616">
        <ele>396.8</ele>
      </trkpt>
      <trkpt lat="40.871833" lon="15.627883">
        <ele>396.6</ele>
      </trkpt>
      <trkpt lat="40.871783" lon="15.6281">
        <ele>396.8</ele>
      </trkpt>
      <trkpt lat="40.871733" lon="15.6283">
        <ele>397.0</ele>
      </trkpt>
      <trkpt lat="40.871683" lon="15.6285">
        <ele>397.2</ele>
      </trkpt>
      <trkpt lat="40.871616" lon="15.628666">
        <ele>397.6</ele>
      </trkpt>
      <trkpt lat="40.871516" lon="15.62885">
        <ele>398.6</ele>
      </trkpt>
      <trkpt lat="40.871433" lon="15.62905">
        <ele>399.1</ele>
      </trkpt>
      <trkpt lat="40.871333" lon="15.62925">
        <ele>399.8</ele>
      </trkpt>
      <trkpt lat="40.87125" lon="15.62945">
        <ele>400.0</ele>
      </trkpt>
      <trkpt lat="40.871166" lon="15.62965">
        <ele>400.1</ele>
      </trkpt>
      <trkpt lat="40.871049" lon="15.629883">
        <ele>400.5</ele>
      </trkpt>
      <trkpt lat="40.870983" lon="15.630066">
        <ele>400.3</ele>
      </trkpt>
      <trkpt lat="40.870883" lon="15.630283">
        <ele>400.0</ele>
      </trkpt>
      <trkpt lat="40.870766" lon="15.630516">
        <ele>400.0</ele>
      </trkpt>
      <trkpt lat="40.870683" lon="15.630716">
        <ele>400.1</ele>
      </trkpt>
      <trkpt lat="40.870616" lon="15.6309">
        <ele>400.2</ele>
      </trkpt>
      <trkpt lat="40.870533" lon="15.631066">
        <ele>400.8</ele>
      </trkpt>
      <trkpt lat="40.870416" lon="15.6313">
        <ele>401.9</ele>
      </trkpt>
      <trkpt lat="40.8703" lon="15.631533">
        <ele>403.3</ele>
      </trkpt>
      <trkpt lat="40.87025" lon="15.631766">
        <ele>403.6</ele>
      </trkpt>
      <trkpt lat="40.870233" lon="15.632016">
        <ele>403.6</ele>
      </trkpt>
      <trkpt lat="40.870216" lon="15.632333">
        <ele>403.6</ele>
      </trkpt>
      <trkpt lat="40.870199" lon="15.632633">
        <ele>403.6</ele>
      </trkpt>
      <trkpt lat="40.870183" lon="15.632866">
        <ele>404.0</ele>
      </trkpt>
      <trkpt lat="40.870183" lon="15.633083">
        <ele>404.0</ele>
      </trkpt>
      <trkpt lat="40.87015" lon="15.633316">
        <ele>404.5</ele>
      </trkpt>
      <trkpt lat="40.870083" lon="15.633483">
        <ele>405.1</ele>
      </trkpt>
      <trkpt lat="40.87" lon="15.633683">
        <ele>405.7</ele>
      </trkpt>
      <trkpt lat="40.87" lon="15.633716">
        <ele>405.6</ele>
      </trkpt>
      <trkpt lat="40.870016" lon="15.633766">
        <ele>405.3</ele>
      </trkpt>
      <trkpt lat="40.87" lon="15.633883">
        <ele>405.0</ele>
      </trkpt>
      <trkpt lat="40.870016" lon="15.63405">
        <ele>404.3</ele>
      </trkpt>
      <trkpt lat="40.87" lon="15.634216">
        <ele>404.3</ele>
      </trkpt>
      <trkpt lat="40.87" lon="15.634433">
        <ele>405.6</ele>
      </trkpt>
      <trkpt lat="40.87" lon="15.634633">
        <ele>406.8</ele>
      </trkpt>
      <trkpt lat="40.87" lon="15.634883">
        <ele>408.3</ele>
      </trkpt>
      <trkpt lat="40.87" lon="15.635066">
        <ele>409.1</ele>
      </trkpt>
      <trkpt lat="40.869983" lon="15.635283">
        <ele>409.7</ele>
      </trkpt>
      <trkpt lat="40.869983" lon="15.635483">
        <ele>409.9</ele>
      </trkpt>
      <trkpt lat="40.869983" lon="15.63565">
        <ele>410.1</ele>
      </trkpt>
      <trkpt lat="40.87" lon="15.6358">
        <ele>410.0</ele>
      </trkpt>
      <trkpt lat="40.870033" lon="15.63595">
        <ele>409.3</ele>
      </trkpt>
      <trkpt lat="40.87005" lon="15.6361">
        <ele>408.8</ele>
      </trkpt>
      <trkpt lat="40.870066" lon="15.636283">
        <ele>408.3</ele>
      </trkpt>
      <trkpt lat="40.870066" lon="15.63645">
        <ele>408.1</ele>
      </trkpt>
      <trkpt lat="40.870033" lon="15.636583">
        <ele>408.5</ele>
      </trkpt>
      <trkpt lat="40.869966" lon="15.636666">
        <ele>409.4</ele>
      </trkpt>
      <trkpt lat="40.86995" lon="15.636666">
        <ele>409.8</ele>
      </trkpt>
      <trkpt lat="40.869883" lon="15.6367">
        <ele>410.7</ele>
      </trkpt>
      <trkpt lat="40.86975" lon="15.636766">
        <ele>412.4</ele>
      </trkpt>
      <trkpt lat="40.8696" lon="15.636883">
        <ele>414.0</ele>
      </trkpt>
      <trkpt lat="40.8695" lon="15.637066">
        <ele>414.3</ele>
      </trkpt>
      <trkpt lat="40.8694" lon="15.637316">
        <ele>414.1</ele>
      </trkpt>
      <trkpt lat="40.869283" lon="15.63755">
        <ele>414.1</ele>
      </trkpt>
      <trkpt lat="40.869183" lon="15.637816">
        <ele>413.9</ele>
      </trkpt>
      <trkpt lat="40.869116" lon="15.638">
        <ele>413.9</ele>
      </trkpt>
      <trkpt lat="40.86905" lon="15.638133">
        <ele>414.2</ele>
      </trkpt>
      <trkpt lat="40.86905" lon="15.638166">
        <ele>414.0</ele>
      </trkpt>
      <trkpt lat="40.869033" lon="15.6382">
        <ele>414.2</ele>
      </trkpt>
      <trkpt lat="40.868832" lon="15.638609">
        <ele>414.0</ele>
      </trkpt>
      <trkpt lat="40.868556" lon="15.638866">
        <ele>415.4</ele>
      </trkpt>
      <trkpt lat="40.868483" lon="15.638984">
        <ele>415.1</ele>
      </trkpt>
      <trkpt lat="40.868896" lon="15.638781">
        <ele>411.0</ele>
      </trkpt>
      <trkpt lat="40.869132" lon="15.638362">
        <ele>411.3</ele>
      </trkpt>
      <trkpt lat="40.869262" lon="15.638217">
        <ele>410.2</ele>
      </trkpt>
      <trkpt lat="40.869315" lon="15.638555">
        <ele>406.8</ele>
      </trkpt>
      <trkpt lat="40.869315" lon="15.638555">
        <ele>406.8</ele>
      </trkpt>
      <trkpt lat="40.869628" lon="15.639982">
        <ele>396.0</ele>
      </trkpt>
      <trkpt lat="40.869942" lon="15.641409">
        <ele>388.2</ele>
      </trkpt>
      <trkpt lat="40.870256" lon="15.642836">
        <ele>401.0</ele>
      </trkpt>
      <trkpt lat="40.870247" lon="15.64304">
        <ele>404.4</ele>
      </trkpt>
      <trkpt lat="40.87013" lon="15.643351">
        <ele>407.3</ele>
      </trkpt>
      <trkpt lat="40.870041" lon="15.643571">
        <ele>406.5</ele>
      </trkpt>
      <trkpt lat="40.870033" lon="15.643888">
        <ele>407.3</ele>
      </trkpt>
      <trkpt lat="40.870122" lon="15.644794">
        <ele>410.1</ele>
      </trkpt>
      <trkpt lat="40.87012" lon="15.64479">
        <ele>410.1</ele>
      </trkpt>
      <trkpt lat="40.870199" lon="15.6456">
        <ele>409.0</ele>
      </trkpt>
      <trkpt lat="40.87024" lon="15.64584">
        <ele>408.7</ele>
      </trkpt>
      <trkpt lat="40.8703" lon="15.64624">
        <ele>409.0</ele>
      </trkpt>
      <trkpt lat="40.87033" lon="15.64644">
        <ele>408.9</ele>
      </trkpt>
      <trkpt lat="40.87033" lon="15.64658">
        <ele>408.4</ele>
      </trkpt>
      <trkpt lat="40.87033" lon="15.64672">
        <ele>408.6</ele>
      </trkpt>
      <trkpt lat="40.8703" lon="15.64689">
        <ele>409.6</ele>
      </trkpt>
      <trkpt lat="40.87023" lon="15.64706">
        <ele>409.8</ele>
      </trkpt>
      <trkpt lat="40.87016" lon="15.64722">
        <ele>409.9</ele>
      </trkpt>
      <trkpt lat="40.87006" lon="15.64737">
        <ele>409.1</ele>
      </trkpt>
      <trkpt lat="40.8699" lon="15.64755">
        <ele>408.1</ele>
      </trkpt>
      <trkpt lat="40.86952" lon="15.64798">
        <ele>407.3</ele>
      </trkpt>
      <trkpt lat="40.86952" lon="15.64797">
        <ele>407.1</ele>
      </trkpt>
      <trkpt lat="40.86922" lon="15.6483">
        <ele>406.4</ele>
      </trkpt>
      <trkpt lat="40.86913" lon="15.64843">
        <ele>406.4</ele>
      </trkpt>
      <trkpt lat="40.869079" lon="15.64849">
        <ele>406.4</ele>
      </trkpt>
      <trkpt lat="40.86902" lon="15.64856">
        <ele>406.2</ele>
      </trkpt>
      <trkpt lat="40.86902" lon="15.64856">
        <ele>406.2</ele>
      </trkpt>
      <trkpt lat="40.86884" lon="15.64918">
        <ele>409.8</ele>
      </trkpt>
      <trkpt lat="40.86878" lon="15.64937">
        <ele>410.7</ele>
      </trkpt>
      <trkpt lat="40.86875" lon="15.64949">
        <ele>411.3</ele>
      </trkpt>
      <trkpt lat="40.86873" lon="15.64962">
        <ele>412.4</ele>
      </trkpt>
      <trkpt lat="40.86871" lon="15.6498">
        <ele>413.8</ele>
      </trkpt>
      <trkpt lat="40.86869" lon="15.65071">
        <ele>418.6</ele>
      </trkpt>
      <trkpt lat="40.868699" lon="15.65085">
        <ele>419.3</ele>
      </trkpt>
      <trkpt lat="40.86872" lon="15.65094">
        <ele>419.9</ele>
      </trkpt>
      <trkpt lat="40.86875" lon="15.65105">
        <ele>420.7</ele>
      </trkpt>
      <trkpt lat="40.86881" lon="15.65124">
        <ele>422.0</ele>
      </trkpt>
      <trkpt lat="40.869169" lon="15.65221">
        <ele>429.7</ele>
      </trkpt>
      <trkpt lat="40.869169" lon="15.65221">
        <ele>429.7</ele>
      </trkpt>
      <trkpt lat="40.86933" lon="15.65204">
        <ele>431.4</ele>
      </trkpt>
      <trkpt lat="40.8696" lon="15.65173">
        <ele>434.6</ele>
      </trkpt>
      <trkpt lat="40.86963" lon="15.6517">
        <ele>434.8</ele>
      </trkpt>
      <trkpt lat="40.86985" lon="15.65144">
        <ele>437.3</ele>
      </trkpt>
      <trkpt lat="40.86991" lon="15.65143">
        <ele>438.2</ele>
      </trkpt>
      <trkpt lat="40.86995" lon="15.65142">
        <ele>438.8</ele>
      </trkpt>
      <trkpt lat="40.870019" lon="15.65136">
        <ele>439.4</ele>
      </trkpt>
      <trkpt lat="40.8701" lon="15.65128">
        <ele>440.0</ele>
      </trkpt>
      <trkpt lat="40.87021" lon="15.65117">
        <ele>440.6</ele>
      </trkpt>
      <trkpt lat="40.87025" lon="15.65113">
        <ele>440.8</ele>
      </trkpt>
      <trkpt lat="40.87029" lon="15.65109">
        <ele>440.9</ele>
      </trkpt>
      <trkpt lat="40.8703" lon="15.65109">
        <ele>441.1</ele>
      </trkpt>
      <trkpt lat="40.87033" lon="15.65109">
        <ele>441.4</ele>
      </trkpt>
      <trkpt lat="40.87037" lon="15.6511">
        <ele>442.0</ele>
      </trkpt>
      <trkpt lat="40.87039" lon="15.65112">
        <ele>442.4</ele>
      </trkpt>
      <trkpt lat="40.87041" lon="15.65115">
        <ele>442.8</ele>
      </trkpt>
      <trkpt lat="40.87042" lon="15.65118">
        <ele>443.1</ele>
      </trkpt>
      <trkpt lat="40.87043" lon="15.65123">
        <ele>443.8</ele>
      </trkpt>
      <trkpt lat="40.87043" lon="15.65123">
        <ele>443.8</ele>
      </trkpt>
      <trkpt lat="40.87042" lon="15.65127">
        <ele>443.9</ele>
      </trkpt>
      <trkpt lat="40.87036" lon="15.65142">
        <ele>444.3</ele>
      </trkpt>
      <trkpt lat="40.87033" lon="15.65152">
        <ele>444.7</ele>
      </trkpt>
      <trkpt lat="40.8703" lon="15.65168">
        <ele>445.4</ele>
      </trkpt>
      <trkpt lat="40.8703" lon="15.65176">
        <ele>445.8</ele>
      </trkpt>
      <trkpt lat="40.87028" lon="15.65197">
        <ele>446.7</ele>
      </trkpt>
      <trkpt lat="40.87028" lon="15.65232">
        <ele>448.7</ele>
      </trkpt>
      <trkpt lat="40.87029" lon="15.65253">
        <ele>449.7</ele>
      </trkpt>
      <trkpt lat="40.87031" lon="15.65263">
        <ele>449.6</ele>
      </trkpt>
      <trkpt lat="40.87034" lon="15.6527">
        <ele>449.7</ele>
      </trkpt>
      <trkpt lat="40.87039" lon="15.65277">
        <ele>450.1</ele>
      </trkpt>
      <trkpt lat="40.87039" lon="15.65277">
        <ele>450.1</ele>
      </trkpt>
      <trkpt lat="40.87084" lon="15.65215">
        <ele>456.6</ele>
      </trkpt>
      <trkpt lat="40.87092" lon="15.65204">
        <ele>456.9</ele>
      </trkpt>
      <trkpt lat="40.87098" lon="15.65198">
        <ele>457.4</ele>
      </trkpt>
      <trkpt lat="40.87104" lon="15.65195">
        <ele>458.0</ele>
      </trkpt>
      <trkpt lat="40.87111" lon="15.65191">
        <ele>458.7</ele>
      </trkpt>
      <trkpt lat="40.87127" lon="15.65188">
        <ele>460.6</ele>
      </trkpt>
      <trkpt lat="40.87147" lon="15.65188">
        <ele>463.5</ele>
      </trkpt>
      <trkpt lat="40.87164" lon="15.65191">
        <ele>466.2</ele>
      </trkpt>
      <trkpt lat="40.87184" lon="15.65197">
        <ele>469.4</ele>
      </trkpt>
      <trkpt lat="40.87205" lon="15.65205">
        <ele>472.4</ele>
      </trkpt>
      <trkpt lat="40.87234" lon="15.65217">
        <ele>476.0</ele>
      </trkpt>
      <trkpt lat="40.87245" lon="15.6522">
        <ele>477.2</ele>
      </trkpt>
      <trkpt lat="40.87247" lon="15.65221">
        <ele>477.4</ele>
      </trkpt>
      <trkpt lat="40.87262" lon="15.65222">
        <ele>478.6</ele>
      </trkpt>
      <trkpt lat="40.873019" lon="15.65227">
        <ele>481.7</ele>
      </trkpt>
      <trkpt lat="40.87308" lon="15.65227">
        <ele>482.2</ele>
      </trkpt>
      <trkpt lat="40.87345" lon="15.65234">
        <ele>484.2</ele>
      </trkpt>
      <trkpt lat="40.87379" lon="15.65241">
        <ele>484.9</ele>
      </trkpt>
      <trkpt lat="40.87411" lon="15.65246">
        <ele>485.9</ele>
      </trkpt>
      <trkpt lat="40.87435" lon="15.65248">
        <ele>487.2</ele>
      </trkpt>
      <trkpt lat="40.87442" lon="15.65249">
        <ele>487.5</ele>
      </trkpt>
      <trkpt lat="40.87448" lon="15.6525">
        <ele>487.9</ele>
      </trkpt>
      <trkpt lat="40.87523" lon="15.65254">
        <ele>491.2</ele>
      </trkpt>
      <trkpt lat="40.87542" lon="15.65256">
        <ele>491.4</ele>
      </trkpt>
      <trkpt lat="40.87556" lon="15.65257">
        <ele>491.5</ele>
      </trkpt>
      <trkpt lat="40.87598" lon="15.65262">
        <ele>492.6</ele>
      </trkpt>
      <trkpt lat="40.87606" lon="15.65262">
        <ele>492.9</ele>
      </trkpt>
      <trkpt lat="40.87608" lon="15.65262">
        <ele>492.9</ele>
      </trkpt>
      <trkpt lat="40.87639" lon="15.65266">
        <ele>494.5</ele>
      </trkpt>
      <trkpt lat="40.87642" lon="15.65267">
        <ele>494.6</ele>
      </trkpt>
      <trkpt lat="40.87662" lon="15.65271">
        <ele>495.5</ele>
      </trkpt>
      <trkpt lat="40.87674" lon="15.65275">
        <ele>495.9</ele>
      </trkpt>
      <trkpt lat="40.87689" lon="15.6528">
        <ele>496.3</ele>
      </trkpt>
      <trkpt lat="40.877" lon="15.65284">
        <ele>496.6</ele>
      </trkpt>
      <trkpt lat="40.877049" lon="15.65285">
        <ele>496.8</ele>
      </trkpt>
      <trkpt lat="40.87715" lon="15.65289">
        <ele>496.9</ele>
      </trkpt>
      <trkpt lat="40.87742" lon="15.65296">
        <ele>497.7</ele>
      </trkpt>
      <trkpt lat="40.87754" lon="15.65299">
        <ele>497.7</ele>
      </trkpt>
    </trkseg>
  </trk>
</gpx>
