<?xml version="1.0" encoding="UTF-8"?>
<gpx xmlns:gpxdata="http://www.cluetrust.com/XML/GPXDATA/1/0" xmlns:xsi="http://www.w3.org/2001/XMLSchema-instance" xmlns="http://www.topografix.com/GPX/1/1" version="1.1" creator="http://ridewithgps.com/" xsi:schemaLocation="http://www.topografix.com/GPX/1/1 http://www.topografix.com/GPX/1/1/gpx.xsd http://www.cluetrust.com/XML/GPXDATA/1/0 http://www.cluetrust.com/Schemas/gpxdata10.xsd">
  <metadata>
    <name>03 CICLOVIA DELL'ACQUEDOTTO - ATELLA-VENOSA NEW 2022</name>
    <link href="https://ridewithgps.com/routes/38548099">
      <text>03 CICLOVIA DELL'ACQUEDOTTO - ATELLA-VENOSA NEW 2022</text>
    </link>
    <time>2022-02-12T13:14:15Z</time>
  </metadata>
  <trk>
    <name>03 CICLOVIA DELL'ACQUEDOTTO - ATELLA-VENOSA NEW 2022</name>
    <trkseg>
      <trkpt lat="40.8776" lon="15.65301">
        <ele>497.6</ele>
      </trkpt>
      <trkpt lat="40.87767" lon="15.65303">
        <ele>497.4</ele>
      </trkpt>
      <trkpt lat="40.87768" lon="15.65303">
        <ele>497.4</ele>
      </trkpt>
      <trkpt lat="40.87787" lon="15.65309">
        <ele>496.9</ele>
      </trkpt>
      <trkpt lat="40.87807" lon="15.65314">
        <ele>496.5</ele>
      </trkpt>
      <trkpt lat="40.8782" lon="15.65317">
        <ele>496.2</ele>
      </trkpt>
      <trkpt lat="40.87825" lon="15.65319">
        <ele>496.1</ele>
      </trkpt>
      <trkpt lat="40.87834" lon="15.65322">
        <ele>496.0</ele>
      </trkpt>
      <trkpt lat="40.87844" lon="15.65325">
        <ele>496.0</ele>
      </trkpt>
      <trkpt lat="40.8785" lon="15.65327">
        <ele>496.0</ele>
      </trkpt>
      <trkpt lat="40.878839" lon="15.65338">
        <ele>495.5</ele>
      </trkpt>
      <trkpt lat="40.87892" lon="15.6534">
        <ele>495.2</ele>
      </trkpt>
      <trkpt lat="40.87892" lon="15.6534">
        <ele>495.2</ele>
      </trkpt>
      <trkpt lat="40.87897" lon="15.65342">
        <ele>494.9</ele>
      </trkpt>
      <trkpt lat="40.87942" lon="15.65354">
        <ele>492.2</ele>
      </trkpt>
      <trkpt lat="40.87965" lon="15.65359">
        <ele>490.9</ele>
      </trkpt>
      <trkpt lat="40.87981" lon="15.65363">
        <ele>490.3</ele>
      </trkpt>
      <trkpt lat="40.87986" lon="15.65364">
        <ele>490.2</ele>
      </trkpt>
      <trkpt lat="40.87995" lon="15.65365">
        <ele>490.0</ele>
      </trkpt>
      <trkpt lat="40.88012" lon="15.65369">
        <ele>490.3</ele>
      </trkpt>
      <trkpt lat="40.88012" lon="15.65369">
        <ele>490.3</ele>
      </trkpt>
      <trkpt lat="40.88019" lon="15.65358">
        <ele>490.9</ele>
      </trkpt>
      <trkpt lat="40.88024" lon="15.65353">
        <ele>491.3</ele>
      </trkpt>
      <trkpt lat="40.8803" lon="15.65347">
        <ele>491.6</ele>
      </trkpt>
      <trkpt lat="40.8806" lon="15.65316">
        <ele>493.3</ele>
      </trkpt>
      <trkpt lat="40.88085" lon="15.65291">
        <ele>495.1</ele>
      </trkpt>
      <trkpt lat="40.8813" lon="15.65248">
        <ele>499.3</ele>
      </trkpt>
      <trkpt lat="40.8813" lon="15.65248">
        <ele>499.3</ele>
      </trkpt>
      <trkpt lat="40.88136" lon="15.65242">
        <ele>499.8</ele>
      </trkpt>
      <trkpt lat="40.88153" lon="15.65225">
        <ele>501.2</ele>
      </trkpt>
      <trkpt lat="40.88154" lon="15.65223">
        <ele>501.3</ele>
      </trkpt>
      <trkpt lat="40.88164" lon="15.65216">
        <ele>502.1</ele>
      </trkpt>
      <trkpt lat="40.881749" lon="15.6521">
        <ele>502.4</ele>
      </trkpt>
      <trkpt lat="40.88189" lon="15.65204">
        <ele>502.9</ele>
      </trkpt>
      <trkpt lat="40.88198" lon="15.65202">
        <ele>502.9</ele>
      </trkpt>
      <trkpt lat="40.882" lon="15.65201">
        <ele>502.9</ele>
      </trkpt>
      <trkpt lat="40.88203" lon="15.652">
        <ele>503.1</ele>
      </trkpt>
      <trkpt lat="40.88207" lon="15.65198">
        <ele>503.1</ele>
      </trkpt>
      <trkpt lat="40.88212" lon="15.65194">
        <ele>503.2</ele>
      </trkpt>
      <trkpt lat="40.88218" lon="15.65188">
        <ele>503.2</ele>
      </trkpt>
      <trkpt lat="40.88227" lon="15.65179">
        <ele>503.3</ele>
      </trkpt>
      <trkpt lat="40.88236" lon="15.65168">
        <ele>503.2</ele>
      </trkpt>
      <trkpt lat="40.88246" lon="15.65153">
        <ele>502.3</ele>
      </trkpt>
      <trkpt lat="40.88251" lon="15.65144">
        <ele>502.0</ele>
      </trkpt>
      <trkpt lat="40.88258" lon="15.65131">
        <ele>501.7</ele>
      </trkpt>
      <trkpt lat="40.88263" lon="15.65124">
        <ele>501.7</ele>
      </trkpt>
      <trkpt lat="40.88282" lon="15.65094">
        <ele>501.7</ele>
      </trkpt>
      <trkpt lat="40.88283" lon="15.65092">
        <ele>501.7</ele>
      </trkpt>
      <trkpt lat="40.88298" lon="15.65072">
        <ele>502.3</ele>
      </trkpt>
      <trkpt lat="40.88299" lon="15.6507">
        <ele>502.3</ele>
      </trkpt>
      <trkpt lat="40.8832" lon="15.6503">
        <ele>501.8</ele>
      </trkpt>
      <trkpt lat="40.88344" lon="15.64981">
        <ele>501.1</ele>
      </trkpt>
      <trkpt lat="40.88348" lon="15.64971">
        <ele>501.5</ele>
      </trkpt>
      <trkpt lat="40.8835" lon="15.64967">
        <ele>501.7</ele>
      </trkpt>
      <trkpt lat="40.88421" lon="15.64829">
        <ele>507.2</ele>
      </trkpt>
      <trkpt lat="40.88427" lon="15.64815">
        <ele>507.5</ele>
      </trkpt>
      <trkpt lat="40.88427" lon="15.64815">
        <ele>507.5</ele>
      </trkpt>
      <trkpt lat="40.88439" lon="15.64812">
        <ele>508.1</ele>
      </trkpt>
      <trkpt lat="40.8846" lon="15.64809">
        <ele>509.1</ele>
      </trkpt>
      <trkpt lat="40.88488" lon="15.64803">
        <ele>510.3</ele>
      </trkpt>
      <trkpt lat="40.885129" lon="15.64792">
        <ele>511.8</ele>
      </trkpt>
      <trkpt lat="40.88546" lon="15.64775">
        <ele>513.5</ele>
      </trkpt>
      <trkpt lat="40.88587" lon="15.64747">
        <ele>515.4</ele>
      </trkpt>
      <trkpt lat="40.88611" lon="15.64733">
        <ele>517.7</ele>
      </trkpt>
      <trkpt lat="40.88635" lon="15.64718">
        <ele>520.0</ele>
      </trkpt>
      <trkpt lat="40.88697" lon="15.64674">
        <ele>525.3</ele>
      </trkpt>
      <trkpt lat="40.88707" lon="15.64667">
        <ele>525.9</ele>
      </trkpt>
      <trkpt lat="40.88828" lon="15.64576">
        <ele>532.7</ele>
      </trkpt>
      <trkpt lat="40.8885" lon="15.64559">
        <ele>533.3</ele>
      </trkpt>
      <trkpt lat="40.88884" lon="15.64538">
        <ele>534.7</ele>
      </trkpt>
      <trkpt lat="40.88944" lon="15.64487">
        <ele>538.4</ele>
      </trkpt>
      <trkpt lat="40.8907" lon="15.64391">
        <ele>544.0</ele>
      </trkpt>
      <trkpt lat="40.89248" lon="15.6427">
        <ele>547.1</ele>
      </trkpt>
      <trkpt lat="40.89323" lon="15.64219">
        <ele>553.0</ele>
      </trkpt>
      <trkpt lat="40.89364" lon="15.64193">
        <ele>555.1</ele>
      </trkpt>
      <trkpt lat="40.89383" lon="15.64182">
        <ele>555.8</ele>
      </trkpt>
      <trkpt lat="40.89421" lon="15.6416">
        <ele>557.0</ele>
      </trkpt>
      <trkpt lat="40.89483" lon="15.64127">
        <ele>559.5</ele>
      </trkpt>
      <trkpt lat="40.89567" lon="15.64091">
        <ele>562.3</ele>
      </trkpt>
      <trkpt lat="40.8962" lon="15.64065">
        <ele>564.5</ele>
      </trkpt>
      <trkpt lat="40.89797" lon="15.63977">
        <ele>571.6</ele>
      </trkpt>
      <trkpt lat="40.89797" lon="15.64097">
        <ele>571.2</ele>
      </trkpt>
      <trkpt lat="40.897979" lon="15.64172">
        <ele>568.5</ele>
      </trkpt>
      <trkpt lat="40.897979" lon="15.64208">
        <ele>566.7</ele>
      </trkpt>
      <trkpt lat="40.89796" lon="15.64234">
        <ele>565.4</ele>
      </trkpt>
      <trkpt lat="40.897889" lon="15.64267">
        <ele>564.2</ele>
      </trkpt>
      <trkpt lat="40.89774" lon="15.64299">
        <ele>563.3</ele>
      </trkpt>
      <trkpt lat="40.89769" lon="15.64312">
        <ele>562.9</ele>
      </trkpt>
      <trkpt lat="40.89769" lon="15.64312">
        <ele>562.9</ele>
      </trkpt>
      <trkpt lat="40.897709" lon="15.64319">
        <ele>562.9</ele>
      </trkpt>
      <trkpt lat="40.89773" lon="15.64325">
        <ele>562.9</ele>
      </trkpt>
      <trkpt lat="40.89774" lon="15.64332">
        <ele>562.9</ele>
      </trkpt>
      <trkpt lat="40.89776" lon="15.64339">
        <ele>562.9</ele>
      </trkpt>
      <trkpt lat="40.89779" lon="15.6435">
        <ele>562.9</ele>
      </trkpt>
      <trkpt lat="40.89922" lon="15.64704">
        <ele>556.8</ele>
      </trkpt>
      <trkpt lat="40.89929" lon="15.64718">
        <ele>557.0</ele>
      </trkpt>
      <trkpt lat="40.89936" lon="15.64728">
        <ele>557.2</ele>
      </trkpt>
      <trkpt lat="40.89951" lon="15.64743">
        <ele>557.7</ele>
      </trkpt>
      <trkpt lat="40.90114" lon="15.64848">
        <ele>561.7</ele>
      </trkpt>
      <trkpt lat="40.90205" lon="15.64905">
        <ele>560.2</ele>
      </trkpt>
      <trkpt lat="40.90226" lon="15.64919">
        <ele>560.1</ele>
      </trkpt>
      <trkpt lat="40.90241" lon="15.64934">
        <ele>560.7</ele>
      </trkpt>
      <trkpt lat="40.90256" lon="15.64961">
        <ele>561.1</ele>
      </trkpt>
      <trkpt lat="40.90314" lon="15.65082">
        <ele>559.1</ele>
      </trkpt>
      <trkpt lat="40.90336" lon="15.65131">
        <ele>560.1</ele>
      </trkpt>
      <trkpt lat="40.90351" lon="15.6515">
        <ele>560.5</ele>
      </trkpt>
      <trkpt lat="40.90373" lon="15.65169">
        <ele>560.9</ele>
      </trkpt>
      <trkpt lat="40.903889" lon="15.65178">
        <ele>560.9</ele>
      </trkpt>
      <trkpt lat="40.90399" lon="15.65186">
        <ele>560.9</ele>
      </trkpt>
      <trkpt lat="40.90419" lon="15.65207">
        <ele>560.6</ele>
      </trkpt>
      <trkpt lat="40.90455" lon="15.65263">
        <ele>559.9</ele>
      </trkpt>
      <trkpt lat="40.90515" lon="15.6536">
        <ele>559.0</ele>
      </trkpt>
      <trkpt lat="40.90593" lon="15.65484">
        <ele>561.3</ele>
      </trkpt>
      <trkpt lat="40.90594" lon="15.65487">
        <ele>561.3</ele>
      </trkpt>
      <trkpt lat="40.90626" lon="15.65547">
        <ele>560.4</ele>
      </trkpt>
      <trkpt lat="40.90646" lon="15.65586">
        <ele>560.7</ele>
      </trkpt>
      <trkpt lat="40.90659" lon="15.65616">
        <ele>560.8</ele>
      </trkpt>
      <trkpt lat="40.90702" lon="15.65698">
        <ele>561.7</ele>
      </trkpt>
      <trkpt lat="40.90715" lon="15.65724">
        <ele>562.2</ele>
      </trkpt>
      <trkpt lat="40.90724" lon="15.65741">
        <ele>562.5</ele>
      </trkpt>
      <trkpt lat="40.90733" lon="15.65755">
        <ele>562.8</ele>
      </trkpt>
      <trkpt lat="40.90743" lon="15.65766">
        <ele>563.1</ele>
      </trkpt>
      <trkpt lat="40.90753" lon="15.65775">
        <ele>563.2</ele>
      </trkpt>
      <trkpt lat="40.90763" lon="15.65783">
        <ele>563.2</ele>
      </trkpt>
      <trkpt lat="40.90788" lon="15.65796">
        <ele>563.8</ele>
      </trkpt>
      <trkpt lat="40.9081" lon="15.65808">
        <ele>564.4</ele>
      </trkpt>
      <trkpt lat="40.9082" lon="15.65814">
        <ele>564.7</ele>
      </trkpt>
      <trkpt lat="40.90824" lon="15.65817">
        <ele>564.8</ele>
      </trkpt>
      <trkpt lat="40.908299" lon="15.65821">
        <ele>565.0</ele>
      </trkpt>
      <trkpt lat="40.90839" lon="15.6583">
        <ele>565.1</ele>
      </trkpt>
      <trkpt lat="40.90849" lon="15.65842">
        <ele>564.8</ele>
      </trkpt>
      <trkpt lat="40.90861" lon="15.65856">
        <ele>564.4</ele>
      </trkpt>
      <trkpt lat="40.90891" lon="15.65894">
        <ele>563.8</ele>
      </trkpt>
      <trkpt lat="40.90904" lon="15.65909">
        <ele>563.8</ele>
      </trkpt>
      <trkpt lat="40.90913" lon="15.6592">
        <ele>563.9</ele>
      </trkpt>
      <trkpt lat="40.90921" lon="15.65929">
        <ele>564.2</ele>
      </trkpt>
      <trkpt lat="40.90929" lon="15.65933">
        <ele>564.4</ele>
      </trkpt>
      <trkpt lat="40.90937" lon="15.65936">
        <ele>564.7</ele>
      </trkpt>
      <trkpt lat="40.90949" lon="15.65938">
        <ele>565.2</ele>
      </trkpt>
      <trkpt lat="40.9097" lon="15.6594">
        <ele>565.9</ele>
      </trkpt>
      <trkpt lat="40.90998" lon="15.65942">
        <ele>566.9</ele>
      </trkpt>
      <trkpt lat="40.91007" lon="15.65944">
        <ele>567.3</ele>
      </trkpt>
      <trkpt lat="40.91013" lon="15.65946">
        <ele>567.5</ele>
      </trkpt>
      <trkpt lat="40.91019" lon="15.6595">
        <ele>567.7</ele>
      </trkpt>
      <trkpt lat="40.91023" lon="15.65953">
        <ele>567.9</ele>
      </trkpt>
      <trkpt lat="40.91027" lon="15.65957">
        <ele>568.0</ele>
      </trkpt>
      <trkpt lat="40.9103" lon="15.65962">
        <ele>568.0</ele>
      </trkpt>
      <trkpt lat="40.91034" lon="15.65969">
        <ele>568.1</ele>
      </trkpt>
      <trkpt lat="40.91036" lon="15.65975">
        <ele>568.1</ele>
      </trkpt>
      <trkpt lat="40.91043" lon="15.65997">
        <ele>568.1</ele>
      </trkpt>
      <trkpt lat="40.91059" lon="15.66052">
        <ele>569.2</ele>
      </trkpt>
      <trkpt lat="40.91073" lon="15.66099">
        <ele>571.0</ele>
      </trkpt>
      <trkpt lat="40.91089" lon="15.66139">
        <ele>572.1</ele>
      </trkpt>
      <trkpt lat="40.9109" lon="15.66143">
        <ele>572.1</ele>
      </trkpt>
      <trkpt lat="40.91127" lon="15.66225">
        <ele>572.0</ele>
      </trkpt>
      <trkpt lat="40.911499" lon="15.6628">
        <ele>571.8</ele>
      </trkpt>
      <trkpt lat="40.91161" lon="15.66306">
        <ele>571.5</ele>
      </trkpt>
      <trkpt lat="40.91165" lon="15.66317">
        <ele>571.3</ele>
      </trkpt>
      <trkpt lat="40.91169" lon="15.6633">
        <ele>571.2</ele>
      </trkpt>
      <trkpt lat="40.91186" lon="15.6639">
        <ele>570.7</ele>
      </trkpt>
      <trkpt lat="40.91193" lon="15.66413">
        <ele>570.4</ele>
      </trkpt>
      <trkpt lat="40.91221" lon="15.66508">
        <ele>573.8</ele>
      </trkpt>
      <trkpt lat="40.91239" lon="15.66574">
        <ele>576.2</ele>
      </trkpt>
      <trkpt lat="40.91239" lon="15.66574">
        <ele>576.2</ele>
      </trkpt>
      <trkpt lat="40.9125" lon="15.66574">
        <ele>576.8</ele>
      </trkpt>
      <trkpt lat="40.9125" lon="15.66574">
        <ele>576.8</ele>
      </trkpt>
      <trkpt lat="40.912529" lon="15.66583">
        <ele>577.1</ele>
      </trkpt>
      <trkpt lat="40.91255" lon="15.66595">
        <ele>576.6</ele>
      </trkpt>
      <trkpt lat="40.91259" lon="15.66613">
        <ele>575.8</ele>
      </trkpt>
      <trkpt lat="40.9126" lon="15.6662">
        <ele>575.4</ele>
      </trkpt>
      <trkpt lat="40.91261" lon="15.66623">
        <ele>575.3</ele>
      </trkpt>
      <trkpt lat="40.91263" lon="15.66628">
        <ele>575.2</ele>
      </trkpt>
      <trkpt lat="40.91264" lon="15.6663">
        <ele>575.2</ele>
      </trkpt>
      <trkpt lat="40.91267" lon="15.66634">
        <ele>575.1</ele>
      </trkpt>
      <trkpt lat="40.91272" lon="15.66637">
        <ele>575.3</ele>
      </trkpt>
      <trkpt lat="40.91274" lon="15.66637">
        <ele>575.5</ele>
      </trkpt>
      <trkpt lat="40.91282" lon="15.66639">
        <ele>576.0</ele>
      </trkpt>
      <trkpt lat="40.91321" lon="15.66639">
        <ele>578.8</ele>
      </trkpt>
      <trkpt lat="40.91369" lon="15.6664">
        <ele>581.6</ele>
      </trkpt>
      <trkpt lat="40.91421" lon="15.66641">
        <ele>584.5</ele>
      </trkpt>
      <trkpt lat="40.91421" lon="15.66641">
        <ele>584.5</ele>
      </trkpt>
      <trkpt lat="40.91421" lon="15.6665">
        <ele>584.4</ele>
      </trkpt>
      <trkpt lat="40.9142" lon="15.66658">
        <ele>584.2</ele>
      </trkpt>
      <trkpt lat="40.9142" lon="15.66665">
        <ele>584.1</ele>
      </trkpt>
      <trkpt lat="40.91421" lon="15.66673">
        <ele>583.7</ele>
      </trkpt>
      <trkpt lat="40.91424" lon="15.66683">
        <ele>583.1</ele>
      </trkpt>
      <trkpt lat="40.91428" lon="15.66692">
        <ele>582.6</ele>
      </trkpt>
      <trkpt lat="40.91445" lon="15.6671">
        <ele>582.1</ele>
      </trkpt>
      <trkpt lat="40.91445" lon="15.6671">
        <ele>582.1</ele>
      </trkpt>
      <trkpt lat="40.91666" lon="15.66781">
        <ele>590.5</ele>
      </trkpt>
      <trkpt lat="40.91752" lon="15.66811">
        <ele>594.2</ele>
      </trkpt>
      <trkpt lat="40.91796" lon="15.66825">
        <ele>596.1</ele>
      </trkpt>
      <trkpt lat="40.91801" lon="15.66827">
        <ele>596.3</ele>
      </trkpt>
      <trkpt lat="40.91843" lon="15.66842">
        <ele>599.1</ele>
      </trkpt>
      <trkpt lat="40.91862" lon="15.66852">
        <ele>601.3</ele>
      </trkpt>
      <trkpt lat="40.918819" lon="15.66862">
        <ele>603.7</ele>
      </trkpt>
      <trkpt lat="40.91888" lon="15.66863">
        <ele>604.4</ele>
      </trkpt>
      <trkpt lat="40.918909" lon="15.66863">
        <ele>604.7</ele>
      </trkpt>
      <trkpt lat="40.91896" lon="15.66865">
        <ele>605.3</ele>
      </trkpt>
      <trkpt lat="40.918999" lon="15.66866">
        <ele>605.8</ele>
      </trkpt>
      <trkpt lat="40.91903" lon="15.66868">
        <ele>606.2</ele>
      </trkpt>
      <trkpt lat="40.91934" lon="15.66884">
        <ele>609.3</ele>
      </trkpt>
      <trkpt lat="40.92021" lon="15.6693">
        <ele>614.4</ele>
      </trkpt>
      <trkpt lat="40.92075" lon="15.66951">
        <ele>616.2</ele>
      </trkpt>
      <trkpt lat="40.92075" lon="15.66951">
        <ele>616.2</ele>
      </trkpt>
      <trkpt lat="40.92075" lon="15.66951">
        <ele>616.2</ele>
      </trkpt>
      <trkpt lat="40.92082" lon="15.66954">
        <ele>616.5</ele>
      </trkpt>
      <trkpt lat="40.92107" lon="15.66963">
        <ele>617.5</ele>
      </trkpt>
      <trkpt lat="40.92137" lon="15.66974">
        <ele>618.7</ele>
      </trkpt>
      <trkpt lat="40.921439" lon="15.66977">
        <ele>619.0</ele>
      </trkpt>
      <trkpt lat="40.921439" lon="15.66977">
        <ele>619.0</ele>
      </trkpt>
      <trkpt lat="40.921439" lon="15.66978">
        <ele>619.0</ele>
      </trkpt>
      <trkpt lat="40.921439" lon="15.66979">
        <ele>619.0</ele>
      </trkpt>
      <trkpt lat="40.921439" lon="15.6698">
        <ele>619.0</ele>
      </trkpt>
      <trkpt lat="40.92143" lon="15.66981">
        <ele>618.9</ele>
      </trkpt>
      <trkpt lat="40.92143" lon="15.66982">
        <ele>618.9</ele>
      </trkpt>
      <trkpt lat="40.92143" lon="15.66983">
        <ele>618.9</ele>
      </trkpt>
      <trkpt lat="40.921439" lon="15.66983">
        <ele>619.0</ele>
      </trkpt>
      <trkpt lat="40.921439" lon="15.66984">
        <ele>619.0</ele>
      </trkpt>
      <trkpt lat="40.921439" lon="15.66985">
        <ele>619.0</ele>
      </trkpt>
      <trkpt lat="40.921439" lon="15.66986">
        <ele>619.0</ele>
      </trkpt>
      <trkpt lat="40.921439" lon="15.66987">
        <ele>619.0</ele>
      </trkpt>
      <trkpt lat="40.92145" lon="15.66988">
        <ele>619.0</ele>
      </trkpt>
      <trkpt lat="40.92145" lon="15.66989">
        <ele>619.0</ele>
      </trkpt>
      <trkpt lat="40.92146" lon="15.6699">
        <ele>619.0</ele>
      </trkpt>
      <trkpt lat="40.92147" lon="15.66991">
        <ele>619.1</ele>
      </trkpt>
      <trkpt lat="40.92148" lon="15.66992">
        <ele>619.1</ele>
      </trkpt>
      <trkpt lat="40.92149" lon="15.66992">
        <ele>619.2</ele>
      </trkpt>
      <trkpt lat="40.92149" lon="15.66993">
        <ele>619.2</ele>
      </trkpt>
      <trkpt lat="40.9215" lon="15.66993">
        <ele>619.2</ele>
      </trkpt>
      <trkpt lat="40.92151" lon="15.66993">
        <ele>619.3</ele>
      </trkpt>
      <trkpt lat="40.92152" lon="15.66994">
        <ele>619.3</ele>
      </trkpt>
      <trkpt lat="40.92153" lon="15.66994">
        <ele>619.4</ele>
      </trkpt>
      <trkpt lat="40.92154" lon="15.66994">
        <ele>619.4</ele>
      </trkpt>
      <trkpt lat="40.92154" lon="15.66993">
        <ele>619.4</ele>
      </trkpt>
      <trkpt lat="40.92155" lon="15.66993">
        <ele>619.5</ele>
      </trkpt>
      <trkpt lat="40.92156" lon="15.66993">
        <ele>619.5</ele>
      </trkpt>
      <trkpt lat="40.92157" lon="15.66992">
        <ele>619.5</ele>
      </trkpt>
      <trkpt lat="40.92158" lon="15.66992">
        <ele>619.6</ele>
      </trkpt>
      <trkpt lat="40.92158" lon="15.66991">
        <ele>619.6</ele>
      </trkpt>
      <trkpt lat="40.92159" lon="15.6699">
        <ele>619.6</ele>
      </trkpt>
      <trkpt lat="40.9216" lon="15.66989">
        <ele>619.7</ele>
      </trkpt>
      <trkpt lat="40.9216" lon="15.66988">
        <ele>619.7</ele>
      </trkpt>
      <trkpt lat="40.92177" lon="15.67011">
        <ele>620.7</ele>
      </trkpt>
      <trkpt lat="40.92185" lon="15.67019">
        <ele>621.3</ele>
      </trkpt>
      <trkpt lat="40.92219" lon="15.67054">
        <ele>624.4</ele>
      </trkpt>
      <trkpt lat="40.92221" lon="15.67056">
        <ele>624.6</ele>
      </trkpt>
      <trkpt lat="40.92263" lon="15.671">
        <ele>629.7</ele>
      </trkpt>
      <trkpt lat="40.922759" lon="15.67114">
        <ele>631.3</ele>
      </trkpt>
      <trkpt lat="40.922759" lon="15.67114">
        <ele>631.3</ele>
      </trkpt>
      <trkpt lat="40.92283" lon="15.67103">
        <ele>631.3</ele>
      </trkpt>
      <trkpt lat="40.92284" lon="15.67101">
        <ele>631.3</ele>
      </trkpt>
      <trkpt lat="40.922849" lon="15.671">
        <ele>631.3</ele>
      </trkpt>
      <trkpt lat="40.922849" lon="15.671">
        <ele>631.3</ele>
      </trkpt>
      <trkpt lat="40.92286" lon="15.671">
        <ele>631.4</ele>
      </trkpt>
      <trkpt lat="40.92286" lon="15.67099">
        <ele>631.3</ele>
      </trkpt>
      <trkpt lat="40.92287" lon="15.67099">
        <ele>631.4</ele>
      </trkpt>
      <trkpt lat="40.92289" lon="15.671">
        <ele>631.6</ele>
      </trkpt>
      <trkpt lat="40.9229" lon="15.67101">
        <ele>631.7</ele>
      </trkpt>
      <trkpt lat="40.92295" lon="15.67104">
        <ele>632.2</ele>
      </trkpt>
      <trkpt lat="40.92296" lon="15.67105">
        <ele>632.4</ele>
      </trkpt>
      <trkpt lat="40.92297" lon="15.67105">
        <ele>632.4</ele>
      </trkpt>
      <trkpt lat="40.92298" lon="15.67105">
        <ele>632.5</ele>
      </trkpt>
      <trkpt lat="40.92299" lon="15.67105">
        <ele>632.6</ele>
      </trkpt>
      <trkpt lat="40.923" lon="15.67104">
        <ele>632.6</ele>
      </trkpt>
      <trkpt lat="40.92301" lon="15.67104">
        <ele>632.7</ele>
      </trkpt>
      <trkpt lat="40.92301" lon="15.67103">
        <ele>632.6</ele>
      </trkpt>
      <trkpt lat="40.92302" lon="15.67101">
        <ele>632.6</ele>
      </trkpt>
      <trkpt lat="40.92303" lon="15.67096">
        <ele>632.4</ele>
      </trkpt>
      <trkpt lat="40.92307" lon="15.67077">
        <ele>631.8</ele>
      </trkpt>
      <trkpt lat="40.92313" lon="15.6706">
        <ele>631.3</ele>
      </trkpt>
      <trkpt lat="40.923139" lon="15.67058">
        <ele>631.3</ele>
      </trkpt>
      <trkpt lat="40.92315" lon="15.67056">
        <ele>631.3</ele>
      </trkpt>
      <trkpt lat="40.92316" lon="15.67055">
        <ele>631.3</ele>
      </trkpt>
      <trkpt lat="40.92317" lon="15.67054">
        <ele>631.3</ele>
      </trkpt>
      <trkpt lat="40.92318" lon="15.67054">
        <ele>631.4</ele>
      </trkpt>
      <trkpt lat="40.92319" lon="15.67053">
        <ele>631.4</ele>
      </trkpt>
      <trkpt lat="40.9232" lon="15.67053">
        <ele>631.5</ele>
      </trkpt>
      <trkpt lat="40.92321" lon="15.67054">
        <ele>631.7</ele>
      </trkpt>
      <trkpt lat="40.92334" lon="15.67058">
        <ele>632.8</ele>
      </trkpt>
      <trkpt lat="40.92351" lon="15.67063">
        <ele>634.4</ele>
      </trkpt>
      <trkpt lat="40.92363" lon="15.67068">
        <ele>635.5</ele>
      </trkpt>
      <trkpt lat="40.92366" lon="15.67068">
        <ele>635.8</ele>
      </trkpt>
      <trkpt lat="40.92371" lon="15.67067">
        <ele>636.1</ele>
      </trkpt>
      <trkpt lat="40.92382" lon="15.67073">
        <ele>637.2</ele>
      </trkpt>
      <trkpt lat="40.92392" lon="15.67077">
        <ele>638.0</ele>
      </trkpt>
      <trkpt lat="40.92399" lon="15.67079">
        <ele>638.6</ele>
      </trkpt>
      <trkpt lat="40.92404" lon="15.6708">
        <ele>639.0</ele>
      </trkpt>
      <trkpt lat="40.92406" lon="15.67081">
        <ele>639.2</ele>
      </trkpt>
      <trkpt lat="40.92407" lon="15.6708">
        <ele>639.2</ele>
      </trkpt>
      <trkpt lat="40.92409" lon="15.67079">
        <ele>639.3</ele>
      </trkpt>
      <trkpt lat="40.92411" lon="15.67078">
        <ele>639.5</ele>
      </trkpt>
      <trkpt lat="40.92413" lon="15.67075">
        <ele>639.5</ele>
      </trkpt>
      <trkpt lat="40.9242" lon="15.67066">
        <ele>639.9</ele>
      </trkpt>
      <trkpt lat="40.9242" lon="15.67066">
        <ele>639.9</ele>
      </trkpt>
      <trkpt lat="40.9242" lon="15.67071">
        <ele>639.9</ele>
      </trkpt>
      <trkpt lat="40.92421" lon="15.67076">
        <ele>640.2</ele>
      </trkpt>
      <trkpt lat="40.92422" lon="15.67078">
        <ele>640.4</ele>
      </trkpt>
      <trkpt lat="40.92424" lon="15.67081">
        <ele>640.6</ele>
      </trkpt>
      <trkpt lat="40.924259" lon="15.67083">
        <ele>640.9</ele>
      </trkpt>
      <trkpt lat="40.92431" lon="15.67085">
        <ele>641.4</ele>
      </trkpt>
      <trkpt lat="40.92439" lon="15.67087">
        <ele>642.2</ele>
      </trkpt>
      <trkpt lat="40.92455" lon="15.67082">
        <ele>643.6</ele>
      </trkpt>
      <trkpt lat="40.92459" lon="15.67082">
        <ele>644.0</ele>
      </trkpt>
      <trkpt lat="40.92459" lon="15.67082">
        <ele>644.0</ele>
      </trkpt>
      <trkpt lat="40.92462" lon="15.67081">
        <ele>644.3</ele>
      </trkpt>
      <trkpt lat="40.92475" lon="15.67082">
        <ele>645.6</ele>
      </trkpt>
      <trkpt lat="40.92495" lon="15.67082">
        <ele>647.5</ele>
      </trkpt>
      <trkpt lat="40.925" lon="15.67083">
        <ele>648.0</ele>
      </trkpt>
      <trkpt lat="40.92506" lon="15.67083">
        <ele>648.3</ele>
      </trkpt>
      <trkpt lat="40.92513" lon="15.67085">
        <ele>648.6</ele>
      </trkpt>
      <trkpt lat="40.92522" lon="15.67087">
        <ele>649.0</ele>
      </trkpt>
      <trkpt lat="40.925379" lon="15.67091">
        <ele>649.6</ele>
      </trkpt>
      <trkpt lat="40.92545" lon="15.67092">
        <ele>650.0</ele>
      </trkpt>
      <trkpt lat="40.9256" lon="15.67095">
        <ele>650.6</ele>
      </trkpt>
      <trkpt lat="40.92579" lon="15.671">
        <ele>651.4</ele>
      </trkpt>
      <trkpt lat="40.92596" lon="15.67103">
        <ele>652.6</ele>
      </trkpt>
      <trkpt lat="40.9261" lon="15.67106">
        <ele>653.7</ele>
      </trkpt>
      <trkpt lat="40.9262" lon="15.67109">
        <ele>654.5</ele>
      </trkpt>
      <trkpt lat="40.926229" lon="15.6711">
        <ele>654.7</ele>
      </trkpt>
      <trkpt lat="40.92625" lon="15.67111">
        <ele>654.8</ele>
      </trkpt>
      <trkpt lat="40.92633" lon="15.67115">
        <ele>655.4</ele>
      </trkpt>
      <trkpt lat="40.92641" lon="15.67119">
        <ele>656.0</ele>
      </trkpt>
      <trkpt lat="40.92647" lon="15.67123">
        <ele>656.4</ele>
      </trkpt>
      <trkpt lat="40.92663" lon="15.67133">
        <ele>657.5</ele>
      </trkpt>
      <trkpt lat="40.9268" lon="15.6714">
        <ele>658.4</ele>
      </trkpt>
      <trkpt lat="40.9269" lon="15.67143">
        <ele>659.0</ele>
      </trkpt>
      <trkpt lat="40.92698" lon="15.67145">
        <ele>659.4</ele>
      </trkpt>
      <trkpt lat="40.927" lon="15.67145">
        <ele>659.5</ele>
      </trkpt>
      <trkpt lat="40.92721" lon="15.67152">
        <ele>660.6</ele>
      </trkpt>
      <trkpt lat="40.92722" lon="15.67152">
        <ele>660.7</ele>
      </trkpt>
      <trkpt lat="40.92733" lon="15.67156">
        <ele>661.2</ele>
      </trkpt>
      <trkpt lat="40.92742" lon="15.67162">
        <ele>661.6</ele>
      </trkpt>
      <trkpt lat="40.92751" lon="15.67173">
        <ele>662.0</ele>
      </trkpt>
      <trkpt lat="40.9276" lon="15.67186">
        <ele>662.3</ele>
      </trkpt>
      <trkpt lat="40.9277" lon="15.67198">
        <ele>662.5</ele>
      </trkpt>
      <trkpt lat="40.9277" lon="15.67198">
        <ele>662.5</ele>
      </trkpt>
      <trkpt lat="40.92774" lon="15.67192">
        <ele>662.8</ele>
      </trkpt>
      <trkpt lat="40.92774" lon="15.67192">
        <ele>662.8</ele>
      </trkpt>
      <trkpt lat="40.92783" lon="15.672">
        <ele>662.9</ele>
      </trkpt>
      <trkpt lat="40.92793" lon="15.67206">
        <ele>663.1</ele>
      </trkpt>
      <trkpt lat="40.92796" lon="15.67206">
        <ele>663.2</ele>
      </trkpt>
      <trkpt lat="40.928109" lon="15.67211">
        <ele>663.6</ele>
      </trkpt>
      <trkpt lat="40.92818" lon="15.67213">
        <ele>663.7</ele>
      </trkpt>
      <trkpt lat="40.9287" lon="15.67226">
        <ele>665.3</ele>
      </trkpt>
      <trkpt lat="40.92925" lon="15.67241">
        <ele>666.9</ele>
      </trkpt>
      <trkpt lat="40.92938" lon="15.67241">
        <ele>666.5</ele>
      </trkpt>
      <trkpt lat="40.92943" lon="15.67241">
        <ele>666.4</ele>
      </trkpt>
      <trkpt lat="40.92959" lon="15.6724">
        <ele>665.9</ele>
      </trkpt>
      <trkpt lat="40.92997" lon="15.67235">
        <ele>665.0</ele>
      </trkpt>
      <trkpt lat="40.93041" lon="15.67228">
        <ele>663.6</ele>
      </trkpt>
      <trkpt lat="40.93059" lon="15.67226">
        <ele>662.9</ele>
      </trkpt>
      <trkpt lat="40.9307" lon="15.67226">
        <ele>662.4</ele>
      </trkpt>
      <trkpt lat="40.93085" lon="15.67229">
        <ele>661.8</ele>
      </trkpt>
      <trkpt lat="40.93086" lon="15.67229">
        <ele>661.8</ele>
      </trkpt>
      <trkpt lat="40.9311" lon="15.67234">
        <ele>662.3</ele>
      </trkpt>
      <trkpt lat="40.93112" lon="15.67235">
        <ele>662.3</ele>
      </trkpt>
      <trkpt lat="40.93127" lon="15.67241">
        <ele>662.4</ele>
      </trkpt>
      <trkpt lat="40.9313" lon="15.67243">
        <ele>662.4</ele>
      </trkpt>
      <trkpt lat="40.93142" lon="15.67249">
        <ele>662.5</ele>
      </trkpt>
      <trkpt lat="40.931669" lon="15.67266">
        <ele>663.4</ele>
      </trkpt>
      <trkpt lat="40.93177" lon="15.67275">
        <ele>664.2</ele>
      </trkpt>
      <trkpt lat="40.93181" lon="15.67278">
        <ele>664.5</ele>
      </trkpt>
      <trkpt lat="40.93197" lon="15.67294">
        <ele>665.5</ele>
      </trkpt>
      <trkpt lat="40.93208" lon="15.67308">
        <ele>666.0</ele>
      </trkpt>
      <trkpt lat="40.9321" lon="15.67312">
        <ele>666.1</ele>
      </trkpt>
      <trkpt lat="40.93229" lon="15.6734">
        <ele>666.6</ele>
      </trkpt>
      <trkpt lat="40.93245" lon="15.67363">
        <ele>667.0</ele>
      </trkpt>
      <trkpt lat="40.93257" lon="15.67381">
        <ele>667.7</ele>
      </trkpt>
      <trkpt lat="40.93265" lon="15.67395">
        <ele>668.3</ele>
      </trkpt>
      <trkpt lat="40.93277" lon="15.67417">
        <ele>668.6</ele>
      </trkpt>
      <trkpt lat="40.93292" lon="15.67448">
        <ele>667.1</ele>
      </trkpt>
      <trkpt lat="40.93305" lon="15.67473">
        <ele>664.7</ele>
      </trkpt>
      <trkpt lat="40.933169" lon="15.67493">
        <ele>662.0</ele>
      </trkpt>
      <trkpt lat="40.93336" lon="15.6752">
        <ele>658.6</ele>
      </trkpt>
      <trkpt lat="40.93342" lon="15.67527">
        <ele>658.0</ele>
      </trkpt>
      <trkpt lat="40.93343" lon="15.6753">
        <ele>657.7</ele>
      </trkpt>
      <trkpt lat="40.93365" lon="15.6755">
        <ele>654.7</ele>
      </trkpt>
      <trkpt lat="40.93366" lon="15.6755">
        <ele>654.7</ele>
      </trkpt>
      <trkpt lat="40.93366" lon="15.67549">
        <ele>654.8</ele>
      </trkpt>
      <trkpt lat="40.93367" lon="15.67549">
        <ele>654.8</ele>
      </trkpt>
      <trkpt lat="40.93368" lon="15.67549">
        <ele>654.7</ele>
      </trkpt>
      <trkpt lat="40.93369" lon="15.67549">
        <ele>654.7</ele>
      </trkpt>
      <trkpt lat="40.9337" lon="15.67549">
        <ele>654.6</ele>
      </trkpt>
      <trkpt lat="40.93371" lon="15.67549">
        <ele>654.6</ele>
      </trkpt>
      <trkpt lat="40.93372" lon="15.67549">
        <ele>654.5</ele>
      </trkpt>
      <trkpt lat="40.93372" lon="15.6755">
        <ele>654.4</ele>
      </trkpt>
      <trkpt lat="40.93373" lon="15.6755">
        <ele>654.3</ele>
      </trkpt>
      <trkpt lat="40.93374" lon="15.67551">
        <ele>654.1</ele>
      </trkpt>
      <trkpt lat="40.93374" lon="15.67552">
        <ele>653.9</ele>
      </trkpt>
      <trkpt lat="40.93375" lon="15.67552">
        <ele>653.9</ele>
      </trkpt>
      <trkpt lat="40.93375" lon="15.67553">
        <ele>653.7</ele>
      </trkpt>
      <trkpt lat="40.93376" lon="15.67553">
        <ele>653.7</ele>
      </trkpt>
      <trkpt lat="40.93376" lon="15.67554">
        <ele>653.5</ele>
      </trkpt>
      <trkpt lat="40.93376" lon="15.67555">
        <ele>653.4</ele>
      </trkpt>
      <trkpt lat="40.93376" lon="15.67556">
        <ele>653.2</ele>
      </trkpt>
      <trkpt lat="40.9339" lon="15.67555">
        <ele>652.5</ele>
      </trkpt>
      <trkpt lat="40.93405" lon="15.67556">
        <ele>651.3</ele>
      </trkpt>
      <trkpt lat="40.93427" lon="15.67559">
        <ele>649.2</ele>
      </trkpt>
      <trkpt lat="40.93461" lon="15.67565">
        <ele>645.6</ele>
      </trkpt>
      <trkpt lat="40.93476" lon="15.67568">
        <ele>644.0</ele>
      </trkpt>
      <trkpt lat="40.93493" lon="15.6757">
        <ele>642.5</ele>
      </trkpt>
      <trkpt lat="40.9351" lon="15.67569">
        <ele>641.7</ele>
      </trkpt>
      <trkpt lat="40.93517" lon="15.67569">
        <ele>641.3</ele>
      </trkpt>
      <trkpt lat="40.93522" lon="15.67569">
        <ele>641.0</ele>
      </trkpt>
      <trkpt lat="40.93524" lon="15.67569">
        <ele>640.9</ele>
      </trkpt>
      <trkpt lat="40.93536" lon="15.67568">
        <ele>640.4</ele>
      </trkpt>
      <trkpt lat="40.93549" lon="15.67566">
        <ele>639.9</ele>
      </trkpt>
      <trkpt lat="40.93558" lon="15.67563">
        <ele>639.8</ele>
      </trkpt>
      <trkpt lat="40.93568" lon="15.67556">
        <ele>640.1</ele>
      </trkpt>
      <trkpt lat="40.9358" lon="15.67545">
        <ele>640.4</ele>
      </trkpt>
      <trkpt lat="40.93588" lon="15.67538">
        <ele>641.1</ele>
      </trkpt>
      <trkpt lat="40.93596" lon="15.67531">
        <ele>642.1</ele>
      </trkpt>
      <trkpt lat="40.93601" lon="15.67527">
        <ele>642.7</ele>
      </trkpt>
      <trkpt lat="40.93606" lon="15.67525">
        <ele>643.1</ele>
      </trkpt>
      <trkpt lat="40.9361" lon="15.67524">
        <ele>643.4</ele>
      </trkpt>
      <trkpt lat="40.93615" lon="15.67524">
        <ele>643.5</ele>
      </trkpt>
      <trkpt lat="40.93623" lon="15.67526">
        <ele>643.6</ele>
      </trkpt>
      <trkpt lat="40.93631" lon="15.67533">
        <ele>643.2</ele>
      </trkpt>
      <trkpt lat="40.93642" lon="15.67544">
        <ele>642.4</ele>
      </trkpt>
      <trkpt lat="40.93651" lon="15.67555">
        <ele>641.5</ele>
      </trkpt>
      <trkpt lat="40.93671" lon="15.67579">
        <ele>639.9</ele>
      </trkpt>
      <trkpt lat="40.93685" lon="15.67591">
        <ele>639.8</ele>
      </trkpt>
      <trkpt lat="40.93708" lon="15.67604">
        <ele>640.1</ele>
      </trkpt>
      <trkpt lat="40.93719" lon="15.67608">
        <ele>640.5</ele>
      </trkpt>
      <trkpt lat="40.93746" lon="15.6762">
        <ele>641.0</ele>
      </trkpt>
      <trkpt lat="40.93789" lon="15.67637">
        <ele>642.1</ele>
      </trkpt>
      <trkpt lat="40.93813" lon="15.67644">
        <ele>642.9</ele>
      </trkpt>
      <trkpt lat="40.93831" lon="15.67647">
        <ele>643.8</ele>
      </trkpt>
      <trkpt lat="40.93841" lon="15.67648">
        <ele>644.2</ele>
      </trkpt>
      <trkpt lat="40.93868" lon="15.67653">
        <ele>644.7</ele>
      </trkpt>
      <trkpt lat="40.93912" lon="15.67661">
        <ele>645.7</ele>
      </trkpt>
      <trkpt lat="40.93935" lon="15.67665">
        <ele>645.0</ele>
      </trkpt>
      <trkpt lat="40.9395" lon="15.67667">
        <ele>644.6</ele>
      </trkpt>
      <trkpt lat="40.9396" lon="15.67666">
        <ele>644.6</ele>
      </trkpt>
      <trkpt lat="40.93969" lon="15.67663">
        <ele>644.8</ele>
      </trkpt>
      <trkpt lat="40.93971" lon="15.67662">
        <ele>644.9</ele>
      </trkpt>
      <trkpt lat="40.93971" lon="15.67662">
        <ele>644.9</ele>
      </trkpt>
      <trkpt lat="40.93976" lon="15.67668">
        <ele>644.3</ele>
      </trkpt>
      <trkpt lat="40.93981" lon="15.67673">
        <ele>644.3</ele>
      </trkpt>
      <trkpt lat="40.93986" lon="15.67678">
        <ele>644.3</ele>
      </trkpt>
      <trkpt lat="40.93991" lon="15.67682">
        <ele>644.4</ele>
      </trkpt>
      <trkpt lat="40.93995" lon="15.67691">
        <ele>644.7</ele>
      </trkpt>
      <trkpt lat="40.93995" lon="15.67691">
        <ele>644.7</ele>
      </trkpt>
      <trkpt lat="40.93999" lon="15.67691">
        <ele>644.8</ele>
      </trkpt>
      <trkpt lat="40.94" lon="15.67691">
        <ele>644.9</ele>
      </trkpt>
      <trkpt lat="40.940019" lon="15.67692">
        <ele>644.8</ele>
      </trkpt>
      <trkpt lat="40.94009" lon="15.67695">
        <ele>644.3</ele>
      </trkpt>
      <trkpt lat="40.94023" lon="15.67703">
        <ele>643.5</ele>
      </trkpt>
      <trkpt lat="40.94059" lon="15.67733">
        <ele>642.0</ele>
      </trkpt>
      <trkpt lat="40.940869" lon="15.67757">
        <ele>640.8</ele>
      </trkpt>
      <trkpt lat="40.94098" lon="15.67767">
        <ele>639.5</ele>
      </trkpt>
      <trkpt lat="40.94101" lon="15.67771">
        <ele>639.2</ele>
      </trkpt>
      <trkpt lat="40.94102" lon="15.67773">
        <ele>639.1</ele>
      </trkpt>
      <trkpt lat="40.94102" lon="15.67775">
        <ele>639.2</ele>
      </trkpt>
      <trkpt lat="40.94102" lon="15.67775">
        <ele>639.2</ele>
      </trkpt>
      <trkpt lat="40.94105" lon="15.67776">
        <ele>638.8</ele>
      </trkpt>
      <trkpt lat="40.94115" lon="15.67781">
        <ele>637.3</ele>
      </trkpt>
      <trkpt lat="40.941249" lon="15.67786">
        <ele>635.7</ele>
      </trkpt>
      <trkpt lat="40.94128" lon="15.67787">
        <ele>635.2</ele>
      </trkpt>
      <trkpt lat="40.94128" lon="15.67787">
        <ele>635.2</ele>
      </trkpt>
      <trkpt lat="40.94132" lon="15.67799">
        <ele>635.1</ele>
      </trkpt>
      <trkpt lat="40.94144" lon="15.67831">
        <ele>634.3</ele>
      </trkpt>
      <trkpt lat="40.94162" lon="15.67865">
        <ele>631.2</ele>
      </trkpt>
      <trkpt lat="40.941809" lon="15.67898">
        <ele>628.2</ele>
      </trkpt>
      <trkpt lat="40.94183" lon="15.67902">
        <ele>627.9</ele>
      </trkpt>
      <trkpt lat="40.94225" lon="15.67972">
        <ele>619.8</ele>
      </trkpt>
      <trkpt lat="40.94232" lon="15.67982">
        <ele>618.8</ele>
      </trkpt>
      <trkpt lat="40.94242" lon="15.67995">
        <ele>617.7</ele>
      </trkpt>
      <trkpt lat="40.94324" lon="15.68095">
        <ele>606.9</ele>
      </trkpt>
      <trkpt lat="40.94353" lon="15.68127">
        <ele>602.9</ele>
      </trkpt>
      <trkpt lat="40.94381" lon="15.6816">
        <ele>598.1</ele>
      </trkpt>
      <trkpt lat="40.94384" lon="15.68164">
        <ele>597.5</ele>
      </trkpt>
      <trkpt lat="40.94399" lon="15.68189">
        <ele>593.2</ele>
      </trkpt>
      <trkpt lat="40.9441" lon="15.68217">
        <ele>589.4</ele>
      </trkpt>
      <trkpt lat="40.9442" lon="15.68263">
        <ele>584.8</ele>
      </trkpt>
      <trkpt lat="40.9443" lon="15.68309">
        <ele>580.9</ele>
      </trkpt>
      <trkpt lat="40.94436" lon="15.68347">
        <ele>578.0</ele>
      </trkpt>
      <trkpt lat="40.94459" lon="15.6845">
        <ele>567.2</ele>
      </trkpt>
      <trkpt lat="40.94468" lon="15.68474">
        <ele>563.5</ele>
      </trkpt>
      <trkpt lat="40.9447" lon="15.68482">
        <ele>562.4</ele>
      </trkpt>
      <trkpt lat="40.94476" lon="15.68499">
        <ele>559.9</ele>
      </trkpt>
      <trkpt lat="40.94488" lon="15.6854">
        <ele>556.7</ele>
      </trkpt>
      <trkpt lat="40.944899" lon="15.6855">
        <ele>556.0</ele>
      </trkpt>
      <trkpt lat="40.944899" lon="15.68555">
        <ele>555.8</ele>
      </trkpt>
      <trkpt lat="40.94491" lon="15.68559">
        <ele>555.5</ele>
      </trkpt>
      <trkpt lat="40.94491" lon="15.68569">
        <ele>555.0</ele>
      </trkpt>
      <trkpt lat="40.94491" lon="15.68577">
        <ele>554.6</ele>
      </trkpt>
      <trkpt lat="40.944899" lon="15.68585">
        <ele>554.1</ele>
      </trkpt>
      <trkpt lat="40.94487" lon="15.68603">
        <ele>553.2</ele>
      </trkpt>
      <trkpt lat="40.94485" lon="15.68618">
        <ele>552.4</ele>
      </trkpt>
      <trkpt lat="40.94473" lon="15.6869">
        <ele>548.6</ele>
      </trkpt>
      <trkpt lat="40.94471" lon="15.68703">
        <ele>547.8</ele>
      </trkpt>
      <trkpt lat="40.94468" lon="15.68714">
        <ele>547.1</ele>
      </trkpt>
      <trkpt lat="40.944629" lon="15.68728">
        <ele>546.4</ele>
      </trkpt>
      <trkpt lat="40.94458" lon="15.68737">
        <ele>546.0</ele>
      </trkpt>
      <trkpt lat="40.94447" lon="15.68756">
        <ele>545.3</ele>
      </trkpt>
      <trkpt lat="40.944339" lon="15.68778">
        <ele>544.9</ele>
      </trkpt>
      <trkpt lat="40.94428" lon="15.68787">
        <ele>544.7</ele>
      </trkpt>
      <trkpt lat="40.94426" lon="15.6879">
        <ele>544.7</ele>
      </trkpt>
      <trkpt lat="40.94422" lon="15.68794">
        <ele>544.7</ele>
      </trkpt>
      <trkpt lat="40.944159" lon="15.688">
        <ele>544.5</ele>
      </trkpt>
      <trkpt lat="40.9441" lon="15.68804">
        <ele>543.6</ele>
      </trkpt>
      <trkpt lat="40.944" lon="15.68807">
        <ele>542.1</ele>
      </trkpt>
      <trkpt lat="40.94393" lon="15.68809">
        <ele>541.1</ele>
      </trkpt>
      <trkpt lat="40.94385" lon="15.68813">
        <ele>539.7</ele>
      </trkpt>
      <trkpt lat="40.94377" lon="15.68814">
        <ele>538.5</ele>
      </trkpt>
      <trkpt lat="40.94367" lon="15.68815">
        <ele>537.1</ele>
      </trkpt>
      <trkpt lat="40.94358" lon="15.68816">
        <ele>535.7</ele>
      </trkpt>
      <trkpt lat="40.94345" lon="15.68815">
        <ele>534.0</ele>
      </trkpt>
      <trkpt lat="40.94335" lon="15.68812">
        <ele>533.0</ele>
      </trkpt>
      <trkpt lat="40.9433" lon="15.68811">
        <ele>532.2</ele>
      </trkpt>
      <trkpt lat="40.94327" lon="15.6881">
        <ele>531.6</ele>
      </trkpt>
      <trkpt lat="40.94321" lon="15.68807">
        <ele>530.6</ele>
      </trkpt>
      <trkpt lat="40.9431" lon="15.68801">
        <ele>528.8</ele>
      </trkpt>
      <trkpt lat="40.94296" lon="15.68791">
        <ele>526.9</ele>
      </trkpt>
      <trkpt lat="40.94286" lon="15.68784">
        <ele>525.5</ele>
      </trkpt>
      <trkpt lat="40.94274" lon="15.68776">
        <ele>523.8</ele>
      </trkpt>
      <trkpt lat="40.94269" lon="15.68772">
        <ele>523.2</ele>
      </trkpt>
      <trkpt lat="40.94264" lon="15.68769">
        <ele>522.5</ele>
      </trkpt>
      <trkpt lat="40.94252" lon="15.68763">
        <ele>520.6</ele>
      </trkpt>
      <trkpt lat="40.9424" lon="15.6876">
        <ele>520.3</ele>
      </trkpt>
      <trkpt lat="40.94196" lon="15.68752">
        <ele>519.8</ele>
      </trkpt>
      <trkpt lat="40.94188" lon="15.68752">
        <ele>519.6</ele>
      </trkpt>
      <trkpt lat="40.94183" lon="15.68753">
        <ele>519.3</ele>
      </trkpt>
      <trkpt lat="40.94175" lon="15.68755">
        <ele>518.8</ele>
      </trkpt>
      <trkpt lat="40.94167" lon="15.68759">
        <ele>518.1</ele>
      </trkpt>
      <trkpt lat="40.9416" lon="15.68767">
        <ele>518.7</ele>
      </trkpt>
      <trkpt lat="40.94155" lon="15.68774">
        <ele>519.1</ele>
      </trkpt>
      <trkpt lat="40.94152" lon="15.68781">
        <ele>519.1</ele>
      </trkpt>
      <trkpt lat="40.94151" lon="15.68787">
        <ele>518.7</ele>
      </trkpt>
      <trkpt lat="40.9415" lon="15.68794">
        <ele>518.3</ele>
      </trkpt>
      <trkpt lat="40.94149" lon="15.68801">
        <ele>517.8</ele>
      </trkpt>
      <trkpt lat="40.94152" lon="15.68822">
        <ele>515.2</ele>
      </trkpt>
      <trkpt lat="40.94154" lon="15.68831">
        <ele>514.0</ele>
      </trkpt>
      <trkpt lat="40.94156" lon="15.68846">
        <ele>512.1</ele>
      </trkpt>
      <trkpt lat="40.94156" lon="15.68858">
        <ele>510.9</ele>
      </trkpt>
      <trkpt lat="40.94155" lon="15.68877">
        <ele>509.4</ele>
      </trkpt>
      <trkpt lat="40.94151" lon="15.68898">
        <ele>508.3</ele>
      </trkpt>
      <trkpt lat="40.94147" lon="15.68916">
        <ele>507.5</ele>
      </trkpt>
      <trkpt lat="40.94141" lon="15.68936">
        <ele>507.4</ele>
      </trkpt>
      <trkpt lat="40.94133" lon="15.68962">
        <ele>507.3</ele>
      </trkpt>
      <trkpt lat="40.94121" lon="15.68999">
        <ele>507.6</ele>
      </trkpt>
      <trkpt lat="40.94109" lon="15.69035">
        <ele>507.8</ele>
      </trkpt>
      <trkpt lat="40.94095" lon="15.69077">
        <ele>507.8</ele>
      </trkpt>
      <trkpt lat="40.94093" lon="15.69085">
        <ele>507.6</ele>
      </trkpt>
      <trkpt lat="40.94083" lon="15.69116">
        <ele>506.4</ele>
      </trkpt>
      <trkpt lat="40.94074" lon="15.69141">
        <ele>503.7</ele>
      </trkpt>
      <trkpt lat="40.94062" lon="15.69168">
        <ele>500.6</ele>
      </trkpt>
      <trkpt lat="40.94045" lon="15.69193">
        <ele>497.4</ele>
      </trkpt>
      <trkpt lat="40.94035" lon="15.69209">
        <ele>495.3</ele>
      </trkpt>
      <trkpt lat="40.94029" lon="15.69223">
        <ele>493.4</ele>
      </trkpt>
      <trkpt lat="40.94026" lon="15.69233">
        <ele>492.1</ele>
      </trkpt>
      <trkpt lat="40.94026" lon="15.69236">
        <ele>491.7</ele>
      </trkpt>
      <trkpt lat="40.94024" lon="15.69255">
        <ele>488.9</ele>
      </trkpt>
      <trkpt lat="40.94027" lon="15.69276">
        <ele>485.8</ele>
      </trkpt>
      <trkpt lat="40.940309" lon="15.69297">
        <ele>482.8</ele>
      </trkpt>
      <trkpt lat="40.94038" lon="15.69333">
        <ele>478.4</ele>
      </trkpt>
      <trkpt lat="40.94043" lon="15.69363">
        <ele>474.9</ele>
      </trkpt>
      <trkpt lat="40.940489" lon="15.69384">
        <ele>473.2</ele>
      </trkpt>
      <trkpt lat="40.94055" lon="15.69403">
        <ele>471.7</ele>
      </trkpt>
      <trkpt lat="40.94066" lon="15.69424">
        <ele>471.5</ele>
      </trkpt>
      <trkpt lat="40.94079" lon="15.69451">
        <ele>471.7</ele>
      </trkpt>
      <trkpt lat="40.94088" lon="15.69471">
        <ele>470.3</ele>
      </trkpt>
      <trkpt lat="40.94095" lon="15.6949">
        <ele>467.9</ele>
      </trkpt>
      <trkpt lat="40.94101" lon="15.69511">
        <ele>465.4</ele>
      </trkpt>
      <trkpt lat="40.94108" lon="15.69538">
        <ele>462.4</ele>
      </trkpt>
      <trkpt lat="40.94115" lon="15.69563">
        <ele>459.7</ele>
      </trkpt>
      <trkpt lat="40.94124" lon="15.69592">
        <ele>456.6</ele>
      </trkpt>
      <trkpt lat="40.941339" lon="15.69627">
        <ele>452.7</ele>
      </trkpt>
      <trkpt lat="40.94156" lon="15.69706">
        <ele>444.9</ele>
      </trkpt>
      <trkpt lat="40.94171" lon="15.69758">
        <ele>440.8</ele>
      </trkpt>
      <trkpt lat="40.9418" lon="15.69791">
        <ele>437.1</ele>
      </trkpt>
      <trkpt lat="40.94185" lon="15.69812">
        <ele>434.8</ele>
      </trkpt>
      <trkpt lat="40.94188" lon="15.69828">
        <ele>433.4</ele>
      </trkpt>
      <trkpt lat="40.941899" lon="15.6985">
        <ele>431.6</ele>
      </trkpt>
      <trkpt lat="40.941899" lon="15.6988">
        <ele>429.4</ele>
      </trkpt>
      <trkpt lat="40.94189" lon="15.69906">
        <ele>427.6</ele>
      </trkpt>
      <trkpt lat="40.94185" lon="15.69928">
        <ele>427.0</ele>
      </trkpt>
      <trkpt lat="40.9418" lon="15.6995">
        <ele>426.8</ele>
      </trkpt>
      <trkpt lat="40.94173" lon="15.69977">
        <ele>426.5</ele>
      </trkpt>
      <trkpt lat="40.94168" lon="15.69994">
        <ele>426.2</ele>
      </trkpt>
      <trkpt lat="40.94163" lon="15.70013">
        <ele>424.5</ele>
      </trkpt>
      <trkpt lat="40.9416" lon="15.70035">
        <ele>422.8</ele>
      </trkpt>
      <trkpt lat="40.94159" lon="15.70071">
        <ele>420.6</ele>
      </trkpt>
      <trkpt lat="40.94154" lon="15.70126">
        <ele>418.2</ele>
      </trkpt>
      <trkpt lat="40.94149" lon="15.70176">
        <ele>416.7</ele>
      </trkpt>
      <trkpt lat="40.941429" lon="15.70224">
        <ele>416.5</ele>
      </trkpt>
      <trkpt lat="40.94136" lon="15.70276">
        <ele>415.0</ele>
      </trkpt>
      <trkpt lat="40.94132" lon="15.70307">
        <ele>413.7</ele>
      </trkpt>
      <trkpt lat="40.9413" lon="15.70338">
        <ele>412.5</ele>
      </trkpt>
      <trkpt lat="40.94131" lon="15.70363">
        <ele>411.3</ele>
      </trkpt>
      <trkpt lat="40.94131" lon="15.70385">
        <ele>410.1</ele>
      </trkpt>
      <trkpt lat="40.94131" lon="15.70386">
        <ele>410.0</ele>
      </trkpt>
      <trkpt lat="40.94131" lon="15.70405">
        <ele>409.0</ele>
      </trkpt>
      <trkpt lat="40.9413" lon="15.70426">
        <ele>407.8</ele>
      </trkpt>
      <trkpt lat="40.94128" lon="15.70442">
        <ele>407.0</ele>
      </trkpt>
      <trkpt lat="40.94123" lon="15.70461">
        <ele>405.4</ele>
      </trkpt>
      <trkpt lat="40.94115" lon="15.70486">
        <ele>403.3</ele>
      </trkpt>
      <trkpt lat="40.94105" lon="15.70516">
        <ele>401.8</ele>
      </trkpt>
      <trkpt lat="40.940959" lon="15.70542">
        <ele>400.8</ele>
      </trkpt>
      <trkpt lat="40.94088" lon="15.70566">
        <ele>399.6</ele>
      </trkpt>
      <trkpt lat="40.94085" lon="15.70579">
        <ele>399.3</ele>
      </trkpt>
      <trkpt lat="40.94082" lon="15.70593">
        <ele>398.9</ele>
      </trkpt>
      <trkpt lat="40.9408" lon="15.7061">
        <ele>398.6</ele>
      </trkpt>
      <trkpt lat="40.94079" lon="15.70634">
        <ele>398.3</ele>
      </trkpt>
      <trkpt lat="40.9408" lon="15.70665">
        <ele>397.9</ele>
      </trkpt>
      <trkpt lat="40.94079" lon="15.70692">
        <ele>398.0</ele>
      </trkpt>
      <trkpt lat="40.94076" lon="15.70711">
        <ele>397.8</ele>
      </trkpt>
      <trkpt lat="40.9407" lon="15.70732">
        <ele>397.2</ele>
      </trkpt>
      <trkpt lat="40.9406" lon="15.70761">
        <ele>395.6</ele>
      </trkpt>
      <trkpt lat="40.94045" lon="15.708">
        <ele>393.1</ele>
      </trkpt>
      <trkpt lat="40.94034" lon="15.70832">
        <ele>390.2</ele>
      </trkpt>
      <trkpt lat="40.94029" lon="15.70851">
        <ele>388.2</ele>
      </trkpt>
      <trkpt lat="40.94029" lon="15.70852">
        <ele>388.2</ele>
      </trkpt>
      <trkpt lat="40.94026" lon="15.70873">
        <ele>386.7</ele>
      </trkpt>
      <trkpt lat="40.94026" lon="15.70896">
        <ele>385.8</ele>
      </trkpt>
      <trkpt lat="40.94028" lon="15.70922">
        <ele>384.9</ele>
      </trkpt>
      <trkpt lat="40.94035" lon="15.70949">
        <ele>383.6</ele>
      </trkpt>
      <trkpt lat="40.94036" lon="15.70952">
        <ele>383.4</ele>
      </trkpt>
      <trkpt lat="40.940489" lon="15.70989">
        <ele>381.6</ele>
      </trkpt>
      <trkpt lat="40.94062" lon="15.7103">
        <ele>376.7</ele>
      </trkpt>
      <trkpt lat="40.940689" lon="15.71051">
        <ele>373.2</ele>
      </trkpt>
      <trkpt lat="40.94073" lon="15.71068">
        <ele>370.1</ele>
      </trkpt>
      <trkpt lat="40.94077" lon="15.71088">
        <ele>366.5</ele>
      </trkpt>
      <trkpt lat="40.940779" lon="15.71109">
        <ele>364.3</ele>
      </trkpt>
      <trkpt lat="40.94076" lon="15.71134">
        <ele>361.6</ele>
      </trkpt>
      <trkpt lat="40.94071" lon="15.71155">
        <ele>359.5</ele>
      </trkpt>
      <trkpt lat="40.94058" lon="15.71195">
        <ele>358.3</ele>
      </trkpt>
      <trkpt lat="40.94051" lon="15.71213">
        <ele>358.1</ele>
      </trkpt>
      <trkpt lat="40.940489" lon="15.7122">
        <ele>358.0</ele>
      </trkpt>
      <trkpt lat="40.94047" lon="15.71228">
        <ele>357.9</ele>
      </trkpt>
      <trkpt lat="40.94039" lon="15.71247">
        <ele>357.5</ele>
      </trkpt>
      <trkpt lat="40.94026" lon="15.71287">
        <ele>360.1</ele>
      </trkpt>
      <trkpt lat="40.94024" lon="15.71297">
        <ele>360.9</ele>
      </trkpt>
      <trkpt lat="40.94018" lon="15.71322">
        <ele>362.9</ele>
      </trkpt>
      <trkpt lat="40.94013" lon="15.71345">
        <ele>365.8</ele>
      </trkpt>
      <trkpt lat="40.94007" lon="15.71378">
        <ele>371.5</ele>
      </trkpt>
      <trkpt lat="40.940019" lon="15.71399">
        <ele>375.0</ele>
      </trkpt>
      <trkpt lat="40.93997" lon="15.71413">
        <ele>377.2</ele>
      </trkpt>
      <trkpt lat="40.93988" lon="15.71428">
        <ele>380.4</ele>
      </trkpt>
      <trkpt lat="40.93973" lon="15.71451">
        <ele>386.1</ele>
      </trkpt>
      <trkpt lat="40.93951" lon="15.71473">
        <ele>390.6</ele>
      </trkpt>
      <trkpt lat="40.939279" lon="15.71488">
        <ele>392.7</ele>
      </trkpt>
      <trkpt lat="40.93891" lon="15.71508">
        <ele>396.3</ele>
      </trkpt>
      <trkpt lat="40.93869" lon="15.71515">
        <ele>397.3</ele>
      </trkpt>
      <trkpt lat="40.93855" lon="15.71513">
        <ele>396.3</ele>
      </trkpt>
      <trkpt lat="40.9384" lon="15.71508">
        <ele>394.4</ele>
      </trkpt>
      <trkpt lat="40.9383" lon="15.71501">
        <ele>392.9</ele>
      </trkpt>
      <trkpt lat="40.93821" lon="15.71499">
        <ele>394.1</ele>
      </trkpt>
      <trkpt lat="40.93817" lon="15.71499">
        <ele>394.9</ele>
      </trkpt>
      <trkpt lat="40.93812" lon="15.71501">
        <ele>396.4</ele>
      </trkpt>
      <trkpt lat="40.93808" lon="15.71504">
        <ele>398.0</ele>
      </trkpt>
      <trkpt lat="40.938049" lon="15.71509">
        <ele>400.1</ele>
      </trkpt>
      <trkpt lat="40.93804" lon="15.71516">
        <ele>402.3</ele>
      </trkpt>
      <trkpt lat="40.93803" lon="15.71523">
        <ele>404.6</ele>
      </trkpt>
      <trkpt lat="40.93804" lon="15.71527">
        <ele>405.6</ele>
      </trkpt>
      <trkpt lat="40.93807" lon="15.71535">
        <ele>407.1</ele>
      </trkpt>
      <trkpt lat="40.93812" lon="15.71541">
        <ele>407.8</ele>
      </trkpt>
      <trkpt lat="40.93822" lon="15.71544">
        <ele>406.3</ele>
      </trkpt>
      <trkpt lat="40.93841" lon="15.71547">
        <ele>404.8</ele>
      </trkpt>
      <trkpt lat="40.93879" lon="15.71551">
        <ele>407.8</ele>
      </trkpt>
      <trkpt lat="40.93935" lon="15.71557">
        <ele>413.0</ele>
      </trkpt>
      <trkpt lat="40.93951" lon="15.71557">
        <ele>414.4</ele>
      </trkpt>
      <trkpt lat="40.93965" lon="15.71557">
        <ele>415.7</ele>
      </trkpt>
      <trkpt lat="40.93978" lon="15.71556">
        <ele>416.5</ele>
      </trkpt>
      <trkpt lat="40.9399" lon="15.7155">
        <ele>415.9</ele>
      </trkpt>
      <trkpt lat="40.93997" lon="15.71543">
        <ele>414.6</ele>
      </trkpt>
      <trkpt lat="40.94006" lon="15.71536">
        <ele>412.9</ele>
      </trkpt>
      <trkpt lat="40.9402" lon="15.71528">
        <ele>410.8</ele>
      </trkpt>
      <trkpt lat="40.940309" lon="15.71525">
        <ele>410.1</ele>
      </trkpt>
      <trkpt lat="40.94041" lon="15.71525">
        <ele>410.2</ele>
      </trkpt>
      <trkpt lat="40.94058" lon="15.71531">
        <ele>411.6</ele>
      </trkpt>
      <trkpt lat="40.940689" lon="15.71542">
        <ele>413.7</ele>
      </trkpt>
      <trkpt lat="40.94077" lon="15.71556">
        <ele>416.3</ele>
      </trkpt>
      <trkpt lat="40.94082" lon="15.71574">
        <ele>419.3</ele>
      </trkpt>
      <trkpt lat="40.94083" lon="15.7159">
        <ele>421.6</ele>
      </trkpt>
      <trkpt lat="40.94082" lon="15.71605">
        <ele>422.8</ele>
      </trkpt>
      <trkpt lat="40.94076" lon="15.71625">
        <ele>425.1</ele>
      </trkpt>
      <trkpt lat="40.94065" lon="15.71641">
        <ele>428.0</ele>
      </trkpt>
      <trkpt lat="40.94042" lon="15.71665">
        <ele>433.7</ele>
      </trkpt>
      <trkpt lat="40.94017" lon="15.71689">
        <ele>436.3</ele>
      </trkpt>
      <trkpt lat="40.94" lon="15.717">
        <ele>438.4</ele>
      </trkpt>
      <trkpt lat="40.93969" lon="15.7172">
        <ele>439.4</ele>
      </trkpt>
      <trkpt lat="40.939459" lon="15.71736">
        <ele>441.4</ele>
      </trkpt>
      <trkpt lat="40.93923" lon="15.71758">
        <ele>443.8</ele>
      </trkpt>
      <trkpt lat="40.93896" lon="15.71791">
        <ele>444.4</ele>
      </trkpt>
      <trkpt lat="40.93847" lon="15.71851">
        <ele>450.9</ele>
      </trkpt>
      <trkpt lat="40.93792" lon="15.71917">
        <ele>465.4</ele>
      </trkpt>
      <trkpt lat="40.93763" lon="15.7195">
        <ele>469.1</ele>
      </trkpt>
      <trkpt lat="40.93739" lon="15.71971">
        <ele>471.5</ele>
      </trkpt>
      <trkpt lat="40.93722" lon="15.71982">
        <ele>472.9</ele>
      </trkpt>
      <trkpt lat="40.93689" lon="15.72">
        <ele>475.5</ele>
      </trkpt>
      <trkpt lat="40.93672" lon="15.7201">
        <ele>476.9</ele>
      </trkpt>
      <trkpt lat="40.93659" lon="15.72021">
        <ele>478.8</ele>
      </trkpt>
      <trkpt lat="40.93649" lon="15.72036">
        <ele>480.1</ele>
      </trkpt>
      <trkpt lat="40.93648" lon="15.72039">
        <ele>480.1</ele>
      </trkpt>
      <trkpt lat="40.9362" lon="15.72085">
        <ele>484.9</ele>
      </trkpt>
      <trkpt lat="40.93593" lon="15.72134">
        <ele>489.8</ele>
      </trkpt>
      <trkpt lat="40.93578" lon="15.72158">
        <ele>492.3</ele>
      </trkpt>
      <trkpt lat="40.93555" lon="15.72194">
        <ele>496.6</ele>
      </trkpt>
      <trkpt lat="40.93533" lon="15.72224">
        <ele>500.2</ele>
      </trkpt>
      <trkpt lat="40.93519" lon="15.7224">
        <ele>502.3</ele>
      </trkpt>
      <trkpt lat="40.935049" lon="15.72252">
        <ele>504.3</ele>
      </trkpt>
      <trkpt lat="40.93482" lon="15.72266">
        <ele>507.6</ele>
      </trkpt>
      <trkpt lat="40.9346" lon="15.72277">
        <ele>511.7</ele>
      </trkpt>
      <trkpt lat="40.93448" lon="15.72285">
        <ele>513.8</ele>
      </trkpt>
      <trkpt lat="40.93439" lon="15.72296">
        <ele>514.8</ele>
      </trkpt>
      <trkpt lat="40.93429" lon="15.72318">
        <ele>514.9</ele>
      </trkpt>
      <trkpt lat="40.93418" lon="15.72346">
        <ele>514.7</ele>
      </trkpt>
      <trkpt lat="40.934109" lon="15.7236">
        <ele>514.9</ele>
      </trkpt>
      <trkpt lat="40.93405" lon="15.72371">
        <ele>515.2</ele>
      </trkpt>
      <trkpt lat="40.93394" lon="15.72385">
        <ele>517.0</ele>
      </trkpt>
      <trkpt lat="40.93379" lon="15.724">
        <ele>520.3</ele>
      </trkpt>
      <trkpt lat="40.93358" lon="15.72421">
        <ele>525.5</ele>
      </trkpt>
      <trkpt lat="40.93345" lon="15.72436">
        <ele>527.9</ele>
      </trkpt>
      <trkpt lat="40.933369" lon="15.72453">
        <ele>528.1</ele>
      </trkpt>
      <trkpt lat="40.93329" lon="15.72478">
        <ele>526.7</ele>
      </trkpt>
      <trkpt lat="40.93324" lon="15.72492">
        <ele>526.0</ele>
      </trkpt>
      <trkpt lat="40.933169" lon="15.72506">
        <ele>526.1</ele>
      </trkpt>
      <trkpt lat="40.933079" lon="15.72517">
        <ele>527.2</ele>
      </trkpt>
      <trkpt lat="40.93294" lon="15.72531">
        <ele>528.9</ele>
      </trkpt>
      <trkpt lat="40.93272" lon="15.72544">
        <ele>532.1</ele>
      </trkpt>
      <trkpt lat="40.93244" lon="15.72559">
        <ele>534.8</ele>
      </trkpt>
      <trkpt lat="40.93218" lon="15.72576">
        <ele>534.2</ele>
      </trkpt>
      <trkpt lat="40.93191" lon="15.72598">
        <ele>535.5</ele>
      </trkpt>
      <trkpt lat="40.93171" lon="15.72615">
        <ele>537.6</ele>
      </trkpt>
      <trkpt lat="40.9316" lon="15.72625">
        <ele>537.7</ele>
      </trkpt>
      <trkpt lat="40.93153" lon="15.72632">
        <ele>537.3</ele>
      </trkpt>
      <trkpt lat="40.93153" lon="15.72633">
        <ele>537.3</ele>
      </trkpt>
      <trkpt lat="40.93148" lon="15.72641">
        <ele>537.0</ele>
      </trkpt>
      <trkpt lat="40.93144" lon="15.72648">
        <ele>536.9</ele>
      </trkpt>
      <trkpt lat="40.93133" lon="15.72682">
        <ele>537.2</ele>
      </trkpt>
      <trkpt lat="40.9313" lon="15.72691">
        <ele>537.5</ele>
      </trkpt>
      <trkpt lat="40.93121" lon="15.72722">
        <ele>538.9</ele>
      </trkpt>
      <trkpt lat="40.93113" lon="15.72752">
        <ele>540.6</ele>
      </trkpt>
      <trkpt lat="40.93104" lon="15.72773">
        <ele>541.4</ele>
      </trkpt>
      <trkpt lat="40.93101" lon="15.72779">
        <ele>541.7</ele>
      </trkpt>
      <trkpt lat="40.93088" lon="15.72802">
        <ele>543.4</ele>
      </trkpt>
      <trkpt lat="40.93077" lon="15.72823">
        <ele>544.8</ele>
      </trkpt>
      <trkpt lat="40.93071" lon="15.72839">
        <ele>545.4</ele>
      </trkpt>
      <trkpt lat="40.930639" lon="15.72861">
        <ele>545.6</ele>
      </trkpt>
      <trkpt lat="40.93058" lon="15.72892">
        <ele>546.2</ele>
      </trkpt>
      <trkpt lat="40.93048" lon="15.72941">
        <ele>547.8</ele>
      </trkpt>
      <trkpt lat="40.9304" lon="15.72958">
        <ele>549.0</ele>
      </trkpt>
      <trkpt lat="40.93036" lon="15.7297">
        <ele>549.5</ele>
      </trkpt>
      <trkpt lat="40.93034" lon="15.72982">
        <ele>549.8</ele>
      </trkpt>
      <trkpt lat="40.93033" lon="15.73002">
        <ele>550.0</ele>
      </trkpt>
      <trkpt lat="40.93033" lon="15.73013">
        <ele>549.6</ele>
      </trkpt>
      <trkpt lat="40.93033" lon="15.73025">
        <ele>549.1</ele>
      </trkpt>
      <trkpt lat="40.93034" lon="15.73025">
        <ele>549.1</ele>
      </trkpt>
      <trkpt lat="40.93035" lon="15.73025">
        <ele>549.0</ele>
      </trkpt>
      <trkpt lat="40.93036" lon="15.73026">
        <ele>548.9</ele>
      </trkpt>
      <trkpt lat="40.93037" lon="15.73026">
        <ele>548.8</ele>
      </trkpt>
      <trkpt lat="40.93037" lon="15.73027">
        <ele>548.8</ele>
      </trkpt>
      <trkpt lat="40.93038" lon="15.73027">
        <ele>548.7</ele>
      </trkpt>
      <trkpt lat="40.93038" lon="15.73028">
        <ele>548.7</ele>
      </trkpt>
      <trkpt lat="40.93038" lon="15.73029">
        <ele>548.7</ele>
      </trkpt>
      <trkpt lat="40.93039" lon="15.73029">
        <ele>548.6</ele>
      </trkpt>
      <trkpt lat="40.93039" lon="15.7303">
        <ele>548.6</ele>
      </trkpt>
      <trkpt lat="40.93039" lon="15.73031">
        <ele>548.6</ele>
      </trkpt>
      <trkpt lat="40.93039" lon="15.73032">
        <ele>548.6</ele>
      </trkpt>
      <trkpt lat="40.93039" lon="15.73033">
        <ele>548.5</ele>
      </trkpt>
      <trkpt lat="40.93039" lon="15.73034">
        <ele>548.5</ele>
      </trkpt>
      <trkpt lat="40.93038" lon="15.73035">
        <ele>548.5</ele>
      </trkpt>
      <trkpt lat="40.93038" lon="15.73036">
        <ele>548.5</ele>
      </trkpt>
      <trkpt lat="40.93037" lon="15.73036">
        <ele>548.5</ele>
      </trkpt>
      <trkpt lat="40.93044" lon="15.73053">
        <ele>548.0</ele>
      </trkpt>
      <trkpt lat="40.9305" lon="15.73069">
        <ele>548.0</ele>
      </trkpt>
      <trkpt lat="40.930549" lon="15.73087">
        <ele>548.3</ele>
      </trkpt>
      <trkpt lat="40.93056" lon="15.7309">
        <ele>548.4</ele>
      </trkpt>
      <trkpt lat="40.93062" lon="15.73109">
        <ele>549.1</ele>
      </trkpt>
      <trkpt lat="40.93065" lon="15.73126">
        <ele>549.6</ele>
      </trkpt>
      <trkpt lat="40.93067" lon="15.73139">
        <ele>550.1</ele>
      </trkpt>
      <trkpt lat="40.93071" lon="15.73168">
        <ele>551.2</ele>
      </trkpt>
      <trkpt lat="40.930729" lon="15.73187">
        <ele>551.8</ele>
      </trkpt>
      <trkpt lat="40.93076" lon="15.73205">
        <ele>552.5</ele>
      </trkpt>
      <trkpt lat="40.9308" lon="15.73235">
        <ele>553.4</ele>
      </trkpt>
      <trkpt lat="40.93083" lon="15.73261">
        <ele>554.5</ele>
      </trkpt>
      <trkpt lat="40.93087" lon="15.73285">
        <ele>555.3</ele>
      </trkpt>
      <trkpt lat="40.930929" lon="15.73324">
        <ele>556.6</ele>
      </trkpt>
      <trkpt lat="40.93095" lon="15.73333">
        <ele>556.9</ele>
      </trkpt>
      <trkpt lat="40.93096" lon="15.73341">
        <ele>557.5</ele>
      </trkpt>
      <trkpt lat="40.93099" lon="15.73351">
        <ele>558.2</ele>
      </trkpt>
      <trkpt lat="40.931" lon="15.73353">
        <ele>558.2</ele>
      </trkpt>
      <trkpt lat="40.93104" lon="15.73367">
        <ele>559.1</ele>
      </trkpt>
      <trkpt lat="40.9311" lon="15.7339">
        <ele>560.7</ele>
      </trkpt>
      <trkpt lat="40.93113" lon="15.73404">
        <ele>561.6</ele>
      </trkpt>
      <trkpt lat="40.93115" lon="15.73417">
        <ele>562.6</ele>
      </trkpt>
      <trkpt lat="40.93119" lon="15.73435">
        <ele>563.6</ele>
      </trkpt>
      <trkpt lat="40.93122" lon="15.73452">
        <ele>564.6</ele>
      </trkpt>
      <trkpt lat="40.93123" lon="15.73459">
        <ele>565.0</ele>
      </trkpt>
      <trkpt lat="40.93123" lon="15.73466">
        <ele>565.5</ele>
      </trkpt>
      <trkpt lat="40.93121" lon="15.73478">
        <ele>566.7</ele>
      </trkpt>
      <trkpt lat="40.93119" lon="15.73487">
        <ele>567.6</ele>
      </trkpt>
      <trkpt lat="40.93119" lon="15.73488">
        <ele>567.7</ele>
      </trkpt>
      <trkpt lat="40.93117" lon="15.73493">
        <ele>568.2</ele>
      </trkpt>
      <trkpt lat="40.93116" lon="15.73496">
        <ele>568.6</ele>
      </trkpt>
      <trkpt lat="40.93115" lon="15.73498">
        <ele>568.8</ele>
      </trkpt>
      <trkpt lat="40.9311" lon="15.73504">
        <ele>569.7</ele>
      </trkpt>
      <trkpt lat="40.93106" lon="15.73509">
        <ele>570.3</ele>
      </trkpt>
      <trkpt lat="40.931" lon="15.73518">
        <ele>571.4</ele>
      </trkpt>
      <trkpt lat="40.931" lon="15.73518">
        <ele>571.4</ele>
      </trkpt>
      <trkpt lat="40.93108" lon="15.73534">
        <ele>571.5</ele>
      </trkpt>
      <trkpt lat="40.9311" lon="15.73538">
        <ele>571.6</ele>
      </trkpt>
      <trkpt lat="40.93112" lon="15.7355">
        <ele>572.1</ele>
      </trkpt>
      <trkpt lat="40.93115" lon="15.73567">
        <ele>572.8</ele>
      </trkpt>
      <trkpt lat="40.93117" lon="15.73575">
        <ele>573.1</ele>
      </trkpt>
      <trkpt lat="40.93124" lon="15.7362">
        <ele>577.7</ele>
      </trkpt>
      <trkpt lat="40.93124" lon="15.73624">
        <ele>578.2</ele>
      </trkpt>
      <trkpt lat="40.93129" lon="15.73645">
        <ele>580.5</ele>
      </trkpt>
      <trkpt lat="40.9313" lon="15.73648">
        <ele>580.8</ele>
      </trkpt>
      <trkpt lat="40.93137" lon="15.73675">
        <ele>583.7</ele>
      </trkpt>
      <trkpt lat="40.931399" lon="15.73685">
        <ele>584.7</ele>
      </trkpt>
      <trkpt lat="40.93144" lon="15.73694">
        <ele>585.4</ele>
      </trkpt>
      <trkpt lat="40.93157" lon="15.73729">
        <ele>588.4</ele>
      </trkpt>
      <trkpt lat="40.931669" lon="15.73751">
        <ele>590.1</ele>
      </trkpt>
      <trkpt lat="40.93178" lon="15.73775">
        <ele>592.0</ele>
      </trkpt>
      <trkpt lat="40.93182" lon="15.73786">
        <ele>592.8</ele>
      </trkpt>
      <trkpt lat="40.93191" lon="15.73805">
        <ele>593.7</ele>
      </trkpt>
      <trkpt lat="40.93193" lon="15.73811">
        <ele>594.0</ele>
      </trkpt>
      <trkpt lat="40.93194" lon="15.73812">
        <ele>594.0</ele>
      </trkpt>
      <trkpt lat="40.932" lon="15.73832">
        <ele>594.9</ele>
      </trkpt>
      <trkpt lat="40.93201" lon="15.73835">
        <ele>594.9</ele>
      </trkpt>
      <trkpt lat="40.93204" lon="15.73847">
        <ele>594.9</ele>
      </trkpt>
      <trkpt lat="40.9321" lon="15.73877">
        <ele>594.7</ele>
      </trkpt>
      <trkpt lat="40.9321" lon="15.7388">
        <ele>594.8</ele>
      </trkpt>
      <trkpt lat="40.9321" lon="15.7388">
        <ele>594.8</ele>
      </trkpt>
      <trkpt lat="40.93211" lon="15.7389">
        <ele>594.8</ele>
      </trkpt>
      <trkpt lat="40.93215" lon="15.73904">
        <ele>594.2</ele>
      </trkpt>
      <trkpt lat="40.932139" lon="15.73905">
        <ele>594.5</ele>
      </trkpt>
      <trkpt lat="40.93213" lon="15.73909">
        <ele>594.7</ele>
      </trkpt>
      <trkpt lat="40.93213" lon="15.73913">
        <ele>594.8</ele>
      </trkpt>
      <trkpt lat="40.93213" lon="15.73916">
        <ele>594.9</ele>
      </trkpt>
      <trkpt lat="40.93213" lon="15.73921">
        <ele>594.6</ele>
      </trkpt>
      <trkpt lat="40.93213" lon="15.73926">
        <ele>594.3</ele>
      </trkpt>
      <trkpt lat="40.93213" lon="15.73935">
        <ele>593.8</ele>
      </trkpt>
      <trkpt lat="40.93213" lon="15.73943">
        <ele>593.3</ele>
      </trkpt>
      <trkpt lat="40.932139" lon="15.73947">
        <ele>592.8</ele>
      </trkpt>
      <trkpt lat="40.93213" lon="15.73973">
        <ele>591.5</ele>
      </trkpt>
      <trkpt lat="40.93211" lon="15.73991">
        <ele>591.1</ele>
      </trkpt>
      <trkpt lat="40.932049" lon="15.74011">
        <ele>592.0</ele>
      </trkpt>
      <trkpt lat="40.93198" lon="15.74039">
        <ele>592.2</ele>
      </trkpt>
      <trkpt lat="40.931959" lon="15.74049">
        <ele>592.0</ele>
      </trkpt>
      <trkpt lat="40.9319" lon="15.74075">
        <ele>591.3</ele>
      </trkpt>
      <trkpt lat="40.93188" lon="15.74096">
        <ele>591.0</ele>
      </trkpt>
      <trkpt lat="40.93188" lon="15.74099">
        <ele>591.0</ele>
      </trkpt>
      <trkpt lat="40.93188" lon="15.74107">
        <ele>591.1</ele>
      </trkpt>
      <trkpt lat="40.93188" lon="15.74111">
        <ele>591.1</ele>
      </trkpt>
      <trkpt lat="40.93187" lon="15.74115">
        <ele>591.3</ele>
      </trkpt>
      <trkpt lat="40.93188" lon="15.74119">
        <ele>591.1</ele>
      </trkpt>
      <trkpt lat="40.93188" lon="15.74124">
        <ele>591.2</ele>
      </trkpt>
      <trkpt lat="40.93189" lon="15.74127">
        <ele>591.0</ele>
      </trkpt>
      <trkpt lat="40.93189" lon="15.7413">
        <ele>591.1</ele>
      </trkpt>
      <trkpt lat="40.9319" lon="15.74133">
        <ele>590.9</ele>
      </trkpt>
      <trkpt lat="40.93192" lon="15.74137">
        <ele>590.7</ele>
      </trkpt>
      <trkpt lat="40.93193" lon="15.7414">
        <ele>590.6</ele>
      </trkpt>
      <trkpt lat="40.93194" lon="15.74143">
        <ele>590.4</ele>
      </trkpt>
      <trkpt lat="40.931959" lon="15.74145">
        <ele>590.2</ele>
      </trkpt>
      <trkpt lat="40.93198" lon="15.74147">
        <ele>589.9</ele>
      </trkpt>
      <trkpt lat="40.93199" lon="15.74149">
        <ele>589.8</ele>
      </trkpt>
      <trkpt lat="40.93204" lon="15.74152">
        <ele>589.2</ele>
      </trkpt>
      <trkpt lat="40.93215" lon="15.74156">
        <ele>587.9</ele>
      </trkpt>
      <trkpt lat="40.9322" lon="15.74159">
        <ele>587.3</ele>
      </trkpt>
      <trkpt lat="40.93225" lon="15.74162">
        <ele>586.8</ele>
      </trkpt>
      <trkpt lat="40.93229" lon="15.74165">
        <ele>586.4</ele>
      </trkpt>
      <trkpt lat="40.93234" lon="15.74168">
        <ele>586.0</ele>
      </trkpt>
      <trkpt lat="40.93237" lon="15.74171">
        <ele>585.8</ele>
      </trkpt>
      <trkpt lat="40.9324" lon="15.74174">
        <ele>585.6</ele>
      </trkpt>
      <trkpt lat="40.932429" lon="15.74177">
        <ele>585.4</ele>
      </trkpt>
      <trkpt lat="40.93248" lon="15.74183">
        <ele>585.2</ele>
      </trkpt>
      <trkpt lat="40.9326" lon="15.74202">
        <ele>585.0</ele>
      </trkpt>
      <trkpt lat="40.932699" lon="15.74219">
        <ele>585.0</ele>
      </trkpt>
      <trkpt lat="40.93283" lon="15.74244">
        <ele>585.4</ele>
      </trkpt>
      <trkpt lat="40.93283" lon="15.74244">
        <ele>585.4</ele>
      </trkpt>
      <trkpt lat="40.93291" lon="15.7425">
        <ele>585.1</ele>
      </trkpt>
      <trkpt lat="40.932989" lon="15.74256">
        <ele>584.4</ele>
      </trkpt>
      <trkpt lat="40.933079" lon="15.74261">
        <ele>583.7</ele>
      </trkpt>
      <trkpt lat="40.93315" lon="15.74265">
        <ele>583.4</ele>
      </trkpt>
      <trkpt lat="40.93332" lon="15.74271">
        <ele>582.6</ele>
      </trkpt>
      <trkpt lat="40.93349" lon="15.74276">
        <ele>583.7</ele>
      </trkpt>
      <trkpt lat="40.93356" lon="15.74278">
        <ele>584.2</ele>
      </trkpt>
      <trkpt lat="40.93362" lon="15.7428">
        <ele>584.7</ele>
      </trkpt>
      <trkpt lat="40.93373" lon="15.74281">
        <ele>585.4</ele>
      </trkpt>
      <trkpt lat="40.93381" lon="15.74283">
        <ele>586.1</ele>
      </trkpt>
      <trkpt lat="40.93389" lon="15.74283">
        <ele>586.6</ele>
      </trkpt>
      <trkpt lat="40.93407" lon="15.74283">
        <ele>587.6</ele>
      </trkpt>
      <trkpt lat="40.93418" lon="15.74283">
        <ele>588.1</ele>
      </trkpt>
      <trkpt lat="40.93472" lon="15.7428">
        <ele>586.8</ele>
      </trkpt>
      <trkpt lat="40.93498" lon="15.74279">
        <ele>586.2</ele>
      </trkpt>
      <trkpt lat="40.93499" lon="15.74279">
        <ele>586.2</ele>
      </trkpt>
      <trkpt lat="40.93504" lon="15.7428">
        <ele>586.0</ele>
      </trkpt>
      <trkpt lat="40.9351" lon="15.74282">
        <ele>585.7</ele>
      </trkpt>
      <trkpt lat="40.93512" lon="15.74282">
        <ele>585.5</ele>
      </trkpt>
      <trkpt lat="40.93515" lon="15.74284">
        <ele>585.5</ele>
      </trkpt>
      <trkpt lat="40.9352" lon="15.74287">
        <ele>585.5</ele>
      </trkpt>
      <trkpt lat="40.93524" lon="15.7429">
        <ele>585.5</ele>
      </trkpt>
      <trkpt lat="40.93536" lon="15.74302">
        <ele>585.8</ele>
      </trkpt>
      <trkpt lat="40.93559" lon="15.74325">
        <ele>586.0</ele>
      </trkpt>
      <trkpt lat="40.93603" lon="15.74367">
        <ele>584.7</ele>
      </trkpt>
      <trkpt lat="40.93613" lon="15.74376">
        <ele>584.6</ele>
      </trkpt>
      <trkpt lat="40.93618" lon="15.7438">
        <ele>584.6</ele>
      </trkpt>
      <trkpt lat="40.93624" lon="15.74384">
        <ele>584.5</ele>
      </trkpt>
      <trkpt lat="40.936279" lon="15.74386">
        <ele>584.4</ele>
      </trkpt>
      <trkpt lat="40.93632" lon="15.74388">
        <ele>584.3</ele>
      </trkpt>
      <trkpt lat="40.93639" lon="15.74391">
        <ele>584.1</ele>
      </trkpt>
      <trkpt lat="40.936459" lon="15.74392">
        <ele>583.8</ele>
      </trkpt>
      <trkpt lat="40.93651" lon="15.74394">
        <ele>583.7</ele>
      </trkpt>
      <trkpt lat="40.93657" lon="15.74395">
        <ele>583.4</ele>
      </trkpt>
      <trkpt lat="40.93667" lon="15.74397">
        <ele>583.1</ele>
      </trkpt>
      <trkpt lat="40.93677" lon="15.74398">
        <ele>583.7</ele>
      </trkpt>
      <trkpt lat="40.93683" lon="15.74401">
        <ele>584.1</ele>
      </trkpt>
      <trkpt lat="40.93689" lon="15.74405">
        <ele>584.6</ele>
      </trkpt>
      <trkpt lat="40.93698" lon="15.74412">
        <ele>585.3</ele>
      </trkpt>
      <trkpt lat="40.93706" lon="15.74422">
        <ele>585.5</ele>
      </trkpt>
      <trkpt lat="40.9372" lon="15.74439">
        <ele>585.0</ele>
      </trkpt>
      <trkpt lat="40.937489" lon="15.74474">
        <ele>583.8</ele>
      </trkpt>
      <trkpt lat="40.93801" lon="15.74553">
        <ele>582.1</ele>
      </trkpt>
      <trkpt lat="40.938249" lon="15.74576">
        <ele>582.7</ele>
      </trkpt>
      <trkpt lat="40.93862" lon="15.74605">
        <ele>581.3</ele>
      </trkpt>
      <trkpt lat="40.93876" lon="15.74621">
        <ele>579.9</ele>
      </trkpt>
      <trkpt lat="40.93889" lon="15.74644">
        <ele>577.9</ele>
      </trkpt>
      <trkpt lat="40.9392" lon="15.74704">
        <ele>574.7</ele>
      </trkpt>
      <trkpt lat="40.93933" lon="15.74738">
        <ele>572.3</ele>
      </trkpt>
      <trkpt lat="40.93935" lon="15.74743">
        <ele>572.0</ele>
      </trkpt>
      <trkpt lat="40.93942" lon="15.74766">
        <ele>570.3</ele>
      </trkpt>
      <trkpt lat="40.93952" lon="15.74795">
        <ele>568.2</ele>
      </trkpt>
      <trkpt lat="40.93956" lon="15.74805">
        <ele>567.6</ele>
      </trkpt>
      <trkpt lat="40.93965" lon="15.7482">
        <ele>566.8</ele>
      </trkpt>
      <trkpt lat="40.939749" lon="15.74834">
        <ele>566.1</ele>
      </trkpt>
      <trkpt lat="40.93979" lon="15.7484">
        <ele>566.0</ele>
      </trkpt>
      <trkpt lat="40.9398" lon="15.74842">
        <ele>565.9</ele>
      </trkpt>
      <trkpt lat="40.93982" lon="15.74849">
        <ele>565.5</ele>
      </trkpt>
      <trkpt lat="40.93983" lon="15.74852">
        <ele>565.3</ele>
      </trkpt>
      <trkpt lat="40.93983" lon="15.74855">
        <ele>565.1</ele>
      </trkpt>
      <trkpt lat="40.93983" lon="15.74857">
        <ele>564.9</ele>
      </trkpt>
      <trkpt lat="40.93983" lon="15.74859">
        <ele>564.7</ele>
      </trkpt>
      <trkpt lat="40.93983" lon="15.74861">
        <ele>564.6</ele>
      </trkpt>
      <trkpt lat="40.93982" lon="15.74863">
        <ele>564.4</ele>
      </trkpt>
      <trkpt lat="40.93981" lon="15.74865">
        <ele>564.1</ele>
      </trkpt>
      <trkpt lat="40.9398" lon="15.74867">
        <ele>563.9</ele>
      </trkpt>
      <trkpt lat="40.93979" lon="15.74869">
        <ele>563.7</ele>
      </trkpt>
      <trkpt lat="40.93976" lon="15.74872">
        <ele>563.3</ele>
      </trkpt>
      <trkpt lat="40.93973" lon="15.74874">
        <ele>563.0</ele>
      </trkpt>
      <trkpt lat="40.93971" lon="15.74874">
        <ele>562.8</ele>
      </trkpt>
      <trkpt lat="40.93969" lon="15.74875">
        <ele>562.6</ele>
      </trkpt>
      <trkpt lat="40.93964" lon="15.74875">
        <ele>562.3</ele>
      </trkpt>
      <trkpt lat="40.93959" lon="15.74874">
        <ele>562.1</ele>
      </trkpt>
      <trkpt lat="40.93951" lon="15.74872">
        <ele>561.8</ele>
      </trkpt>
      <trkpt lat="40.93942" lon="15.7487">
        <ele>561.4</ele>
      </trkpt>
      <trkpt lat="40.93933" lon="15.74867">
        <ele>561.0</ele>
      </trkpt>
      <trkpt lat="40.93929" lon="15.74865">
        <ele>560.9</ele>
      </trkpt>
      <trkpt lat="40.93924" lon="15.74863">
        <ele>560.7</ele>
      </trkpt>
      <trkpt lat="40.9392" lon="15.7486">
        <ele>560.6</ele>
      </trkpt>
      <trkpt lat="40.93913" lon="15.74855">
        <ele>560.4</ele>
      </trkpt>
      <trkpt lat="40.93905" lon="15.74848">
        <ele>560.1</ele>
      </trkpt>
      <trkpt lat="40.938989" lon="15.74843">
        <ele>559.9</ele>
      </trkpt>
      <trkpt lat="40.93897" lon="15.74841">
        <ele>559.9</ele>
      </trkpt>
      <trkpt lat="40.93896" lon="15.74839">
        <ele>559.9</ele>
      </trkpt>
      <trkpt lat="40.93894" lon="15.74838">
        <ele>559.8</ele>
      </trkpt>
      <trkpt lat="40.93893" lon="15.74837">
        <ele>559.8</ele>
      </trkpt>
      <trkpt lat="40.93891" lon="15.74837">
        <ele>559.6</ele>
      </trkpt>
      <trkpt lat="40.93888" lon="15.74836">
        <ele>559.4</ele>
      </trkpt>
      <trkpt lat="40.93887" lon="15.74836">
        <ele>559.3</ele>
      </trkpt>
      <trkpt lat="40.93885" lon="15.74836">
        <ele>559.2</ele>
      </trkpt>
      <trkpt lat="40.93883" lon="15.74837">
        <ele>559.0</ele>
      </trkpt>
      <trkpt lat="40.938809" lon="15.74838">
        <ele>558.7</ele>
      </trkpt>
      <trkpt lat="40.9388" lon="15.74839">
        <ele>558.6</ele>
      </trkpt>
      <trkpt lat="40.93879" lon="15.74839">
        <ele>558.5</ele>
      </trkpt>
      <trkpt lat="40.93878" lon="15.7484">
        <ele>558.4</ele>
      </trkpt>
      <trkpt lat="40.93877" lon="15.74841">
        <ele>558.2</ele>
      </trkpt>
      <trkpt lat="40.93876" lon="15.74843">
        <ele>558.0</ele>
      </trkpt>
      <trkpt lat="40.93875" lon="15.74844">
        <ele>557.9</ele>
      </trkpt>
      <trkpt lat="40.93874" lon="15.74846">
        <ele>557.7</ele>
      </trkpt>
      <trkpt lat="40.93873" lon="15.74849">
        <ele>557.4</ele>
      </trkpt>
      <trkpt lat="40.93873" lon="15.74852">
        <ele>557.2</ele>
      </trkpt>
      <trkpt lat="40.93873" lon="15.74856">
        <ele>557.0</ele>
      </trkpt>
      <trkpt lat="40.93873" lon="15.74859">
        <ele>556.8</ele>
      </trkpt>
      <trkpt lat="40.93874" lon="15.74861">
        <ele>556.8</ele>
      </trkpt>
      <trkpt lat="40.93875" lon="15.74864">
        <ele>556.7</ele>
      </trkpt>
      <trkpt lat="40.93877" lon="15.74868">
        <ele>556.6</ele>
      </trkpt>
      <trkpt lat="40.93879" lon="15.74873">
        <ele>556.5</ele>
      </trkpt>
      <trkpt lat="40.93882" lon="15.74878">
        <ele>556.4</ele>
      </trkpt>
      <trkpt lat="40.93886" lon="15.74888">
        <ele>556.1</ele>
      </trkpt>
      <trkpt lat="40.93888" lon="15.74892">
        <ele>556.1</ele>
      </trkpt>
      <trkpt lat="40.938899" lon="15.74897">
        <ele>555.9</ele>
      </trkpt>
      <trkpt lat="40.93892" lon="15.74904">
        <ele>555.7</ele>
      </trkpt>
      <trkpt lat="40.93893" lon="15.74912">
        <ele>555.3</ele>
      </trkpt>
      <trkpt lat="40.93895" lon="15.74926">
        <ele>554.6</ele>
      </trkpt>
      <trkpt lat="40.93896" lon="15.74934">
        <ele>554.1</ele>
      </trkpt>
      <trkpt lat="40.93898" lon="15.74941">
        <ele>553.8</ele>
      </trkpt>
      <trkpt lat="40.93901" lon="15.74953">
        <ele>553.3</ele>
      </trkpt>
      <trkpt lat="40.93907" lon="15.74966">
        <ele>553.1</ele>
      </trkpt>
      <trkpt lat="40.939279" lon="15.74998">
        <ele>552.7</ele>
      </trkpt>
      <trkpt lat="40.93951" lon="15.75033">
        <ele>549.4</ele>
      </trkpt>
      <trkpt lat="40.93961" lon="15.75049">
        <ele>547.6</ele>
      </trkpt>
      <trkpt lat="40.93966" lon="15.75056">
        <ele>546.7</ele>
      </trkpt>
      <trkpt lat="40.93967" lon="15.7506">
        <ele>546.2</ele>
      </trkpt>
      <trkpt lat="40.93967" lon="15.75064">
        <ele>545.6</ele>
      </trkpt>
      <trkpt lat="40.93967" lon="15.75068">
        <ele>545.1</ele>
      </trkpt>
      <trkpt lat="40.93967" lon="15.7507">
        <ele>544.8</ele>
      </trkpt>
      <trkpt lat="40.93967" lon="15.75072">
        <ele>544.6</ele>
      </trkpt>
      <trkpt lat="40.93966" lon="15.75074">
        <ele>544.3</ele>
      </trkpt>
      <trkpt lat="40.93965" lon="15.75076">
        <ele>544.0</ele>
      </trkpt>
      <trkpt lat="40.93964" lon="15.75077">
        <ele>543.9</ele>
      </trkpt>
      <trkpt lat="40.93961" lon="15.75079">
        <ele>543.6</ele>
      </trkpt>
      <trkpt lat="40.9396" lon="15.7508">
        <ele>543.4</ele>
      </trkpt>
      <trkpt lat="40.93958" lon="15.75081">
        <ele>543.3</ele>
      </trkpt>
      <trkpt lat="40.93923" lon="15.75083">
        <ele>543.0</ele>
      </trkpt>
      <trkpt lat="40.938429" lon="15.75078">
        <ele>537.3</ele>
      </trkpt>
      <trkpt lat="40.938049" lon="15.75075">
        <ele>535.3</ele>
      </trkpt>
      <trkpt lat="40.9379" lon="15.75072">
        <ele>534.7</ele>
      </trkpt>
      <trkpt lat="40.93784" lon="15.75072">
        <ele>534.4</ele>
      </trkpt>
      <trkpt lat="40.93777" lon="15.75072">
        <ele>534.1</ele>
      </trkpt>
      <trkpt lat="40.9377" lon="15.75072">
        <ele>533.7</ele>
      </trkpt>
      <trkpt lat="40.93755" lon="15.75074">
        <ele>532.8</ele>
      </trkpt>
      <trkpt lat="40.937489" lon="15.75075">
        <ele>532.4</ele>
      </trkpt>
      <trkpt lat="40.93745" lon="15.75079">
        <ele>531.7</ele>
      </trkpt>
      <trkpt lat="40.93738" lon="15.75086">
        <ele>530.4</ele>
      </trkpt>
      <trkpt lat="40.93732" lon="15.75091">
        <ele>529.3</ele>
      </trkpt>
      <trkpt lat="40.93725" lon="15.75099">
        <ele>527.9</ele>
      </trkpt>
      <trkpt lat="40.93722" lon="15.75104">
        <ele>527.2</ele>
      </trkpt>
      <trkpt lat="40.93719" lon="15.75111">
        <ele>526.4</ele>
      </trkpt>
      <trkpt lat="40.93715" lon="15.75117">
        <ele>525.5</ele>
      </trkpt>
      <trkpt lat="40.937109" lon="15.75125">
        <ele>524.6</ele>
      </trkpt>
      <trkpt lat="40.93709" lon="15.75129">
        <ele>524.1</ele>
      </trkpt>
      <trkpt lat="40.93707" lon="15.75134">
        <ele>523.5</ele>
      </trkpt>
      <trkpt lat="40.93706" lon="15.7514">
        <ele>523.0</ele>
      </trkpt>
      <trkpt lat="40.93705" lon="15.75147">
        <ele>522.4</ele>
      </trkpt>
      <trkpt lat="40.93705" lon="15.75154">
        <ele>522.0</ele>
      </trkpt>
      <trkpt lat="40.93706" lon="15.75163">
        <ele>521.5</ele>
      </trkpt>
      <trkpt lat="40.9371" lon="15.75172">
        <ele>520.8</ele>
      </trkpt>
      <trkpt lat="40.93714" lon="15.75178">
        <ele>520.2</ele>
      </trkpt>
      <trkpt lat="40.93721" lon="15.75185">
        <ele>519.8</ele>
      </trkpt>
      <trkpt lat="40.93728" lon="15.75188">
        <ele>520.0</ele>
      </trkpt>
      <trkpt lat="40.93733" lon="15.75189">
        <ele>520.3</ele>
      </trkpt>
      <trkpt lat="40.93738" lon="15.7519">
        <ele>520.6</ele>
      </trkpt>
      <trkpt lat="40.93748" lon="15.75188">
        <ele>522.0</ele>
      </trkpt>
      <trkpt lat="40.93765" lon="15.75187">
        <ele>522.8</ele>
      </trkpt>
      <trkpt lat="40.93776" lon="15.75187">
        <ele>523.2</ele>
      </trkpt>
      <trkpt lat="40.93784" lon="15.75188">
        <ele>523.3</ele>
      </trkpt>
      <trkpt lat="40.93789" lon="15.7519">
        <ele>523.1</ele>
      </trkpt>
      <trkpt lat="40.93795" lon="15.75193">
        <ele>522.9</ele>
      </trkpt>
      <trkpt lat="40.9383" lon="15.75215">
        <ele>520.9</ele>
      </trkpt>
      <trkpt lat="40.93864" lon="15.75249">
        <ele>518.7</ele>
      </trkpt>
      <trkpt lat="40.93918" lon="15.75308">
        <ele>515.4</ele>
      </trkpt>
      <trkpt lat="40.93942" lon="15.75328">
        <ele>513.2</ele>
      </trkpt>
      <trkpt lat="40.93959" lon="15.75336">
        <ele>512.7</ele>
      </trkpt>
      <trkpt lat="40.939749" lon="15.75346">
        <ele>512.0</ele>
      </trkpt>
      <trkpt lat="40.93982" lon="15.75356">
        <ele>511.2</ele>
      </trkpt>
      <trkpt lat="40.93985" lon="15.75367">
        <ele>510.2</ele>
      </trkpt>
      <trkpt lat="40.94001" lon="15.75422">
        <ele>505.5</ele>
      </trkpt>
      <trkpt lat="40.94014" lon="15.75488">
        <ele>500.0</ele>
      </trkpt>
      <trkpt lat="40.9402" lon="15.75513">
        <ele>498.1</ele>
      </trkpt>
      <trkpt lat="40.94023" lon="15.75525">
        <ele>497.2</ele>
      </trkpt>
      <trkpt lat="40.94026" lon="15.75535">
        <ele>496.3</ele>
      </trkpt>
      <trkpt lat="40.94028" lon="15.75542">
        <ele>495.8</ele>
      </trkpt>
      <trkpt lat="40.940309" lon="15.75547">
        <ele>495.4</ele>
      </trkpt>
      <trkpt lat="40.94032" lon="15.75551">
        <ele>495.1</ele>
      </trkpt>
      <trkpt lat="40.94035" lon="15.75557">
        <ele>494.6</ele>
      </trkpt>
      <trkpt lat="40.94037" lon="15.75561">
        <ele>494.2</ele>
      </trkpt>
      <trkpt lat="40.940399" lon="15.75564">
        <ele>493.9</ele>
      </trkpt>
      <trkpt lat="40.94045" lon="15.7557">
        <ele>493.4</ele>
      </trkpt>
      <trkpt lat="40.94051" lon="15.75576">
        <ele>492.8</ele>
      </trkpt>
      <trkpt lat="40.94059" lon="15.75583">
        <ele>492.0</ele>
      </trkpt>
      <trkpt lat="40.94065" lon="15.75589">
        <ele>491.5</ele>
      </trkpt>
      <trkpt lat="40.94067" lon="15.75592">
        <ele>491.3</ele>
      </trkpt>
      <trkpt lat="40.94068" lon="15.75594">
        <ele>491.1</ele>
      </trkpt>
      <trkpt lat="40.940689" lon="15.75595">
        <ele>490.9</ele>
      </trkpt>
      <trkpt lat="40.940689" lon="15.75598">
        <ele>490.6</ele>
      </trkpt>
      <trkpt lat="40.940689" lon="15.75601">
        <ele>490.5</ele>
      </trkpt>
      <trkpt lat="40.940689" lon="15.75603">
        <ele>490.3</ele>
      </trkpt>
      <trkpt lat="40.940689" lon="15.75606">
        <ele>490.0</ele>
      </trkpt>
      <trkpt lat="40.940689" lon="15.75608">
        <ele>489.9</ele>
      </trkpt>
      <trkpt lat="40.94068" lon="15.75611">
        <ele>489.6</ele>
      </trkpt>
      <trkpt lat="40.94067" lon="15.75613">
        <ele>489.4</ele>
      </trkpt>
      <trkpt lat="40.94065" lon="15.75615">
        <ele>489.3</ele>
      </trkpt>
      <trkpt lat="40.94063" lon="15.75616">
        <ele>489.2</ele>
      </trkpt>
      <trkpt lat="40.94058" lon="15.75618">
        <ele>488.9</ele>
      </trkpt>
      <trkpt lat="40.94053" lon="15.75618">
        <ele>488.8</ele>
      </trkpt>
      <trkpt lat="40.94038" lon="15.75615">
        <ele>489.1</ele>
      </trkpt>
      <trkpt lat="40.94027" lon="15.75613">
        <ele>489.3</ele>
      </trkpt>
      <trkpt lat="40.94016" lon="15.7561">
        <ele>489.5</ele>
      </trkpt>
      <trkpt lat="40.940019" lon="15.75605">
        <ele>489.9</ele>
      </trkpt>
      <trkpt lat="40.93997" lon="15.75602">
        <ele>489.9</ele>
      </trkpt>
      <trkpt lat="40.93991" lon="15.75598">
        <ele>489.6</ele>
      </trkpt>
      <trkpt lat="40.93982" lon="15.75588">
        <ele>489.6</ele>
      </trkpt>
      <trkpt lat="40.93977" lon="15.75583">
        <ele>489.5</ele>
      </trkpt>
      <trkpt lat="40.93971" lon="15.75577">
        <ele>489.4</ele>
      </trkpt>
      <trkpt lat="40.93963" lon="15.75569">
        <ele>489.1</ele>
      </trkpt>
      <trkpt lat="40.93953" lon="15.7556">
        <ele>488.8</ele>
      </trkpt>
      <trkpt lat="40.93943" lon="15.75553">
        <ele>488.3</ele>
      </trkpt>
      <trkpt lat="40.93938" lon="15.75549">
        <ele>488.1</ele>
      </trkpt>
      <trkpt lat="40.93931" lon="15.75545">
        <ele>487.7</ele>
      </trkpt>
      <trkpt lat="40.93925" lon="15.75542">
        <ele>487.3</ele>
      </trkpt>
      <trkpt lat="40.93921" lon="15.75541">
        <ele>486.9</ele>
      </trkpt>
      <trkpt lat="40.93916" lon="15.75539">
        <ele>486.6</ele>
      </trkpt>
      <trkpt lat="40.93912" lon="15.75539">
        <ele>486.6</ele>
      </trkpt>
      <trkpt lat="40.93901" lon="15.75538">
        <ele>486.3</ele>
      </trkpt>
      <trkpt lat="40.93889" lon="15.75539">
        <ele>485.7</ele>
      </trkpt>
      <trkpt lat="40.93879" lon="15.75539">
        <ele>485.4</ele>
      </trkpt>
      <trkpt lat="40.93871" lon="15.75541">
        <ele>484.8</ele>
      </trkpt>
      <trkpt lat="40.93862" lon="15.75542">
        <ele>484.5</ele>
      </trkpt>
      <trkpt lat="40.938429" lon="15.75547">
        <ele>483.3</ele>
      </trkpt>
      <trkpt lat="40.93818" lon="15.75555">
        <ele>481.8</ele>
      </trkpt>
      <trkpt lat="40.93804" lon="15.7556">
        <ele>480.9</ele>
      </trkpt>
      <trkpt lat="40.93791" lon="15.75563">
        <ele>480.3</ele>
      </trkpt>
      <trkpt lat="40.93782" lon="15.75564">
        <ele>480.2</ele>
      </trkpt>
      <trkpt lat="40.93766" lon="15.75563">
        <ele>480.0</ele>
      </trkpt>
      <trkpt lat="40.93755" lon="15.75561">
        <ele>480.0</ele>
      </trkpt>
      <trkpt lat="40.937489" lon="15.75561">
        <ele>479.8</ele>
      </trkpt>
      <trkpt lat="40.93743" lon="15.75561">
        <ele>479.2</ele>
      </trkpt>
      <trkpt lat="40.93737" lon="15.75561">
        <ele>478.6</ele>
      </trkpt>
      <trkpt lat="40.93732" lon="15.75562">
        <ele>478.1</ele>
      </trkpt>
      <trkpt lat="40.93727" lon="15.75567">
        <ele>477.2</ele>
      </trkpt>
      <trkpt lat="40.93722" lon="15.75572">
        <ele>476.3</ele>
      </trkpt>
      <trkpt lat="40.93719" lon="15.75576">
        <ele>475.7</ele>
      </trkpt>
      <trkpt lat="40.93714" lon="15.75582">
        <ele>474.6</ele>
      </trkpt>
      <trkpt lat="40.93712" lon="15.7559">
        <ele>473.6</ele>
      </trkpt>
      <trkpt lat="40.937109" lon="15.75599">
        <ele>472.5</ele>
      </trkpt>
      <trkpt lat="40.937109" lon="15.75606">
        <ele>471.7</ele>
      </trkpt>
      <trkpt lat="40.937109" lon="15.75614">
        <ele>470.8</ele>
      </trkpt>
      <trkpt lat="40.93715" lon="15.75622">
        <ele>470.3</ele>
      </trkpt>
      <trkpt lat="40.93722" lon="15.75634">
        <ele>469.8</ele>
      </trkpt>
      <trkpt lat="40.93741" lon="15.75655">
        <ele>470.0</ele>
      </trkpt>
      <trkpt lat="40.93761" lon="15.75668">
        <ele>469.5</ele>
      </trkpt>
      <trkpt lat="40.93784" lon="15.7568">
        <ele>467.1</ele>
      </trkpt>
      <trkpt lat="40.93807" lon="15.75687">
        <ele>465.9</ele>
      </trkpt>
      <trkpt lat="40.93814" lon="15.7569">
        <ele>465.4</ele>
      </trkpt>
      <trkpt lat="40.93819" lon="15.75692">
        <ele>465.1</ele>
      </trkpt>
      <trkpt lat="40.938249" lon="15.75695">
        <ele>464.6</ele>
      </trkpt>
      <trkpt lat="40.9383" lon="15.75698">
        <ele>464.3</ele>
      </trkpt>
      <trkpt lat="40.93833" lon="15.75701">
        <ele>463.9</ele>
      </trkpt>
      <trkpt lat="40.93835" lon="15.75703">
        <ele>463.8</ele>
      </trkpt>
      <trkpt lat="40.93837" lon="15.75706">
        <ele>463.7</ele>
      </trkpt>
      <trkpt lat="40.93839" lon="15.7571">
        <ele>463.5</ele>
      </trkpt>
      <trkpt lat="40.93841" lon="15.75717">
        <ele>462.8</ele>
      </trkpt>
      <trkpt lat="40.93844" lon="15.75733">
        <ele>461.4</ele>
      </trkpt>
      <trkpt lat="40.93847" lon="15.75745">
        <ele>460.4</ele>
      </trkpt>
      <trkpt lat="40.938519" lon="15.7576">
        <ele>459.4</ele>
      </trkpt>
      <trkpt lat="40.93855" lon="15.75769">
        <ele>458.8</ele>
      </trkpt>
      <trkpt lat="40.93859" lon="15.75777">
        <ele>458.4</ele>
      </trkpt>
      <trkpt lat="40.93863" lon="15.75786">
        <ele>457.8</ele>
      </trkpt>
      <trkpt lat="40.93867" lon="15.75792">
        <ele>457.6</ele>
      </trkpt>
      <trkpt lat="40.93869" lon="15.75796">
        <ele>457.3</ele>
      </trkpt>
      <trkpt lat="40.93872" lon="15.75799">
        <ele>457.3</ele>
      </trkpt>
      <trkpt lat="40.93902" lon="15.75829">
        <ele>456.4</ele>
      </trkpt>
      <trkpt lat="40.93907" lon="15.75835">
        <ele>456.0</ele>
      </trkpt>
      <trkpt lat="40.93913" lon="15.75841">
        <ele>455.8</ele>
      </trkpt>
      <trkpt lat="40.93919" lon="15.75848">
        <ele>455.6</ele>
      </trkpt>
      <trkpt lat="40.93925" lon="15.75857">
        <ele>455.3</ele>
      </trkpt>
      <trkpt lat="40.939279" lon="15.75861">
        <ele>455.3</ele>
      </trkpt>
      <trkpt lat="40.93932" lon="15.75868">
        <ele>455.1</ele>
      </trkpt>
      <trkpt lat="40.93933" lon="15.75884">
        <ele>453.4</ele>
      </trkpt>
      <trkpt lat="40.93933" lon="15.75899">
        <ele>451.7</ele>
      </trkpt>
      <trkpt lat="40.93934" lon="15.75914">
        <ele>450.2</ele>
      </trkpt>
      <trkpt lat="40.93935" lon="15.75922">
        <ele>449.6</ele>
      </trkpt>
      <trkpt lat="40.93938" lon="15.7593">
        <ele>449.3</ele>
      </trkpt>
      <trkpt lat="40.93944" lon="15.75937">
        <ele>449.5</ele>
      </trkpt>
      <trkpt lat="40.93948" lon="15.75945">
        <ele>449.1</ele>
      </trkpt>
      <trkpt lat="40.93957" lon="15.75955">
        <ele>448.9</ele>
      </trkpt>
      <trkpt lat="40.9397" lon="15.75969">
        <ele>448.4</ele>
      </trkpt>
      <trkpt lat="40.93992" lon="15.75989">
        <ele>446.7</ele>
      </trkpt>
      <trkpt lat="40.94015" lon="15.76003">
        <ele>446.4</ele>
      </trkpt>
      <trkpt lat="40.940309" lon="15.76014">
        <ele>446.8</ele>
      </trkpt>
      <trkpt lat="40.940399" lon="15.76022">
        <ele>446.8</ele>
      </trkpt>
      <trkpt lat="40.94045" lon="15.76028">
        <ele>446.5</ele>
      </trkpt>
      <trkpt lat="40.94048" lon="15.76033">
        <ele>446.2</ele>
      </trkpt>
      <trkpt lat="40.94051" lon="15.7604">
        <ele>445.4</ele>
      </trkpt>
      <trkpt lat="40.94055" lon="15.76051">
        <ele>444.2</ele>
      </trkpt>
      <trkpt lat="40.94058" lon="15.76061">
        <ele>442.9</ele>
      </trkpt>
      <trkpt lat="40.9406" lon="15.76074">
        <ele>441.3</ele>
      </trkpt>
      <trkpt lat="40.94066" lon="15.76098">
        <ele>441.1</ele>
      </trkpt>
      <trkpt lat="40.94068" lon="15.76104">
        <ele>441.6</ele>
      </trkpt>
      <trkpt lat="40.94071" lon="15.76109">
        <ele>441.9</ele>
      </trkpt>
      <trkpt lat="40.94074" lon="15.76112">
        <ele>442.1</ele>
      </trkpt>
      <trkpt lat="40.94093" lon="15.76122">
        <ele>442.4</ele>
      </trkpt>
      <trkpt lat="40.94101" lon="15.76127">
        <ele>442.4</ele>
      </trkpt>
      <trkpt lat="40.94111" lon="15.76136">
        <ele>442.6</ele>
      </trkpt>
      <trkpt lat="40.94118" lon="15.76143">
        <ele>442.8</ele>
      </trkpt>
      <trkpt lat="40.941249" lon="15.76148">
        <ele>442.8</ele>
      </trkpt>
      <trkpt lat="40.941339" lon="15.76153">
        <ele>442.7</ele>
      </trkpt>
      <trkpt lat="40.94142" lon="15.76155">
        <ele>442.4</ele>
      </trkpt>
      <trkpt lat="40.94151" lon="15.76158">
        <ele>442.2</ele>
      </trkpt>
      <trkpt lat="40.94169" lon="15.76163">
        <ele>441.6</ele>
      </trkpt>
      <trkpt lat="40.94175" lon="15.76167">
        <ele>441.3</ele>
      </trkpt>
      <trkpt lat="40.94183" lon="15.76174">
        <ele>441.3</ele>
      </trkpt>
      <trkpt lat="40.94202" lon="15.76197">
        <ele>441.7</ele>
      </trkpt>
      <trkpt lat="40.94227" lon="15.76227">
        <ele>442.5</ele>
      </trkpt>
      <trkpt lat="40.94234" lon="15.76236">
        <ele>442.8</ele>
      </trkpt>
      <trkpt lat="40.9424" lon="15.76246">
        <ele>443.3</ele>
      </trkpt>
      <trkpt lat="40.94249" lon="15.76263">
        <ele>444.5</ele>
      </trkpt>
      <trkpt lat="40.94254" lon="15.76285">
        <ele>446.1</ele>
      </trkpt>
      <trkpt lat="40.94261" lon="15.76319">
        <ele>448.3</ele>
      </trkpt>
      <trkpt lat="40.94268" lon="15.76374">
        <ele>451.4</ele>
      </trkpt>
      <trkpt lat="40.94269" lon="15.76422">
        <ele>454.7</ele>
      </trkpt>
      <trkpt lat="40.94267" lon="15.76477">
        <ele>458.7</ele>
      </trkpt>
      <trkpt lat="40.94269" lon="15.76505">
        <ele>460.1</ele>
      </trkpt>
      <trkpt lat="40.9427" lon="15.76548">
        <ele>461.4</ele>
      </trkpt>
      <trkpt lat="40.94273" lon="15.76687">
        <ele>466.9</ele>
      </trkpt>
      <trkpt lat="40.94286" lon="15.76729">
        <ele>467.6</ele>
      </trkpt>
      <trkpt lat="40.942929" lon="15.76755">
        <ele>468.4</ele>
      </trkpt>
      <trkpt lat="40.94303" lon="15.76781">
        <ele>470.2</ele>
      </trkpt>
      <trkpt lat="40.9432" lon="15.76802">
        <ele>470.5</ele>
      </trkpt>
      <trkpt lat="40.94382" lon="15.76857">
        <ele>471.8</ele>
      </trkpt>
      <trkpt lat="40.94406" lon="15.76887">
        <ele>473.1</ele>
      </trkpt>
      <trkpt lat="40.94417" lon="15.76908">
        <ele>474.1</ele>
      </trkpt>
      <trkpt lat="40.94427" lon="15.76936">
        <ele>474.6</ele>
      </trkpt>
      <trkpt lat="40.94431" lon="15.76948">
        <ele>474.6</ele>
      </trkpt>
      <trkpt lat="40.94441" lon="15.7698">
        <ele>474.6</ele>
      </trkpt>
      <trkpt lat="40.94442" lon="15.76995">
        <ele>475.1</ele>
      </trkpt>
      <trkpt lat="40.944429" lon="15.77008">
        <ele>475.7</ele>
      </trkpt>
      <trkpt lat="40.944429" lon="15.77027">
        <ele>476.8</ele>
      </trkpt>
      <trkpt lat="40.9444" lon="15.77045">
        <ele>478.3</ele>
      </trkpt>
      <trkpt lat="40.94438" lon="15.7706">
        <ele>479.4</ele>
      </trkpt>
      <trkpt lat="40.94436" lon="15.77075">
        <ele>480.3</ele>
      </trkpt>
      <trkpt lat="40.94435" lon="15.77092">
        <ele>481.4</ele>
      </trkpt>
      <trkpt lat="40.94437" lon="15.77106">
        <ele>481.9</ele>
      </trkpt>
      <trkpt lat="40.94441" lon="15.77115">
        <ele>482.1</ele>
      </trkpt>
      <trkpt lat="40.94444" lon="15.77122">
        <ele>482.3</ele>
      </trkpt>
      <trkpt lat="40.94451" lon="15.77128">
        <ele>482.3</ele>
      </trkpt>
      <trkpt lat="40.94455" lon="15.77131">
        <ele>482.3</ele>
      </trkpt>
      <trkpt lat="40.94459" lon="15.77134">
        <ele>482.3</ele>
      </trkpt>
      <trkpt lat="40.94464" lon="15.77135">
        <ele>482.3</ele>
      </trkpt>
      <trkpt lat="40.94467" lon="15.77135">
        <ele>482.2</ele>
      </trkpt>
      <trkpt lat="40.9447" lon="15.77134">
        <ele>482.0</ele>
      </trkpt>
      <trkpt lat="40.94478" lon="15.77132">
        <ele>481.4</ele>
      </trkpt>
      <trkpt lat="40.94495" lon="15.77126">
        <ele>479.9</ele>
      </trkpt>
      <trkpt lat="40.94506" lon="15.77123">
        <ele>479.2</ele>
      </trkpt>
      <trkpt lat="40.94508" lon="15.77123">
        <ele>479.2</ele>
      </trkpt>
      <trkpt lat="40.94515" lon="15.77122">
        <ele>478.9</ele>
      </trkpt>
      <trkpt lat="40.94523" lon="15.77125">
        <ele>479.4</ele>
      </trkpt>
      <trkpt lat="40.94539" lon="15.77134">
        <ele>480.5</ele>
      </trkpt>
      <trkpt lat="40.94589" lon="15.77167">
        <ele>484.9</ele>
      </trkpt>
      <trkpt lat="40.94598" lon="15.77171">
        <ele>485.3</ele>
      </trkpt>
      <trkpt lat="40.94666" lon="15.77202">
        <ele>487.8</ele>
      </trkpt>
      <trkpt lat="40.94676" lon="15.77211">
        <ele>487.4</ele>
      </trkpt>
      <trkpt lat="40.94686" lon="15.7723">
        <ele>487.8</ele>
      </trkpt>
      <trkpt lat="40.94696" lon="15.77252">
        <ele>488.2</ele>
      </trkpt>
      <trkpt lat="40.94715" lon="15.773">
        <ele>489.2</ele>
      </trkpt>
      <trkpt lat="40.94729" lon="15.77345">
        <ele>490.1</ele>
      </trkpt>
      <trkpt lat="40.94731" lon="15.7735">
        <ele>489.9</ele>
      </trkpt>
      <trkpt lat="40.94732" lon="15.77356">
        <ele>489.8</ele>
      </trkpt>
      <trkpt lat="40.94733" lon="15.77361">
        <ele>489.7</ele>
      </trkpt>
      <trkpt lat="40.947339" lon="15.77366">
        <ele>489.6</ele>
      </trkpt>
      <trkpt lat="40.947339" lon="15.77389">
        <ele>489.8</ele>
      </trkpt>
      <trkpt lat="40.947339" lon="15.774">
        <ele>489.9</ele>
      </trkpt>
      <trkpt lat="40.94732" lon="15.77418">
        <ele>490.5</ele>
      </trkpt>
      <trkpt lat="40.94731" lon="15.77432">
        <ele>491.5</ele>
      </trkpt>
      <trkpt lat="40.94729" lon="15.7745">
        <ele>492.9</ele>
      </trkpt>
      <trkpt lat="40.94729" lon="15.77451">
        <ele>492.9</ele>
      </trkpt>
      <trkpt lat="40.94728" lon="15.77462">
        <ele>493.9</ele>
      </trkpt>
      <trkpt lat="40.94728" lon="15.77471">
        <ele>494.5</ele>
      </trkpt>
      <trkpt lat="40.94729" lon="15.7748">
        <ele>494.9</ele>
      </trkpt>
      <trkpt lat="40.9473" lon="15.77491">
        <ele>495.5</ele>
      </trkpt>
      <trkpt lat="40.94732" lon="15.775">
        <ele>495.8</ele>
      </trkpt>
      <trkpt lat="40.947339" lon="15.77504">
        <ele>495.9</ele>
      </trkpt>
      <trkpt lat="40.94739" lon="15.77513">
        <ele>496.1</ele>
      </trkpt>
      <trkpt lat="40.94751" lon="15.7753">
        <ele>496.1</ele>
      </trkpt>
      <trkpt lat="40.94766" lon="15.7755">
        <ele>496.2</ele>
      </trkpt>
      <trkpt lat="40.94774" lon="15.77564">
        <ele>496.3</ele>
      </trkpt>
      <trkpt lat="40.94778" lon="15.77573">
        <ele>496.3</ele>
      </trkpt>
      <trkpt lat="40.947809" lon="15.77584">
        <ele>496.8</ele>
      </trkpt>
      <trkpt lat="40.94786" lon="15.77599">
        <ele>496.9</ele>
      </trkpt>
      <trkpt lat="40.94794" lon="15.77631">
        <ele>497.5</ele>
      </trkpt>
      <trkpt lat="40.94808" lon="15.77679">
        <ele>498.3</ele>
      </trkpt>
      <trkpt lat="40.948279" lon="15.77754">
        <ele>502.2</ele>
      </trkpt>
      <trkpt lat="40.94845" lon="15.77817">
        <ele>503.8</ele>
      </trkpt>
      <trkpt lat="40.94858" lon="15.77863">
        <ele>505.2</ele>
      </trkpt>
      <trkpt lat="40.948659" lon="15.77891">
        <ele>506.3</ele>
      </trkpt>
      <trkpt lat="40.94867" lon="15.77895">
        <ele>506.4</ele>
      </trkpt>
      <trkpt lat="40.94869" lon="15.77901">
        <ele>506.8</ele>
      </trkpt>
      <trkpt lat="40.94872" lon="15.77906">
        <ele>506.9</ele>
      </trkpt>
      <trkpt lat="40.948749" lon="15.77912">
        <ele>507.1</ele>
      </trkpt>
      <trkpt lat="40.94887" lon="15.77931">
        <ele>507.5</ele>
      </trkpt>
      <trkpt lat="40.94903" lon="15.77952">
        <ele>507.6</ele>
      </trkpt>
      <trkpt lat="40.949219" lon="15.77976">
        <ele>507.8</ele>
      </trkpt>
      <trkpt lat="40.94927" lon="15.77983">
        <ele>508.3</ele>
      </trkpt>
      <trkpt lat="40.94943" lon="15.78004">
        <ele>509.4</ele>
      </trkpt>
      <trkpt lat="40.94963" lon="15.7803">
        <ele>510.6</ele>
      </trkpt>
      <trkpt lat="40.94982" lon="15.78054">
        <ele>510.9</ele>
      </trkpt>
      <trkpt lat="40.95002" lon="15.78078">
        <ele>510.8</ele>
      </trkpt>
      <trkpt lat="40.95019" lon="15.78099">
        <ele>512.1</ele>
      </trkpt>
      <trkpt lat="40.95026" lon="15.78109">
        <ele>512.5</ele>
      </trkpt>
      <trkpt lat="40.95036" lon="15.78125">
        <ele>512.9</ele>
      </trkpt>
      <trkpt lat="40.95038" lon="15.78128">
        <ele>513.0</ele>
      </trkpt>
      <trkpt lat="40.95046" lon="15.78148">
        <ele>513.2</ele>
      </trkpt>
      <trkpt lat="40.95058" lon="15.78176">
        <ele>513.0</ele>
      </trkpt>
      <trkpt lat="40.95069" lon="15.78205">
        <ele>513.0</ele>
      </trkpt>
      <trkpt lat="40.95075" lon="15.78218">
        <ele>512.8</ele>
      </trkpt>
      <trkpt lat="40.95089" lon="15.78245">
        <ele>512.7</ele>
      </trkpt>
      <trkpt lat="40.95129" lon="15.78336">
        <ele>506.2</ele>
      </trkpt>
      <trkpt lat="40.95168" lon="15.78418">
        <ele>502.0</ele>
      </trkpt>
      <trkpt lat="40.95184" lon="15.78452">
        <ele>501.3</ele>
      </trkpt>
      <trkpt lat="40.95216" lon="15.78528">
        <ele>499.1</ele>
      </trkpt>
      <trkpt lat="40.95225" lon="15.78549">
        <ele>498.3</ele>
      </trkpt>
      <trkpt lat="40.95233" lon="15.78573">
        <ele>497.7</ele>
      </trkpt>
      <trkpt lat="40.95252" lon="15.7864">
        <ele>495.1</ele>
      </trkpt>
      <trkpt lat="40.95255" lon="15.78653">
        <ele>494.6</ele>
      </trkpt>
      <trkpt lat="40.952599" lon="15.78673">
        <ele>494.3</ele>
      </trkpt>
      <trkpt lat="40.95263" lon="15.78692">
        <ele>494.3</ele>
      </trkpt>
      <trkpt lat="40.95266" lon="15.78712">
        <ele>494.1</ele>
      </trkpt>
      <trkpt lat="40.95273" lon="15.78751">
        <ele>493.8</ele>
      </trkpt>
      <trkpt lat="40.95284" lon="15.78799">
        <ele>492.6</ele>
      </trkpt>
      <trkpt lat="40.95294" lon="15.78839">
        <ele>491.8</ele>
      </trkpt>
      <trkpt lat="40.95318" lon="15.78925">
        <ele>488.3</ele>
      </trkpt>
      <trkpt lat="40.95325" lon="15.78961">
        <ele>486.8</ele>
      </trkpt>
      <trkpt lat="40.95343" lon="15.7908">
        <ele>478.9</ele>
      </trkpt>
      <trkpt lat="40.95346" lon="15.79098">
        <ele>477.8</ele>
      </trkpt>
      <trkpt lat="40.95356" lon="15.79152">
        <ele>474.2</ele>
      </trkpt>
      <trkpt lat="40.95361" lon="15.79181">
        <ele>472.5</ele>
      </trkpt>
      <trkpt lat="40.95365" lon="15.79198">
        <ele>471.7</ele>
      </trkpt>
      <trkpt lat="40.95368" lon="15.79208">
        <ele>471.1</ele>
      </trkpt>
      <trkpt lat="40.95373" lon="15.79219">
        <ele>470.5</ele>
      </trkpt>
      <trkpt lat="40.95379" lon="15.79234">
        <ele>469.6</ele>
      </trkpt>
      <trkpt lat="40.95389" lon="15.79254">
        <ele>468.2</ele>
      </trkpt>
      <trkpt lat="40.95399" lon="15.79276">
        <ele>466.9</ele>
      </trkpt>
      <trkpt lat="40.954099" lon="15.793">
        <ele>465.7</ele>
      </trkpt>
      <trkpt lat="40.9542" lon="15.79323">
        <ele>464.5</ele>
      </trkpt>
      <trkpt lat="40.95436" lon="15.7936">
        <ele>462.8</ele>
      </trkpt>
      <trkpt lat="40.95482" lon="15.79466">
        <ele>456.8</ele>
      </trkpt>
      <trkpt lat="40.95519" lon="15.7955">
        <ele>450.8</ele>
      </trkpt>
      <trkpt lat="40.95526" lon="15.79564">
        <ele>449.8</ele>
      </trkpt>
      <trkpt lat="40.95532" lon="15.79577">
        <ele>448.8</ele>
      </trkpt>
      <trkpt lat="40.95532" lon="15.79577">
        <ele>448.8</ele>
      </trkpt>
      <trkpt lat="40.95532" lon="15.79577">
        <ele>448.8</ele>
      </trkpt>
      <trkpt lat="40.95534" lon="15.79582">
        <ele>448.4</ele>
      </trkpt>
      <trkpt lat="40.95539" lon="15.79591">
        <ele>448.0</ele>
      </trkpt>
      <trkpt lat="40.95544" lon="15.79599">
        <ele>447.6</ele>
      </trkpt>
      <trkpt lat="40.95549" lon="15.79607">
        <ele>447.1</ele>
      </trkpt>
      <trkpt lat="40.95554" lon="15.79613">
        <ele>446.8</ele>
      </trkpt>
      <trkpt lat="40.95601" lon="15.79664">
        <ele>444.6</ele>
      </trkpt>
      <trkpt lat="40.95622" lon="15.79688">
        <ele>444.1</ele>
      </trkpt>
      <trkpt lat="40.95749" lon="15.79833">
        <ele>442.9</ele>
      </trkpt>
      <trkpt lat="40.95813" lon="15.799">
        <ele>441.3</ele>
      </trkpt>
      <trkpt lat="40.95831" lon="15.79917">
        <ele>441.9</ele>
      </trkpt>
      <trkpt lat="40.95847" lon="15.79937">
        <ele>440.9</ele>
      </trkpt>
      <trkpt lat="40.95853" lon="15.79946">
        <ele>440.6</ele>
      </trkpt>
      <trkpt lat="40.95856" lon="15.79952">
        <ele>440.4</ele>
      </trkpt>
      <trkpt lat="40.95856" lon="15.79952">
        <ele>440.4</ele>
      </trkpt>
      <trkpt lat="40.95858" lon="15.79957">
        <ele>440.2</ele>
      </trkpt>
      <trkpt lat="40.958599" lon="15.79964">
        <ele>440.0</ele>
      </trkpt>
      <trkpt lat="40.95861" lon="15.79972">
        <ele>439.8</ele>
      </trkpt>
      <trkpt lat="40.95865" lon="15.80104">
        <ele>437.6</ele>
      </trkpt>
      <trkpt lat="40.95868" lon="15.80161">
        <ele>435.8</ele>
      </trkpt>
      <trkpt lat="40.95872" lon="15.80281">
        <ele>434.1</ele>
      </trkpt>
      <trkpt lat="40.95876" lon="15.8037">
        <ele>434.1</ele>
      </trkpt>
      <trkpt lat="40.95877" lon="15.8042">
        <ele>435.4</ele>
      </trkpt>
      <trkpt lat="40.95879" lon="15.80437">
        <ele>435.4</ele>
      </trkpt>
      <trkpt lat="40.95882" lon="15.80483">
        <ele>435.3</ele>
      </trkpt>
      <trkpt lat="40.95886" lon="15.80523">
        <ele>434.3</ele>
      </trkpt>
      <trkpt lat="40.958889" lon="15.80537">
        <ele>433.8</ele>
      </trkpt>
      <trkpt lat="40.95899" lon="15.80586">
        <ele>432.1</ele>
      </trkpt>
      <trkpt lat="40.95928" lon="15.80732">
        <ele>428.7</ele>
      </trkpt>
      <trkpt lat="40.95931" lon="15.80746">
        <ele>428.7</ele>
      </trkpt>
      <trkpt lat="40.95934" lon="15.80762">
        <ele>428.3</ele>
      </trkpt>
      <trkpt lat="40.95949" lon="15.80837">
        <ele>425.7</ele>
      </trkpt>
      <trkpt lat="40.95963" lon="15.80908">
        <ele>423.4</ele>
      </trkpt>
      <trkpt lat="40.95979" lon="15.8099">
        <ele>422.5</ele>
      </trkpt>
      <trkpt lat="40.959829" lon="15.81014">
        <ele>422.8</ele>
      </trkpt>
      <trkpt lat="40.95985" lon="15.81023">
        <ele>423.0</ele>
      </trkpt>
      <trkpt lat="40.95995" lon="15.8109">
        <ele>424.0</ele>
      </trkpt>
      <trkpt lat="40.960009" lon="15.81115">
        <ele>423.1</ele>
      </trkpt>
      <trkpt lat="40.96006" lon="15.81143">
        <ele>422.3</ele>
      </trkpt>
      <trkpt lat="40.9601" lon="15.81169">
        <ele>421.6</ele>
      </trkpt>
      <trkpt lat="40.96016" lon="15.81204">
        <ele>421.1</ele>
      </trkpt>
      <trkpt lat="40.960299" lon="15.81282">
        <ele>419.0</ele>
      </trkpt>
      <trkpt lat="40.96032" lon="15.81293">
        <ele>418.6</ele>
      </trkpt>
      <trkpt lat="40.960389" lon="15.81332">
        <ele>417.0</ele>
      </trkpt>
      <trkpt lat="40.96047" lon="15.81373">
        <ele>417.7</ele>
      </trkpt>
      <trkpt lat="40.96055" lon="15.81419">
        <ele>418.3</ele>
      </trkpt>
      <trkpt lat="40.9606" lon="15.81452">
        <ele>417.7</ele>
      </trkpt>
      <trkpt lat="40.96066" lon="15.81488">
        <ele>417.1</ele>
      </trkpt>
      <trkpt lat="40.96069" lon="15.8151">
        <ele>417.1</ele>
      </trkpt>
      <trkpt lat="40.96069" lon="15.8152">
        <ele>417.3</ele>
      </trkpt>
      <trkpt lat="40.96068" lon="15.8153">
        <ele>417.3</ele>
      </trkpt>
      <trkpt lat="40.96068" lon="15.8153">
        <ele>417.3</ele>
      </trkpt>
      <trkpt lat="40.96068" lon="15.81531">
        <ele>417.3</ele>
      </trkpt>
      <trkpt lat="40.96067" lon="15.81531">
        <ele>417.3</ele>
      </trkpt>
      <trkpt lat="40.96066" lon="15.81531">
        <ele>417.3</ele>
      </trkpt>
      <trkpt lat="40.96065" lon="15.81531">
        <ele>417.4</ele>
      </trkpt>
      <trkpt lat="40.96065" lon="15.81532">
        <ele>417.4</ele>
      </trkpt>
      <trkpt lat="40.96064" lon="15.81532">
        <ele>417.4</ele>
      </trkpt>
      <trkpt lat="40.96063" lon="15.81533">
        <ele>417.4</ele>
      </trkpt>
      <trkpt lat="40.96063" lon="15.81534">
        <ele>417.4</ele>
      </trkpt>
      <trkpt lat="40.96062" lon="15.81534">
        <ele>417.4</ele>
      </trkpt>
      <trkpt lat="40.96062" lon="15.81535">
        <ele>417.4</ele>
      </trkpt>
      <trkpt lat="40.96062" lon="15.81536">
        <ele>417.4</ele>
      </trkpt>
      <trkpt lat="40.96061" lon="15.81536">
        <ele>417.4</ele>
      </trkpt>
      <trkpt lat="40.96061" lon="15.81537">
        <ele>417.6</ele>
      </trkpt>
      <trkpt lat="40.96061" lon="15.81538">
        <ele>417.6</ele>
      </trkpt>
      <trkpt lat="40.96061" lon="15.81539">
        <ele>417.6</ele>
      </trkpt>
      <trkpt lat="40.96061" lon="15.8154">
        <ele>417.6</ele>
      </trkpt>
      <trkpt lat="40.96061" lon="15.81541">
        <ele>417.6</ele>
      </trkpt>
      <trkpt lat="40.96061" lon="15.81542">
        <ele>417.6</ele>
      </trkpt>
      <trkpt lat="40.96061" lon="15.81543">
        <ele>417.7</ele>
      </trkpt>
      <trkpt lat="40.96061" lon="15.81544">
        <ele>417.7</ele>
      </trkpt>
      <trkpt lat="40.96062" lon="15.81544">
        <ele>417.7</ele>
      </trkpt>
      <trkpt lat="40.96062" lon="15.81545">
        <ele>417.7</ele>
      </trkpt>
      <trkpt lat="40.96062" lon="15.81546">
        <ele>417.7</ele>
      </trkpt>
      <trkpt lat="40.96063" lon="15.81546">
        <ele>417.7</ele>
      </trkpt>
      <trkpt lat="40.96063" lon="15.81547">
        <ele>417.7</ele>
      </trkpt>
      <trkpt lat="40.96064" lon="15.81547">
        <ele>417.7</ele>
      </trkpt>
      <trkpt lat="40.96064" lon="15.81548">
        <ele>417.7</ele>
      </trkpt>
      <trkpt lat="40.96065" lon="15.81548">
        <ele>417.7</ele>
      </trkpt>
      <trkpt lat="40.96065" lon="15.81549">
        <ele>417.7</ele>
      </trkpt>
      <trkpt lat="40.96065" lon="15.81553">
        <ele>417.8</ele>
      </trkpt>
      <trkpt lat="40.96065" lon="15.81555">
        <ele>417.8</ele>
      </trkpt>
      <trkpt lat="40.96073" lon="15.81589">
        <ele>418.2</ele>
      </trkpt>
      <trkpt lat="40.96073" lon="15.81591">
        <ele>418.2</ele>
      </trkpt>
      <trkpt lat="40.96082" lon="15.81623">
        <ele>418.5</ele>
      </trkpt>
      <trkpt lat="40.96085" lon="15.81631">
        <ele>418.6</ele>
      </trkpt>
      <trkpt lat="40.96093" lon="15.81657">
        <ele>418.8</ele>
      </trkpt>
      <trkpt lat="40.96094" lon="15.8166">
        <ele>418.8</ele>
      </trkpt>
      <trkpt lat="40.96098" lon="15.81672">
        <ele>419.1</ele>
      </trkpt>
      <trkpt lat="40.96103" lon="15.8168">
        <ele>419.3</ele>
      </trkpt>
      <trkpt lat="40.96109" lon="15.81708">
        <ele>419.8</ele>
      </trkpt>
      <trkpt lat="40.96109" lon="15.81712">
        <ele>419.9</ele>
      </trkpt>
    </trkseg>
  </trk>
</gpx>
