<?xml version="1.0" encoding="UTF-8"?>
<gpx xmlns:gpxdata="http://www.cluetrust.com/XML/GPXDATA/1/0" xmlns:xsi="http://www.w3.org/2001/XMLSchema-instance" xmlns="http://www.topografix.com/GPX/1/1" version="1.1" creator="http://ridewithgps.com/" xsi:schemaLocation="http://www.topografix.com/GPX/1/1 http://www.topografix.com/GPX/1/1/gpx.xsd http://www.cluetrust.com/XML/GPXDATA/1/0 http://www.cluetrust.com/Schemas/gpxdata10.xsd">
  <metadata>
    <name>04 CICLOVIA DELL'ACQUEDOTTO - VENOSA-CASTEL DEL MONTE NEW 2022</name>
    <link href="https://ridewithgps.com/routes/38548104">
      <text>04 CICLOVIA DELL'ACQUEDOTTO - VENOSA-CASTEL DEL MONTE NEW 2022</text>
    </link>
    <time>2022-02-12T13:14:41Z</time>
  </metadata>
  <trk>
    <name>04 CICLOVIA DELL'ACQUEDOTTO - VENOSA-CASTEL DEL MONTE NEW 2022</name>
    <trkseg>
      <trkpt lat="40.9611" lon="15.81717">
        <ele>420.0</ele>
      </trkpt>
      <trkpt lat="40.96096" lon="15.8166">
        <ele>418.9</ele>
      </trkpt>
      <trkpt lat="40.96096" lon="15.81644">
        <ele>418.8</ele>
      </trkpt>
      <trkpt lat="40.96079" lon="15.81551">
        <ele>417.6</ele>
      </trkpt>
      <trkpt lat="40.96076" lon="15.81545">
        <ele>417.6</ele>
      </trkpt>
      <trkpt lat="40.96076" lon="15.81538">
        <ele>417.5</ele>
      </trkpt>
      <trkpt lat="40.96072" lon="15.8153">
        <ele>417.4</ele>
      </trkpt>
      <trkpt lat="40.96067" lon="15.81528">
        <ele>417.4</ele>
      </trkpt>
      <trkpt lat="40.96062" lon="15.81529">
        <ele>417.4</ele>
      </trkpt>
      <trkpt lat="40.96058" lon="15.81535">
        <ele>417.5</ele>
      </trkpt>
      <trkpt lat="40.96057" lon="15.81542">
        <ele>417.7</ele>
      </trkpt>
      <trkpt lat="40.96045" lon="15.81562">
        <ele>418.1</ele>
      </trkpt>
      <trkpt lat="40.95995" lon="15.81583">
        <ele>418.9</ele>
      </trkpt>
      <trkpt lat="40.95941" lon="15.81609">
        <ele>418.0</ele>
      </trkpt>
      <trkpt lat="40.95887" lon="15.81635">
        <ele>417.3</ele>
      </trkpt>
      <trkpt lat="40.95877" lon="15.81634">
        <ele>417.0</ele>
      </trkpt>
      <trkpt lat="40.95814" lon="15.81594">
        <ele>417.4</ele>
      </trkpt>
      <trkpt lat="40.95814" lon="15.81594">
        <ele>417.4</ele>
      </trkpt>
      <trkpt lat="40.95767" lon="15.8157">
        <ele>418.2</ele>
      </trkpt>
      <trkpt lat="40.95719" lon="15.81545">
        <ele>413.9</ele>
      </trkpt>
      <trkpt lat="40.95671" lon="15.81539">
        <ele>407.4</ele>
      </trkpt>
      <trkpt lat="40.95656" lon="15.81533">
        <ele>404.7</ele>
      </trkpt>
      <trkpt lat="40.956449" lon="15.81523">
        <ele>402.7</ele>
      </trkpt>
      <trkpt lat="40.95633" lon="15.81506">
        <ele>400.8</ele>
      </trkpt>
      <trkpt lat="40.95613" lon="15.81453">
        <ele>397.8</ele>
      </trkpt>
      <trkpt lat="40.95613" lon="15.81432">
        <ele>398.8</ele>
      </trkpt>
      <trkpt lat="40.956159" lon="15.81412">
        <ele>400.2</ele>
      </trkpt>
      <trkpt lat="40.9563" lon="15.81353">
        <ele>401.0</ele>
      </trkpt>
      <trkpt lat="40.95635" lon="15.81314">
        <ele>400.8</ele>
      </trkpt>
      <trkpt lat="40.9562" lon="15.81289">
        <ele>398.2</ele>
      </trkpt>
      <trkpt lat="40.95608" lon="15.81288">
        <ele>396.4</ele>
      </trkpt>
      <trkpt lat="40.95608" lon="15.81288">
        <ele>396.4</ele>
      </trkpt>
      <trkpt lat="40.95597" lon="15.81287">
        <ele>394.7</ele>
      </trkpt>
      <trkpt lat="40.95564" lon="15.81357">
        <ele>390.8</ele>
      </trkpt>
      <trkpt lat="40.95544" lon="15.81384">
        <ele>389.8</ele>
      </trkpt>
      <trkpt lat="40.95521" lon="15.814">
        <ele>388.2</ele>
      </trkpt>
      <trkpt lat="40.9552" lon="15.81399">
        <ele>388.2</ele>
      </trkpt>
      <trkpt lat="40.95518" lon="15.81401">
        <ele>388.0</ele>
      </trkpt>
      <trkpt lat="40.95505" lon="15.81412">
        <ele>386.6</ele>
      </trkpt>
      <trkpt lat="40.955" lon="15.81418">
        <ele>386.0</ele>
      </trkpt>
      <trkpt lat="40.95496" lon="15.81423">
        <ele>386.2</ele>
      </trkpt>
      <trkpt lat="40.95496" lon="15.81424">
        <ele>386.2</ele>
      </trkpt>
      <trkpt lat="40.95493" lon="15.8143">
        <ele>386.4</ele>
      </trkpt>
      <trkpt lat="40.95491" lon="15.81436">
        <ele>386.6</ele>
      </trkpt>
      <trkpt lat="40.95488" lon="15.81444">
        <ele>386.9</ele>
      </trkpt>
      <trkpt lat="40.95488" lon="15.81445">
        <ele>386.9</ele>
      </trkpt>
      <trkpt lat="40.95487" lon="15.81451">
        <ele>387.1</ele>
      </trkpt>
      <trkpt lat="40.954859" lon="15.8146">
        <ele>387.3</ele>
      </trkpt>
      <trkpt lat="40.954859" lon="15.81467">
        <ele>387.3</ele>
      </trkpt>
      <trkpt lat="40.95487" lon="15.81473">
        <ele>387.2</ele>
      </trkpt>
      <trkpt lat="40.95488" lon="15.8148">
        <ele>387.0</ele>
      </trkpt>
      <trkpt lat="40.95489" lon="15.81487">
        <ele>386.8</ele>
      </trkpt>
      <trkpt lat="40.95491" lon="15.81491">
        <ele>386.3</ele>
      </trkpt>
      <trkpt lat="40.95492" lon="15.81494">
        <ele>386.1</ele>
      </trkpt>
      <trkpt lat="40.95497" lon="15.81503">
        <ele>385.3</ele>
      </trkpt>
      <trkpt lat="40.95502" lon="15.81509">
        <ele>385.6</ele>
      </trkpt>
      <trkpt lat="40.95515" lon="15.81525">
        <ele>388.1</ele>
      </trkpt>
      <trkpt lat="40.95516" lon="15.81526">
        <ele>388.2</ele>
      </trkpt>
      <trkpt lat="40.95521" lon="15.81532">
        <ele>388.8</ele>
      </trkpt>
      <trkpt lat="40.95528" lon="15.81543">
        <ele>389.6</ele>
      </trkpt>
      <trkpt lat="40.95528" lon="15.81544">
        <ele>389.7</ele>
      </trkpt>
      <trkpt lat="40.95534" lon="15.81557">
        <ele>390.5</ele>
      </trkpt>
      <trkpt lat="40.95536" lon="15.81568">
        <ele>391.2</ele>
      </trkpt>
      <trkpt lat="40.95537" lon="15.81576">
        <ele>391.7</ele>
      </trkpt>
      <trkpt lat="40.95539" lon="15.81588">
        <ele>391.9</ele>
      </trkpt>
      <trkpt lat="40.95539" lon="15.8159">
        <ele>391.9</ele>
      </trkpt>
      <trkpt lat="40.9554" lon="15.8161">
        <ele>391.5</ele>
      </trkpt>
      <trkpt lat="40.9554" lon="15.81612">
        <ele>391.5</ele>
      </trkpt>
      <trkpt lat="40.95541" lon="15.81626">
        <ele>391.1</ele>
      </trkpt>
      <trkpt lat="40.95541" lon="15.81638">
        <ele>391.0</ele>
      </trkpt>
      <trkpt lat="40.95539" lon="15.81657">
        <ele>391.3</ele>
      </trkpt>
      <trkpt lat="40.95538" lon="15.81665">
        <ele>391.4</ele>
      </trkpt>
      <trkpt lat="40.95536" lon="15.81676">
        <ele>392.2</ele>
      </trkpt>
      <trkpt lat="40.95535" lon="15.81679">
        <ele>392.6</ele>
      </trkpt>
      <trkpt lat="40.95534" lon="15.81684">
        <ele>392.9</ele>
      </trkpt>
      <trkpt lat="40.95531" lon="15.81692">
        <ele>393.7</ele>
      </trkpt>
      <trkpt lat="40.95524" lon="15.81707">
        <ele>395.0</ele>
      </trkpt>
      <trkpt lat="40.95519" lon="15.81717">
        <ele>395.7</ele>
      </trkpt>
      <trkpt lat="40.95514" lon="15.81725">
        <ele>396.1</ele>
      </trkpt>
      <trkpt lat="40.95506" lon="15.81737">
        <ele>396.4</ele>
      </trkpt>
      <trkpt lat="40.955" lon="15.81744">
        <ele>396.4</ele>
      </trkpt>
      <trkpt lat="40.95497" lon="15.81747">
        <ele>396.6</ele>
      </trkpt>
      <trkpt lat="40.95493" lon="15.81749">
        <ele>397.0</ele>
      </trkpt>
      <trkpt lat="40.95488" lon="15.81752">
        <ele>397.7</ele>
      </trkpt>
      <trkpt lat="40.95479" lon="15.81754">
        <ele>399.0</ele>
      </trkpt>
      <trkpt lat="40.95469" lon="15.81755">
        <ele>400.3</ele>
      </trkpt>
      <trkpt lat="40.95461" lon="15.81757">
        <ele>401.5</ele>
      </trkpt>
      <trkpt lat="40.954569" lon="15.81759">
        <ele>402.1</ele>
      </trkpt>
      <trkpt lat="40.95454" lon="15.8176">
        <ele>402.5</ele>
      </trkpt>
      <trkpt lat="40.95451" lon="15.81763">
        <ele>403.1</ele>
      </trkpt>
      <trkpt lat="40.95449" lon="15.81766">
        <ele>403.5</ele>
      </trkpt>
      <trkpt lat="40.954479" lon="15.81768">
        <ele>403.7</ele>
      </trkpt>
      <trkpt lat="40.95447" lon="15.8177">
        <ele>403.9</ele>
      </trkpt>
      <trkpt lat="40.95446" lon="15.81773">
        <ele>404.1</ele>
      </trkpt>
      <trkpt lat="40.95445" lon="15.81778">
        <ele>404.5</ele>
      </trkpt>
      <trkpt lat="40.95443" lon="15.81796">
        <ele>405.5</ele>
      </trkpt>
      <trkpt lat="40.95442" lon="15.81812">
        <ele>406.3</ele>
      </trkpt>
      <trkpt lat="40.9544" lon="15.81823">
        <ele>407.0</ele>
      </trkpt>
      <trkpt lat="40.954389" lon="15.81825">
        <ele>407.2</ele>
      </trkpt>
      <trkpt lat="40.95436" lon="15.81835">
        <ele>407.9</ele>
      </trkpt>
      <trkpt lat="40.95429" lon="15.81849">
        <ele>408.5</ele>
      </trkpt>
      <trkpt lat="40.95426" lon="15.81856">
        <ele>408.7</ele>
      </trkpt>
      <trkpt lat="40.95425" lon="15.81863">
        <ele>408.7</ele>
      </trkpt>
      <trkpt lat="40.95424" lon="15.81868">
        <ele>408.7</ele>
      </trkpt>
      <trkpt lat="40.95424" lon="15.81871">
        <ele>408.7</ele>
      </trkpt>
      <trkpt lat="40.95425" lon="15.81878">
        <ele>408.5</ele>
      </trkpt>
      <trkpt lat="40.95427" lon="15.81886">
        <ele>408.3</ele>
      </trkpt>
      <trkpt lat="40.95434" lon="15.81903">
        <ele>408.0</ele>
      </trkpt>
      <trkpt lat="40.95445" lon="15.81924">
        <ele>408.5</ele>
      </trkpt>
      <trkpt lat="40.95447" lon="15.81929">
        <ele>408.8</ele>
      </trkpt>
      <trkpt lat="40.95452" lon="15.8194">
        <ele>409.6</ele>
      </trkpt>
      <trkpt lat="40.95452" lon="15.81941">
        <ele>409.6</ele>
      </trkpt>
      <trkpt lat="40.95458" lon="15.81956">
        <ele>410.6</ele>
      </trkpt>
      <trkpt lat="40.95462" lon="15.81969">
        <ele>411.4</ele>
      </trkpt>
      <trkpt lat="40.954659" lon="15.81984">
        <ele>412.4</ele>
      </trkpt>
      <trkpt lat="40.95467" lon="15.8199">
        <ele>412.7</ele>
      </trkpt>
      <trkpt lat="40.95468" lon="15.82004">
        <ele>413.5</ele>
      </trkpt>
      <trkpt lat="40.95469" lon="15.82014">
        <ele>413.7</ele>
      </trkpt>
      <trkpt lat="40.9547" lon="15.8203">
        <ele>414.1</ele>
      </trkpt>
      <trkpt lat="40.9547" lon="15.82037">
        <ele>414.2</ele>
      </trkpt>
      <trkpt lat="40.95472" lon="15.82077">
        <ele>415.2</ele>
      </trkpt>
      <trkpt lat="40.95471" lon="15.82093">
        <ele>415.6</ele>
      </trkpt>
      <trkpt lat="40.95468" lon="15.82114">
        <ele>416.1</ele>
      </trkpt>
      <trkpt lat="40.95463" lon="15.82163">
        <ele>417.4</ele>
      </trkpt>
      <trkpt lat="40.95462" lon="15.82184">
        <ele>417.7</ele>
      </trkpt>
      <trkpt lat="40.95458" lon="15.82239">
        <ele>418.4</ele>
      </trkpt>
      <trkpt lat="40.95453" lon="15.82311">
        <ele>417.8</ele>
      </trkpt>
      <trkpt lat="40.95446" lon="15.82413">
        <ele>417.6</ele>
      </trkpt>
      <trkpt lat="40.95441" lon="15.82474">
        <ele>417.2</ele>
      </trkpt>
      <trkpt lat="40.95437" lon="15.82509">
        <ele>417.0</ele>
      </trkpt>
      <trkpt lat="40.95435" lon="15.82529">
        <ele>417.1</ele>
      </trkpt>
      <trkpt lat="40.95433" lon="15.82544">
        <ele>417.1</ele>
      </trkpt>
      <trkpt lat="40.95428" lon="15.82577">
        <ele>417.1</ele>
      </trkpt>
      <trkpt lat="40.95422" lon="15.82615">
        <ele>416.4</ele>
      </trkpt>
      <trkpt lat="40.95406" lon="15.827">
        <ele>414.6</ele>
      </trkpt>
      <trkpt lat="40.95387" lon="15.82802">
        <ele>413.0</ele>
      </trkpt>
      <trkpt lat="40.95369" lon="15.82895">
        <ele>412.3</ele>
      </trkpt>
      <trkpt lat="40.953539" lon="15.82974">
        <ele>411.8</ele>
      </trkpt>
      <trkpt lat="40.9532" lon="15.83149">
        <ele>413.0</ele>
      </trkpt>
      <trkpt lat="40.95319" lon="15.83155">
        <ele>413.0</ele>
      </trkpt>
      <trkpt lat="40.95315" lon="15.83172">
        <ele>412.8</ele>
      </trkpt>
      <trkpt lat="40.95286" lon="15.83328">
        <ele>409.1</ele>
      </trkpt>
      <trkpt lat="40.95276" lon="15.83379">
        <ele>408.5</ele>
      </trkpt>
      <trkpt lat="40.95274" lon="15.8339">
        <ele>408.3</ele>
      </trkpt>
      <trkpt lat="40.9527" lon="15.83413">
        <ele>408.0</ele>
      </trkpt>
      <trkpt lat="40.95265" lon="15.83437">
        <ele>407.7</ele>
      </trkpt>
      <trkpt lat="40.95262" lon="15.83462">
        <ele>407.4</ele>
      </trkpt>
      <trkpt lat="40.952599" lon="15.8348">
        <ele>407.1</ele>
      </trkpt>
      <trkpt lat="40.95258" lon="15.83506">
        <ele>406.8</ele>
      </trkpt>
      <trkpt lat="40.95257" lon="15.83528">
        <ele>406.6</ele>
      </trkpt>
      <trkpt lat="40.95256" lon="15.8355">
        <ele>406.3</ele>
      </trkpt>
      <trkpt lat="40.95255" lon="15.83571">
        <ele>406.1</ele>
      </trkpt>
      <trkpt lat="40.95254" lon="15.83591">
        <ele>405.9</ele>
      </trkpt>
      <trkpt lat="40.95254" lon="15.83592">
        <ele>405.9</ele>
      </trkpt>
      <trkpt lat="40.95254" lon="15.83615">
        <ele>405.6</ele>
      </trkpt>
      <trkpt lat="40.95254" lon="15.83617">
        <ele>405.6</ele>
      </trkpt>
      <trkpt lat="40.95256" lon="15.83648">
        <ele>405.3</ele>
      </trkpt>
      <trkpt lat="40.95258" lon="15.83686">
        <ele>405.5</ele>
      </trkpt>
      <trkpt lat="40.952599" lon="15.8373">
        <ele>406.4</ele>
      </trkpt>
      <trkpt lat="40.95265" lon="15.83795">
        <ele>405.2</ele>
      </trkpt>
      <trkpt lat="40.95268" lon="15.83846">
        <ele>403.8</ele>
      </trkpt>
      <trkpt lat="40.9527" lon="15.83874">
        <ele>403.3</ele>
      </trkpt>
      <trkpt lat="40.9527" lon="15.83876">
        <ele>403.2</ele>
      </trkpt>
      <trkpt lat="40.95273" lon="15.83924">
        <ele>402.6</ele>
      </trkpt>
      <trkpt lat="40.95274" lon="15.83964">
        <ele>402.9</ele>
      </trkpt>
      <trkpt lat="40.95274" lon="15.83989">
        <ele>403.1</ele>
      </trkpt>
      <trkpt lat="40.95274" lon="15.83995">
        <ele>403.1</ele>
      </trkpt>
      <trkpt lat="40.95274" lon="15.83997">
        <ele>403.1</ele>
      </trkpt>
      <trkpt lat="40.95274" lon="15.84007">
        <ele>403.0</ele>
      </trkpt>
      <trkpt lat="40.95273" lon="15.84032">
        <ele>402.4</ele>
      </trkpt>
      <trkpt lat="40.95272" lon="15.84053">
        <ele>402.0</ele>
      </trkpt>
      <trkpt lat="40.9527" lon="15.8408">
        <ele>401.3</ele>
      </trkpt>
      <trkpt lat="40.95267" lon="15.84107">
        <ele>400.6</ele>
      </trkpt>
      <trkpt lat="40.95265" lon="15.84128">
        <ele>400.0</ele>
      </trkpt>
      <trkpt lat="40.952599" lon="15.84152">
        <ele>399.1</ele>
      </trkpt>
      <trkpt lat="40.95254" lon="15.84182">
        <ele>398.6</ele>
      </trkpt>
      <trkpt lat="40.95247" lon="15.84212">
        <ele>398.4</ele>
      </trkpt>
      <trkpt lat="40.952419" lon="15.8423">
        <ele>398.4</ele>
      </trkpt>
      <trkpt lat="40.95236" lon="15.8425">
        <ele>398.3</ele>
      </trkpt>
      <trkpt lat="40.95224" lon="15.84286">
        <ele>399.8</ele>
      </trkpt>
      <trkpt lat="40.95211" lon="15.84322">
        <ele>400.7</ele>
      </trkpt>
      <trkpt lat="40.95186" lon="15.84392">
        <ele>399.8</ele>
      </trkpt>
      <trkpt lat="40.95183" lon="15.84402">
        <ele>399.7</ele>
      </trkpt>
      <trkpt lat="40.95167" lon="15.84449">
        <ele>398.2</ele>
      </trkpt>
      <trkpt lat="40.95152" lon="15.84494">
        <ele>397.5</ele>
      </trkpt>
      <trkpt lat="40.95123" lon="15.84576">
        <ele>397.6</ele>
      </trkpt>
      <trkpt lat="40.95117" lon="15.84595">
        <ele>397.4</ele>
      </trkpt>
      <trkpt lat="40.95113" lon="15.84609">
        <ele>397.0</ele>
      </trkpt>
      <trkpt lat="40.95106" lon="15.84632">
        <ele>396.3</ele>
      </trkpt>
      <trkpt lat="40.951" lon="15.84656">
        <ele>395.4</ele>
      </trkpt>
      <trkpt lat="40.95095" lon="15.8468">
        <ele>394.9</ele>
      </trkpt>
      <trkpt lat="40.95088" lon="15.84717">
        <ele>394.5</ele>
      </trkpt>
      <trkpt lat="40.95084" lon="15.84747">
        <ele>394.1</ele>
      </trkpt>
      <trkpt lat="40.9508" lon="15.84777">
        <ele>394.2</ele>
      </trkpt>
      <trkpt lat="40.95077" lon="15.84798">
        <ele>394.2</ele>
      </trkpt>
      <trkpt lat="40.9507" lon="15.84865">
        <ele>394.6</ele>
      </trkpt>
      <trkpt lat="40.95061" lon="15.84941">
        <ele>394.5</ele>
      </trkpt>
      <trkpt lat="40.95055" lon="15.84999">
        <ele>393.4</ele>
      </trkpt>
      <trkpt lat="40.95026" lon="15.85259">
        <ele>392.3</ele>
      </trkpt>
      <trkpt lat="40.95026" lon="15.8526">
        <ele>392.3</ele>
      </trkpt>
      <trkpt lat="40.95021" lon="15.853">
        <ele>391.9</ele>
      </trkpt>
      <trkpt lat="40.9502" lon="15.85309">
        <ele>391.8</ele>
      </trkpt>
      <trkpt lat="40.95003" lon="15.85464">
        <ele>390.5</ele>
      </trkpt>
      <trkpt lat="40.94977" lon="15.85705">
        <ele>389.0</ele>
      </trkpt>
      <trkpt lat="40.949599" lon="15.85852">
        <ele>389.0</ele>
      </trkpt>
      <trkpt lat="40.949509" lon="15.85934">
        <ele>387.8</ele>
      </trkpt>
      <trkpt lat="40.9494" lon="15.86034">
        <ele>388.4</ele>
      </trkpt>
      <trkpt lat="40.94942" lon="15.86034">
        <ele>388.3</ele>
      </trkpt>
      <trkpt lat="40.94936" lon="15.86082">
        <ele>389.4</ele>
      </trkpt>
      <trkpt lat="40.94935" lon="15.86151">
        <ele>389.0</ele>
      </trkpt>
      <trkpt lat="40.94934" lon="15.86219">
        <ele>389.0</ele>
      </trkpt>
      <trkpt lat="40.9494" lon="15.86322">
        <ele>387.7</ele>
      </trkpt>
      <trkpt lat="40.94957" lon="15.86381">
        <ele>386.9</ele>
      </trkpt>
      <trkpt lat="40.94974" lon="15.8644">
        <ele>386.5</ele>
      </trkpt>
      <trkpt lat="40.94981" lon="15.8649">
        <ele>387.3</ele>
      </trkpt>
      <trkpt lat="40.94976" lon="15.86603">
        <ele>387.3</ele>
      </trkpt>
      <trkpt lat="40.94971" lon="15.86715">
        <ele>386.9</ele>
      </trkpt>
      <trkpt lat="40.94967" lon="15.86828">
        <ele>384.0</ele>
      </trkpt>
      <trkpt lat="40.94962" lon="15.8694">
        <ele>384.2</ele>
      </trkpt>
      <trkpt lat="40.94946" lon="15.86946">
        <ele>384.8</ele>
      </trkpt>
      <trkpt lat="40.9489" lon="15.86914">
        <ele>388.9</ele>
      </trkpt>
      <trkpt lat="40.9483" lon="15.86866">
        <ele>395.8</ele>
      </trkpt>
      <trkpt lat="40.94812" lon="15.86865">
        <ele>396.7</ele>
      </trkpt>
      <trkpt lat="40.94804" lon="15.86845">
        <ele>396.9</ele>
      </trkpt>
      <trkpt lat="40.94806" lon="15.86827">
        <ele>396.8</ele>
      </trkpt>
      <trkpt lat="40.948009" lon="15.86827">
        <ele>396.9</ele>
      </trkpt>
      <trkpt lat="40.94785" lon="15.8682">
        <ele>397.5</ele>
      </trkpt>
      <trkpt lat="40.948009" lon="15.86827">
        <ele>396.9</ele>
      </trkpt>
      <trkpt lat="40.94806" lon="15.86827">
        <ele>396.8</ele>
      </trkpt>
      <trkpt lat="40.94804" lon="15.86845">
        <ele>396.9</ele>
      </trkpt>
      <trkpt lat="40.94812" lon="15.86865">
        <ele>396.7</ele>
      </trkpt>
      <trkpt lat="40.9483" lon="15.86866">
        <ele>395.8</ele>
      </trkpt>
      <trkpt lat="40.9489" lon="15.86914">
        <ele>388.9</ele>
      </trkpt>
      <trkpt lat="40.94946" lon="15.86946">
        <ele>384.8</ele>
      </trkpt>
      <trkpt lat="40.94962" lon="15.86942">
        <ele>384.2</ele>
      </trkpt>
      <trkpt lat="40.94959" lon="15.86998">
        <ele>384.0</ele>
      </trkpt>
      <trkpt lat="40.94946" lon="15.87093">
        <ele>384.1</ele>
      </trkpt>
      <trkpt lat="40.94933" lon="15.87193">
        <ele>383.2</ele>
      </trkpt>
      <trkpt lat="40.9493" lon="15.87216">
        <ele>383.0</ele>
      </trkpt>
      <trkpt lat="40.9492" lon="15.87288">
        <ele>382.5</ele>
      </trkpt>
      <trkpt lat="40.9491" lon="15.87356">
        <ele>382.2</ele>
      </trkpt>
      <trkpt lat="40.94903" lon="15.8741">
        <ele>381.8</ele>
      </trkpt>
      <trkpt lat="40.94902" lon="15.87416">
        <ele>381.8</ele>
      </trkpt>
      <trkpt lat="40.94897" lon="15.87454">
        <ele>382.1</ele>
      </trkpt>
      <trkpt lat="40.94892" lon="15.87488">
        <ele>382.5</ele>
      </trkpt>
      <trkpt lat="40.9489" lon="15.87503">
        <ele>382.5</ele>
      </trkpt>
      <trkpt lat="40.94889" lon="15.87521">
        <ele>382.2</ele>
      </trkpt>
      <trkpt lat="40.94887" lon="15.87539">
        <ele>382.0</ele>
      </trkpt>
      <trkpt lat="40.94886" lon="15.87559">
        <ele>381.7</ele>
      </trkpt>
      <trkpt lat="40.94886" lon="15.8758">
        <ele>381.3</ele>
      </trkpt>
      <trkpt lat="40.94887" lon="15.87596">
        <ele>381.5</ele>
      </trkpt>
      <trkpt lat="40.94888" lon="15.87636">
        <ele>382.7</ele>
      </trkpt>
      <trkpt lat="40.94891" lon="15.87695">
        <ele>383.5</ele>
      </trkpt>
      <trkpt lat="40.94892" lon="15.87711">
        <ele>383.4</ele>
      </trkpt>
      <trkpt lat="40.94892" lon="15.87727">
        <ele>383.3</ele>
      </trkpt>
      <trkpt lat="40.94894" lon="15.87758">
        <ele>383.0</ele>
      </trkpt>
      <trkpt lat="40.94895" lon="15.8778">
        <ele>382.9</ele>
      </trkpt>
      <trkpt lat="40.94896" lon="15.87802">
        <ele>382.7</ele>
      </trkpt>
      <trkpt lat="40.94896" lon="15.87824">
        <ele>382.7</ele>
      </trkpt>
      <trkpt lat="40.94896" lon="15.87845">
        <ele>382.7</ele>
      </trkpt>
      <trkpt lat="40.94896" lon="15.87859">
        <ele>382.7</ele>
      </trkpt>
      <trkpt lat="40.94894" lon="15.87874">
        <ele>383.0</ele>
      </trkpt>
      <trkpt lat="40.9489" lon="15.87902">
        <ele>383.8</ele>
      </trkpt>
      <trkpt lat="40.94883" lon="15.8796">
        <ele>384.2</ele>
      </trkpt>
      <trkpt lat="40.94882" lon="15.87971">
        <ele>384.2</ele>
      </trkpt>
      <trkpt lat="40.94868" lon="15.88075">
        <ele>382.3</ele>
      </trkpt>
      <trkpt lat="40.9486" lon="15.88135">
        <ele>381.3</ele>
      </trkpt>
      <trkpt lat="40.94848" lon="15.88224">
        <ele>380.3</ele>
      </trkpt>
      <trkpt lat="40.94833" lon="15.88339">
        <ele>381.0</ele>
      </trkpt>
      <trkpt lat="40.948189" lon="15.8844">
        <ele>382.2</ele>
      </trkpt>
      <trkpt lat="40.94806" lon="15.88545">
        <ele>383.2</ele>
      </trkpt>
      <trkpt lat="40.94802" lon="15.8857">
        <ele>383.9</ele>
      </trkpt>
      <trkpt lat="40.94797" lon="15.88619">
        <ele>385.1</ele>
      </trkpt>
      <trkpt lat="40.94794" lon="15.88658">
        <ele>386.0</ele>
      </trkpt>
      <trkpt lat="40.94792" lon="15.8868">
        <ele>386.4</ele>
      </trkpt>
      <trkpt lat="40.94791" lon="15.88699">
        <ele>386.4</ele>
      </trkpt>
      <trkpt lat="40.94784" lon="15.88801">
        <ele>385.9</ele>
      </trkpt>
      <trkpt lat="40.94782" lon="15.88825">
        <ele>385.5</ele>
      </trkpt>
      <trkpt lat="40.9478" lon="15.88846">
        <ele>385.2</ele>
      </trkpt>
      <trkpt lat="40.9478" lon="15.88849">
        <ele>385.2</ele>
      </trkpt>
      <trkpt lat="40.94777" lon="15.88896">
        <ele>384.4</ele>
      </trkpt>
      <trkpt lat="40.94771" lon="15.88968">
        <ele>383.3</ele>
      </trkpt>
      <trkpt lat="40.94769" lon="15.89007">
        <ele>382.5</ele>
      </trkpt>
      <trkpt lat="40.94768" lon="15.89015">
        <ele>382.6</ele>
      </trkpt>
      <trkpt lat="40.94767" lon="15.89041">
        <ele>382.4</ele>
      </trkpt>
      <trkpt lat="40.94766" lon="15.89067">
        <ele>382.3</ele>
      </trkpt>
      <trkpt lat="40.94766" lon="15.89097">
        <ele>381.9</ele>
      </trkpt>
      <trkpt lat="40.94767" lon="15.89124">
        <ele>381.5</ele>
      </trkpt>
      <trkpt lat="40.94769" lon="15.8914">
        <ele>381.0</ele>
      </trkpt>
      <trkpt lat="40.94771" lon="15.89169">
        <ele>380.5</ele>
      </trkpt>
      <trkpt lat="40.94774" lon="15.89198">
        <ele>380.4</ele>
      </trkpt>
      <trkpt lat="40.94775" lon="15.89205">
        <ele>380.3</ele>
      </trkpt>
      <trkpt lat="40.94783" lon="15.89282">
        <ele>379.4</ele>
      </trkpt>
      <trkpt lat="40.94784" lon="15.89296">
        <ele>379.2</ele>
      </trkpt>
      <trkpt lat="40.94787" lon="15.8932">
        <ele>378.6</ele>
      </trkpt>
      <trkpt lat="40.94787" lon="15.89322">
        <ele>378.6</ele>
      </trkpt>
      <trkpt lat="40.94789" lon="15.89343">
        <ele>378.5</ele>
      </trkpt>
      <trkpt lat="40.946872" lon="15.89348">
        <ele>388.5</ele>
      </trkpt>
      <trkpt lat="40.945855" lon="15.893529">
        <ele>389.5</ele>
      </trkpt>
      <trkpt lat="40.945855" lon="15.893529">
        <ele>389.5</ele>
      </trkpt>
      <trkpt lat="40.946886" lon="15.893567">
        <ele>388.1</ele>
      </trkpt>
      <trkpt lat="40.947919" lon="15.893604">
        <ele>378.5</ele>
      </trkpt>
      <trkpt lat="40.94794" lon="15.89393">
        <ele>378.9</ele>
      </trkpt>
      <trkpt lat="40.94795" lon="15.89401">
        <ele>378.9</ele>
      </trkpt>
      <trkpt lat="40.94799" lon="15.89437">
        <ele>379.1</ele>
      </trkpt>
      <trkpt lat="40.948" lon="15.89457">
        <ele>379.3</ele>
      </trkpt>
      <trkpt lat="40.948009" lon="15.89474">
        <ele>379.4</ele>
      </trkpt>
      <trkpt lat="40.948" lon="15.8949">
        <ele>379.7</ele>
      </trkpt>
      <trkpt lat="40.94799" lon="15.89502">
        <ele>379.8</ele>
      </trkpt>
      <trkpt lat="40.94798" lon="15.89512">
        <ele>379.6</ele>
      </trkpt>
      <trkpt lat="40.94797" lon="15.89516">
        <ele>379.5</ele>
      </trkpt>
      <trkpt lat="40.94793" lon="15.89529">
        <ele>379.4</ele>
      </trkpt>
      <trkpt lat="40.94792" lon="15.89532">
        <ele>379.3</ele>
      </trkpt>
      <trkpt lat="40.94788" lon="15.89542">
        <ele>379.2</ele>
      </trkpt>
      <trkpt lat="40.94783" lon="15.89552">
        <ele>379.0</ele>
      </trkpt>
      <trkpt lat="40.94782" lon="15.89554">
        <ele>378.9</ele>
      </trkpt>
      <trkpt lat="40.947809" lon="15.89556">
        <ele>378.9</ele>
      </trkpt>
      <trkpt lat="40.94774" lon="15.89567">
        <ele>378.5</ele>
      </trkpt>
      <trkpt lat="40.94767" lon="15.89575">
        <ele>378.3</ele>
      </trkpt>
      <trkpt lat="40.94761" lon="15.89582">
        <ele>378.0</ele>
      </trkpt>
      <trkpt lat="40.94753" lon="15.89588">
        <ele>377.8</ele>
      </trkpt>
      <trkpt lat="40.94744" lon="15.89595">
        <ele>377.7</ele>
      </trkpt>
      <trkpt lat="40.94733" lon="15.89601">
        <ele>377.7</ele>
      </trkpt>
      <trkpt lat="40.9472" lon="15.89607">
        <ele>377.7</ele>
      </trkpt>
      <trkpt lat="40.94708" lon="15.89613">
        <ele>377.8</ele>
      </trkpt>
      <trkpt lat="40.94672" lon="15.8963">
        <ele>378.3</ele>
      </trkpt>
      <trkpt lat="40.94652" lon="15.89639">
        <ele>378.4</ele>
      </trkpt>
      <trkpt lat="40.94623" lon="15.89653">
        <ele>378.1</ele>
      </trkpt>
      <trkpt lat="40.9462" lon="15.89654">
        <ele>378.0</ele>
      </trkpt>
      <trkpt lat="40.94587" lon="15.89669">
        <ele>377.1</ele>
      </trkpt>
      <trkpt lat="40.94552" lon="15.89684">
        <ele>378.2</ele>
      </trkpt>
      <trkpt lat="40.94547" lon="15.89686">
        <ele>378.4</ele>
      </trkpt>
      <trkpt lat="40.945369" lon="15.8969">
        <ele>378.8</ele>
      </trkpt>
      <trkpt lat="40.94532" lon="15.89691">
        <ele>379.0</ele>
      </trkpt>
      <trkpt lat="40.94527" lon="15.89692">
        <ele>379.2</ele>
      </trkpt>
      <trkpt lat="40.94524" lon="15.89692">
        <ele>379.2</ele>
      </trkpt>
      <trkpt lat="40.9452" lon="15.89693">
        <ele>379.4</ele>
      </trkpt>
      <trkpt lat="40.9452" lon="15.89693">
        <ele>379.4</ele>
      </trkpt>
      <trkpt lat="40.94577" lon="15.89749">
        <ele>379.2</ele>
      </trkpt>
      <trkpt lat="40.94579" lon="15.89751">
        <ele>379.3</ele>
      </trkpt>
      <trkpt lat="40.946599" lon="15.89803">
        <ele>378.7</ele>
      </trkpt>
      <trkpt lat="40.94672" lon="15.89811">
        <ele>378.2</ele>
      </trkpt>
      <trkpt lat="40.94705" lon="15.89832">
        <ele>376.7</ele>
      </trkpt>
      <trkpt lat="40.9474" lon="15.89853">
        <ele>375.0</ele>
      </trkpt>
      <trkpt lat="40.94757" lon="15.89865">
        <ele>374.5</ele>
      </trkpt>
      <trkpt lat="40.94759" lon="15.89866">
        <ele>374.5</ele>
      </trkpt>
      <trkpt lat="40.9477" lon="15.89874">
        <ele>374.3</ele>
      </trkpt>
      <trkpt lat="40.9478" lon="15.89887">
        <ele>374.2</ele>
      </trkpt>
      <trkpt lat="40.94791" lon="15.89904">
        <ele>374.1</ele>
      </trkpt>
      <trkpt lat="40.94795" lon="15.89914">
        <ele>374.1</ele>
      </trkpt>
      <trkpt lat="40.94811" lon="15.89956">
        <ele>374.9</ele>
      </trkpt>
      <trkpt lat="40.9482" lon="15.89978">
        <ele>375.2</ele>
      </trkpt>
      <trkpt lat="40.9483" lon="15.90005">
        <ele>375.9</ele>
      </trkpt>
      <trkpt lat="40.94843" lon="15.90048">
        <ele>380.3</ele>
      </trkpt>
      <trkpt lat="40.94846" lon="15.90066">
        <ele>382.3</ele>
      </trkpt>
      <trkpt lat="40.94849" lon="15.90084">
        <ele>384.3</ele>
      </trkpt>
      <trkpt lat="40.9485" lon="15.90159">
        <ele>390.9</ele>
      </trkpt>
      <trkpt lat="40.9485" lon="15.90184">
        <ele>392.0</ele>
      </trkpt>
      <trkpt lat="40.9485" lon="15.90188">
        <ele>392.1</ele>
      </trkpt>
      <trkpt lat="40.94851" lon="15.90203">
        <ele>392.3</ele>
      </trkpt>
      <trkpt lat="40.94853" lon="15.9021">
        <ele>392.3</ele>
      </trkpt>
      <trkpt lat="40.948569" lon="15.90221">
        <ele>392.1</ele>
      </trkpt>
      <trkpt lat="40.94861" lon="15.90229">
        <ele>391.9</ele>
      </trkpt>
      <trkpt lat="40.94868" lon="15.90242">
        <ele>391.5</ele>
      </trkpt>
      <trkpt lat="40.94918" lon="15.90333">
        <ele>390.9</ele>
      </trkpt>
      <trkpt lat="40.94925" lon="15.90344">
        <ele>391.1</ele>
      </trkpt>
      <trkpt lat="40.94958" lon="15.904">
        <ele>391.4</ele>
      </trkpt>
      <trkpt lat="40.95015" lon="15.90493">
        <ele>387.8</ele>
      </trkpt>
      <trkpt lat="40.95071" lon="15.90586">
        <ele>385.0</ele>
      </trkpt>
      <trkpt lat="40.95088" lon="15.90614">
        <ele>385.4</ele>
      </trkpt>
      <trkpt lat="40.95135" lon="15.90701">
        <ele>385.9</ele>
      </trkpt>
      <trkpt lat="40.95145" lon="15.9072">
        <ele>386.2</ele>
      </trkpt>
      <trkpt lat="40.95156" lon="15.90739">
        <ele>386.4</ele>
      </trkpt>
      <trkpt lat="40.95177" lon="15.90778">
        <ele>386.9</ele>
      </trkpt>
      <trkpt lat="40.95184" lon="15.90791">
        <ele>387.3</ele>
      </trkpt>
      <trkpt lat="40.95215" lon="15.90847">
        <ele>389.7</ele>
      </trkpt>
      <trkpt lat="40.95219" lon="15.90855">
        <ele>389.8</ele>
      </trkpt>
      <trkpt lat="40.95224" lon="15.90867">
        <ele>389.9</ele>
      </trkpt>
      <trkpt lat="40.95233" lon="15.90887">
        <ele>389.8</ele>
      </trkpt>
      <trkpt lat="40.95236" lon="15.90897">
        <ele>389.9</ele>
      </trkpt>
      <trkpt lat="40.95243" lon="15.9092">
        <ele>389.7</ele>
      </trkpt>
      <trkpt lat="40.95249" lon="15.90944">
        <ele>388.5</ele>
      </trkpt>
      <trkpt lat="40.95253" lon="15.90965">
        <ele>387.5</ele>
      </trkpt>
      <trkpt lat="40.95253" lon="15.90965">
        <ele>387.5</ele>
      </trkpt>
      <trkpt lat="40.95232" lon="15.90969">
        <ele>390.2</ele>
      </trkpt>
      <trkpt lat="40.952219" lon="15.90971">
        <ele>391.6</ele>
      </trkpt>
      <trkpt lat="40.95218" lon="15.90971">
        <ele>392.2</ele>
      </trkpt>
      <trkpt lat="40.95214" lon="15.90971">
        <ele>392.7</ele>
      </trkpt>
      <trkpt lat="40.95202" lon="15.9097">
        <ele>394.4</ele>
      </trkpt>
      <trkpt lat="40.95191" lon="15.90966">
        <ele>395.9</ele>
      </trkpt>
      <trkpt lat="40.95185" lon="15.90964">
        <ele>396.7</ele>
      </trkpt>
      <trkpt lat="40.95183" lon="15.90963">
        <ele>396.9</ele>
      </trkpt>
      <trkpt lat="40.95179" lon="15.90963">
        <ele>397.5</ele>
      </trkpt>
      <trkpt lat="40.95171" lon="15.90963">
        <ele>398.5</ele>
      </trkpt>
      <trkpt lat="40.95179" lon="15.90963">
        <ele>397.5</ele>
      </trkpt>
      <trkpt lat="40.95183" lon="15.90963">
        <ele>396.9</ele>
      </trkpt>
      <trkpt lat="40.95185" lon="15.90964">
        <ele>396.7</ele>
      </trkpt>
      <trkpt lat="40.95191" lon="15.90966">
        <ele>395.9</ele>
      </trkpt>
      <trkpt lat="40.95202" lon="15.9097">
        <ele>394.4</ele>
      </trkpt>
      <trkpt lat="40.95214" lon="15.90971">
        <ele>392.7</ele>
      </trkpt>
      <trkpt lat="40.95218" lon="15.90971">
        <ele>392.2</ele>
      </trkpt>
      <trkpt lat="40.952219" lon="15.90971">
        <ele>391.6</ele>
      </trkpt>
      <trkpt lat="40.95232" lon="15.90969">
        <ele>390.2</ele>
      </trkpt>
      <trkpt lat="40.95253" lon="15.90965">
        <ele>387.5</ele>
      </trkpt>
      <trkpt lat="40.95253" lon="15.90965">
        <ele>387.5</ele>
      </trkpt>
      <trkpt lat="40.95255" lon="15.90971">
        <ele>387.1</ele>
      </trkpt>
      <trkpt lat="40.95271" lon="15.91022">
        <ele>385.3</ele>
      </trkpt>
      <trkpt lat="40.95273" lon="15.91031">
        <ele>385.4</ele>
      </trkpt>
      <trkpt lat="40.95302" lon="15.91107">
        <ele>383.7</ele>
      </trkpt>
      <trkpt lat="40.95309" lon="15.91129">
        <ele>382.4</ele>
      </trkpt>
      <trkpt lat="40.95314" lon="15.91145">
        <ele>381.3</ele>
      </trkpt>
      <trkpt lat="40.95314" lon="15.91148">
        <ele>381.3</ele>
      </trkpt>
      <trkpt lat="40.95319" lon="15.91174">
        <ele>380.1</ele>
      </trkpt>
      <trkpt lat="40.95326" lon="15.91218">
        <ele>379.3</ele>
      </trkpt>
      <trkpt lat="40.95336" lon="15.91289">
        <ele>379.2</ele>
      </trkpt>
      <trkpt lat="40.95341" lon="15.91335">
        <ele>380.3</ele>
      </trkpt>
      <trkpt lat="40.95349" lon="15.91403">
        <ele>379.8</ele>
      </trkpt>
      <trkpt lat="40.95349" lon="15.91429">
        <ele>379.8</ele>
      </trkpt>
      <trkpt lat="40.9535" lon="15.91436">
        <ele>379.7</ele>
      </trkpt>
      <trkpt lat="40.95351" lon="15.91448">
        <ele>379.5</ele>
      </trkpt>
      <trkpt lat="40.95355" lon="15.91467">
        <ele>379.0</ele>
      </trkpt>
      <trkpt lat="40.95373" lon="15.91518">
        <ele>376.6</ele>
      </trkpt>
      <trkpt lat="40.95387" lon="15.91556">
        <ele>374.4</ele>
      </trkpt>
      <trkpt lat="40.95391" lon="15.91569">
        <ele>373.6</ele>
      </trkpt>
      <trkpt lat="40.953919" lon="15.91576">
        <ele>373.3</ele>
      </trkpt>
      <trkpt lat="40.95394" lon="15.91584">
        <ele>372.8</ele>
      </trkpt>
      <trkpt lat="40.954009" lon="15.91622">
        <ele>373.2</ele>
      </trkpt>
      <trkpt lat="40.95406" lon="15.91645">
        <ele>372.8</ele>
      </trkpt>
      <trkpt lat="40.95407" lon="15.9165">
        <ele>372.6</ele>
      </trkpt>
      <trkpt lat="40.95422" lon="15.91738">
        <ele>371.0</ele>
      </trkpt>
      <trkpt lat="40.95424" lon="15.91752">
        <ele>371.2</ele>
      </trkpt>
      <trkpt lat="40.95432" lon="15.91797">
        <ele>373.0</ele>
      </trkpt>
      <trkpt lat="40.95434" lon="15.91804">
        <ele>373.0</ele>
      </trkpt>
      <trkpt lat="40.954389" lon="15.9183">
        <ele>373.5</ele>
      </trkpt>
      <trkpt lat="40.95443" lon="15.91853">
        <ele>374.2</ele>
      </trkpt>
      <trkpt lat="40.954479" lon="15.91877">
        <ele>374.8</ele>
      </trkpt>
      <trkpt lat="40.95452" lon="15.91902">
        <ele>375.6</ele>
      </trkpt>
      <trkpt lat="40.954569" lon="15.91924">
        <ele>376.2</ele>
      </trkpt>
      <trkpt lat="40.95462" lon="15.91936">
        <ele>376.3</ele>
      </trkpt>
      <trkpt lat="40.95475" lon="15.91962">
        <ele>375.8</ele>
      </trkpt>
      <trkpt lat="40.95499" lon="15.91999">
        <ele>373.2</ele>
      </trkpt>
      <trkpt lat="40.95503" lon="15.92005">
        <ele>373.2</ele>
      </trkpt>
      <trkpt lat="40.9551" lon="15.92018">
        <ele>373.8</ele>
      </trkpt>
      <trkpt lat="40.95521" lon="15.92036">
        <ele>374.3</ele>
      </trkpt>
      <trkpt lat="40.95532" lon="15.92055">
        <ele>374.8</ele>
      </trkpt>
      <trkpt lat="40.95543" lon="15.92073">
        <ele>374.9</ele>
      </trkpt>
      <trkpt lat="40.95566" lon="15.92111">
        <ele>374.6</ele>
      </trkpt>
      <trkpt lat="40.95578" lon="15.92129">
        <ele>373.7</ele>
      </trkpt>
      <trkpt lat="40.955889" lon="15.92147">
        <ele>373.1</ele>
      </trkpt>
      <trkpt lat="40.95601" lon="15.92166">
        <ele>373.0</ele>
      </trkpt>
      <trkpt lat="40.9561" lon="15.9218">
        <ele>372.6</ele>
      </trkpt>
      <trkpt lat="40.95612" lon="15.92184">
        <ele>372.6</ele>
      </trkpt>
      <trkpt lat="40.95621" lon="15.922">
        <ele>372.5</ele>
      </trkpt>
      <trkpt lat="40.95635" lon="15.92221">
        <ele>371.9</ele>
      </trkpt>
      <trkpt lat="40.95646" lon="15.9224">
        <ele>371.6</ele>
      </trkpt>
      <trkpt lat="40.95667" lon="15.92274">
        <ele>370.9</ele>
      </trkpt>
      <trkpt lat="40.9568" lon="15.92295">
        <ele>370.3</ele>
      </trkpt>
      <trkpt lat="40.95688" lon="15.92304">
        <ele>369.8</ele>
      </trkpt>
      <trkpt lat="40.95696" lon="15.92316">
        <ele>369.6</ele>
      </trkpt>
      <trkpt lat="40.95696" lon="15.92317">
        <ele>369.7</ele>
      </trkpt>
      <trkpt lat="40.95706" lon="15.92332">
        <ele>369.7</ele>
      </trkpt>
      <trkpt lat="40.95707" lon="15.92334">
        <ele>369.8</ele>
      </trkpt>
      <trkpt lat="40.95741" lon="15.9239">
        <ele>371.5</ele>
      </trkpt>
      <trkpt lat="40.9575" lon="15.92404">
        <ele>371.5</ele>
      </trkpt>
      <trkpt lat="40.95756" lon="15.92414">
        <ele>372.0</ele>
      </trkpt>
      <trkpt lat="40.95762" lon="15.92423">
        <ele>372.3</ele>
      </trkpt>
      <trkpt lat="40.95766" lon="15.9243">
        <ele>372.7</ele>
      </trkpt>
      <trkpt lat="40.9577" lon="15.9244">
        <ele>373.4</ele>
      </trkpt>
      <trkpt lat="40.95776" lon="15.92452">
        <ele>374.1</ele>
      </trkpt>
      <trkpt lat="40.95787" lon="15.92491">
        <ele>377.5</ele>
      </trkpt>
      <trkpt lat="40.9582" lon="15.92602">
        <ele>385.1</ele>
      </trkpt>
      <trkpt lat="40.95823" lon="15.92615">
        <ele>385.5</ele>
      </trkpt>
      <trkpt lat="40.95824" lon="15.92627">
        <ele>385.9</ele>
      </trkpt>
      <trkpt lat="40.95824" lon="15.92639">
        <ele>386.5</ele>
      </trkpt>
      <trkpt lat="40.95823" lon="15.92647">
        <ele>387.0</ele>
      </trkpt>
      <trkpt lat="40.95822" lon="15.92653">
        <ele>387.3</ele>
      </trkpt>
      <trkpt lat="40.95818" lon="15.92673">
        <ele>388.1</ele>
      </trkpt>
      <trkpt lat="40.95812" lon="15.92694">
        <ele>387.9</ele>
      </trkpt>
      <trkpt lat="40.95802" lon="15.92732">
        <ele>387.6</ele>
      </trkpt>
      <trkpt lat="40.95798" lon="15.92748">
        <ele>387.5</ele>
      </trkpt>
      <trkpt lat="40.95797" lon="15.92761">
        <ele>387.8</ele>
      </trkpt>
      <trkpt lat="40.95797" lon="15.92762">
        <ele>387.8</ele>
      </trkpt>
      <trkpt lat="40.95796" lon="15.92771">
        <ele>388.2</ele>
      </trkpt>
      <trkpt lat="40.95797" lon="15.92784">
        <ele>388.5</ele>
      </trkpt>
      <trkpt lat="40.95798" lon="15.92793">
        <ele>388.6</ele>
      </trkpt>
      <trkpt lat="40.95802" lon="15.92804">
        <ele>388.5</ele>
      </trkpt>
      <trkpt lat="40.9581" lon="15.92826">
        <ele>388.3</ele>
      </trkpt>
      <trkpt lat="40.95821" lon="15.9285">
        <ele>387.4</ele>
      </trkpt>
      <trkpt lat="40.95871" lon="15.92959">
        <ele>384.2</ele>
      </trkpt>
      <trkpt lat="40.95875" lon="15.92973">
        <ele>384.0</ele>
      </trkpt>
      <trkpt lat="40.95876" lon="15.92975">
        <ele>384.0</ele>
      </trkpt>
      <trkpt lat="40.958799" lon="15.92992">
        <ele>383.8</ele>
      </trkpt>
      <trkpt lat="40.95882" lon="15.93009">
        <ele>383.5</ele>
      </trkpt>
      <trkpt lat="40.95882" lon="15.93019">
        <ele>383.3</ele>
      </trkpt>
      <trkpt lat="40.95882" lon="15.93029">
        <ele>383.1</ele>
      </trkpt>
      <trkpt lat="40.95877" lon="15.93054">
        <ele>382.7</ele>
      </trkpt>
      <trkpt lat="40.95865" lon="15.93098">
        <ele>381.7</ele>
      </trkpt>
      <trkpt lat="40.95859" lon="15.93118">
        <ele>381.3</ele>
      </trkpt>
      <trkpt lat="40.95855" lon="15.93132">
        <ele>381.1</ele>
      </trkpt>
      <trkpt lat="40.95849" lon="15.93146">
        <ele>381.0</ele>
      </trkpt>
      <trkpt lat="40.95824" lon="15.93202">
        <ele>382.0</ele>
      </trkpt>
      <trkpt lat="40.95823" lon="15.93205">
        <ele>382.1</ele>
      </trkpt>
      <trkpt lat="40.95806" lon="15.93243">
        <ele>383.4</ele>
      </trkpt>
      <trkpt lat="40.95793" lon="15.93272">
        <ele>383.7</ele>
      </trkpt>
      <trkpt lat="40.95778" lon="15.93305">
        <ele>383.7</ele>
      </trkpt>
      <trkpt lat="40.95776" lon="15.9331">
        <ele>383.6</ele>
      </trkpt>
      <trkpt lat="40.95742" lon="15.93374">
        <ele>383.6</ele>
      </trkpt>
      <trkpt lat="40.95738" lon="15.93383">
        <ele>383.6</ele>
      </trkpt>
      <trkpt lat="40.95727" lon="15.93402">
        <ele>383.6</ele>
      </trkpt>
      <trkpt lat="40.95706" lon="15.93441">
        <ele>383.4</ele>
      </trkpt>
      <trkpt lat="40.95705" lon="15.93442">
        <ele>383.4</ele>
      </trkpt>
      <trkpt lat="40.95699" lon="15.93454">
        <ele>383.4</ele>
      </trkpt>
      <trkpt lat="40.95693" lon="15.93465">
        <ele>383.4</ele>
      </trkpt>
      <trkpt lat="40.95687" lon="15.93476">
        <ele>383.4</ele>
      </trkpt>
      <trkpt lat="40.9568" lon="15.93494">
        <ele>383.4</ele>
      </trkpt>
      <trkpt lat="40.95675" lon="15.93512">
        <ele>383.4</ele>
      </trkpt>
      <trkpt lat="40.95671" lon="15.93524">
        <ele>383.5</ele>
      </trkpt>
      <trkpt lat="40.95666" lon="15.93546">
        <ele>383.5</ele>
      </trkpt>
      <trkpt lat="40.95661" lon="15.93563">
        <ele>383.7</ele>
      </trkpt>
      <trkpt lat="40.95659" lon="15.93569">
        <ele>383.7</ele>
      </trkpt>
      <trkpt lat="40.9565" lon="15.93599">
        <ele>383.6</ele>
      </trkpt>
      <trkpt lat="40.95642" lon="15.93624">
        <ele>383.3</ele>
      </trkpt>
      <trkpt lat="40.95618" lon="15.93685">
        <ele>382.9</ele>
      </trkpt>
      <trkpt lat="40.95613" lon="15.93698">
        <ele>382.9</ele>
      </trkpt>
      <trkpt lat="40.95587" lon="15.93761">
        <ele>382.4</ele>
      </trkpt>
      <trkpt lat="40.95577" lon="15.9378">
        <ele>382.4</ele>
      </trkpt>
      <trkpt lat="40.95539" lon="15.93859">
        <ele>382.3</ele>
      </trkpt>
      <trkpt lat="40.95536" lon="15.93867">
        <ele>382.2</ele>
      </trkpt>
      <trkpt lat="40.95532" lon="15.93876">
        <ele>382.2</ele>
      </trkpt>
      <trkpt lat="40.95529" lon="15.93887">
        <ele>382.0</ele>
      </trkpt>
      <trkpt lat="40.95525" lon="15.93902">
        <ele>381.7</ele>
      </trkpt>
      <trkpt lat="40.95525" lon="15.93904">
        <ele>381.7</ele>
      </trkpt>
      <trkpt lat="40.9552" lon="15.93923">
        <ele>381.5</ele>
      </trkpt>
      <trkpt lat="40.95506" lon="15.93996">
        <ele>381.8</ele>
      </trkpt>
      <trkpt lat="40.955" lon="15.94023">
        <ele>382.3</ele>
      </trkpt>
      <trkpt lat="40.95479" lon="15.94125">
        <ele>384.1</ele>
      </trkpt>
      <trkpt lat="40.95476" lon="15.94141">
        <ele>384.5</ele>
      </trkpt>
      <trkpt lat="40.95472" lon="15.94156">
        <ele>384.8</ele>
      </trkpt>
      <trkpt lat="40.95471" lon="15.94157">
        <ele>384.9</ele>
      </trkpt>
      <trkpt lat="40.95465" lon="15.94174">
        <ele>385.0</ele>
      </trkpt>
      <trkpt lat="40.95456" lon="15.94196">
        <ele>384.7</ele>
      </trkpt>
      <trkpt lat="40.95454" lon="15.94199">
        <ele>384.7</ele>
      </trkpt>
      <trkpt lat="40.95445" lon="15.94219">
        <ele>384.3</ele>
      </trkpt>
      <trkpt lat="40.95435" lon="15.94239">
        <ele>383.9</ele>
      </trkpt>
      <trkpt lat="40.95426" lon="15.94259">
        <ele>383.2</ele>
      </trkpt>
      <trkpt lat="40.95416" lon="15.94279">
        <ele>382.2</ele>
      </trkpt>
      <trkpt lat="40.95407" lon="15.943">
        <ele>380.7</ele>
      </trkpt>
      <trkpt lat="40.95406" lon="15.94302">
        <ele>380.5</ele>
      </trkpt>
      <trkpt lat="40.95362" lon="15.94374">
        <ele>375.1</ele>
      </trkpt>
      <trkpt lat="40.9536" lon="15.94378">
        <ele>374.8</ele>
      </trkpt>
      <trkpt lat="40.95352" lon="15.94392">
        <ele>374.1</ele>
      </trkpt>
      <trkpt lat="40.95352" lon="15.94394">
        <ele>374.0</ele>
      </trkpt>
      <trkpt lat="40.95347" lon="15.94404">
        <ele>373.5</ele>
      </trkpt>
      <trkpt lat="40.95343" lon="15.94414">
        <ele>373.1</ele>
      </trkpt>
      <trkpt lat="40.95342" lon="15.94416">
        <ele>373.0</ele>
      </trkpt>
      <trkpt lat="40.95339" lon="15.9443">
        <ele>373.4</ele>
      </trkpt>
      <trkpt lat="40.95337" lon="15.94437">
        <ele>373.7</ele>
      </trkpt>
      <trkpt lat="40.95334" lon="15.94449">
        <ele>374.1</ele>
      </trkpt>
      <trkpt lat="40.95331" lon="15.94459">
        <ele>374.8</ele>
      </trkpt>
      <trkpt lat="40.95326" lon="15.94482">
        <ele>376.2</ele>
      </trkpt>
      <trkpt lat="40.9532" lon="15.94505">
        <ele>377.7</ele>
      </trkpt>
      <trkpt lat="40.95315" lon="15.94527">
        <ele>379.2</ele>
      </trkpt>
      <trkpt lat="40.95309" lon="15.9455">
        <ele>380.8</ele>
      </trkpt>
      <trkpt lat="40.95304" lon="15.94572">
        <ele>382.0</ele>
      </trkpt>
      <trkpt lat="40.95304" lon="15.94573">
        <ele>382.0</ele>
      </trkpt>
      <trkpt lat="40.95299" lon="15.94588">
        <ele>382.8</ele>
      </trkpt>
      <trkpt lat="40.95295" lon="15.946">
        <ele>383.3</ele>
      </trkpt>
      <trkpt lat="40.9529" lon="15.94613">
        <ele>383.8</ele>
      </trkpt>
      <trkpt lat="40.95285" lon="15.94622">
        <ele>384.1</ele>
      </trkpt>
      <trkpt lat="40.95282" lon="15.94628">
        <ele>384.3</ele>
      </trkpt>
      <trkpt lat="40.95224" lon="15.94766">
        <ele>385.5</ele>
      </trkpt>
      <trkpt lat="40.95219" lon="15.94778">
        <ele>385.2</ele>
      </trkpt>
      <trkpt lat="40.95209" lon="15.94795">
        <ele>384.9</ele>
      </trkpt>
      <trkpt lat="40.95202" lon="15.94807">
        <ele>384.7</ele>
      </trkpt>
      <trkpt lat="40.951949" lon="15.94818">
        <ele>384.6</ele>
      </trkpt>
      <trkpt lat="40.95191" lon="15.94827">
        <ele>384.5</ele>
      </trkpt>
      <trkpt lat="40.95186" lon="15.94839">
        <ele>384.5</ele>
      </trkpt>
      <trkpt lat="40.95183" lon="15.94849">
        <ele>384.5</ele>
      </trkpt>
      <trkpt lat="40.95181" lon="15.94861">
        <ele>384.5</ele>
      </trkpt>
      <trkpt lat="40.95169" lon="15.9495">
        <ele>385.7</ele>
      </trkpt>
      <trkpt lat="40.95162" lon="15.95003">
        <ele>387.1</ele>
      </trkpt>
      <trkpt lat="40.95156" lon="15.95055">
        <ele>387.2</ele>
      </trkpt>
      <trkpt lat="40.95152" lon="15.95088">
        <ele>387.1</ele>
      </trkpt>
      <trkpt lat="40.95152" lon="15.95097">
        <ele>386.9</ele>
      </trkpt>
      <trkpt lat="40.95151" lon="15.95106">
        <ele>386.7</ele>
      </trkpt>
      <trkpt lat="40.9515" lon="15.95126">
        <ele>386.3</ele>
      </trkpt>
      <trkpt lat="40.9515" lon="15.95153">
        <ele>385.7</ele>
      </trkpt>
      <trkpt lat="40.95146" lon="15.95264">
        <ele>384.2</ele>
      </trkpt>
      <trkpt lat="40.95144" lon="15.95283">
        <ele>383.9</ele>
      </trkpt>
      <trkpt lat="40.95143" lon="15.95296">
        <ele>383.7</ele>
      </trkpt>
      <trkpt lat="40.95143" lon="15.953">
        <ele>383.6</ele>
      </trkpt>
      <trkpt lat="40.95139" lon="15.95317">
        <ele>383.3</ele>
      </trkpt>
      <trkpt lat="40.95135" lon="15.95335">
        <ele>382.9</ele>
      </trkpt>
      <trkpt lat="40.95129" lon="15.95356">
        <ele>382.2</ele>
      </trkpt>
      <trkpt lat="40.95081" lon="15.95491">
        <ele>377.2</ele>
      </trkpt>
      <trkpt lat="40.9508" lon="15.95493">
        <ele>377.1</ele>
      </trkpt>
      <trkpt lat="40.95075" lon="15.95507">
        <ele>376.6</ele>
      </trkpt>
      <trkpt lat="40.95069" lon="15.95521">
        <ele>375.9</ele>
      </trkpt>
      <trkpt lat="40.95062" lon="15.95534">
        <ele>375.2</ele>
      </trkpt>
      <trkpt lat="40.95062" lon="15.95535">
        <ele>375.2</ele>
      </trkpt>
      <trkpt lat="40.950249" lon="15.956">
        <ele>370.4</ele>
      </trkpt>
      <trkpt lat="40.95011" lon="15.95626">
        <ele>368.7</ele>
      </trkpt>
      <trkpt lat="40.95009" lon="15.9563">
        <ele>368.5</ele>
      </trkpt>
      <trkpt lat="40.95003" lon="15.9564">
        <ele>368.0</ele>
      </trkpt>
      <trkpt lat="40.94996" lon="15.95655">
        <ele>367.2</ele>
      </trkpt>
      <trkpt lat="40.94991" lon="15.95667">
        <ele>366.5</ele>
      </trkpt>
      <trkpt lat="40.94986" lon="15.95682">
        <ele>365.5</ele>
      </trkpt>
      <trkpt lat="40.94985" lon="15.95689">
        <ele>365.1</ele>
      </trkpt>
      <trkpt lat="40.94983" lon="15.95698">
        <ele>364.5</ele>
      </trkpt>
      <trkpt lat="40.94981" lon="15.95717">
        <ele>363.5</ele>
      </trkpt>
      <trkpt lat="40.94979" lon="15.95735">
        <ele>362.5</ele>
      </trkpt>
      <trkpt lat="40.94972" lon="15.95806">
        <ele>360.8</ele>
      </trkpt>
      <trkpt lat="40.94965" lon="15.95877">
        <ele>361.8</ele>
      </trkpt>
      <trkpt lat="40.949599" lon="15.95935">
        <ele>363.6</ele>
      </trkpt>
      <trkpt lat="40.949599" lon="15.95936">
        <ele>363.6</ele>
      </trkpt>
      <trkpt lat="40.94957" lon="15.95957">
        <ele>364.2</ele>
      </trkpt>
      <trkpt lat="40.94956" lon="15.9597">
        <ele>364.6</ele>
      </trkpt>
      <trkpt lat="40.94953" lon="15.9598">
        <ele>364.9</ele>
      </trkpt>
      <trkpt lat="40.949509" lon="15.95991">
        <ele>365.2</ele>
      </trkpt>
      <trkpt lat="40.94947" lon="15.96">
        <ele>365.4</ele>
      </trkpt>
      <trkpt lat="40.94943" lon="15.96012">
        <ele>365.9</ele>
      </trkpt>
      <trkpt lat="40.94942" lon="15.96014">
        <ele>366.0</ele>
      </trkpt>
      <trkpt lat="40.94933" lon="15.96033">
        <ele>367.0</ele>
      </trkpt>
      <trkpt lat="40.94906" lon="15.96097">
        <ele>371.9</ele>
      </trkpt>
      <trkpt lat="40.94897" lon="15.96117">
        <ele>373.6</ele>
      </trkpt>
      <trkpt lat="40.94877" lon="15.96164">
        <ele>376.4</ele>
      </trkpt>
      <trkpt lat="40.94859" lon="15.96206">
        <ele>377.9</ele>
      </trkpt>
      <trkpt lat="40.94833" lon="15.96261">
        <ele>378.5</ele>
      </trkpt>
      <trkpt lat="40.94816" lon="15.96294">
        <ele>379.9</ele>
      </trkpt>
      <trkpt lat="40.94769" lon="15.96376">
        <ele>380.8</ele>
      </trkpt>
      <trkpt lat="40.94767" lon="15.9638">
        <ele>380.8</ele>
      </trkpt>
      <trkpt lat="40.94765" lon="15.96378">
        <ele>380.6</ele>
      </trkpt>
      <trkpt lat="40.94767" lon="15.96375">
        <ele>380.6</ele>
      </trkpt>
      <trkpt lat="40.94745" lon="15.96355">
        <ele>379.4</ele>
      </trkpt>
      <trkpt lat="40.94745" lon="15.96338">
        <ele>378.9</ele>
      </trkpt>
      <trkpt lat="40.94742" lon="15.9632">
        <ele>379.4</ele>
      </trkpt>
      <trkpt lat="40.9473" lon="15.96283">
        <ele>381.8</ele>
      </trkpt>
      <trkpt lat="40.94726" lon="15.96254">
        <ele>382.8</ele>
      </trkpt>
      <trkpt lat="40.94731" lon="15.96191">
        <ele>385.3</ele>
      </trkpt>
      <trkpt lat="40.947339" lon="15.96168">
        <ele>386.3</ele>
      </trkpt>
      <trkpt lat="40.94728" lon="15.96131">
        <ele>387.2</ele>
      </trkpt>
      <trkpt lat="40.94714" lon="15.96069">
        <ele>388.1</ele>
      </trkpt>
      <trkpt lat="40.947" lon="15.9602">
        <ele>387.5</ele>
      </trkpt>
      <trkpt lat="40.9468" lon="15.95969">
        <ele>386.9</ele>
      </trkpt>
      <trkpt lat="40.94651" lon="15.95912">
        <ele>390.1</ele>
      </trkpt>
      <trkpt lat="40.94623" lon="15.95854">
        <ele>391.7</ele>
      </trkpt>
      <trkpt lat="40.94617" lon="15.95846">
        <ele>392.0</ele>
      </trkpt>
      <trkpt lat="40.94617" lon="15.95846">
        <ele>392.0</ele>
      </trkpt>
      <trkpt lat="40.94607" lon="15.95834">
        <ele>392.5</ele>
      </trkpt>
      <trkpt lat="40.94605" lon="15.95839">
        <ele>393.6</ele>
      </trkpt>
      <trkpt lat="40.94594" lon="15.95853">
        <ele>397.8</ele>
      </trkpt>
      <trkpt lat="40.9459" lon="15.95871">
        <ele>401.3</ele>
      </trkpt>
      <trkpt lat="40.94596" lon="15.95904">
        <ele>404.6</ele>
      </trkpt>
      <trkpt lat="40.94614" lon="15.95955">
        <ele>403.0</ele>
      </trkpt>
      <trkpt lat="40.94619" lon="15.95974">
        <ele>402.5</ele>
      </trkpt>
      <trkpt lat="40.94623" lon="15.96019">
        <ele>401.7</ele>
      </trkpt>
      <trkpt lat="40.94618" lon="15.96101">
        <ele>398.8</ele>
      </trkpt>
      <trkpt lat="40.94615" lon="15.9612">
        <ele>398.4</ele>
      </trkpt>
      <trkpt lat="40.94598" lon="15.96182">
        <ele>397.4</ele>
      </trkpt>
      <trkpt lat="40.94569" lon="15.96265">
        <ele>399.2</ele>
      </trkpt>
      <trkpt lat="40.94532" lon="15.96365">
        <ele>398.7</ele>
      </trkpt>
      <trkpt lat="40.94495" lon="15.96465">
        <ele>393.7</ele>
      </trkpt>
      <trkpt lat="40.94458" lon="15.96565">
        <ele>395.2</ele>
      </trkpt>
      <trkpt lat="40.94458" lon="15.96565">
        <ele>395.2</ele>
      </trkpt>
      <trkpt lat="40.94422" lon="15.96664">
        <ele>397.8</ele>
      </trkpt>
      <trkpt lat="40.94386" lon="15.96762">
        <ele>397.9</ele>
      </trkpt>
      <trkpt lat="40.94349" lon="15.96861">
        <ele>400.4</ele>
      </trkpt>
      <trkpt lat="40.943129" lon="15.96959">
        <ele>401.3</ele>
      </trkpt>
      <trkpt lat="40.943129" lon="15.97043">
        <ele>400.2</ele>
      </trkpt>
      <trkpt lat="40.943" lon="15.97123">
        <ele>399.9</ele>
      </trkpt>
      <trkpt lat="40.94277" lon="15.97198">
        <ele>399.5</ele>
      </trkpt>
      <trkpt lat="40.94242" lon="15.97246">
        <ele>399.5</ele>
      </trkpt>
      <trkpt lat="40.94209" lon="15.97296">
        <ele>398.5</ele>
      </trkpt>
      <trkpt lat="40.94177" lon="15.97346">
        <ele>397.5</ele>
      </trkpt>
      <trkpt lat="40.94146" lon="15.97438">
        <ele>398.3</ele>
      </trkpt>
      <trkpt lat="40.94116" lon="15.97531">
        <ele>398.6</ele>
      </trkpt>
      <trkpt lat="40.94081" lon="15.97636">
        <ele>400.0</ele>
      </trkpt>
      <trkpt lat="40.94067" lon="15.97713">
        <ele>400.3</ele>
      </trkpt>
      <trkpt lat="40.94073" lon="15.97745">
        <ele>399.2</ele>
      </trkpt>
      <trkpt lat="40.94104" lon="15.97846">
        <ele>397.8</ele>
      </trkpt>
      <trkpt lat="40.94086" lon="15.97834">
        <ele>398.9</ele>
      </trkpt>
      <trkpt lat="40.94064" lon="15.97813">
        <ele>400.1</ele>
      </trkpt>
      <trkpt lat="40.94033" lon="15.97789">
        <ele>402.8</ele>
      </trkpt>
      <trkpt lat="40.94011" lon="15.97775">
        <ele>405.1</ele>
      </trkpt>
      <trkpt lat="40.93964" lon="15.97771">
        <ele>410.0</ele>
      </trkpt>
      <trkpt lat="40.93927" lon="15.97772">
        <ele>413.9</ele>
      </trkpt>
      <trkpt lat="40.93888" lon="15.97752">
        <ele>418.3</ele>
      </trkpt>
      <trkpt lat="40.93864" lon="15.97738">
        <ele>421.6</ele>
      </trkpt>
      <trkpt lat="40.9384" lon="15.97717">
        <ele>426.2</ele>
      </trkpt>
      <trkpt lat="40.9381" lon="15.97689">
        <ele>431.1</ele>
      </trkpt>
      <trkpt lat="40.9377" lon="15.97645">
        <ele>436.0</ele>
      </trkpt>
      <trkpt lat="40.93763" lon="15.97629">
        <ele>437.4</ele>
      </trkpt>
      <trkpt lat="40.93735" lon="15.97615">
        <ele>440.1</ele>
      </trkpt>
      <trkpt lat="40.93714" lon="15.97619">
        <ele>442.3</ele>
      </trkpt>
      <trkpt lat="40.93665" lon="15.97641">
        <ele>446.4</ele>
      </trkpt>
      <trkpt lat="40.93629" lon="15.97639">
        <ele>452.5</ele>
      </trkpt>
      <trkpt lat="40.93576" lon="15.97638">
        <ele>460.9</ele>
      </trkpt>
      <trkpt lat="40.93524" lon="15.97638">
        <ele>466.5</ele>
      </trkpt>
      <trkpt lat="40.93465" lon="15.97659">
        <ele>472.0</ele>
      </trkpt>
      <trkpt lat="40.934399" lon="15.97659">
        <ele>474.6</ele>
      </trkpt>
      <trkpt lat="40.93385" lon="15.97665">
        <ele>478.9</ele>
      </trkpt>
      <trkpt lat="40.93354" lon="15.97674">
        <ele>480.6</ele>
      </trkpt>
      <trkpt lat="40.93333" lon="15.97687">
        <ele>481.3</ele>
      </trkpt>
      <trkpt lat="40.93321" lon="15.97691">
        <ele>481.7</ele>
      </trkpt>
      <trkpt lat="40.932899" lon="15.97696">
        <ele>483.0</ele>
      </trkpt>
      <trkpt lat="40.93269" lon="15.97643">
        <ele>484.8</ele>
      </trkpt>
      <trkpt lat="40.93249" lon="15.97589">
        <ele>484.1</ele>
      </trkpt>
      <trkpt lat="40.93239" lon="15.97584">
        <ele>483.6</ele>
      </trkpt>
      <trkpt lat="40.93245" lon="15.97565">
        <ele>484.0</ele>
      </trkpt>
      <trkpt lat="40.93246" lon="15.9756">
        <ele>484.1</ele>
      </trkpt>
      <trkpt lat="40.932429" lon="15.97553">
        <ele>484.0</ele>
      </trkpt>
      <trkpt lat="40.93238" lon="15.97552">
        <ele>483.8</ele>
      </trkpt>
      <trkpt lat="40.93235" lon="15.97554">
        <ele>483.6</ele>
      </trkpt>
      <trkpt lat="40.93232" lon="15.97592">
        <ele>483.5</ele>
      </trkpt>
      <trkpt lat="40.93224" lon="15.97637">
        <ele>484.2</ele>
      </trkpt>
      <trkpt lat="40.93216" lon="15.97677">
        <ele>484.2</ele>
      </trkpt>
      <trkpt lat="40.93202" lon="15.97726">
        <ele>483.6</ele>
      </trkpt>
      <trkpt lat="40.93161" lon="15.9783">
        <ele>485.5</ele>
      </trkpt>
      <trkpt lat="40.93153" lon="15.97853">
        <ele>485.2</ele>
      </trkpt>
      <trkpt lat="40.93108" lon="15.97941">
        <ele>485.0</ele>
      </trkpt>
      <trkpt lat="40.9307" lon="15.98021">
        <ele>483.1</ele>
      </trkpt>
      <trkpt lat="40.93033" lon="15.98101">
        <ele>480.3</ele>
      </trkpt>
      <trkpt lat="40.92995" lon="15.98182">
        <ele>480.8</ele>
      </trkpt>
      <trkpt lat="40.92985" lon="15.98205">
        <ele>478.7</ele>
      </trkpt>
      <trkpt lat="40.92985" lon="15.98213">
        <ele>478.8</ele>
      </trkpt>
      <trkpt lat="40.92995" lon="15.98279">
        <ele>482.3</ele>
      </trkpt>
      <trkpt lat="40.93" lon="15.9833">
        <ele>484.0</ele>
      </trkpt>
      <trkpt lat="40.93022" lon="15.98397">
        <ele>483.4</ele>
      </trkpt>
      <trkpt lat="40.93043" lon="15.98465">
        <ele>484.6</ele>
      </trkpt>
      <trkpt lat="40.93043" lon="15.98465">
        <ele>484.6</ele>
      </trkpt>
      <trkpt lat="40.93056" lon="15.98504">
        <ele>485.8</ele>
      </trkpt>
      <trkpt lat="40.9304" lon="15.98529">
        <ele>486.0</ele>
      </trkpt>
      <trkpt lat="40.9301" lon="15.98602">
        <ele>486.7</ele>
      </trkpt>
      <trkpt lat="40.93005" lon="15.98612">
        <ele>486.3</ele>
      </trkpt>
      <trkpt lat="40.9301" lon="15.98617">
        <ele>486.2</ele>
      </trkpt>
      <trkpt lat="40.930549" lon="15.98631">
        <ele>485.7</ele>
      </trkpt>
      <trkpt lat="40.931" lon="15.98644">
        <ele>484.9</ele>
      </trkpt>
      <trkpt lat="40.93116" lon="15.98646">
        <ele>485.0</ele>
      </trkpt>
      <trkpt lat="40.93125" lon="15.98668">
        <ele>484.3</ele>
      </trkpt>
      <trkpt lat="40.93134" lon="15.98686">
        <ele>482.8</ele>
      </trkpt>
      <trkpt lat="40.93134" lon="15.98686">
        <ele>482.8</ele>
      </trkpt>
      <trkpt lat="40.93166" lon="15.98747">
        <ele>480.1</ele>
      </trkpt>
      <trkpt lat="40.93209" lon="15.98842">
        <ele>471.7</ele>
      </trkpt>
      <trkpt lat="40.93242" lon="15.9891">
        <ele>467.8</ele>
      </trkpt>
      <trkpt lat="40.93247" lon="15.98915">
        <ele>467.9</ele>
      </trkpt>
      <trkpt lat="40.9325" lon="15.98916">
        <ele>468.0</ele>
      </trkpt>
      <trkpt lat="40.93271" lon="15.98904">
        <ele>463.2</ele>
      </trkpt>
      <trkpt lat="40.93292" lon="15.98945">
        <ele>454.7</ele>
      </trkpt>
      <trkpt lat="40.93291" lon="15.98957">
        <ele>453.8</ele>
      </trkpt>
      <trkpt lat="40.93287" lon="15.98968">
        <ele>453.7</ele>
      </trkpt>
      <trkpt lat="40.9328" lon="15.98979">
        <ele>454.2</ele>
      </trkpt>
      <trkpt lat="40.932699" lon="15.98987">
        <ele>455.8</ele>
      </trkpt>
      <trkpt lat="40.93259" lon="15.98989">
        <ele>458.1</ele>
      </trkpt>
      <trkpt lat="40.93246" lon="15.98983">
        <ele>460.4</ele>
      </trkpt>
      <trkpt lat="40.93235" lon="15.98972">
        <ele>460.3</ele>
      </trkpt>
      <trkpt lat="40.93172" lon="15.98902">
        <ele>464.2</ele>
      </trkpt>
      <trkpt lat="40.93109" lon="15.98831">
        <ele>464.3</ele>
      </trkpt>
      <trkpt lat="40.93103" lon="15.98829">
        <ele>463.6</ele>
      </trkpt>
      <trkpt lat="40.93095" lon="15.98832">
        <ele>462.0</ele>
      </trkpt>
      <trkpt lat="40.930929" lon="15.9884">
        <ele>461.1</ele>
      </trkpt>
      <trkpt lat="40.93092" lon="15.98849">
        <ele>460.5</ele>
      </trkpt>
      <trkpt lat="40.93125" lon="15.9892">
        <ele>458.7</ele>
      </trkpt>
      <trkpt lat="40.9315" lon="15.98972">
        <ele>453.0</ele>
      </trkpt>
      <trkpt lat="40.9316" lon="15.98999">
        <ele>448.6</ele>
      </trkpt>
      <trkpt lat="40.93172" lon="15.99061">
        <ele>441.3</ele>
      </trkpt>
      <trkpt lat="40.93191" lon="15.99143">
        <ele>436.1</ele>
      </trkpt>
      <trkpt lat="40.93201" lon="15.99202">
        <ele>432.2</ele>
      </trkpt>
      <trkpt lat="40.93208" lon="15.9923">
        <ele>430.0</ele>
      </trkpt>
      <trkpt lat="40.93225" lon="15.99321">
        <ele>426.6</ele>
      </trkpt>
      <trkpt lat="40.932429" lon="15.99413">
        <ele>424.3</ele>
      </trkpt>
      <trkpt lat="40.9326" lon="15.99504">
        <ele>421.6</ele>
      </trkpt>
      <trkpt lat="40.93277" lon="15.99596">
        <ele>418.6</ele>
      </trkpt>
      <trkpt lat="40.93285" lon="15.99664">
        <ele>416.6</ele>
      </trkpt>
      <trkpt lat="40.93289" lon="15.99731">
        <ele>415.6</ele>
      </trkpt>
      <trkpt lat="40.93294" lon="15.99827">
        <ele>410.0</ele>
      </trkpt>
      <trkpt lat="40.933" lon="15.99924">
        <ele>401.5</ele>
      </trkpt>
      <trkpt lat="40.93305" lon="15.9995">
        <ele>400.7</ele>
      </trkpt>
      <trkpt lat="40.93307" lon="15.99953">
        <ele>400.4</ele>
      </trkpt>
      <trkpt lat="40.933079" lon="15.99974">
        <ele>400.1</ele>
      </trkpt>
      <trkpt lat="40.93321" lon="16.00084">
        <ele>398.4</ele>
      </trkpt>
      <trkpt lat="40.93324" lon="16.001359">
        <ele>397.8</ele>
      </trkpt>
      <trkpt lat="40.933369" lon="16.002469">
        <ele>397.8</ele>
      </trkpt>
      <trkpt lat="40.933369" lon="16.00262">
        <ele>397.6</ele>
      </trkpt>
      <trkpt lat="40.9333" lon="16.00293">
        <ele>397.0</ele>
      </trkpt>
      <trkpt lat="40.9333" lon="16.0031">
        <ele>396.6</ele>
      </trkpt>
      <trkpt lat="40.93338" lon="16.0034">
        <ele>395.8</ele>
      </trkpt>
      <trkpt lat="40.9336" lon="16.004259">
        <ele>394.3</ele>
      </trkpt>
      <trkpt lat="40.93382" lon="16.00513">
        <ele>393.3</ele>
      </trkpt>
      <trkpt lat="40.93385" lon="16.00526">
        <ele>393.2</ele>
      </trkpt>
      <trkpt lat="40.93385" lon="16.00537">
        <ele>393.2</ele>
      </trkpt>
      <trkpt lat="40.93382" lon="16.0055">
        <ele>393.3</ele>
      </trkpt>
      <trkpt lat="40.93377" lon="16.00563">
        <ele>393.5</ele>
      </trkpt>
      <trkpt lat="40.93329" lon="16.00645">
        <ele>392.6</ele>
      </trkpt>
      <trkpt lat="40.93316" lon="16.00678">
        <ele>392.1</ele>
      </trkpt>
      <trkpt lat="40.93316" lon="16.006889">
        <ele>392.0</ele>
      </trkpt>
      <trkpt lat="40.93309" lon="16.00777">
        <ele>391.3</ele>
      </trkpt>
      <trkpt lat="40.93307" lon="16.00817">
        <ele>390.8</ele>
      </trkpt>
      <trkpt lat="40.933079" lon="16.00888">
        <ele>388.8</ele>
      </trkpt>
      <trkpt lat="40.933079" lon="16.0095">
        <ele>387.9</ele>
      </trkpt>
      <trkpt lat="40.93306" lon="16.00983">
        <ele>388.0</ele>
      </trkpt>
      <trkpt lat="40.93285" lon="16.01067">
        <ele>388.7</ele>
      </trkpt>
      <trkpt lat="40.93265" lon="16.01151">
        <ele>389.6</ele>
      </trkpt>
      <trkpt lat="40.9326" lon="16.01179">
        <ele>389.6</ele>
      </trkpt>
      <trkpt lat="40.93258" lon="16.012039">
        <ele>389.4</ele>
      </trkpt>
      <trkpt lat="40.9326" lon="16.01241">
        <ele>388.9</ele>
      </trkpt>
      <trkpt lat="40.9326" lon="16.01278">
        <ele>388.5</ele>
      </trkpt>
      <trkpt lat="40.93244" lon="16.0139">
        <ele>388.7</ele>
      </trkpt>
      <trkpt lat="40.93227" lon="16.01502">
        <ele>388.3</ele>
      </trkpt>
      <trkpt lat="40.93222" lon="16.015419">
        <ele>388.3</ele>
      </trkpt>
      <trkpt lat="40.93232" lon="16.01595">
        <ele>388.2</ele>
      </trkpt>
      <trkpt lat="40.93232" lon="16.016449">
        <ele>388.4</ele>
      </trkpt>
      <trkpt lat="40.93231" lon="16.01688">
        <ele>388.4</ele>
      </trkpt>
      <trkpt lat="40.93246" lon="16.01766">
        <ele>387.7</ele>
      </trkpt>
      <trkpt lat="40.93246" lon="16.01835">
        <ele>386.1</ele>
      </trkpt>
      <trkpt lat="40.932429" lon="16.01859">
        <ele>386.7</ele>
      </trkpt>
      <trkpt lat="40.93227" lon="16.019459">
        <ele>388.4</ele>
      </trkpt>
      <trkpt lat="40.93211" lon="16.02034">
        <ele>388.6</ele>
      </trkpt>
      <trkpt lat="40.93195" lon="16.02122">
        <ele>387.4</ele>
      </trkpt>
      <trkpt lat="40.93194" lon="16.0213">
        <ele>387.3</ele>
      </trkpt>
      <trkpt lat="40.93157" lon="16.022279">
        <ele>387.1</ele>
      </trkpt>
      <trkpt lat="40.93119" lon="16.02325">
        <ele>387.9</ele>
      </trkpt>
      <trkpt lat="40.93076" lon="16.02418">
        <ele>388.2</ele>
      </trkpt>
      <trkpt lat="40.93033" lon="16.02493">
        <ele>387.7</ele>
      </trkpt>
      <trkpt lat="40.930169" lon="16.025279">
        <ele>386.6</ele>
      </trkpt>
      <trkpt lat="40.92996" lon="16.02595">
        <ele>384.2</ele>
      </trkpt>
      <trkpt lat="40.92974" lon="16.02661">
        <ele>384.4</ele>
      </trkpt>
      <trkpt lat="40.929609" lon="16.02701">
        <ele>384.4</ele>
      </trkpt>
      <trkpt lat="40.929519" lon="16.02745">
        <ele>384.9</ele>
      </trkpt>
      <trkpt lat="40.92947" lon="16.02761">
        <ele>384.9</ele>
      </trkpt>
      <trkpt lat="40.92933" lon="16.02793">
        <ele>385.1</ele>
      </trkpt>
      <trkpt lat="40.92945" lon="16.02806">
        <ele>384.8</ele>
      </trkpt>
      <trkpt lat="40.92992" lon="16.028369">
        <ele>382.4</ele>
      </trkpt>
      <trkpt lat="40.93053" lon="16.02872">
        <ele>383.4</ele>
      </trkpt>
      <trkpt lat="40.93114" lon="16.02906">
        <ele>383.3</ele>
      </trkpt>
      <trkpt lat="40.9317" lon="16.02943">
        <ele>381.7</ele>
      </trkpt>
      <trkpt lat="40.93209" lon="16.02976">
        <ele>381.1</ele>
      </trkpt>
      <trkpt lat="40.93263" lon="16.03033">
        <ele>380.8</ele>
      </trkpt>
      <trkpt lat="40.933169" lon="16.030909">
        <ele>378.6</ele>
      </trkpt>
      <trkpt lat="40.933639" lon="16.031279">
        <ele>378.3</ele>
      </trkpt>
      <trkpt lat="40.93446" lon="16.03173">
        <ele>378.1</ele>
      </trkpt>
      <trkpt lat="40.93477" lon="16.03188">
        <ele>378.3</ele>
      </trkpt>
      <trkpt lat="40.93546" lon="16.03229">
        <ele>377.8</ele>
      </trkpt>
      <trkpt lat="40.9362" lon="16.03271">
        <ele>376.7</ele>
      </trkpt>
      <trkpt lat="40.93694" lon="16.03313">
        <ele>376.7</ele>
      </trkpt>
      <trkpt lat="40.93709" lon="16.03322">
        <ele>377.0</ele>
      </trkpt>
      <trkpt lat="40.93748" lon="16.03337">
        <ele>377.9</ele>
      </trkpt>
      <trkpt lat="40.93762" lon="16.0334">
        <ele>377.6</ele>
      </trkpt>
      <trkpt lat="40.93777" lon="16.03341">
        <ele>377.2</ele>
      </trkpt>
      <trkpt lat="40.93815" lon="16.033339">
        <ele>376.4</ele>
      </trkpt>
      <trkpt lat="40.93873" lon="16.03318">
        <ele>374.7</ele>
      </trkpt>
      <trkpt lat="40.93897" lon="16.033159">
        <ele>374.0</ele>
      </trkpt>
      <trkpt lat="40.93919" lon="16.0332">
        <ele>373.3</ele>
      </trkpt>
      <trkpt lat="40.93934" lon="16.033249">
        <ele>373.0</ele>
      </trkpt>
      <trkpt lat="40.93958" lon="16.03337">
        <ele>372.5</ele>
      </trkpt>
      <trkpt lat="40.94038" lon="16.03376">
        <ele>371.6</ele>
      </trkpt>
      <trkpt lat="40.94059" lon="16.03379">
        <ele>371.4</ele>
      </trkpt>
      <trkpt lat="40.94067" lon="16.033819">
        <ele>371.3</ele>
      </trkpt>
      <trkpt lat="40.94061" lon="16.03405">
        <ele>371.8</ele>
      </trkpt>
      <trkpt lat="40.94043" lon="16.03469">
        <ele>371.3</ele>
      </trkpt>
      <trkpt lat="40.9405" lon="16.03468">
        <ele>371.3</ele>
      </trkpt>
      <trkpt lat="40.94059" lon="16.03472">
        <ele>371.2</ele>
      </trkpt>
      <trkpt lat="40.94065" lon="16.034749">
        <ele>371.1</ele>
      </trkpt>
      <trkpt lat="40.94043" lon="16.03563">
        <ele>370.6</ele>
      </trkpt>
      <trkpt lat="40.940219" lon="16.0365">
        <ele>369.9</ele>
      </trkpt>
      <trkpt lat="40.94" lon="16.03737">
        <ele>371.5</ele>
      </trkpt>
      <trkpt lat="40.93978" lon="16.038239">
        <ele>372.3</ele>
      </trkpt>
      <trkpt lat="40.9397" lon="16.038709">
        <ele>371.7</ele>
      </trkpt>
      <trkpt lat="40.93973" lon="16.03931">
        <ele>371.1</ele>
      </trkpt>
      <trkpt lat="40.93973" lon="16.03971">
        <ele>371.2</ele>
      </trkpt>
      <trkpt lat="40.93968" lon="16.039909">
        <ele>371.2</ele>
      </trkpt>
      <trkpt lat="40.93961" lon="16.040099">
        <ele>371.1</ele>
      </trkpt>
      <trkpt lat="40.93938" lon="16.04052">
        <ele>371.0</ele>
      </trkpt>
      <trkpt lat="40.93896" lon="16.041329">
        <ele>371.2</ele>
      </trkpt>
      <trkpt lat="40.93853" lon="16.04214">
        <ele>370.6</ele>
      </trkpt>
      <trkpt lat="40.93848" lon="16.04234">
        <ele>370.5</ele>
      </trkpt>
      <trkpt lat="40.93844" lon="16.042629">
        <ele>370.4</ele>
      </trkpt>
      <trkpt lat="40.9384" lon="16.04379">
        <ele>370.9</ele>
      </trkpt>
      <trkpt lat="40.93836" lon="16.04407">
        <ele>371.0</ele>
      </trkpt>
      <trkpt lat="40.93828" lon="16.04427">
        <ele>371.2</ele>
      </trkpt>
      <trkpt lat="40.93803" lon="16.04497">
        <ele>371.5</ele>
      </trkpt>
      <trkpt lat="40.93793" lon="16.04514">
        <ele>371.3</ele>
      </trkpt>
      <trkpt lat="40.93744" lon="16.045539">
        <ele>370.8</ele>
      </trkpt>
      <trkpt lat="40.937109" lon="16.04576">
        <ele>370.4</ele>
      </trkpt>
      <trkpt lat="40.93689" lon="16.04595">
        <ele>369.9</ele>
      </trkpt>
      <trkpt lat="40.93675" lon="16.04609">
        <ele>369.6</ele>
      </trkpt>
      <trkpt lat="40.93653" lon="16.04642">
        <ele>369.6</ele>
      </trkpt>
      <trkpt lat="40.93611" lon="16.04716">
        <ele>368.9</ele>
      </trkpt>
      <trkpt lat="40.93569" lon="16.047899">
        <ele>368.9</ele>
      </trkpt>
      <trkpt lat="40.9356" lon="16.0481">
        <ele>369.1</ele>
      </trkpt>
      <trkpt lat="40.93557" lon="16.04826">
        <ele>369.3</ele>
      </trkpt>
      <trkpt lat="40.93563" lon="16.049109">
        <ele>369.0</ele>
      </trkpt>
      <trkpt lat="40.935609" lon="16.04942">
        <ele>369.5</ele>
      </trkpt>
      <trkpt lat="40.9355" lon="16.049779">
        <ele>370.2</ele>
      </trkpt>
      <trkpt lat="40.934959" lon="16.050329">
        <ele>370.2</ele>
      </trkpt>
      <trkpt lat="40.93442" lon="16.050889">
        <ele>368.2</ele>
      </trkpt>
      <trkpt lat="40.93388" lon="16.05145">
        <ele>366.5</ele>
      </trkpt>
      <trkpt lat="40.93375" lon="16.051659">
        <ele>366.0</ele>
      </trkpt>
      <trkpt lat="40.93368" lon="16.051839">
        <ele>366.5</ele>
      </trkpt>
      <trkpt lat="40.9336" lon="16.05227">
        <ele>367.8</ele>
      </trkpt>
      <trkpt lat="40.93353" lon="16.05292">
        <ele>368.1</ele>
      </trkpt>
      <trkpt lat="40.93349" lon="16.053159">
        <ele>367.7</ele>
      </trkpt>
      <trkpt lat="40.9334" lon="16.05348">
        <ele>367.3</ele>
      </trkpt>
      <trkpt lat="40.93331" lon="16.05369">
        <ele>367.0</ele>
      </trkpt>
      <trkpt lat="40.93327" lon="16.05379">
        <ele>367.0</ele>
      </trkpt>
      <trkpt lat="40.93309" lon="16.054079">
        <ele>367.3</ele>
      </trkpt>
      <trkpt lat="40.93259" lon="16.05482">
        <ele>367.4</ele>
      </trkpt>
      <trkpt lat="40.93208" lon="16.05555">
        <ele>367.3</ele>
      </trkpt>
      <trkpt lat="40.931579" lon="16.05628">
        <ele>365.6</ele>
      </trkpt>
      <trkpt lat="40.93131" lon="16.0567">
        <ele>364.9</ele>
      </trkpt>
      <trkpt lat="40.93109" lon="16.05692">
        <ele>365.5</ele>
      </trkpt>
      <trkpt lat="40.93059" lon="16.057189">
        <ele>365.5</ele>
      </trkpt>
      <trkpt lat="40.93013" lon="16.05741">
        <ele>365.2</ele>
      </trkpt>
      <trkpt lat="40.92967" lon="16.05764">
        <ele>365.5</ele>
      </trkpt>
      <trkpt lat="40.92945" lon="16.057759">
        <ele>365.8</ele>
      </trkpt>
      <trkpt lat="40.92925" lon="16.05789">
        <ele>365.9</ele>
      </trkpt>
      <trkpt lat="40.92915" lon="16.05809">
        <ele>366.0</ele>
      </trkpt>
      <trkpt lat="40.9291" lon="16.05836">
        <ele>366.2</ele>
      </trkpt>
      <trkpt lat="40.928959" lon="16.05948">
        <ele>365.6</ele>
      </trkpt>
      <trkpt lat="40.92882" lon="16.06059">
        <ele>365.7</ele>
      </trkpt>
      <trkpt lat="40.92868" lon="16.06171">
        <ele>366.0</ele>
      </trkpt>
      <trkpt lat="40.92854" lon="16.062819">
        <ele>366.5</ele>
      </trkpt>
      <trkpt lat="40.92845" lon="16.06351">
        <ele>366.5</ele>
      </trkpt>
      <trkpt lat="40.92836" lon="16.06421">
        <ele>366.2</ele>
      </trkpt>
      <trkpt lat="40.92828" lon="16.06466">
        <ele>368.2</ele>
      </trkpt>
      <trkpt lat="40.92809" lon="16.06511">
        <ele>368.8</ele>
      </trkpt>
      <trkpt lat="40.92823" lon="16.06514">
        <ele>369.5</ele>
      </trkpt>
      <trkpt lat="40.9286" lon="16.065349">
        <ele>370.2</ele>
      </trkpt>
      <trkpt lat="40.92918" lon="16.06569">
        <ele>371.3</ele>
      </trkpt>
      <trkpt lat="40.92976" lon="16.06604">
        <ele>372.5</ele>
      </trkpt>
      <trkpt lat="40.93039" lon="16.066279">
        <ele>373.7</ele>
      </trkpt>
      <trkpt lat="40.93114" lon="16.066469">
        <ele>374.7</ele>
      </trkpt>
      <trkpt lat="40.93168" lon="16.0666">
        <ele>375.0</ele>
      </trkpt>
      <trkpt lat="40.93251" lon="16.066749">
        <ele>377.9</ele>
      </trkpt>
      <trkpt lat="40.93251" lon="16.066759">
        <ele>377.9</ele>
      </trkpt>
      <trkpt lat="40.93318" lon="16.06691">
        <ele>379.8</ele>
      </trkpt>
      <trkpt lat="40.93385" lon="16.06707">
        <ele>381.4</ele>
      </trkpt>
      <trkpt lat="40.93453" lon="16.067219">
        <ele>383.6</ele>
      </trkpt>
      <trkpt lat="40.93464" lon="16.06739">
        <ele>384.4</ele>
      </trkpt>
      <trkpt lat="40.93473" lon="16.06756">
        <ele>385.1</ele>
      </trkpt>
      <trkpt lat="40.93476" lon="16.06784">
        <ele>385.4</ele>
      </trkpt>
      <trkpt lat="40.93456" lon="16.06881">
        <ele>385.2</ele>
      </trkpt>
      <trkpt lat="40.93437" lon="16.06978">
        <ele>383.6</ele>
      </trkpt>
      <trkpt lat="40.93438" lon="16.06999">
        <ele>383.3</ele>
      </trkpt>
      <trkpt lat="40.93446" lon="16.07015">
        <ele>384.1</ele>
      </trkpt>
      <trkpt lat="40.93502" lon="16.07056">
        <ele>387.8</ele>
      </trkpt>
      <trkpt lat="40.93559" lon="16.07097">
        <ele>389.8</ele>
      </trkpt>
      <trkpt lat="40.93616" lon="16.07138">
        <ele>391.4</ele>
      </trkpt>
      <trkpt lat="40.9364" lon="16.07161">
        <ele>391.9</ele>
      </trkpt>
      <trkpt lat="40.93672" lon="16.072">
        <ele>395.2</ele>
      </trkpt>
      <trkpt lat="40.93735" lon="16.07275">
        <ele>400.4</ele>
      </trkpt>
      <trkpt lat="40.93797" lon="16.0735">
        <ele>404.1</ele>
      </trkpt>
      <trkpt lat="40.93831" lon="16.07396">
        <ele>404.7</ele>
      </trkpt>
      <trkpt lat="40.93879" lon="16.0747">
        <ele>408.7</ele>
      </trkpt>
      <trkpt lat="40.939279" lon="16.07545">
        <ele>414.1</ele>
      </trkpt>
      <trkpt lat="40.93976" lon="16.0762">
        <ele>416.8</ele>
      </trkpt>
      <trkpt lat="40.94025" lon="16.07695">
        <ele>419.8</ele>
      </trkpt>
      <trkpt lat="40.94042" lon="16.077179">
        <ele>421.3</ele>
      </trkpt>
      <trkpt lat="40.94079" lon="16.077549">
        <ele>424.1</ele>
      </trkpt>
      <trkpt lat="40.94142" lon="16.07806">
        <ele>429.0</ele>
      </trkpt>
      <trkpt lat="40.94204" lon="16.07857">
        <ele>434.6</ele>
      </trkpt>
      <trkpt lat="40.94267" lon="16.07908">
        <ele>439.0</ele>
      </trkpt>
      <trkpt lat="40.9433" lon="16.0796">
        <ele>442.7</ele>
      </trkpt>
      <trkpt lat="40.94392" lon="16.08011">
        <ele>446.4</ele>
      </trkpt>
      <trkpt lat="40.94417" lon="16.08041">
        <ele>447.9</ele>
      </trkpt>
      <trkpt lat="40.94447" lon="16.08088">
        <ele>449.5</ele>
      </trkpt>
      <trkpt lat="40.94476" lon="16.08135">
        <ele>447.5</ele>
      </trkpt>
      <trkpt lat="40.94511" lon="16.08183">
        <ele>445.1</ele>
      </trkpt>
      <trkpt lat="40.94558" lon="16.08238">
        <ele>440.2</ele>
      </trkpt>
      <trkpt lat="40.94606" lon="16.08292">
        <ele>436.4</ele>
      </trkpt>
      <trkpt lat="40.94653" lon="16.083469">
        <ele>433.9</ele>
      </trkpt>
      <trkpt lat="40.94711" lon="16.084119">
        <ele>432.7</ele>
      </trkpt>
      <trkpt lat="40.9477" lon="16.084769">
        <ele>433.1</ele>
      </trkpt>
      <trkpt lat="40.94809" lon="16.08504">
        <ele>432.5</ele>
      </trkpt>
      <trkpt lat="40.94896" lon="16.0853">
        <ele>431.0</ele>
      </trkpt>
      <trkpt lat="40.94983" lon="16.08555">
        <ele>432.6</ele>
      </trkpt>
      <trkpt lat="40.9507" lon="16.085799">
        <ele>435.6</ele>
      </trkpt>
      <trkpt lat="40.951569" lon="16.08605">
        <ele>437.1</ele>
      </trkpt>
      <trkpt lat="40.951749" lon="16.0862">
        <ele>437.8</ele>
      </trkpt>
      <trkpt lat="40.95188" lon="16.08622">
        <ele>437.9</ele>
      </trkpt>
      <trkpt lat="40.95201" lon="16.086179">
        <ele>437.7</ele>
      </trkpt>
      <trkpt lat="40.95201" lon="16.08542">
        <ele>436.7</ele>
      </trkpt>
      <trkpt lat="40.952" lon="16.08466">
        <ele>436.5</ele>
      </trkpt>
      <trkpt lat="40.952" lon="16.08396">
        <ele>435.9</ele>
      </trkpt>
      <trkpt lat="40.952" lon="16.08326">
        <ele>436.2</ele>
      </trkpt>
      <trkpt lat="40.95214" lon="16.08326">
        <ele>436.7</ele>
      </trkpt>
      <trkpt lat="40.95273" lon="16.08305">
        <ele>436.8</ele>
      </trkpt>
      <trkpt lat="40.952889" lon="16.08302">
        <ele>436.2</ele>
      </trkpt>
      <trkpt lat="40.95304" lon="16.083559">
        <ele>436.8</ele>
      </trkpt>
      <trkpt lat="40.95319" lon="16.083929">
        <ele>436.8</ele>
      </trkpt>
      <trkpt lat="40.95335" lon="16.08485">
        <ele>440.2</ele>
      </trkpt>
      <trkpt lat="40.95335" lon="16.08485">
        <ele>440.2</ele>
      </trkpt>
      <trkpt lat="40.95352" lon="16.08579">
        <ele>442.0</ele>
      </trkpt>
      <trkpt lat="40.95369" lon="16.08673">
        <ele>440.8</ele>
      </trkpt>
      <trkpt lat="40.95403" lon="16.08718">
        <ele>440.1</ele>
      </trkpt>
      <trkpt lat="40.95429" lon="16.08739">
        <ele>439.7</ele>
      </trkpt>
      <trkpt lat="40.95451" lon="16.08753">
        <ele>439.6</ele>
      </trkpt>
      <trkpt lat="40.95517" lon="16.08784">
        <ele>438.7</ele>
      </trkpt>
      <trkpt lat="40.95583" lon="16.088149">
        <ele>439.1</ele>
      </trkpt>
      <trkpt lat="40.95649" lon="16.08845">
        <ele>436.8</ele>
      </trkpt>
      <trkpt lat="40.95716" lon="16.08876">
        <ele>435.1</ele>
      </trkpt>
      <trkpt lat="40.95796" lon="16.08915">
        <ele>431.3</ele>
      </trkpt>
      <trkpt lat="40.95877" lon="16.08954">
        <ele>429.7</ele>
      </trkpt>
      <trkpt lat="40.95957" lon="16.089929">
        <ele>430.9</ele>
      </trkpt>
      <trkpt lat="40.96038" lon="16.090319">
        <ele>429.4</ele>
      </trkpt>
      <trkpt lat="40.96118" lon="16.09071">
        <ele>424.0</ele>
      </trkpt>
      <trkpt lat="40.96199" lon="16.0911">
        <ele>416.6</ele>
      </trkpt>
      <trkpt lat="40.96203" lon="16.09122">
        <ele>415.4</ele>
      </trkpt>
      <trkpt lat="40.96229" lon="16.09136">
        <ele>413.8</ele>
      </trkpt>
      <trkpt lat="40.96272" lon="16.091539">
        <ele>414.5</ele>
      </trkpt>
      <trkpt lat="40.96316" lon="16.091729">
        <ele>419.5</ele>
      </trkpt>
      <trkpt lat="40.96325" lon="16.09177">
        <ele>420.7</ele>
      </trkpt>
      <trkpt lat="40.96319" lon="16.091819">
        <ele>420.4</ele>
      </trkpt>
      <trkpt lat="40.96304" lon="16.09184">
        <ele>418.9</ele>
      </trkpt>
      <trkpt lat="40.96276" lon="16.091809">
        <ele>415.8</ele>
      </trkpt>
      <trkpt lat="40.96246" lon="16.092009">
        <ele>414.3</ele>
      </trkpt>
      <trkpt lat="40.96202" lon="16.09211">
        <ele>412.2</ele>
      </trkpt>
      <trkpt lat="40.96181" lon="16.092189">
        <ele>410.8</ele>
      </trkpt>
      <trkpt lat="40.96149" lon="16.0924">
        <ele>411.1</ele>
      </trkpt>
      <trkpt lat="40.9613" lon="16.09249">
        <ele>412.6</ele>
      </trkpt>
      <trkpt lat="40.96084" lon="16.0925">
        <ele>416.9</ele>
      </trkpt>
      <trkpt lat="40.9613" lon="16.09249">
        <ele>412.6</ele>
      </trkpt>
      <trkpt lat="40.96149" lon="16.0924">
        <ele>411.1</ele>
      </trkpt>
      <trkpt lat="40.96181" lon="16.092189">
        <ele>410.8</ele>
      </trkpt>
      <trkpt lat="40.96202" lon="16.09211">
        <ele>412.2</ele>
      </trkpt>
      <trkpt lat="40.96246" lon="16.092009">
        <ele>414.3</ele>
      </trkpt>
      <trkpt lat="40.96276" lon="16.091809">
        <ele>415.8</ele>
      </trkpt>
      <trkpt lat="40.96304" lon="16.09184">
        <ele>418.9</ele>
      </trkpt>
      <trkpt lat="40.96319" lon="16.091819">
        <ele>420.4</ele>
      </trkpt>
      <trkpt lat="40.96325" lon="16.09177">
        <ele>420.7</ele>
      </trkpt>
      <trkpt lat="40.96338" lon="16.09183">
        <ele>422.4</ele>
      </trkpt>
      <trkpt lat="40.96385" lon="16.09205">
        <ele>427.7</ele>
      </trkpt>
      <trkpt lat="40.9642" lon="16.09215">
        <ele>430.8</ele>
      </trkpt>
      <trkpt lat="40.96478" lon="16.09226">
        <ele>432.7</ele>
      </trkpt>
      <trkpt lat="40.96515" lon="16.09227">
        <ele>433.5</ele>
      </trkpt>
      <trkpt lat="40.96555" lon="16.09232">
        <ele>434.2</ele>
      </trkpt>
      <trkpt lat="40.96558" lon="16.09232">
        <ele>434.3</ele>
      </trkpt>
      <trkpt lat="40.96594" lon="16.091999">
        <ele>432.5</ele>
      </trkpt>
      <trkpt lat="40.96624" lon="16.09189">
        <ele>433.6</ele>
      </trkpt>
      <trkpt lat="40.96667" lon="16.0917">
        <ele>434.4</ele>
      </trkpt>
      <trkpt lat="40.96685" lon="16.091529">
        <ele>435.2</ele>
      </trkpt>
      <trkpt lat="40.96693" lon="16.0915">
        <ele>435.7</ele>
      </trkpt>
      <trkpt lat="40.96693" lon="16.0915">
        <ele>435.7</ele>
      </trkpt>
      <trkpt lat="40.9671" lon="16.09142">
        <ele>436.9</ele>
      </trkpt>
      <trkpt lat="40.96747" lon="16.09117">
        <ele>439.0</ele>
      </trkpt>
      <trkpt lat="40.967529" lon="16.0911">
        <ele>439.0</ele>
      </trkpt>
      <trkpt lat="40.96755" lon="16.09104">
        <ele>438.9</ele>
      </trkpt>
      <trkpt lat="40.96774" lon="16.09121">
        <ele>439.6</ele>
      </trkpt>
      <trkpt lat="40.96742" lon="16.09178">
        <ele>440.3</ele>
      </trkpt>
      <trkpt lat="40.96695" lon="16.09259">
        <ele>442.1</ele>
      </trkpt>
      <trkpt lat="40.96643" lon="16.09336">
        <ele>444.6</ele>
      </trkpt>
      <trkpt lat="40.96591" lon="16.09414">
        <ele>445.0</ele>
      </trkpt>
      <trkpt lat="40.96539" lon="16.094919">
        <ele>448.1</ele>
      </trkpt>
      <trkpt lat="40.96507" lon="16.095389">
        <ele>451.1</ele>
      </trkpt>
      <trkpt lat="40.96476" lon="16.095859">
        <ele>453.0</ele>
      </trkpt>
      <trkpt lat="40.96461" lon="16.09605">
        <ele>453.1</ele>
      </trkpt>
      <trkpt lat="40.9644" lon="16.09624">
        <ele>453.4</ele>
      </trkpt>
      <trkpt lat="40.9637" lon="16.096779">
        <ele>454.6</ele>
      </trkpt>
      <trkpt lat="40.963" lon="16.09731">
        <ele>454.1</ele>
      </trkpt>
      <trkpt lat="40.96231" lon="16.09784">
        <ele>454.5</ele>
      </trkpt>
      <trkpt lat="40.96176" lon="16.09821">
        <ele>456.0</ele>
      </trkpt>
      <trkpt lat="40.96101" lon="16.098669">
        <ele>454.9</ele>
      </trkpt>
      <trkpt lat="40.96025" lon="16.099129">
        <ele>453.0</ele>
      </trkpt>
      <trkpt lat="40.95949" lon="16.09958">
        <ele>451.5</ele>
      </trkpt>
      <trkpt lat="40.95887" lon="16.10024">
        <ele>452.2</ele>
      </trkpt>
      <trkpt lat="40.95836" lon="16.10086">
        <ele>452.2</ele>
      </trkpt>
      <trkpt lat="40.95782" lon="16.10168">
        <ele>454.9</ele>
      </trkpt>
      <trkpt lat="40.95729" lon="16.1025">
        <ele>458.8</ele>
      </trkpt>
      <trkpt lat="40.95703" lon="16.102989">
        <ele>458.1</ele>
      </trkpt>
      <trkpt lat="40.95657" lon="16.10386">
        <ele>460.7</ele>
      </trkpt>
      <trkpt lat="40.95611" lon="16.10472">
        <ele>463.0</ele>
      </trkpt>
      <trkpt lat="40.956159" lon="16.10489">
        <ele>463.3</ele>
      </trkpt>
      <trkpt lat="40.95613" lon="16.1053">
        <ele>462.7</ele>
      </trkpt>
      <trkpt lat="40.95605" lon="16.10566">
        <ele>461.7</ele>
      </trkpt>
      <trkpt lat="40.95592" lon="16.106079">
        <ele>461.5</ele>
      </trkpt>
      <trkpt lat="40.9559" lon="16.106349">
        <ele>461.5</ele>
      </trkpt>
      <trkpt lat="40.95592" lon="16.106649">
        <ele>461.2</ele>
      </trkpt>
      <trkpt lat="40.956" lon="16.10689">
        <ele>460.8</ele>
      </trkpt>
      <trkpt lat="40.95634" lon="16.10753">
        <ele>460.0</ele>
      </trkpt>
      <trkpt lat="40.95668" lon="16.10817">
        <ele>458.7</ele>
      </trkpt>
      <trkpt lat="40.95676" lon="16.10831">
        <ele>458.6</ele>
      </trkpt>
      <trkpt lat="40.956919" lon="16.108509">
        <ele>457.9</ele>
      </trkpt>
      <trkpt lat="40.95744" lon="16.10903">
        <ele>455.4</ele>
      </trkpt>
      <trkpt lat="40.95768" lon="16.109179">
        <ele>453.9</ele>
      </trkpt>
      <trkpt lat="40.95797" lon="16.10929">
        <ele>451.9</ele>
      </trkpt>
      <trkpt lat="40.95841" lon="16.10942">
        <ele>449.3</ele>
      </trkpt>
      <trkpt lat="40.95862" lon="16.10942">
        <ele>449.1</ele>
      </trkpt>
      <trkpt lat="40.95937" lon="16.10953">
        <ele>447.9</ele>
      </trkpt>
      <trkpt lat="40.95975" lon="16.10953">
        <ele>447.9</ele>
      </trkpt>
      <trkpt lat="40.95999" lon="16.10957">
        <ele>448.0</ele>
      </trkpt>
      <trkpt lat="40.96026" lon="16.10967">
        <ele>446.4</ele>
      </trkpt>
      <trkpt lat="40.960479" lon="16.10979">
        <ele>445.5</ele>
      </trkpt>
      <trkpt lat="40.9612" lon="16.11024">
        <ele>443.2</ele>
      </trkpt>
      <trkpt lat="40.96191" lon="16.11069">
        <ele>439.4</ele>
      </trkpt>
      <trkpt lat="40.96219" lon="16.1108">
        <ele>437.8</ele>
      </trkpt>
      <trkpt lat="40.96244" lon="16.110869">
        <ele>436.5</ele>
      </trkpt>
      <trkpt lat="40.962649" lon="16.11099">
        <ele>435.1</ele>
      </trkpt>
      <trkpt lat="40.96295" lon="16.11122">
        <ele>432.6</ele>
      </trkpt>
      <trkpt lat="40.96316" lon="16.11148">
        <ele>430.8</ele>
      </trkpt>
      <trkpt lat="40.96327" lon="16.11166">
        <ele>429.8</ele>
      </trkpt>
      <trkpt lat="40.963389" lon="16.11191">
        <ele>427.9</ele>
      </trkpt>
      <trkpt lat="40.96367" lon="16.11272">
        <ele>422.8</ele>
      </trkpt>
      <trkpt lat="40.96399" lon="16.11343">
        <ele>419.9</ele>
      </trkpt>
      <trkpt lat="40.964149" lon="16.11373">
        <ele>418.6</ele>
      </trkpt>
      <trkpt lat="40.96454" lon="16.11442">
        <ele>412.6</ele>
      </trkpt>
      <trkpt lat="40.96497" lon="16.115279">
        <ele>410.0</ele>
      </trkpt>
      <trkpt lat="40.96519" lon="16.115739">
        <ele>407.1</ele>
      </trkpt>
      <trkpt lat="40.96531" lon="16.11608">
        <ele>404.3</ele>
      </trkpt>
      <trkpt lat="40.96553" lon="16.1169">
        <ele>397.1</ele>
      </trkpt>
      <trkpt lat="40.96554" lon="16.11708">
        <ele>395.9</ele>
      </trkpt>
      <trkpt lat="40.96552" lon="16.117239">
        <ele>395.4</ele>
      </trkpt>
      <trkpt lat="40.96525" lon="16.11821">
        <ele>391.2</ele>
      </trkpt>
      <trkpt lat="40.96523" lon="16.11842">
        <ele>389.5</ele>
      </trkpt>
      <trkpt lat="40.96532" lon="16.11956">
        <ele>378.3</ele>
      </trkpt>
      <trkpt lat="40.965359" lon="16.11982">
        <ele>375.5</ele>
      </trkpt>
      <trkpt lat="40.96541" lon="16.11993">
        <ele>374.2</ele>
      </trkpt>
      <trkpt lat="40.96546" lon="16.119969">
        <ele>373.6</ele>
      </trkpt>
      <trkpt lat="40.96549" lon="16.12">
        <ele>373.2</ele>
      </trkpt>
      <trkpt lat="40.9656" lon="16.12005">
        <ele>372.4</ele>
      </trkpt>
      <trkpt lat="40.96649" lon="16.12023">
        <ele>366.5</ele>
      </trkpt>
      <trkpt lat="40.96672" lon="16.12032">
        <ele>365.0</ele>
      </trkpt>
      <trkpt lat="40.96709" lon="16.1207">
        <ele>362.7</ele>
      </trkpt>
      <trkpt lat="40.96745" lon="16.121089">
        <ele>360.5</ele>
      </trkpt>
      <trkpt lat="40.9675" lon="16.12116">
        <ele>360.2</ele>
      </trkpt>
      <trkpt lat="40.96763" lon="16.121459">
        <ele>358.6</ele>
      </trkpt>
      <trkpt lat="40.96775" lon="16.1218">
        <ele>356.4</ele>
      </trkpt>
      <trkpt lat="40.96786" lon="16.12233">
        <ele>352.0</ele>
      </trkpt>
      <trkpt lat="40.9679" lon="16.122409">
        <ele>350.9</ele>
      </trkpt>
      <trkpt lat="40.96799" lon="16.12243">
        <ele>349.5</ele>
      </trkpt>
      <trkpt lat="40.96805" lon="16.12239">
        <ele>349.0</ele>
      </trkpt>
      <trkpt lat="40.96816" lon="16.1222">
        <ele>349.3</ele>
      </trkpt>
      <trkpt lat="40.96825" lon="16.12216">
        <ele>348.6</ele>
      </trkpt>
      <trkpt lat="40.96835" lon="16.12218">
        <ele>347.3</ele>
      </trkpt>
      <trkpt lat="40.9686" lon="16.12229">
        <ele>343.8</ele>
      </trkpt>
      <trkpt lat="40.9687" lon="16.122309">
        <ele>342.7</ele>
      </trkpt>
      <trkpt lat="40.96886" lon="16.12225">
        <ele>341.7</ele>
      </trkpt>
      <trkpt lat="40.96891" lon="16.12225">
        <ele>341.2</ele>
      </trkpt>
      <trkpt lat="40.96893" lon="16.12229">
        <ele>340.7</ele>
      </trkpt>
      <trkpt lat="40.96893" lon="16.12235">
        <ele>340.2</ele>
      </trkpt>
      <trkpt lat="40.96881" lon="16.12252">
        <ele>340.0</ele>
      </trkpt>
      <trkpt lat="40.96877" lon="16.122599">
        <ele>340.3</ele>
      </trkpt>
      <trkpt lat="40.96876" lon="16.122679">
        <ele>340.3</ele>
      </trkpt>
      <trkpt lat="40.96876" lon="16.122779">
        <ele>340.3</ele>
      </trkpt>
      <trkpt lat="40.968829" lon="16.12292">
        <ele>340.1</ele>
      </trkpt>
      <trkpt lat="40.96906" lon="16.12324">
        <ele>341.1</ele>
      </trkpt>
      <trkpt lat="40.9697" lon="16.122689">
        <ele>338.7</ele>
      </trkpt>
      <trkpt lat="40.97035" lon="16.12214">
        <ele>339.1</ele>
      </trkpt>
      <trkpt lat="40.97099" lon="16.1216">
        <ele>338.7</ele>
      </trkpt>
      <trkpt lat="40.97136" lon="16.12127">
        <ele>338.2</ele>
      </trkpt>
      <trkpt lat="40.971739" lon="16.12094">
        <ele>336.5</ele>
      </trkpt>
      <trkpt lat="40.97199" lon="16.121369">
        <ele>341.7</ele>
      </trkpt>
      <trkpt lat="40.97209" lon="16.12144">
        <ele>342.6</ele>
      </trkpt>
      <trkpt lat="40.97223" lon="16.121469">
        <ele>343.2</ele>
      </trkpt>
      <trkpt lat="40.97241" lon="16.12144">
        <ele>343.4</ele>
      </trkpt>
      <trkpt lat="40.972499" lon="16.12136">
        <ele>343.2</ele>
      </trkpt>
      <trkpt lat="40.97263" lon="16.12113">
        <ele>342.9</ele>
      </trkpt>
      <trkpt lat="40.97272" lon="16.12102">
        <ele>342.9</ele>
      </trkpt>
      <trkpt lat="40.97281" lon="16.12096">
        <ele>343.2</ele>
      </trkpt>
      <trkpt lat="40.972969" lon="16.12102">
        <ele>344.9</ele>
      </trkpt>
      <trkpt lat="40.97375" lon="16.121559">
        <ele>354.6</ele>
      </trkpt>
      <trkpt lat="40.97397" lon="16.12174">
        <ele>356.4</ele>
      </trkpt>
      <trkpt lat="40.9745" lon="16.12226">
        <ele>365.1</ele>
      </trkpt>
      <trkpt lat="40.97462" lon="16.12236">
        <ele>366.6</ele>
      </trkpt>
      <trkpt lat="40.97479" lon="16.12228">
        <ele>367.0</ele>
      </trkpt>
      <trkpt lat="40.97499" lon="16.12206">
        <ele>367.3</ele>
      </trkpt>
      <trkpt lat="40.9751" lon="16.121849">
        <ele>367.6</ele>
      </trkpt>
      <trkpt lat="40.97523" lon="16.120809">
        <ele>368.3</ele>
      </trkpt>
      <trkpt lat="40.97536" lon="16.120629">
        <ele>368.5</ele>
      </trkpt>
      <trkpt lat="40.97563" lon="16.12052">
        <ele>369.9</ele>
      </trkpt>
      <trkpt lat="40.97576" lon="16.120529">
        <ele>370.8</ele>
      </trkpt>
      <trkpt lat="40.97585" lon="16.12064">
        <ele>371.5</ele>
      </trkpt>
      <trkpt lat="40.97622" lon="16.121649">
        <ele>373.9</ele>
      </trkpt>
      <trkpt lat="40.976439" lon="16.122229">
        <ele>376.7</ele>
      </trkpt>
      <trkpt lat="40.97649" lon="16.12244">
        <ele>377.7</ele>
      </trkpt>
      <trkpt lat="40.97652" lon="16.12265">
        <ele>378.7</ele>
      </trkpt>
      <trkpt lat="40.97652" lon="16.12319">
        <ele>381.4</ele>
      </trkpt>
      <trkpt lat="40.97652" lon="16.123449">
        <ele>382.8</ele>
      </trkpt>
      <trkpt lat="40.97654" lon="16.12458">
        <ele>388.6</ele>
      </trkpt>
      <trkpt lat="40.97656" lon="16.12571">
        <ele>393.6</ele>
      </trkpt>
      <trkpt lat="40.97657" lon="16.12684">
        <ele>398.7</ele>
      </trkpt>
      <trkpt lat="40.97657" lon="16.12699">
        <ele>399.3</ele>
      </trkpt>
      <trkpt lat="40.97695" lon="16.12726">
        <ele>399.4</ele>
      </trkpt>
      <trkpt lat="40.9772" lon="16.127469">
        <ele>399.6</ele>
      </trkpt>
      <trkpt lat="40.97742" lon="16.1276">
        <ele>399.6</ele>
      </trkpt>
      <trkpt lat="40.97755" lon="16.12761">
        <ele>399.6</ele>
      </trkpt>
      <trkpt lat="40.97769" lon="16.127569">
        <ele>400.2</ele>
      </trkpt>
      <trkpt lat="40.97788" lon="16.12744">
        <ele>400.5</ele>
      </trkpt>
      <trkpt lat="40.97856" lon="16.1269">
        <ele>401.8</ele>
      </trkpt>
      <trkpt lat="40.97925" lon="16.126359">
        <ele>404.2</ele>
      </trkpt>
      <trkpt lat="40.98005" lon="16.126059">
        <ele>405.2</ele>
      </trkpt>
      <trkpt lat="40.98086" lon="16.12576">
        <ele>404.7</ele>
      </trkpt>
      <trkpt lat="40.98167" lon="16.12546">
        <ele>405.3</ele>
      </trkpt>
      <trkpt lat="40.98196" lon="16.12535">
        <ele>405.2</ele>
      </trkpt>
      <trkpt lat="40.98276" lon="16.12517">
        <ele>406.4</ele>
      </trkpt>
      <trkpt lat="40.98356" lon="16.12499">
        <ele>408.2</ele>
      </trkpt>
      <trkpt lat="40.9838" lon="16.125">
        <ele>408.6</ele>
      </trkpt>
      <trkpt lat="40.98426" lon="16.12506">
        <ele>408.8</ele>
      </trkpt>
      <trkpt lat="40.98472" lon="16.125129">
        <ele>406.9</ele>
      </trkpt>
      <trkpt lat="40.98494" lon="16.12519">
        <ele>406.0</ele>
      </trkpt>
      <trkpt lat="40.98527" lon="16.12539">
        <ele>403.8</ele>
      </trkpt>
      <trkpt lat="40.98547" lon="16.12555">
        <ele>402.3</ele>
      </trkpt>
      <trkpt lat="40.98554" lon="16.12566">
        <ele>401.8</ele>
      </trkpt>
      <trkpt lat="40.98561" lon="16.1259">
        <ele>401.3</ele>
      </trkpt>
      <trkpt lat="40.98561" lon="16.12596">
        <ele>401.2</ele>
      </trkpt>
      <trkpt lat="40.98559" lon="16.1263">
        <ele>400.9</ele>
      </trkpt>
      <trkpt lat="40.9855" lon="16.1273">
        <ele>400.5</ele>
      </trkpt>
      <trkpt lat="40.98539" lon="16.127939">
        <ele>398.1</ele>
      </trkpt>
      <trkpt lat="40.98528" lon="16.12858">
        <ele>394.7</ele>
      </trkpt>
      <trkpt lat="40.9853" lon="16.12877">
        <ele>393.5</ele>
      </trkpt>
      <trkpt lat="40.98537" lon="16.12905">
        <ele>391.2</ele>
      </trkpt>
      <trkpt lat="40.98549" lon="16.12934">
        <ele>388.9</ele>
      </trkpt>
      <trkpt lat="40.98545" lon="16.1296">
        <ele>389.1</ele>
      </trkpt>
      <trkpt lat="40.98549" lon="16.12966">
        <ele>389.1</ele>
      </trkpt>
      <trkpt lat="40.98562" lon="16.1297">
        <ele>389.3</ele>
      </trkpt>
      <trkpt lat="40.98589" lon="16.1298">
        <ele>389.5</ele>
      </trkpt>
      <trkpt lat="40.98618" lon="16.12994">
        <ele>389.9</ele>
      </trkpt>
      <trkpt lat="40.98653" lon="16.130099">
        <ele>390.3</ele>
      </trkpt>
      <trkpt lat="40.9867" lon="16.13014">
        <ele>391.8</ele>
      </trkpt>
      <trkpt lat="40.98707" lon="16.130099">
        <ele>393.0</ele>
      </trkpt>
      <trkpt lat="40.98731" lon="16.130009">
        <ele>393.2</ele>
      </trkpt>
      <trkpt lat="40.98756" lon="16.129999">
        <ele>393.9</ele>
      </trkpt>
      <trkpt lat="40.98778" lon="16.13005">
        <ele>393.7</ele>
      </trkpt>
      <trkpt lat="40.98783" lon="16.13009">
        <ele>393.9</ele>
      </trkpt>
      <trkpt lat="40.98789" lon="16.13013">
        <ele>394.1</ele>
      </trkpt>
      <trkpt lat="40.98831" lon="16.13071">
        <ele>397.2</ele>
      </trkpt>
      <trkpt lat="40.988729" lon="16.13128">
        <ele>394.0</ele>
      </trkpt>
      <trkpt lat="40.98878" lon="16.13144">
        <ele>393.3</ele>
      </trkpt>
      <trkpt lat="40.98877" lon="16.131609">
        <ele>393.3</ele>
      </trkpt>
      <trkpt lat="40.98857" lon="16.13212">
        <ele>394.8</ele>
      </trkpt>
      <trkpt lat="40.98856" lon="16.1322">
        <ele>394.7</ele>
      </trkpt>
      <trkpt lat="40.98856" lon="16.13229">
        <ele>394.4</ele>
      </trkpt>
      <trkpt lat="40.98859" lon="16.13237">
        <ele>394.1</ele>
      </trkpt>
      <trkpt lat="40.98865" lon="16.13243">
        <ele>393.6</ele>
      </trkpt>
      <trkpt lat="40.98872" lon="16.132449">
        <ele>393.2</ele>
      </trkpt>
      <trkpt lat="40.988819" lon="16.132439">
        <ele>392.7</ele>
      </trkpt>
      <trkpt lat="40.98937" lon="16.132269">
        <ele>390.4</ele>
      </trkpt>
      <trkpt lat="40.98986" lon="16.1321">
        <ele>389.6</ele>
      </trkpt>
      <trkpt lat="40.99034" lon="16.13193">
        <ele>388.9</ele>
      </trkpt>
      <trkpt lat="40.9905" lon="16.13191">
        <ele>389.1</ele>
      </trkpt>
      <trkpt lat="40.99076" lon="16.13196">
        <ele>390.0</ele>
      </trkpt>
      <trkpt lat="40.99092" lon="16.13204">
        <ele>390.4</ele>
      </trkpt>
      <trkpt lat="40.99106" lon="16.13214">
        <ele>390.6</ele>
      </trkpt>
      <trkpt lat="40.99132" lon="16.1324">
        <ele>391.5</ele>
      </trkpt>
      <trkpt lat="40.99143" lon="16.13247">
        <ele>391.6</ele>
      </trkpt>
      <trkpt lat="40.99156" lon="16.13248">
        <ele>391.2</ele>
      </trkpt>
      <trkpt lat="40.99215" lon="16.132459">
        <ele>391.3</ele>
      </trkpt>
      <trkpt lat="40.992289" lon="16.13248">
        <ele>391.6</ele>
      </trkpt>
      <trkpt lat="40.99257" lon="16.13259">
        <ele>392.6</ele>
      </trkpt>
      <trkpt lat="40.99262" lon="16.132729">
        <ele>393.3</ele>
      </trkpt>
      <trkpt lat="40.99284" lon="16.133659">
        <ele>396.9</ele>
      </trkpt>
      <trkpt lat="40.993" lon="16.13444">
        <ele>398.1</ele>
      </trkpt>
      <trkpt lat="40.99307" lon="16.13478">
        <ele>398.1</ele>
      </trkpt>
      <trkpt lat="40.99319" lon="16.135269">
        <ele>397.7</ele>
      </trkpt>
      <trkpt lat="40.99327" lon="16.13552">
        <ele>397.4</ele>
      </trkpt>
      <trkpt lat="40.99336" lon="16.13616">
        <ele>396.4</ele>
      </trkpt>
      <trkpt lat="40.99344" lon="16.13679">
        <ele>395.5</ele>
      </trkpt>
      <trkpt lat="40.99364" lon="16.13735">
        <ele>395.1</ele>
      </trkpt>
      <trkpt lat="40.99385" lon="16.13792">
        <ele>396.7</ele>
      </trkpt>
      <trkpt lat="40.99398" lon="16.138179">
        <ele>398.0</ele>
      </trkpt>
      <trkpt lat="40.99427" lon="16.137609">
        <ele>395.3</ele>
      </trkpt>
      <trkpt lat="40.99457" lon="16.137049">
        <ele>394.6</ele>
      </trkpt>
      <trkpt lat="40.99477" lon="16.13672">
        <ele>393.7</ele>
      </trkpt>
      <trkpt lat="40.99484" lon="16.1366">
        <ele>393.3</ele>
      </trkpt>
      <trkpt lat="40.995199" lon="16.13613">
        <ele>391.6</ele>
      </trkpt>
      <trkpt lat="40.99584" lon="16.13534">
        <ele>389.1</ele>
      </trkpt>
      <trkpt lat="40.99595" lon="16.135169">
        <ele>388.7</ele>
      </trkpt>
      <trkpt lat="40.99618" lon="16.134889">
        <ele>388.6</ele>
      </trkpt>
      <trkpt lat="40.99668" lon="16.13418">
        <ele>388.1</ele>
      </trkpt>
      <trkpt lat="40.99673" lon="16.13427">
        <ele>388.7</ele>
      </trkpt>
      <trkpt lat="40.99674" lon="16.13429">
        <ele>388.9</ele>
      </trkpt>
      <trkpt lat="40.99692" lon="16.134319">
        <ele>389.8</ele>
      </trkpt>
      <trkpt lat="40.99722" lon="16.1343">
        <ele>390.8</ele>
      </trkpt>
      <trkpt lat="40.99731" lon="16.13425">
        <ele>390.9</ele>
      </trkpt>
      <trkpt lat="40.99738" lon="16.13416">
        <ele>390.5</ele>
      </trkpt>
      <trkpt lat="40.99747" lon="16.13408">
        <ele>390.2</ele>
      </trkpt>
      <trkpt lat="40.99754" lon="16.13407">
        <ele>390.1</ele>
      </trkpt>
      <trkpt lat="40.99762" lon="16.13416">
        <ele>390.7</ele>
      </trkpt>
      <trkpt lat="40.99768" lon="16.13419">
        <ele>390.7</ele>
      </trkpt>
      <trkpt lat="40.99773" lon="16.13417">
        <ele>390.5</ele>
      </trkpt>
      <trkpt lat="40.99776" lon="16.13409">
        <ele>389.8</ele>
      </trkpt>
      <trkpt lat="40.99778" lon="16.133939">
        <ele>388.8</ele>
      </trkpt>
      <trkpt lat="40.99783" lon="16.13382">
        <ele>388.0</ele>
      </trkpt>
      <trkpt lat="40.99795" lon="16.133759">
        <ele>387.6</ele>
      </trkpt>
      <trkpt lat="40.99815" lon="16.13373">
        <ele>387.4</ele>
      </trkpt>
      <trkpt lat="40.99826" lon="16.13379">
        <ele>387.7</ele>
      </trkpt>
      <trkpt lat="40.99832" lon="16.13391">
        <ele>388.1</ele>
      </trkpt>
      <trkpt lat="40.99835" lon="16.13415">
        <ele>389.1</ele>
      </trkpt>
      <trkpt lat="40.99838" lon="16.13491">
        <ele>392.8</ele>
      </trkpt>
      <trkpt lat="40.99841" lon="16.13506">
        <ele>393.8</ele>
      </trkpt>
      <trkpt lat="40.998489" lon="16.13519">
        <ele>395.1</ele>
      </trkpt>
      <trkpt lat="40.998579" lon="16.13528">
        <ele>396.0</ele>
      </trkpt>
      <trkpt lat="40.99869" lon="16.13533">
        <ele>396.6</ele>
      </trkpt>
      <trkpt lat="40.99886" lon="16.1353">
        <ele>396.9</ele>
      </trkpt>
      <trkpt lat="40.99897" lon="16.13524">
        <ele>397.0</ele>
      </trkpt>
      <trkpt lat="40.99947" lon="16.13438">
        <ele>398.6</ele>
      </trkpt>
      <trkpt lat="40.999609" lon="16.134229">
        <ele>399.3</ele>
      </trkpt>
      <trkpt lat="40.99983" lon="16.13409">
        <ele>400.4</ele>
      </trkpt>
      <trkpt lat="41.00001" lon="16.134039">
        <ele>401.4</ele>
      </trkpt>
      <trkpt lat="41.00014" lon="16.134039">
        <ele>401.6</ele>
      </trkpt>
      <trkpt lat="41.00032" lon="16.13408">
        <ele>402.0</ele>
      </trkpt>
      <trkpt lat="41.00057" lon="16.13417">
        <ele>402.7</ele>
      </trkpt>
      <trkpt lat="41.00101" lon="16.13438">
        <ele>404.1</ele>
      </trkpt>
      <trkpt lat="41.00146" lon="16.13459">
        <ele>405.4</ele>
      </trkpt>
      <trkpt lat="41.00186" lon="16.13476">
        <ele>406.8</ele>
      </trkpt>
      <trkpt lat="41.00212" lon="16.134899">
        <ele>407.6</ele>
      </trkpt>
      <trkpt lat="41.00283" lon="16.13524">
        <ele>409.6</ele>
      </trkpt>
      <trkpt lat="41.00303" lon="16.1354">
        <ele>410.3</ele>
      </trkpt>
      <trkpt lat="41.00345" lon="16.13576">
        <ele>410.6</ele>
      </trkpt>
      <trkpt lat="41.00385" lon="16.136119">
        <ele>411.3</ele>
      </trkpt>
      <trkpt lat="41.00414" lon="16.13635">
        <ele>412.7</ele>
      </trkpt>
      <trkpt lat="41.00436" lon="16.13645">
        <ele>414.5</ele>
      </trkpt>
      <trkpt lat="41.00454" lon="16.136479">
        <ele>415.6</ele>
      </trkpt>
      <trkpt lat="41.00466" lon="16.13647">
        <ele>416.2</ele>
      </trkpt>
      <trkpt lat="41.00493" lon="16.136389">
        <ele>417.3</ele>
      </trkpt>
      <trkpt lat="41.00536" lon="16.136209">
        <ele>418.1</ele>
      </trkpt>
      <trkpt lat="41.00549" lon="16.13618">
        <ele>418.3</ele>
      </trkpt>
      <trkpt lat="41.00567" lon="16.13618">
        <ele>418.9</ele>
      </trkpt>
      <trkpt lat="41.00614" lon="16.13632">
        <ele>421.0</ele>
      </trkpt>
      <trkpt lat="41.00661" lon="16.13647">
        <ele>422.7</ele>
      </trkpt>
      <trkpt lat="41.00718" lon="16.13663">
        <ele>425.7</ele>
      </trkpt>
      <trkpt lat="41.00774" lon="16.13679">
        <ele>428.3</ele>
      </trkpt>
      <trkpt lat="41.00774" lon="16.13679">
        <ele>428.3</ele>
      </trkpt>
      <trkpt lat="41.00841" lon="16.137">
        <ele>431.5</ele>
      </trkpt>
      <trkpt lat="41.00866" lon="16.137039">
        <ele>433.2</ele>
      </trkpt>
      <trkpt lat="41.00943" lon="16.13698">
        <ele>436.6</ele>
      </trkpt>
      <trkpt lat="41.01021" lon="16.13693">
        <ele>439.1</ele>
      </trkpt>
      <trkpt lat="41.01099" lon="16.13688">
        <ele>443.1</ele>
      </trkpt>
      <trkpt lat="41.01176" lon="16.13683">
        <ele>447.0</ele>
      </trkpt>
      <trkpt lat="41.01203" lon="16.1368">
        <ele>448.4</ele>
      </trkpt>
      <trkpt lat="41.01224" lon="16.13674">
        <ele>449.1</ele>
      </trkpt>
      <trkpt lat="41.01276" lon="16.13653">
        <ele>451.1</ele>
      </trkpt>
      <trkpt lat="41.0132" lon="16.13632">
        <ele>453.3</ele>
      </trkpt>
      <trkpt lat="41.01365" lon="16.136109">
        <ele>455.7</ele>
      </trkpt>
      <trkpt lat="41.01438" lon="16.1357">
        <ele>458.4</ele>
      </trkpt>
      <trkpt lat="41.01485" lon="16.135459">
        <ele>461.0</ele>
      </trkpt>
      <trkpt lat="41.01485" lon="16.135459">
        <ele>461.0</ele>
      </trkpt>
      <trkpt lat="41.01493" lon="16.13541">
        <ele>461.3</ele>
      </trkpt>
      <trkpt lat="41.01532" lon="16.135079">
        <ele>463.2</ele>
      </trkpt>
      <trkpt lat="41.0157" lon="16.13474">
        <ele>465.5</ele>
      </trkpt>
      <trkpt lat="41.01602" lon="16.13449">
        <ele>467.4</ele>
      </trkpt>
      <trkpt lat="41.01614" lon="16.13421">
        <ele>465.7</ele>
      </trkpt>
      <trkpt lat="41.01617" lon="16.13427">
        <ele>466.6</ele>
      </trkpt>
      <trkpt lat="41.01629" lon="16.134409">
        <ele>469.3</ele>
      </trkpt>
      <trkpt lat="41.01633" lon="16.13434">
        <ele>468.8</ele>
      </trkpt>
      <trkpt lat="41.01653" lon="16.13428">
        <ele>469.7</ele>
      </trkpt>
      <trkpt lat="41.01668" lon="16.13428">
        <ele>470.9</ele>
      </trkpt>
      <trkpt lat="41.01692" lon="16.13437">
        <ele>472.1</ele>
      </trkpt>
      <trkpt lat="41.01713" lon="16.13455">
        <ele>474.4</ele>
      </trkpt>
      <trkpt lat="41.01737" lon="16.13485">
        <ele>477.7</ele>
      </trkpt>
      <trkpt lat="41.017539" lon="16.13513">
        <ele>481.6</ele>
      </trkpt>
      <trkpt lat="41.01764" lon="16.135349">
        <ele>485.1</ele>
      </trkpt>
      <trkpt lat="41.01772" lon="16.13587">
        <ele>492.0</ele>
      </trkpt>
      <trkpt lat="41.01778" lon="16.13654">
        <ele>495.1</ele>
      </trkpt>
      <trkpt lat="41.01785" lon="16.13683">
        <ele>495.2</ele>
      </trkpt>
      <trkpt lat="41.01785" lon="16.13683">
        <ele>495.2</ele>
      </trkpt>
      <trkpt lat="41.01799" lon="16.137429">
        <ele>494.9</ele>
      </trkpt>
      <trkpt lat="41.018" lon="16.137599">
        <ele>495.4</ele>
      </trkpt>
      <trkpt lat="41.01798" lon="16.137799">
        <ele>496.8</ele>
      </trkpt>
      <trkpt lat="41.01784" lon="16.138169">
        <ele>502.4</ele>
      </trkpt>
      <trkpt lat="41.01775" lon="16.13852">
        <ele>504.0</ele>
      </trkpt>
      <trkpt lat="41.01765" lon="16.139399">
        <ele>498.2</ele>
      </trkpt>
      <trkpt lat="41.01757" lon="16.13962">
        <ele>496.7</ele>
      </trkpt>
      <trkpt lat="41.01728" lon="16.14017">
        <ele>501.1</ele>
      </trkpt>
      <trkpt lat="41.01699" lon="16.140709">
        <ele>506.2</ele>
      </trkpt>
      <trkpt lat="41.01693" lon="16.14093">
        <ele>505.9</ele>
      </trkpt>
      <trkpt lat="41.01682" lon="16.141739">
        <ele>502.7</ele>
      </trkpt>
      <trkpt lat="41.01675" lon="16.1419">
        <ele>502.2</ele>
      </trkpt>
      <trkpt lat="41.01664" lon="16.142029">
        <ele>502.0</ele>
      </trkpt>
      <trkpt lat="41.01623" lon="16.14243">
        <ele>508.3</ele>
      </trkpt>
      <trkpt lat="41.01581" lon="16.14283">
        <ele>512.3</ele>
      </trkpt>
      <trkpt lat="41.01562" lon="16.14312">
        <ele>515.3</ele>
      </trkpt>
      <trkpt lat="41.01536" lon="16.14382">
        <ele>518.9</ele>
      </trkpt>
      <trkpt lat="41.01508" lon="16.14449">
        <ele>518.9</ele>
      </trkpt>
      <trkpt lat="41.015" lon="16.14459">
        <ele>518.0</ele>
      </trkpt>
      <trkpt lat="41.01493" lon="16.144659">
        <ele>519.4</ele>
      </trkpt>
      <trkpt lat="41.01478" lon="16.14477">
        <ele>522.4</ele>
      </trkpt>
      <trkpt lat="41.01468" lon="16.14488">
        <ele>523.5</ele>
      </trkpt>
      <trkpt lat="41.01456" lon="16.14505">
        <ele>524.7</ele>
      </trkpt>
      <trkpt lat="41.01443" lon="16.14527">
        <ele>527.3</ele>
      </trkpt>
      <trkpt lat="41.01431" lon="16.145409">
        <ele>528.1</ele>
      </trkpt>
      <trkpt lat="41.01387" lon="16.14572">
        <ele>531.4</ele>
      </trkpt>
      <trkpt lat="41.01377" lon="16.14585">
        <ele>531.6</ele>
      </trkpt>
      <trkpt lat="41.01332" lon="16.14664">
        <ele>527.8</ele>
      </trkpt>
      <trkpt lat="41.01288" lon="16.14742">
        <ele>538.3</ele>
      </trkpt>
      <trkpt lat="41.01253" lon="16.14807">
        <ele>536.6</ele>
      </trkpt>
      <trkpt lat="41.01243" lon="16.148209">
        <ele>537.4</ele>
      </trkpt>
      <trkpt lat="41.01235" lon="16.14836">
        <ele>538.6</ele>
      </trkpt>
      <trkpt lat="41.012279" lon="16.14874">
        <ele>538.7</ele>
      </trkpt>
      <trkpt lat="41.01214" lon="16.14908">
        <ele>539.3</ele>
      </trkpt>
      <trkpt lat="41.01191" lon="16.14927">
        <ele>542.1</ele>
      </trkpt>
      <trkpt lat="41.01179" lon="16.14945">
        <ele>542.0</ele>
      </trkpt>
      <trkpt lat="41.01176" lon="16.149529">
        <ele>541.9</ele>
      </trkpt>
      <trkpt lat="41.01182" lon="16.14964">
        <ele>541.9</ele>
      </trkpt>
      <trkpt lat="41.01185" lon="16.149709">
        <ele>541.9</ele>
      </trkpt>
      <trkpt lat="41.01195" lon="16.149799">
        <ele>541.8</ele>
      </trkpt>
      <trkpt lat="41.01206" lon="16.149809">
        <ele>541.8</ele>
      </trkpt>
      <trkpt lat="41.01227" lon="16.14964">
        <ele>541.7</ele>
      </trkpt>
      <trkpt lat="41.01238" lon="16.14957">
        <ele>540.6</ele>
      </trkpt>
      <trkpt lat="41.01272" lon="16.148959">
        <ele>536.9</ele>
      </trkpt>
      <trkpt lat="41.01279" lon="16.14889">
        <ele>537.9</ele>
      </trkpt>
      <trkpt lat="41.01297" lon="16.14885">
        <ele>540.5</ele>
      </trkpt>
      <trkpt lat="41.01314" lon="16.14886">
        <ele>540.2</ele>
      </trkpt>
      <trkpt lat="41.0132" lon="16.14882">
        <ele>540.0</ele>
      </trkpt>
      <trkpt lat="41.01324" lon="16.14874">
        <ele>539.9</ele>
      </trkpt>
      <trkpt lat="41.01328" lon="16.148599">
        <ele>539.7</ele>
      </trkpt>
      <trkpt lat="41.0133" lon="16.14816">
        <ele>539.2</ele>
      </trkpt>
      <trkpt lat="41.01336" lon="16.14798">
        <ele>538.4</ele>
      </trkpt>
      <trkpt lat="41.01391" lon="16.1473">
        <ele>544.8</ele>
      </trkpt>
      <trkpt lat="41.01426" lon="16.146899">
        <ele>542.1</ele>
      </trkpt>
      <trkpt lat="41.01482" lon="16.14655">
        <ele>547.0</ele>
      </trkpt>
      <trkpt lat="41.01482" lon="16.14654">
        <ele>546.8</ele>
      </trkpt>
      <trkpt lat="41.01533" lon="16.14622">
        <ele>542.0</ele>
      </trkpt>
      <trkpt lat="41.0155" lon="16.14617">
        <ele>541.4</ele>
      </trkpt>
      <trkpt lat="41.01563" lon="16.146239">
        <ele>541.8</ele>
      </trkpt>
      <trkpt lat="41.01568" lon="16.146329">
        <ele>541.9</ele>
      </trkpt>
      <trkpt lat="41.0157" lon="16.146429">
        <ele>542.0</ele>
      </trkpt>
      <trkpt lat="41.015659" lon="16.14679">
        <ele>543.3</ele>
      </trkpt>
      <trkpt lat="41.01547" lon="16.14777">
        <ele>551.8</ele>
      </trkpt>
      <trkpt lat="41.01534" lon="16.14835">
        <ele>557.2</ele>
      </trkpt>
      <trkpt lat="41.0152" lon="16.14893">
        <ele>561.3</ele>
      </trkpt>
      <trkpt lat="41.01518" lon="16.14969">
        <ele>564.2</ele>
      </trkpt>
      <trkpt lat="41.01521" lon="16.14998">
        <ele>565.1</ele>
      </trkpt>
      <trkpt lat="41.01541" lon="16.15061">
        <ele>565.8</ele>
      </trkpt>
      <trkpt lat="41.0156" lon="16.15125">
        <ele>567.5</ele>
      </trkpt>
      <trkpt lat="41.01565" lon="16.151489">
        <ele>569.1</ele>
      </trkpt>
      <trkpt lat="41.01567" lon="16.15182">
        <ele>570.8</ele>
      </trkpt>
      <trkpt lat="41.01564" lon="16.15208">
        <ele>571.5</ele>
      </trkpt>
      <trkpt lat="41.015479" lon="16.152619">
        <ele>574.2</ele>
      </trkpt>
      <trkpt lat="41.01543" lon="16.152909">
        <ele>575.6</ele>
      </trkpt>
      <trkpt lat="41.01546" lon="16.153099">
        <ele>575.9</ele>
      </trkpt>
      <trkpt lat="41.0157" lon="16.15383">
        <ele>577.1</ele>
      </trkpt>
      <trkpt lat="41.015949" lon="16.15456">
        <ele>580.2</ele>
      </trkpt>
      <trkpt lat="41.01614" lon="16.155719">
        <ele>585.9</ele>
      </trkpt>
      <trkpt lat="41.01633" lon="16.15689">
        <ele>590.8</ele>
      </trkpt>
      <trkpt lat="41.016419" lon="16.157219">
        <ele>592.1</ele>
      </trkpt>
      <trkpt lat="41.01668" lon="16.15766">
        <ele>593.3</ele>
      </trkpt>
      <trkpt lat="41.01699" lon="16.158159">
        <ele>593.7</ele>
      </trkpt>
      <trkpt lat="41.01731" lon="16.15867">
        <ele>593.7</ele>
      </trkpt>
      <trkpt lat="41.01737" lon="16.15876">
        <ele>593.7</ele>
      </trkpt>
      <trkpt lat="41.01769" lon="16.15931">
        <ele>593.7</ele>
      </trkpt>
      <trkpt lat="41.01802" lon="16.159849">
        <ele>593.4</ele>
      </trkpt>
      <trkpt lat="41.01849" lon="16.16062">
        <ele>597.8</ele>
      </trkpt>
      <trkpt lat="41.01897" lon="16.1614">
        <ele>599.5</ele>
      </trkpt>
      <trkpt lat="41.01897" lon="16.1614">
        <ele>599.5</ele>
      </trkpt>
      <trkpt lat="41.01941" lon="16.162099">
        <ele>601.7</ele>
      </trkpt>
      <trkpt lat="41.01985" lon="16.16281">
        <ele>604.0</ele>
      </trkpt>
      <trkpt lat="41.02029" lon="16.163519">
        <ele>605.0</ele>
      </trkpt>
      <trkpt lat="41.02078" lon="16.164349">
        <ele>605.0</ele>
      </trkpt>
      <trkpt lat="41.02122" lon="16.16525">
        <ele>605.2</ele>
      </trkpt>
      <trkpt lat="41.02166" lon="16.166149">
        <ele>605.7</ele>
      </trkpt>
      <trkpt lat="41.0221" lon="16.16705">
        <ele>607.8</ele>
      </trkpt>
      <trkpt lat="41.02254" lon="16.16795">
        <ele>607.4</ele>
      </trkpt>
      <trkpt lat="41.02268" lon="16.168199">
        <ele>606.9</ele>
      </trkpt>
      <trkpt lat="41.02287" lon="16.1685">
        <ele>606.0</ele>
      </trkpt>
      <trkpt lat="41.02337" lon="16.16916">
        <ele>603.1</ele>
      </trkpt>
      <trkpt lat="41.02387" lon="16.16982">
        <ele>601.9</ele>
      </trkpt>
      <trkpt lat="41.02406" lon="16.17002">
        <ele>601.1</ele>
      </trkpt>
      <trkpt lat="41.024389" lon="16.170459">
        <ele>601.1</ele>
      </trkpt>
      <trkpt lat="41.024389" lon="16.170459">
        <ele>601.1</ele>
      </trkpt>
      <trkpt lat="41.02483" lon="16.171029">
        <ele>602.6</ele>
      </trkpt>
      <trkpt lat="41.02527" lon="16.1716">
        <ele>603.3</ele>
      </trkpt>
      <trkpt lat="41.02537" lon="16.171769">
        <ele>602.8</ele>
      </trkpt>
      <trkpt lat="41.02543" lon="16.17197">
        <ele>602.0</ele>
      </trkpt>
      <trkpt lat="41.02543" lon="16.17212">
        <ele>601.6</ele>
      </trkpt>
      <trkpt lat="41.02534" lon="16.17282">
        <ele>599.6</ele>
      </trkpt>
      <trkpt lat="41.02519" lon="16.1737">
        <ele>595.3</ele>
      </trkpt>
      <trkpt lat="41.02519" lon="16.17382">
        <ele>594.3</ele>
      </trkpt>
      <trkpt lat="41.02521" lon="16.17389">
        <ele>593.6</ele>
      </trkpt>
      <trkpt lat="41.02522" lon="16.17395">
        <ele>593.0</ele>
      </trkpt>
      <trkpt lat="41.02527" lon="16.174029">
        <ele>592.1</ele>
      </trkpt>
      <trkpt lat="41.025329" lon="16.17407">
        <ele>591.6</ele>
      </trkpt>
      <trkpt lat="41.02539" lon="16.17409">
        <ele>591.2</ele>
      </trkpt>
      <trkpt lat="41.02555" lon="16.17405">
        <ele>590.8</ele>
      </trkpt>
      <trkpt lat="41.02604" lon="16.17377">
        <ele>589.4</ele>
      </trkpt>
      <trkpt lat="41.02654" lon="16.1735">
        <ele>586.6</ele>
      </trkpt>
      <trkpt lat="41.02659" lon="16.17343">
        <ele>586.4</ele>
      </trkpt>
      <trkpt lat="41.02662" lon="16.173359">
        <ele>586.3</ele>
      </trkpt>
      <trkpt lat="41.0267" lon="16.17294">
        <ele>587.7</ele>
      </trkpt>
      <trkpt lat="41.02677" lon="16.17282">
        <ele>587.9</ele>
      </trkpt>
      <trkpt lat="41.02689" lon="16.17274">
        <ele>587.6</ele>
      </trkpt>
      <trkpt lat="41.02696" lon="16.17274">
        <ele>587.2</ele>
      </trkpt>
      <trkpt lat="41.02702" lon="16.17277">
        <ele>586.7</ele>
      </trkpt>
      <trkpt lat="41.0276" lon="16.173179">
        <ele>582.3</ele>
      </trkpt>
      <trkpt lat="41.02773" lon="16.173369">
        <ele>581.3</ele>
      </trkpt>
      <trkpt lat="41.02779" lon="16.17354">
        <ele>580.7</ele>
      </trkpt>
      <trkpt lat="41.02797" lon="16.17408">
        <ele>579.2</ele>
      </trkpt>
      <trkpt lat="41.02828" lon="16.17493">
        <ele>576.4</ele>
      </trkpt>
      <trkpt lat="41.02859" lon="16.17578">
        <ele>576.0</ele>
      </trkpt>
      <trkpt lat="41.02872" lon="16.17611">
        <ele>575.7</ele>
      </trkpt>
      <trkpt lat="41.028799" lon="16.17626">
        <ele>575.5</ele>
      </trkpt>
      <trkpt lat="41.0294" lon="16.177029">
        <ele>574.0</ele>
      </trkpt>
      <trkpt lat="41.02999" lon="16.17781">
        <ele>573.7</ele>
      </trkpt>
      <trkpt lat="41.03058" lon="16.17859">
        <ele>576.7</ele>
      </trkpt>
      <trkpt lat="41.03118" lon="16.179369">
        <ele>577.1</ele>
      </trkpt>
      <trkpt lat="41.03177" lon="16.18014">
        <ele>572.8</ele>
      </trkpt>
      <trkpt lat="41.03236" lon="16.18092">
        <ele>567.1</ele>
      </trkpt>
      <trkpt lat="41.03285" lon="16.18156">
        <ele>566.0</ele>
      </trkpt>
      <trkpt lat="41.03334" lon="16.182189">
        <ele>564.4</ele>
      </trkpt>
      <trkpt lat="41.03382" lon="16.18283">
        <ele>562.8</ele>
      </trkpt>
      <trkpt lat="41.03431" lon="16.18347">
        <ele>561.0</ele>
      </trkpt>
      <trkpt lat="41.0348" lon="16.18409">
        <ele>558.4</ele>
      </trkpt>
      <trkpt lat="41.0353" lon="16.1845">
        <ele>558.0</ele>
      </trkpt>
      <trkpt lat="41.03566" lon="16.18476">
        <ele>558.0</ele>
      </trkpt>
      <trkpt lat="41.03602" lon="16.185089">
        <ele>558.3</ele>
      </trkpt>
      <trkpt lat="41.0362" lon="16.18544">
        <ele>558.1</ele>
      </trkpt>
      <trkpt lat="41.03643" lon="16.18598">
        <ele>557.6</ele>
      </trkpt>
      <trkpt lat="41.03665" lon="16.18652">
        <ele>556.4</ele>
      </trkpt>
      <trkpt lat="41.03726" lon="16.1873">
        <ele>556.3</ele>
      </trkpt>
      <trkpt lat="41.03786" lon="16.18808">
        <ele>556.3</ele>
      </trkpt>
      <trkpt lat="41.03846" lon="16.188859">
        <ele>554.6</ele>
      </trkpt>
      <trkpt lat="41.03891" lon="16.18945">
        <ele>553.2</ele>
      </trkpt>
      <trkpt lat="41.03937" lon="16.19003">
        <ele>553.0</ele>
      </trkpt>
      <trkpt lat="41.03982" lon="16.19062">
        <ele>552.8</ele>
      </trkpt>
      <trkpt lat="41.04028" lon="16.19122">
        <ele>552.0</ele>
      </trkpt>
      <trkpt lat="41.04063" lon="16.19169">
        <ele>551.3</ele>
      </trkpt>
      <trkpt lat="41.04099" lon="16.19216">
        <ele>551.6</ele>
      </trkpt>
      <trkpt lat="41.04119" lon="16.192419">
        <ele>551.9</ele>
      </trkpt>
      <trkpt lat="41.04175" lon="16.19314">
        <ele>553.7</ele>
      </trkpt>
      <trkpt lat="41.0423" lon="16.19386">
        <ele>555.4</ele>
      </trkpt>
      <trkpt lat="41.04286" lon="16.194579">
        <ele>556.5</ele>
      </trkpt>
      <trkpt lat="41.04294" lon="16.194669">
        <ele>556.5</ele>
      </trkpt>
      <trkpt lat="41.04303" lon="16.19472">
        <ele>556.5</ele>
      </trkpt>
      <trkpt lat="41.04316" lon="16.194759">
        <ele>556.4</ele>
      </trkpt>
      <trkpt lat="41.04394" lon="16.19488">
        <ele>557.7</ele>
      </trkpt>
      <trkpt lat="41.04473" lon="16.19501">
        <ele>558.7</ele>
      </trkpt>
      <trkpt lat="41.04533" lon="16.19516">
        <ele>558.3</ele>
      </trkpt>
      <trkpt lat="41.04592" lon="16.19531">
        <ele>557.2</ele>
      </trkpt>
      <trkpt lat="41.04641" lon="16.19546">
        <ele>556.6</ele>
      </trkpt>
      <trkpt lat="41.0469" lon="16.195609">
        <ele>556.1</ele>
      </trkpt>
      <trkpt lat="41.04718" lon="16.19565">
        <ele>555.6</ele>
      </trkpt>
      <trkpt lat="41.04743" lon="16.19585">
        <ele>555.1</ele>
      </trkpt>
      <trkpt lat="41.04752" lon="16.196069">
        <ele>554.3</ele>
      </trkpt>
      <trkpt lat="41.047759" lon="16.19688">
        <ele>550.7</ele>
      </trkpt>
      <trkpt lat="41.04795" lon="16.197489">
        <ele>548.3</ele>
      </trkpt>
      <trkpt lat="41.04825" lon="16.19827">
        <ele>546.3</ele>
      </trkpt>
      <trkpt lat="41.0483" lon="16.198609">
        <ele>545.4</ele>
      </trkpt>
      <trkpt lat="41.04828" lon="16.19923">
        <ele>543.8</ele>
      </trkpt>
      <trkpt lat="41.04825" lon="16.19986">
        <ele>541.6</ele>
      </trkpt>
      <trkpt lat="41.048319" lon="16.20041">
        <ele>539.5</ele>
      </trkpt>
      <trkpt lat="41.04843" lon="16.20109">
        <ele>537.7</ele>
      </trkpt>
      <trkpt lat="41.04854" lon="16.20178">
        <ele>537.1</ele>
      </trkpt>
      <trkpt lat="41.04863" lon="16.202089">
        <ele>536.8</ele>
      </trkpt>
      <trkpt lat="41.04915" lon="16.20277">
        <ele>536.0</ele>
      </trkpt>
      <trkpt lat="41.04967" lon="16.20345">
        <ele>534.9</ele>
      </trkpt>
      <trkpt lat="41.05018" lon="16.20413">
        <ele>533.3</ele>
      </trkpt>
      <trkpt lat="41.0507" lon="16.204809">
        <ele>532.3</ele>
      </trkpt>
      <trkpt lat="41.05122" lon="16.20549">
        <ele>532.7</ele>
      </trkpt>
      <trkpt lat="41.05181" lon="16.20626">
        <ele>535.1</ele>
      </trkpt>
      <trkpt lat="41.0524" lon="16.20703">
        <ele>537.1</ele>
      </trkpt>
      <trkpt lat="41.05298" lon="16.207809">
        <ele>535.3</ele>
      </trkpt>
      <trkpt lat="41.05357" lon="16.20858">
        <ele>535.4</ele>
      </trkpt>
      <trkpt lat="41.05416" lon="16.20935">
        <ele>535.0</ele>
      </trkpt>
      <trkpt lat="41.05475" lon="16.21012">
        <ele>533.7</ele>
      </trkpt>
      <trkpt lat="41.05534" lon="16.210899">
        <ele>533.6</ele>
      </trkpt>
      <trkpt lat="41.05592" lon="16.21167">
        <ele>532.8</ele>
      </trkpt>
      <trkpt lat="41.05651" lon="16.21244">
        <ele>534.0</ele>
      </trkpt>
      <trkpt lat="41.0571" lon="16.21321">
        <ele>534.7</ele>
      </trkpt>
      <trkpt lat="41.05769" lon="16.213989">
        <ele>536.4</ele>
      </trkpt>
      <trkpt lat="41.05792" lon="16.21417">
        <ele>537.0</ele>
      </trkpt>
      <trkpt lat="41.05822" lon="16.214179">
        <ele>537.0</ele>
      </trkpt>
      <trkpt lat="41.05881" lon="16.21424">
        <ele>538.2</ele>
      </trkpt>
      <trkpt lat="41.05939" lon="16.2143">
        <ele>539.5</ele>
      </trkpt>
      <trkpt lat="41.05955" lon="16.21445">
        <ele>539.3</ele>
      </trkpt>
      <trkpt lat="41.05969" lon="16.21488">
        <ele>537.1</ele>
      </trkpt>
      <trkpt lat="41.05988" lon="16.21564">
        <ele>533.5</ele>
      </trkpt>
      <trkpt lat="41.06007" lon="16.21641">
        <ele>530.4</ele>
      </trkpt>
      <trkpt lat="41.06026" lon="16.21717">
        <ele>527.2</ele>
      </trkpt>
      <trkpt lat="41.06033" lon="16.217379">
        <ele>526.0</ele>
      </trkpt>
      <trkpt lat="41.06088" lon="16.21809">
        <ele>522.4</ele>
      </trkpt>
      <trkpt lat="41.06143" lon="16.2188">
        <ele>521.8</ele>
      </trkpt>
      <trkpt lat="41.06198" lon="16.21951">
        <ele>519.6</ele>
      </trkpt>
      <trkpt lat="41.06253" lon="16.22022">
        <ele>518.6</ele>
      </trkpt>
      <trkpt lat="41.06306" lon="16.22093">
        <ele>518.8</ele>
      </trkpt>
      <trkpt lat="41.0636" lon="16.22164">
        <ele>518.1</ele>
      </trkpt>
      <trkpt lat="41.06413" lon="16.222349">
        <ele>515.6</ele>
      </trkpt>
      <trkpt lat="41.06466" lon="16.22307">
        <ele>515.0</ele>
      </trkpt>
      <trkpt lat="41.0652" lon="16.22378">
        <ele>513.4</ele>
      </trkpt>
      <trkpt lat="41.06573" lon="16.22449">
        <ele>510.2</ele>
      </trkpt>
      <trkpt lat="41.06615" lon="16.22502">
        <ele>508.1</ele>
      </trkpt>
      <trkpt lat="41.06649" lon="16.225349">
        <ele>509.4</ele>
      </trkpt>
      <trkpt lat="41.06673" lon="16.2255">
        <ele>510.5</ele>
      </trkpt>
      <trkpt lat="41.06691" lon="16.225729">
        <ele>511.8</ele>
      </trkpt>
      <trkpt lat="41.066989" lon="16.226019">
        <ele>512.5</ele>
      </trkpt>
      <trkpt lat="41.06711" lon="16.226289">
        <ele>513.4</ele>
      </trkpt>
      <trkpt lat="41.06722" lon="16.22662">
        <ele>514.3</ele>
      </trkpt>
      <trkpt lat="41.06747" lon="16.226769">
        <ele>515.6</ele>
      </trkpt>
      <trkpt lat="41.06776" lon="16.22709">
        <ele>516.1</ele>
      </trkpt>
      <trkpt lat="41.06791" lon="16.227329">
        <ele>516.0</ele>
      </trkpt>
      <trkpt lat="41.06823" lon="16.22824">
        <ele>515.0</ele>
      </trkpt>
      <trkpt lat="41.06862" lon="16.22925">
        <ele>512.0</ele>
      </trkpt>
      <trkpt lat="41.068779" lon="16.22983">
        <ele>509.8</ele>
      </trkpt>
      <trkpt lat="41.06896" lon="16.23">
        <ele>509.0</ele>
      </trkpt>
      <trkpt lat="41.06956" lon="16.23046">
        <ele>507.0</ele>
      </trkpt>
      <trkpt lat="41.07016" lon="16.23093">
        <ele>504.7</ele>
      </trkpt>
      <trkpt lat="41.07076" lon="16.23139">
        <ele>503.1</ele>
      </trkpt>
      <trkpt lat="41.07136" lon="16.23185">
        <ele>502.9</ele>
      </trkpt>
      <trkpt lat="41.07197" lon="16.23262">
        <ele>503.6</ele>
      </trkpt>
      <trkpt lat="41.07259" lon="16.2334">
        <ele>504.9</ele>
      </trkpt>
      <trkpt lat="41.0732" lon="16.234169">
        <ele>506.2</ele>
      </trkpt>
      <trkpt lat="41.07376" lon="16.2349">
        <ele>504.8</ele>
      </trkpt>
      <trkpt lat="41.07432" lon="16.23564">
        <ele>504.2</ele>
      </trkpt>
      <trkpt lat="41.07488" lon="16.23637">
        <ele>501.7</ele>
      </trkpt>
      <trkpt lat="41.07544" lon="16.23711">
        <ele>499.5</ele>
      </trkpt>
      <trkpt lat="41.076" lon="16.23785">
        <ele>499.5</ele>
      </trkpt>
      <trkpt lat="41.07658" lon="16.23861">
        <ele>498.7</ele>
      </trkpt>
      <trkpt lat="41.07717" lon="16.23937">
        <ele>495.5</ele>
      </trkpt>
      <trkpt lat="41.07775" lon="16.24012">
        <ele>490.7</ele>
      </trkpt>
      <trkpt lat="41.07833" lon="16.24088">
        <ele>485.9</ele>
      </trkpt>
      <trkpt lat="41.07891" lon="16.24164">
        <ele>484.0</ele>
      </trkpt>
      <trkpt lat="41.0795" lon="16.2424">
        <ele>482.7</ele>
      </trkpt>
      <trkpt lat="41.08008" lon="16.24316">
        <ele>482.7</ele>
      </trkpt>
      <trkpt lat="41.08066" lon="16.24392">
        <ele>481.5</ele>
      </trkpt>
      <trkpt lat="41.08124" lon="16.24467">
        <ele>482.2</ele>
      </trkpt>
      <trkpt lat="41.081829" lon="16.245429">
        <ele>483.6</ele>
      </trkpt>
      <trkpt lat="41.08234" lon="16.24611">
        <ele>484.5</ele>
      </trkpt>
      <trkpt lat="41.08285" lon="16.24679">
        <ele>483.5</ele>
      </trkpt>
      <trkpt lat="41.08337" lon="16.24746">
        <ele>480.2</ele>
      </trkpt>
      <trkpt lat="41.08381" lon="16.24796">
        <ele>477.7</ele>
      </trkpt>
      <trkpt lat="41.08425" lon="16.24846">
        <ele>474.1</ele>
      </trkpt>
      <trkpt lat="41.08504" lon="16.248719">
        <ele>470.1</ele>
      </trkpt>
      <trkpt lat="41.08584" lon="16.24899">
        <ele>466.2</ele>
      </trkpt>
      <trkpt lat="41.08655" lon="16.24886">
        <ele>464.6</ele>
      </trkpt>
      <trkpt lat="41.08664" lon="16.24885">
        <ele>464.4</ele>
      </trkpt>
      <trkpt lat="41.08676" lon="16.24893">
        <ele>464.0</ele>
      </trkpt>
      <trkpt lat="41.08685" lon="16.24908">
        <ele>463.1</ele>
      </trkpt>
      <trkpt lat="41.08691" lon="16.249279">
        <ele>462.1</ele>
      </trkpt>
      <trkpt lat="41.08705" lon="16.24949">
        <ele>461.4</ele>
      </trkpt>
      <trkpt lat="41.0874" lon="16.249949">
        <ele>459.3</ele>
      </trkpt>
      <trkpt lat="41.08775" lon="16.250399">
        <ele>457.1</ele>
      </trkpt>
      <trkpt lat="41.08787" lon="16.25049">
        <ele>456.7</ele>
      </trkpt>
      <trkpt lat="41.08805" lon="16.25055">
        <ele>456.6</ele>
      </trkpt>
      <trkpt lat="41.0888" lon="16.25071">
        <ele>455.4</ele>
      </trkpt>
      <trkpt lat="41.08923" lon="16.25071">
        <ele>454.9</ele>
      </trkpt>
      <trkpt lat="41.08958" lon="16.2509">
        <ele>453.2</ele>
      </trkpt>
      <trkpt lat="41.089889" lon="16.25093">
        <ele>452.8</ele>
      </trkpt>
      <trkpt lat="41.09013" lon="16.25113">
        <ele>451.5</ele>
      </trkpt>
      <trkpt lat="41.09035" lon="16.251339">
        <ele>450.3</ele>
      </trkpt>
      <trkpt lat="41.09073" lon="16.2517">
        <ele>448.9</ele>
      </trkpt>
      <trkpt lat="41.09103" lon="16.251909">
        <ele>446.3</ele>
      </trkpt>
      <trkpt lat="41.09124" lon="16.25195">
        <ele>444.9</ele>
      </trkpt>
      <trkpt lat="41.0917" lon="16.252379">
        <ele>441.2</ele>
      </trkpt>
      <trkpt lat="41.092059" lon="16.25232">
        <ele>440.5</ele>
      </trkpt>
      <trkpt lat="41.09241" lon="16.25254">
        <ele>439.1</ele>
      </trkpt>
      <trkpt lat="41.09301" lon="16.25283">
        <ele>437.6</ele>
      </trkpt>
      <trkpt lat="41.09333" lon="16.253309">
        <ele>436.1</ele>
      </trkpt>
      <trkpt lat="41.09366" lon="16.25402">
        <ele>434.4</ele>
      </trkpt>
      <trkpt lat="41.09392" lon="16.25452">
        <ele>433.9</ele>
      </trkpt>
      <trkpt lat="41.094029" lon="16.25474">
        <ele>433.9</ele>
      </trkpt>
      <trkpt lat="41.09416" lon="16.254829">
        <ele>434.0</ele>
      </trkpt>
      <trkpt lat="41.09448" lon="16.25412">
        <ele>433.7</ele>
      </trkpt>
      <trkpt lat="41.0948" lon="16.253419">
        <ele>434.4</ele>
      </trkpt>
      <trkpt lat="41.09512" lon="16.25271">
        <ele>434.2</ele>
      </trkpt>
      <trkpt lat="41.09522" lon="16.25251">
        <ele>434.5</ele>
      </trkpt>
      <trkpt lat="41.09594" lon="16.25309">
        <ele>434.6</ele>
      </trkpt>
      <trkpt lat="41.09666" lon="16.25367">
        <ele>435.0</ele>
      </trkpt>
      <trkpt lat="41.097119" lon="16.25411">
        <ele>436.2</ele>
      </trkpt>
      <trkpt lat="41.09671" lon="16.25478">
        <ele>433.0</ele>
      </trkpt>
      <trkpt lat="41.09629" lon="16.25545">
        <ele>431.5</ele>
      </trkpt>
      <trkpt lat="41.09588" lon="16.256129">
        <ele>432.0</ele>
      </trkpt>
      <trkpt lat="41.09538" lon="16.25695">
        <ele>434.2</ele>
      </trkpt>
      <trkpt lat="41.09488" lon="16.25776">
        <ele>433.7</ele>
      </trkpt>
      <trkpt lat="41.09438" lon="16.258579">
        <ele>431.3</ele>
      </trkpt>
      <trkpt lat="41.09426" lon="16.2588">
        <ele>430.3</ele>
      </trkpt>
      <trkpt lat="41.0941" lon="16.2589">
        <ele>429.0</ele>
      </trkpt>
      <trkpt lat="41.09377" lon="16.25892">
        <ele>425.8</ele>
      </trkpt>
      <trkpt lat="41.09364" lon="16.25897">
        <ele>424.4</ele>
      </trkpt>
      <trkpt lat="41.093559" lon="16.25911">
        <ele>423.3</ele>
      </trkpt>
      <trkpt lat="41.0933" lon="16.26006">
        <ele>418.7</ele>
      </trkpt>
      <trkpt lat="41.09324" lon="16.26009">
        <ele>418.6</ele>
      </trkpt>
      <trkpt lat="41.09324" lon="16.26009">
        <ele>418.6</ele>
      </trkpt>
      <trkpt lat="41.0932" lon="16.26011">
        <ele>418.5</ele>
      </trkpt>
      <trkpt lat="41.093089" lon="16.26006">
        <ele>418.5</ele>
      </trkpt>
      <trkpt lat="41.09299" lon="16.25991">
        <ele>418.9</ele>
      </trkpt>
      <trkpt lat="41.09286" lon="16.25982">
        <ele>419.1</ele>
      </trkpt>
      <trkpt lat="41.09291" lon="16.2606">
        <ele>417.1</ele>
      </trkpt>
      <trkpt lat="41.09297" lon="16.26104">
        <ele>415.6</ele>
      </trkpt>
      <trkpt lat="41.09304" lon="16.26116">
        <ele>414.9</ele>
      </trkpt>
      <trkpt lat="41.09316" lon="16.26151">
        <ele>413.1</ele>
      </trkpt>
      <trkpt lat="41.09329" lon="16.261769">
        <ele>411.7</ele>
      </trkpt>
      <trkpt lat="41.09345" lon="16.26222">
        <ele>410.9</ele>
      </trkpt>
      <trkpt lat="41.09358" lon="16.262419">
        <ele>410.9</ele>
      </trkpt>
      <trkpt lat="41.09394" lon="16.262789">
        <ele>411.6</ele>
      </trkpt>
      <trkpt lat="41.09401" lon="16.26291">
        <ele>411.5</ele>
      </trkpt>
      <trkpt lat="41.09404" lon="16.263069">
        <ele>410.9</ele>
      </trkpt>
      <trkpt lat="41.09404" lon="16.26425">
        <ele>407.3</ele>
      </trkpt>
      <trkpt lat="41.09404" lon="16.265429">
        <ele>404.1</ele>
      </trkpt>
      <trkpt lat="41.09408" lon="16.265699">
        <ele>403.0</ele>
      </trkpt>
      <trkpt lat="41.09415" lon="16.26587">
        <ele>401.8</ele>
      </trkpt>
      <trkpt lat="41.09425" lon="16.265999">
        <ele>401.1</ele>
      </trkpt>
      <trkpt lat="41.09496" lon="16.26669">
        <ele>396.9</ele>
      </trkpt>
      <trkpt lat="41.09539" lon="16.26716">
        <ele>397.2</ele>
      </trkpt>
      <trkpt lat="41.095799" lon="16.26783">
        <ele>394.5</ele>
      </trkpt>
      <trkpt lat="41.09633" lon="16.26821">
        <ele>391.4</ele>
      </trkpt>
      <trkpt lat="41.09655" lon="16.2682">
        <ele>391.0</ele>
      </trkpt>
      <trkpt lat="41.09687" lon="16.26822">
        <ele>391.0</ele>
      </trkpt>
      <trkpt lat="41.09696" lon="16.26828">
        <ele>390.5</ele>
      </trkpt>
      <trkpt lat="41.09709" lon="16.268419">
        <ele>390.1</ele>
      </trkpt>
      <trkpt lat="41.09719" lon="16.26879">
        <ele>389.9</ele>
      </trkpt>
      <trkpt lat="41.09724" lon="16.268889">
        <ele>389.6</ele>
      </trkpt>
      <trkpt lat="41.09736" lon="16.268989">
        <ele>388.7</ele>
      </trkpt>
      <trkpt lat="41.09752" lon="16.269079">
        <ele>387.4</ele>
      </trkpt>
      <trkpt lat="41.09832" lon="16.26922">
        <ele>386.1</ele>
      </trkpt>
      <trkpt lat="41.098709" lon="16.269369">
        <ele>385.3</ele>
      </trkpt>
      <trkpt lat="41.09906" lon="16.269459">
        <ele>384.6</ele>
      </trkpt>
      <trkpt lat="41.099179" lon="16.26942">
        <ele>384.3</ele>
      </trkpt>
      <trkpt lat="41.09927" lon="16.26923">
        <ele>383.6</ele>
      </trkpt>
      <trkpt lat="41.09935" lon="16.26882">
        <ele>385.9</ele>
      </trkpt>
      <trkpt lat="41.099379" lon="16.26875">
        <ele>386.3</ele>
      </trkpt>
      <trkpt lat="41.09945" lon="16.268699">
        <ele>386.0</ele>
      </trkpt>
      <trkpt lat="41.09949" lon="16.26874">
        <ele>385.8</ele>
      </trkpt>
      <trkpt lat="41.09955" lon="16.268709">
        <ele>385.6</ele>
      </trkpt>
      <trkpt lat="41.099559" lon="16.26874">
        <ele>385.5</ele>
      </trkpt>
      <trkpt lat="41.10007" lon="16.26943">
        <ele>383.1</ele>
      </trkpt>
      <trkpt lat="41.10058" lon="16.27001">
        <ele>380.9</ele>
      </trkpt>
      <trkpt lat="41.10101" lon="16.270579">
        <ele>383.0</ele>
      </trkpt>
      <trkpt lat="41.1011" lon="16.270769">
        <ele>383.0</ele>
      </trkpt>
      <trkpt lat="41.10114" lon="16.27095">
        <ele>383.2</ele>
      </trkpt>
      <trkpt lat="41.10116" lon="16.271529">
        <ele>385.5</ele>
      </trkpt>
      <trkpt lat="41.1012" lon="16.27179">
        <ele>385.5</ele>
      </trkpt>
      <trkpt lat="41.10126" lon="16.27198">
        <ele>384.5</ele>
      </trkpt>
      <trkpt lat="41.1014" lon="16.27234">
        <ele>382.0</ele>
      </trkpt>
      <trkpt lat="41.10177" lon="16.2731">
        <ele>381.7</ele>
      </trkpt>
      <trkpt lat="41.1022" lon="16.27381">
        <ele>380.6</ele>
      </trkpt>
      <trkpt lat="41.1027" lon="16.27445">
        <ele>377.4</ele>
      </trkpt>
      <trkpt lat="41.10283" lon="16.2747">
        <ele>377.5</ele>
      </trkpt>
      <trkpt lat="41.10288" lon="16.27485">
        <ele>377.9</ele>
      </trkpt>
      <trkpt lat="41.10292" lon="16.274999">
        <ele>378.4</ele>
      </trkpt>
      <trkpt lat="41.10295" lon="16.27522">
        <ele>377.8</ele>
      </trkpt>
      <trkpt lat="41.10296" lon="16.275569">
        <ele>377.6</ele>
      </trkpt>
      <trkpt lat="41.102939" lon="16.275849">
        <ele>377.7</ele>
      </trkpt>
      <trkpt lat="41.10288" lon="16.276039">
        <ele>377.8</ele>
      </trkpt>
      <trkpt lat="41.10277" lon="16.27617">
        <ele>378.5</ele>
      </trkpt>
      <trkpt lat="41.102469" lon="16.27642">
        <ele>380.5</ele>
      </trkpt>
      <trkpt lat="41.1024" lon="16.276589">
        <ele>380.6</ele>
      </trkpt>
      <trkpt lat="41.10239" lon="16.27675">
        <ele>380.7</ele>
      </trkpt>
      <trkpt lat="41.10244" lon="16.276969">
        <ele>381.1</ele>
      </trkpt>
      <trkpt lat="41.10274" lon="16.277429">
        <ele>380.1</ele>
      </trkpt>
      <trkpt lat="41.102849" lon="16.27768">
        <ele>379.7</ele>
      </trkpt>
      <trkpt lat="41.1029" lon="16.27784">
        <ele>379.7</ele>
      </trkpt>
      <trkpt lat="41.102939" lon="16.278009">
        <ele>379.8</ele>
      </trkpt>
      <trkpt lat="41.10296" lon="16.27822">
        <ele>380.2</ele>
      </trkpt>
      <trkpt lat="41.10295" lon="16.27868">
        <ele>380.1</ele>
      </trkpt>
      <trkpt lat="41.10291" lon="16.278929">
        <ele>380.0</ele>
      </trkpt>
      <trkpt lat="41.10278" lon="16.279399">
        <ele>379.8</ele>
      </trkpt>
      <trkpt lat="41.10278" lon="16.279399">
        <ele>379.8</ele>
      </trkpt>
      <trkpt lat="41.10273" lon="16.279499">
        <ele>379.9</ele>
      </trkpt>
      <trkpt lat="41.102089" lon="16.27929">
        <ele>386.3</ele>
      </trkpt>
      <trkpt lat="41.1014" lon="16.279039">
        <ele>392.6</ele>
      </trkpt>
      <trkpt lat="41.1007" lon="16.27879">
        <ele>397.1</ele>
      </trkpt>
      <trkpt lat="41.1" lon="16.27853">
        <ele>401.5</ele>
      </trkpt>
      <trkpt lat="41.09931" lon="16.278279">
        <ele>404.0</ele>
      </trkpt>
      <trkpt lat="41.09906" lon="16.27816">
        <ele>404.8</ele>
      </trkpt>
      <trkpt lat="41.09846" lon="16.277809">
        <ele>406.0</ele>
      </trkpt>
      <trkpt lat="41.09799" lon="16.27764">
        <ele>405.4</ele>
      </trkpt>
      <trkpt lat="41.09777" lon="16.277539">
        <ele>405.0</ele>
      </trkpt>
      <trkpt lat="41.0972" lon="16.27719">
        <ele>407.1</ele>
      </trkpt>
      <trkpt lat="41.09663" lon="16.27685">
        <ele>408.7</ele>
      </trkpt>
      <trkpt lat="41.09592" lon="16.27639">
        <ele>413.3</ele>
      </trkpt>
      <trkpt lat="41.09521" lon="16.275929">
        <ele>415.4</ele>
      </trkpt>
      <trkpt lat="41.09449" lon="16.275469">
        <ele>420.6</ele>
      </trkpt>
      <trkpt lat="41.09378" lon="16.27501">
        <ele>426.7</ele>
      </trkpt>
      <trkpt lat="41.0935" lon="16.27487">
        <ele>429.3</ele>
      </trkpt>
      <trkpt lat="41.093359" lon="16.27483">
        <ele>430.6</ele>
      </trkpt>
      <trkpt lat="41.09322" lon="16.274809">
        <ele>431.6</ele>
      </trkpt>
      <trkpt lat="41.09294" lon="16.274809">
        <ele>433.7</ele>
      </trkpt>
      <trkpt lat="41.09213" lon="16.27495">
        <ele>438.8</ele>
      </trkpt>
      <trkpt lat="41.09131" lon="16.275089">
        <ele>442.6</ele>
      </trkpt>
      <trkpt lat="41.09109" lon="16.275089">
        <ele>443.5</ele>
      </trkpt>
      <trkpt lat="41.09089" lon="16.27503">
        <ele>444.6</ele>
      </trkpt>
      <trkpt lat="41.090739" lon="16.27493">
        <ele>445.6</ele>
      </trkpt>
      <trkpt lat="41.09055" lon="16.27474">
        <ele>447.2</ele>
      </trkpt>
      <trkpt lat="41.08992" lon="16.273969">
        <ele>453.6</ele>
      </trkpt>
      <trkpt lat="41.08929" lon="16.273209">
        <ele>458.5</ele>
      </trkpt>
      <trkpt lat="41.08914" lon="16.2731">
        <ele>459.9</ele>
      </trkpt>
      <trkpt lat="41.08898" lon="16.27304">
        <ele>461.9</ele>
      </trkpt>
      <trkpt lat="41.0888" lon="16.27307">
        <ele>464.0</ele>
      </trkpt>
      <trkpt lat="41.08863" lon="16.27316">
        <ele>465.9</ele>
      </trkpt>
      <trkpt lat="41.08794" lon="16.27385">
        <ele>470.2</ele>
      </trkpt>
      <trkpt lat="41.08769" lon="16.27408">
        <ele>471.4</ele>
      </trkpt>
      <trkpt lat="41.08691" lon="16.27461">
        <ele>476.9</ele>
      </trkpt>
      <trkpt lat="41.08612" lon="16.27514">
        <ele>486.5</ele>
      </trkpt>
      <trkpt lat="41.08534" lon="16.27568">
        <ele>491.6</ele>
      </trkpt>
      <trkpt lat="41.0849" lon="16.27588">
        <ele>494.0</ele>
      </trkpt>
      <trkpt lat="41.08422" lon="16.27606">
        <ele>496.3</ele>
      </trkpt>
      <trkpt lat="41.08388" lon="16.2761">
        <ele>497.5</ele>
      </trkpt>
      <trkpt lat="41.08345" lon="16.276029">
        <ele>500.4</ele>
      </trkpt>
      <trkpt lat="41.08345" lon="16.27598">
        <ele>500.9</ele>
      </trkpt>
      <trkpt lat="41.08345" lon="16.27598">
        <ele>500.9</ele>
      </trkpt>
      <trkpt lat="41.08345" lon="16.27598">
        <ele>500.9</ele>
      </trkpt>
      <trkpt lat="41.08348" lon="16.27567">
        <ele>504.1</ele>
      </trkpt>
      <trkpt lat="41.083509" lon="16.27555">
        <ele>505.2</ele>
      </trkpt>
      <trkpt lat="41.08357" lon="16.27545">
        <ele>506.1</ele>
      </trkpt>
      <trkpt lat="41.08428" lon="16.27487">
        <ele>510.0</ele>
      </trkpt>
      <trkpt lat="41.08442" lon="16.27475">
        <ele>509.7</ele>
      </trkpt>
      <trkpt lat="41.08444" lon="16.27464">
        <ele>510.3</ele>
      </trkpt>
      <trkpt lat="41.08444" lon="16.27455">
        <ele>510.9</ele>
      </trkpt>
      <trkpt lat="41.08444" lon="16.27455">
        <ele>510.9</ele>
      </trkpt>
      <trkpt lat="41.08443" lon="16.27445">
        <ele>511.7</ele>
      </trkpt>
      <trkpt lat="41.08433" lon="16.27429">
        <ele>513.7</ele>
      </trkpt>
      <trkpt lat="41.08421" lon="16.27427">
        <ele>514.9</ele>
      </trkpt>
      <trkpt lat="41.08387" lon="16.27439">
        <ele>515.0</ele>
      </trkpt>
      <trkpt lat="41.08359" lon="16.274339">
        <ele>516.0</ele>
      </trkpt>
      <trkpt lat="41.083419" lon="16.27423">
        <ele>517.3</ele>
      </trkpt>
      <trkpt lat="41.08321" lon="16.27395">
        <ele>518.8</ele>
      </trkpt>
      <trkpt lat="41.0831" lon="16.27373">
        <ele>519.7</ele>
      </trkpt>
      <trkpt lat="41.08308" lon="16.27351">
        <ele>521.2</ele>
      </trkpt>
      <trkpt lat="41.08322" lon="16.27242">
        <ele>525.0</ele>
      </trkpt>
      <trkpt lat="41.08328" lon="16.27224">
        <ele>525.5</ele>
      </trkpt>
      <trkpt lat="41.08336" lon="16.272079">
        <ele>526.2</ele>
      </trkpt>
      <trkpt lat="41.08347" lon="16.27198">
        <ele>526.9</ele>
      </trkpt>
      <trkpt lat="41.08347" lon="16.271989">
        <ele>526.9</ele>
      </trkpt>
      <trkpt lat="41.083754" lon="16.271904">
        <ele>528.9</ele>
      </trkpt>
      <trkpt lat="41.084043" lon="16.271971">
        <ele>530.8</ele>
      </trkpt>
      <trkpt lat="41.084538" lon="16.27207">
        <ele>530.5</ele>
      </trkpt>
      <trkpt lat="41.084689" lon="16.271992">
        <ele>530.5</ele>
      </trkpt>
      <trkpt lat="41.084877" lon="16.271694">
        <ele>532.6</ele>
      </trkpt>
      <trkpt lat="41.085202" lon="16.271145">
        <ele>530.0</ele>
      </trkpt>
      <trkpt lat="41.08524" lon="16.270836">
        <ele>529.9</ele>
      </trkpt>
      <trkpt lat="41.08514" lon="16.270586">
        <ele>529.8</ele>
      </trkpt>
      <trkpt lat="41.084919" lon="16.270434">
        <ele>531.1</ele>
      </trkpt>
      <trkpt lat="41.084691" lon="16.270394">
        <ele>530.2</ele>
      </trkpt>
      <trkpt lat="41.084498" lon="16.27053">
        <ele>531.4</ele>
      </trkpt>
      <trkpt lat="41.084383" lon="16.270774">
        <ele>533.9</ele>
      </trkpt>
      <trkpt lat="41.084396" lon="16.271099">
        <ele>533.8</ele>
      </trkpt>
      <trkpt lat="41.084463" lon="16.271294">
        <ele>533.4</ele>
      </trkpt>
      <trkpt lat="41.084646" lon="16.271373">
        <ele>533.5</ele>
      </trkpt>
      <trkpt lat="41.084725" lon="16.271374">
        <ele>533.6</ele>
      </trkpt>
    </trkseg>
  </trk>
</gpx>
