<?xml version="1.0" encoding="UTF-8"?>
<gpx xmlns:gpxdata="http://www.cluetrust.com/XML/GPXDATA/1/0" xmlns:xsi="http://www.w3.org/2001/XMLSchema-instance" xmlns="http://www.topografix.com/GPX/1/1" version="1.1" creator="http://ridewithgps.com/" xsi:schemaLocation="http://www.topografix.com/GPX/1/1 http://www.topografix.com/GPX/1/1/gpx.xsd http://www.cluetrust.com/XML/GPXDATA/1/0 http://www.cluetrust.com/Schemas/gpxdata10.xsd">
  <metadata>
    <name>05 CICLOVIA DELL'ACQUEDOTTO - CASTEL DEL MONTE-CASSANO DELLE MURGE NEW 2022</name>
    <link href="https://ridewithgps.com/routes/38548111">
      <text>05 CICLOVIA DELL'ACQUEDOTTO - CASTEL DEL MONTE-CASSANO DELLE MURGE NEW 2022</text>
    </link>
    <time>2022-02-12T13:15:23Z</time>
  </metadata>
  <trk>
    <name>05 CICLOVIA DELL'ACQUEDOTTO - CASTEL DEL MONTE-CASSANO DELLE MURGE NEW 2022</name>
    <trkseg>
      <trkpt lat="41.08473" lon="16.27139">
        <ele>533.6</ele>
      </trkpt>
      <trkpt lat="41.08473" lon="16.27139">
        <ele>533.6</ele>
      </trkpt>
      <trkpt lat="41.08456" lon="16.271339">
        <ele>533.4</ele>
      </trkpt>
      <trkpt lat="41.084449" lon="16.27126">
        <ele>533.5</ele>
      </trkpt>
      <trkpt lat="41.08438" lon="16.27108">
        <ele>533.8</ele>
      </trkpt>
      <trkpt lat="41.08437" lon="16.27093">
        <ele>534.2</ele>
      </trkpt>
      <trkpt lat="41.08437" lon="16.270859">
        <ele>534.4</ele>
      </trkpt>
      <trkpt lat="41.08441" lon="16.270679">
        <ele>532.9</ele>
      </trkpt>
      <trkpt lat="41.08447" lon="16.27056">
        <ele>531.7</ele>
      </trkpt>
      <trkpt lat="41.08458" lon="16.27046">
        <ele>530.7</ele>
      </trkpt>
      <trkpt lat="41.08468" lon="16.270409">
        <ele>530.3</ele>
      </trkpt>
      <trkpt lat="41.08479" lon="16.270399">
        <ele>530.4</ele>
      </trkpt>
      <trkpt lat="41.08495" lon="16.27044">
        <ele>531.2</ele>
      </trkpt>
      <trkpt lat="41.08504" lon="16.270489">
        <ele>531.0</ele>
      </trkpt>
      <trkpt lat="41.0851" lon="16.27055">
        <ele>530.3</ele>
      </trkpt>
      <trkpt lat="41.08518" lon="16.27067">
        <ele>529.8</ele>
      </trkpt>
      <trkpt lat="41.08522" lon="16.2708">
        <ele>530.1</ele>
      </trkpt>
      <trkpt lat="41.08524" lon="16.27092">
        <ele>529.7</ele>
      </trkpt>
      <trkpt lat="41.08522" lon="16.271059">
        <ele>529.8</ele>
      </trkpt>
      <trkpt lat="41.08518" lon="16.27119">
        <ele>530.4</ele>
      </trkpt>
      <trkpt lat="41.08513" lon="16.27127">
        <ele>531.3</ele>
      </trkpt>
      <trkpt lat="41.08513" lon="16.27127">
        <ele>531.3</ele>
      </trkpt>
      <trkpt lat="41.084739" lon="16.27193">
        <ele>530.8</ele>
      </trkpt>
      <trkpt lat="41.08467" lon="16.271999">
        <ele>530.5</ele>
      </trkpt>
      <trkpt lat="41.08452" lon="16.27207">
        <ele>530.5</ele>
      </trkpt>
      <trkpt lat="41.08382" lon="16.27192">
        <ele>529.3</ele>
      </trkpt>
      <trkpt lat="41.08367" lon="16.271909">
        <ele>528.3</ele>
      </trkpt>
      <trkpt lat="41.08353" lon="16.27195">
        <ele>527.3</ele>
      </trkpt>
      <trkpt lat="41.083442" lon="16.271998">
        <ele>526.7</ele>
      </trkpt>
      <trkpt lat="41.08344" lon="16.271999">
        <ele>526.7</ele>
      </trkpt>
      <trkpt lat="41.08336" lon="16.272079">
        <ele>526.2</ele>
      </trkpt>
      <trkpt lat="41.08328" lon="16.27224">
        <ele>525.5</ele>
      </trkpt>
      <trkpt lat="41.08322" lon="16.27242">
        <ele>525.0</ele>
      </trkpt>
      <trkpt lat="41.08308" lon="16.27351">
        <ele>521.2</ele>
      </trkpt>
      <trkpt lat="41.0831" lon="16.27373">
        <ele>519.7</ele>
      </trkpt>
      <trkpt lat="41.08321" lon="16.27395">
        <ele>518.8</ele>
      </trkpt>
      <trkpt lat="41.083419" lon="16.27423">
        <ele>517.3</ele>
      </trkpt>
      <trkpt lat="41.08359" lon="16.274339">
        <ele>516.0</ele>
      </trkpt>
      <trkpt lat="41.08387" lon="16.27439">
        <ele>515.0</ele>
      </trkpt>
      <trkpt lat="41.08421" lon="16.27427">
        <ele>514.9</ele>
      </trkpt>
      <trkpt lat="41.08433" lon="16.27429">
        <ele>513.7</ele>
      </trkpt>
      <trkpt lat="41.08443" lon="16.27445">
        <ele>511.7</ele>
      </trkpt>
      <trkpt lat="41.08443" lon="16.274529">
        <ele>511.2</ele>
      </trkpt>
      <trkpt lat="41.08443" lon="16.274529">
        <ele>511.2</ele>
      </trkpt>
      <trkpt lat="41.08444" lon="16.27464">
        <ele>510.3</ele>
      </trkpt>
      <trkpt lat="41.08442" lon="16.27475">
        <ele>509.7</ele>
      </trkpt>
      <trkpt lat="41.084069" lon="16.27504">
        <ele>509.6</ele>
      </trkpt>
      <trkpt lat="41.08357" lon="16.27545">
        <ele>506.1</ele>
      </trkpt>
      <trkpt lat="41.083509" lon="16.27555">
        <ele>505.2</ele>
      </trkpt>
      <trkpt lat="41.08348" lon="16.27567">
        <ele>504.1</ele>
      </trkpt>
      <trkpt lat="41.08345" lon="16.276029">
        <ele>500.4</ele>
      </trkpt>
      <trkpt lat="41.08388" lon="16.2761">
        <ele>497.5</ele>
      </trkpt>
      <trkpt lat="41.08422" lon="16.27606">
        <ele>496.3</ele>
      </trkpt>
      <trkpt lat="41.08472" lon="16.275929">
        <ele>494.5</ele>
      </trkpt>
      <trkpt lat="41.0849" lon="16.27588">
        <ele>494.0</ele>
      </trkpt>
      <trkpt lat="41.08534" lon="16.27568">
        <ele>491.6</ele>
      </trkpt>
      <trkpt lat="41.08612" lon="16.27514">
        <ele>486.5</ele>
      </trkpt>
      <trkpt lat="41.08691" lon="16.27461">
        <ele>476.9</ele>
      </trkpt>
      <trkpt lat="41.08769" lon="16.27408">
        <ele>471.4</ele>
      </trkpt>
      <trkpt lat="41.08794" lon="16.27385">
        <ele>470.2</ele>
      </trkpt>
      <trkpt lat="41.08863" lon="16.27316">
        <ele>465.9</ele>
      </trkpt>
      <trkpt lat="41.0888" lon="16.27307">
        <ele>464.0</ele>
      </trkpt>
      <trkpt lat="41.08898" lon="16.27304">
        <ele>461.9</ele>
      </trkpt>
      <trkpt lat="41.08914" lon="16.2731">
        <ele>459.9</ele>
      </trkpt>
      <trkpt lat="41.08929" lon="16.273209">
        <ele>458.5</ele>
      </trkpt>
      <trkpt lat="41.08987" lon="16.27391">
        <ele>453.9</ele>
      </trkpt>
      <trkpt lat="41.09021" lon="16.27432">
        <ele>450.8</ele>
      </trkpt>
      <trkpt lat="41.09055" lon="16.27474">
        <ele>447.2</ele>
      </trkpt>
      <trkpt lat="41.090739" lon="16.27493">
        <ele>445.6</ele>
      </trkpt>
      <trkpt lat="41.09089" lon="16.27503">
        <ele>444.6</ele>
      </trkpt>
      <trkpt lat="41.09109" lon="16.275089">
        <ele>443.5</ele>
      </trkpt>
      <trkpt lat="41.09131" lon="16.275089">
        <ele>442.6</ele>
      </trkpt>
      <trkpt lat="41.09204" lon="16.27497">
        <ele>439.2</ele>
      </trkpt>
      <trkpt lat="41.09249" lon="16.27489">
        <ele>437.0</ele>
      </trkpt>
      <trkpt lat="41.09294" lon="16.274809">
        <ele>433.7</ele>
      </trkpt>
      <trkpt lat="41.09322" lon="16.274809">
        <ele>431.6</ele>
      </trkpt>
      <trkpt lat="41.093359" lon="16.27483">
        <ele>430.6</ele>
      </trkpt>
      <trkpt lat="41.0935" lon="16.27487">
        <ele>429.3</ele>
      </trkpt>
      <trkpt lat="41.09378" lon="16.27501">
        <ele>426.7</ele>
      </trkpt>
      <trkpt lat="41.09442" lon="16.27542">
        <ele>421.2</ele>
      </trkpt>
      <trkpt lat="41.095059" lon="16.27583">
        <ele>415.8</ele>
      </trkpt>
      <trkpt lat="41.0957" lon="16.27625">
        <ele>414.1</ele>
      </trkpt>
      <trkpt lat="41.09634" lon="16.27666">
        <ele>410.4</ele>
      </trkpt>
      <trkpt lat="41.09634" lon="16.27666">
        <ele>410.4</ele>
      </trkpt>
      <trkpt lat="41.09705" lon="16.2771">
        <ele>407.8</ele>
      </trkpt>
      <trkpt lat="41.09777" lon="16.277539">
        <ele>405.0</ele>
      </trkpt>
      <trkpt lat="41.09799" lon="16.27764">
        <ele>405.4</ele>
      </trkpt>
      <trkpt lat="41.09846" lon="16.277809">
        <ele>406.0</ele>
      </trkpt>
      <trkpt lat="41.09906" lon="16.27816">
        <ele>404.8</ele>
      </trkpt>
      <trkpt lat="41.09931" lon="16.278279">
        <ele>404.0</ele>
      </trkpt>
      <trkpt lat="41.1" lon="16.27853">
        <ele>401.5</ele>
      </trkpt>
      <trkpt lat="41.1007" lon="16.27879">
        <ele>397.1</ele>
      </trkpt>
      <trkpt lat="41.1014" lon="16.279039">
        <ele>392.6</ele>
      </trkpt>
      <trkpt lat="41.102089" lon="16.27929">
        <ele>386.3</ele>
      </trkpt>
      <trkpt lat="41.10273" lon="16.279499">
        <ele>379.9</ele>
      </trkpt>
      <trkpt lat="41.10267" lon="16.27964">
        <ele>379.9</ele>
      </trkpt>
      <trkpt lat="41.10257" lon="16.27972">
        <ele>380.4</ele>
      </trkpt>
      <trkpt lat="41.10242" lon="16.28001">
        <ele>380.4</ele>
      </trkpt>
      <trkpt lat="41.10201" lon="16.280529">
        <ele>380.1</ele>
      </trkpt>
      <trkpt lat="41.101619" lon="16.28118">
        <ele>379.7</ele>
      </trkpt>
      <trkpt lat="41.10122" lon="16.28183">
        <ele>380.8</ele>
      </trkpt>
      <trkpt lat="41.10083" lon="16.28248">
        <ele>381.1</ele>
      </trkpt>
      <trkpt lat="41.1006" lon="16.28267">
        <ele>380.1</ele>
      </trkpt>
      <trkpt lat="41.1004" lon="16.28274">
        <ele>379.7</ele>
      </trkpt>
      <trkpt lat="41.10019" lon="16.28276">
        <ele>379.7</ele>
      </trkpt>
      <trkpt lat="41.09996" lon="16.28272">
        <ele>380.4</ele>
      </trkpt>
      <trkpt lat="41.09996" lon="16.28272">
        <ele>380.4</ele>
      </trkpt>
      <trkpt lat="41.09948" lon="16.28263">
        <ele>381.7</ele>
      </trkpt>
      <trkpt lat="41.09926" lon="16.282609">
        <ele>382.0</ele>
      </trkpt>
      <trkpt lat="41.09914" lon="16.28265">
        <ele>381.8</ele>
      </trkpt>
      <trkpt lat="41.09903" lon="16.28275">
        <ele>381.4</ele>
      </trkpt>
      <trkpt lat="41.09889" lon="16.282969">
        <ele>380.7</ele>
      </trkpt>
      <trkpt lat="41.09845" lon="16.28379">
        <ele>383.4</ele>
      </trkpt>
      <trkpt lat="41.09802" lon="16.28462">
        <ele>382.5</ele>
      </trkpt>
      <trkpt lat="41.09758" lon="16.28544">
        <ele>378.0</ele>
      </trkpt>
      <trkpt lat="41.09739" lon="16.285979">
        <ele>374.9</ele>
      </trkpt>
      <trkpt lat="41.09719" lon="16.28652">
        <ele>375.3</ele>
      </trkpt>
      <trkpt lat="41.09706" lon="16.28699">
        <ele>377.9</ele>
      </trkpt>
      <trkpt lat="41.09704" lon="16.28714">
        <ele>378.9</ele>
      </trkpt>
      <trkpt lat="41.09705" lon="16.287299">
        <ele>379.7</ele>
      </trkpt>
      <trkpt lat="41.09709" lon="16.28743">
        <ele>380.1</ele>
      </trkpt>
      <trkpt lat="41.09719" lon="16.28764">
        <ele>381.2</ele>
      </trkpt>
      <trkpt lat="41.097589" lon="16.2882">
        <ele>383.7</ele>
      </trkpt>
      <trkpt lat="41.09772" lon="16.28849">
        <ele>384.7</ele>
      </trkpt>
      <trkpt lat="41.0978" lon="16.28881">
        <ele>385.4</ele>
      </trkpt>
      <trkpt lat="41.09784" lon="16.28906">
        <ele>386.0</ele>
      </trkpt>
      <trkpt lat="41.09784" lon="16.28997">
        <ele>385.5</ele>
      </trkpt>
      <trkpt lat="41.09785" lon="16.29087">
        <ele>383.8</ele>
      </trkpt>
      <trkpt lat="41.09785" lon="16.29178">
        <ele>380.8</ele>
      </trkpt>
      <trkpt lat="41.09769" lon="16.29247">
        <ele>378.9</ele>
      </trkpt>
      <trkpt lat="41.09743" lon="16.293299">
        <ele>379.9</ele>
      </trkpt>
      <trkpt lat="41.09718" lon="16.29413">
        <ele>379.0</ele>
      </trkpt>
      <trkpt lat="41.09701" lon="16.29456">
        <ele>379.0</ele>
      </trkpt>
      <trkpt lat="41.09686" lon="16.29482">
        <ele>379.5</ele>
      </trkpt>
      <trkpt lat="41.09662" lon="16.29513">
        <ele>380.3</ele>
      </trkpt>
      <trkpt lat="41.09636" lon="16.29534">
        <ele>380.2</ele>
      </trkpt>
      <trkpt lat="41.09593" lon="16.29562">
        <ele>380.3</ele>
      </trkpt>
      <trkpt lat="41.09581" lon="16.29581">
        <ele>379.3</ele>
      </trkpt>
      <trkpt lat="41.09578" lon="16.2959">
        <ele>379.2</ele>
      </trkpt>
      <trkpt lat="41.09575" lon="16.296199">
        <ele>378.8</ele>
      </trkpt>
      <trkpt lat="41.09573" lon="16.29727">
        <ele>380.3</ele>
      </trkpt>
      <trkpt lat="41.095709" lon="16.29834">
        <ele>379.6</ele>
      </trkpt>
      <trkpt lat="41.09554" lon="16.29896">
        <ele>378.9</ele>
      </trkpt>
      <trkpt lat="41.09538" lon="16.299579">
        <ele>378.7</ele>
      </trkpt>
      <trkpt lat="41.09507" lon="16.30069">
        <ele>378.0</ele>
      </trkpt>
      <trkpt lat="41.09476" lon="16.30179">
        <ele>379.3</ele>
      </trkpt>
      <trkpt lat="41.09475" lon="16.30188">
        <ele>379.3</ele>
      </trkpt>
      <trkpt lat="41.09476" lon="16.30196">
        <ele>379.1</ele>
      </trkpt>
      <trkpt lat="41.09471" lon="16.30232">
        <ele>379.3</ele>
      </trkpt>
      <trkpt lat="41.094499" lon="16.30321">
        <ele>379.0</ele>
      </trkpt>
      <trkpt lat="41.09429" lon="16.304099">
        <ele>379.2</ele>
      </trkpt>
      <trkpt lat="41.09408" lon="16.305">
        <ele>379.6</ele>
      </trkpt>
      <trkpt lat="41.09387" lon="16.30589">
        <ele>378.4</ele>
      </trkpt>
      <trkpt lat="41.09379" lon="16.30609">
        <ele>378.6</ele>
      </trkpt>
      <trkpt lat="41.093649" lon="16.30632">
        <ele>379.0</ele>
      </trkpt>
      <trkpt lat="41.09329" lon="16.30678">
        <ele>379.5</ele>
      </trkpt>
      <trkpt lat="41.09292" lon="16.30725">
        <ele>378.3</ele>
      </trkpt>
      <trkpt lat="41.09254" lon="16.30777">
        <ele>377.2</ele>
      </trkpt>
      <trkpt lat="41.09211" lon="16.30828">
        <ele>377.1</ele>
      </trkpt>
      <trkpt lat="41.091769" lon="16.30853">
        <ele>378.1</ele>
      </trkpt>
      <trkpt lat="41.09156" lon="16.30862">
        <ele>378.6</ele>
      </trkpt>
      <trkpt lat="41.09133" lon="16.3087">
        <ele>378.8</ele>
      </trkpt>
      <trkpt lat="41.09053" lon="16.30877">
        <ele>379.5</ele>
      </trkpt>
      <trkpt lat="41.0897" lon="16.30895">
        <ele>378.5</ele>
      </trkpt>
      <trkpt lat="41.089329" lon="16.309259">
        <ele>378.0</ele>
      </trkpt>
      <trkpt lat="41.089149" lon="16.30952">
        <ele>377.4</ele>
      </trkpt>
      <trkpt lat="41.08899" lon="16.30983">
        <ele>376.5</ele>
      </trkpt>
      <trkpt lat="41.08888" lon="16.31013">
        <ele>375.8</ele>
      </trkpt>
      <trkpt lat="41.0888" lon="16.310559">
        <ele>375.4</ele>
      </trkpt>
      <trkpt lat="41.08883" lon="16.31146">
        <ele>376.3</ele>
      </trkpt>
      <trkpt lat="41.08887" lon="16.31237">
        <ele>381.5</ele>
      </trkpt>
      <trkpt lat="41.08887" lon="16.31237">
        <ele>381.5</ele>
      </trkpt>
      <trkpt lat="41.08892" lon="16.31345">
        <ele>385.4</ele>
      </trkpt>
      <trkpt lat="41.08897" lon="16.31453">
        <ele>386.7</ele>
      </trkpt>
      <trkpt lat="41.08902" lon="16.31561">
        <ele>384.9</ele>
      </trkpt>
      <trkpt lat="41.08907" lon="16.31669">
        <ele>382.0</ele>
      </trkpt>
      <trkpt lat="41.08904" lon="16.316759">
        <ele>381.8</ele>
      </trkpt>
      <trkpt lat="41.08908" lon="16.317029">
        <ele>380.8</ele>
      </trkpt>
      <trkpt lat="41.0891" lon="16.317599">
        <ele>379.2</ele>
      </trkpt>
      <trkpt lat="41.08913" lon="16.31782">
        <ele>379.1</ele>
      </trkpt>
      <trkpt lat="41.08919" lon="16.31803">
        <ele>378.9</ele>
      </trkpt>
      <trkpt lat="41.08943" lon="16.31834">
        <ele>377.8</ele>
      </trkpt>
      <trkpt lat="41.089619" lon="16.31869">
        <ele>377.9</ele>
      </trkpt>
      <trkpt lat="41.08965" lon="16.31889">
        <ele>378.4</ele>
      </trkpt>
      <trkpt lat="41.08964" lon="16.31908">
        <ele>379.0</ele>
      </trkpt>
      <trkpt lat="41.08959" lon="16.31933">
        <ele>379.1</ele>
      </trkpt>
      <trkpt lat="41.08949" lon="16.319579">
        <ele>378.8</ele>
      </trkpt>
      <trkpt lat="41.08935" lon="16.32002">
        <ele>378.3</ele>
      </trkpt>
      <trkpt lat="41.089239" lon="16.320229">
        <ele>378.2</ele>
      </trkpt>
      <trkpt lat="41.0891" lon="16.32039">
        <ele>378.4</ele>
      </trkpt>
      <trkpt lat="41.0886" lon="16.32072">
        <ele>380.1</ele>
      </trkpt>
      <trkpt lat="41.0886" lon="16.32072">
        <ele>380.1</ele>
      </trkpt>
      <trkpt lat="41.08852" lon="16.32077">
        <ele>380.3</ele>
      </trkpt>
      <trkpt lat="41.0884" lon="16.32045">
        <ele>382.0</ele>
      </trkpt>
      <trkpt lat="41.08811" lon="16.31981">
        <ele>384.6</ele>
      </trkpt>
      <trkpt lat="41.08781" lon="16.31918">
        <ele>384.9</ele>
      </trkpt>
      <trkpt lat="41.08737" lon="16.31814">
        <ele>385.5</ele>
      </trkpt>
      <trkpt lat="41.08724" lon="16.31782">
        <ele>385.6</ele>
      </trkpt>
      <trkpt lat="41.08699" lon="16.317029">
        <ele>386.3</ele>
      </trkpt>
      <trkpt lat="41.08674" lon="16.31625">
        <ele>388.9</ele>
      </trkpt>
      <trkpt lat="41.08649" lon="16.31546">
        <ele>391.4</ele>
      </trkpt>
      <trkpt lat="41.08605" lon="16.31567">
        <ele>391.1</ele>
      </trkpt>
      <trkpt lat="41.08584" lon="16.315819">
        <ele>391.0</ele>
      </trkpt>
      <trkpt lat="41.08532" lon="16.31612">
        <ele>391.6</ele>
      </trkpt>
      <trkpt lat="41.08481" lon="16.31643">
        <ele>393.7</ele>
      </trkpt>
      <trkpt lat="41.08457" lon="16.316559">
        <ele>395.0</ele>
      </trkpt>
      <trkpt lat="41.084359" lon="16.3167">
        <ele>396.2</ele>
      </trkpt>
      <trkpt lat="41.08386" lon="16.31699">
        <ele>399.6</ele>
      </trkpt>
      <trkpt lat="41.08336" lon="16.31729">
        <ele>403.3</ele>
      </trkpt>
      <trkpt lat="41.082949" lon="16.317519">
        <ele>407.2</ele>
      </trkpt>
      <trkpt lat="41.08253" lon="16.31775">
        <ele>409.6</ele>
      </trkpt>
      <trkpt lat="41.0819" lon="16.31813">
        <ele>412.1</ele>
      </trkpt>
      <trkpt lat="41.08127" lon="16.31852">
        <ele>414.6</ele>
      </trkpt>
      <trkpt lat="41.08111" lon="16.3186">
        <ele>415.3</ele>
      </trkpt>
      <trkpt lat="41.0809" lon="16.31875">
        <ele>416.1</ele>
      </trkpt>
      <trkpt lat="41.08055" lon="16.318919">
        <ele>417.8</ele>
      </trkpt>
      <trkpt lat="41.07994" lon="16.31928">
        <ele>420.8</ele>
      </trkpt>
      <trkpt lat="41.07932" lon="16.31965">
        <ele>422.3</ele>
      </trkpt>
      <trkpt lat="41.07926" lon="16.319759">
        <ele>422.5</ele>
      </trkpt>
      <trkpt lat="41.07923" lon="16.319849">
        <ele>422.7</ele>
      </trkpt>
      <trkpt lat="41.079189" lon="16.32016">
        <ele>422.7</ele>
      </trkpt>
      <trkpt lat="41.07903" lon="16.320509">
        <ele>422.8</ele>
      </trkpt>
      <trkpt lat="41.07903" lon="16.320509">
        <ele>422.8</ele>
      </trkpt>
      <trkpt lat="41.07903" lon="16.32056">
        <ele>422.8</ele>
      </trkpt>
      <trkpt lat="41.07947" lon="16.32087">
        <ele>419.7</ele>
      </trkpt>
      <trkpt lat="41.07991" lon="16.321179">
        <ele>416.5</ele>
      </trkpt>
      <trkpt lat="41.08062" lon="16.32167">
        <ele>412.3</ele>
      </trkpt>
      <trkpt lat="41.08133" lon="16.32215">
        <ele>407.9</ele>
      </trkpt>
      <trkpt lat="41.08174" lon="16.32247">
        <ele>406.9</ele>
      </trkpt>
      <trkpt lat="41.08197" lon="16.32262">
        <ele>406.1</ele>
      </trkpt>
      <trkpt lat="41.08212" lon="16.32269">
        <ele>405.7</ele>
      </trkpt>
      <trkpt lat="41.08234" lon="16.32289">
        <ele>405.0</ele>
      </trkpt>
      <trkpt lat="41.08235" lon="16.32294">
        <ele>404.8</ele>
      </trkpt>
      <trkpt lat="41.0822" lon="16.32334">
        <ele>403.2</ele>
      </trkpt>
      <trkpt lat="41.08197" lon="16.32387">
        <ele>399.7</ele>
      </trkpt>
      <trkpt lat="41.08187" lon="16.324169">
        <ele>397.7</ele>
      </trkpt>
      <trkpt lat="41.08155" lon="16.324929">
        <ele>394.5</ele>
      </trkpt>
      <trkpt lat="41.08124" lon="16.3257">
        <ele>392.9</ele>
      </trkpt>
      <trkpt lat="41.08092" lon="16.32646">
        <ele>394.2</ele>
      </trkpt>
      <trkpt lat="41.08049" lon="16.327269">
        <ele>396.2</ele>
      </trkpt>
      <trkpt lat="41.08035" lon="16.32758">
        <ele>397.0</ele>
      </trkpt>
      <trkpt lat="41.0802" lon="16.32782">
        <ele>397.2</ele>
      </trkpt>
      <trkpt lat="41.0798" lon="16.32809">
        <ele>398.5</ele>
      </trkpt>
      <trkpt lat="41.07971" lon="16.32816">
        <ele>398.7</ele>
      </trkpt>
      <trkpt lat="41.07949" lon="16.328479">
        <ele>398.5</ele>
      </trkpt>
      <trkpt lat="41.0794" lon="16.32865">
        <ele>397.8</ele>
      </trkpt>
      <trkpt lat="41.07928" lon="16.328949">
        <ele>396.7</ele>
      </trkpt>
      <trkpt lat="41.07914" lon="16.32941">
        <ele>394.3</ele>
      </trkpt>
      <trkpt lat="41.07915" lon="16.3295">
        <ele>393.7</ele>
      </trkpt>
      <trkpt lat="41.07921" lon="16.32964">
        <ele>392.4</ele>
      </trkpt>
      <trkpt lat="41.07929" lon="16.32975">
        <ele>391.4</ele>
      </trkpt>
      <trkpt lat="41.07997" lon="16.3305">
        <ele>386.5</ele>
      </trkpt>
      <trkpt lat="41.08068" lon="16.331219">
        <ele>383.1</ele>
      </trkpt>
      <trkpt lat="41.0814" lon="16.33194">
        <ele>376.8</ele>
      </trkpt>
      <trkpt lat="41.08115" lon="16.3325">
        <ele>376.5</ele>
      </trkpt>
      <trkpt lat="41.08091" lon="16.33306">
        <ele>377.0</ele>
      </trkpt>
      <trkpt lat="41.08057" lon="16.33414">
        <ele>379.2</ele>
      </trkpt>
      <trkpt lat="41.08023" lon="16.33514">
        <ele>378.6</ele>
      </trkpt>
      <trkpt lat="41.0799" lon="16.33615">
        <ele>377.7</ele>
      </trkpt>
      <trkpt lat="41.07956" lon="16.33716">
        <ele>378.2</ele>
      </trkpt>
      <trkpt lat="41.07931" lon="16.337959">
        <ele>381.6</ele>
      </trkpt>
      <trkpt lat="41.07907" lon="16.33876">
        <ele>387.0</ele>
      </trkpt>
      <trkpt lat="41.07886" lon="16.3394">
        <ele>390.4</ele>
      </trkpt>
      <trkpt lat="41.07866" lon="16.340039">
        <ele>391.6</ele>
      </trkpt>
      <trkpt lat="41.07835" lon="16.340959">
        <ele>391.0</ele>
      </trkpt>
      <trkpt lat="41.07805" lon="16.34188">
        <ele>386.4</ele>
      </trkpt>
      <trkpt lat="41.07774" lon="16.3428">
        <ele>382.6</ele>
      </trkpt>
      <trkpt lat="41.07744" lon="16.34372">
        <ele>377.4</ele>
      </trkpt>
      <trkpt lat="41.07714" lon="16.344639">
        <ele>375.9</ele>
      </trkpt>
      <trkpt lat="41.07701" lon="16.34493">
        <ele>376.7</ele>
      </trkpt>
      <trkpt lat="41.07699" lon="16.345109">
        <ele>376.7</ele>
      </trkpt>
      <trkpt lat="41.07663" lon="16.3462">
        <ele>377.5</ele>
      </trkpt>
      <trkpt lat="41.076279" lon="16.34728">
        <ele>377.2</ele>
      </trkpt>
      <trkpt lat="41.07592" lon="16.34836">
        <ele>377.4</ele>
      </trkpt>
      <trkpt lat="41.07557" lon="16.34945">
        <ele>379.5</ele>
      </trkpt>
      <trkpt lat="41.07522" lon="16.35053">
        <ele>379.5</ele>
      </trkpt>
      <trkpt lat="41.07481" lon="16.35156">
        <ele>380.8</ele>
      </trkpt>
      <trkpt lat="41.0744" lon="16.35259">
        <ele>379.6</ele>
      </trkpt>
      <trkpt lat="41.07399" lon="16.35362">
        <ele>377.9</ele>
      </trkpt>
      <trkpt lat="41.07358" lon="16.35465">
        <ele>376.1</ele>
      </trkpt>
      <trkpt lat="41.07318" lon="16.35568">
        <ele>375.5</ele>
      </trkpt>
      <trkpt lat="41.07318" lon="16.35568">
        <ele>375.5</ele>
      </trkpt>
      <trkpt lat="41.0728" lon="16.35663">
        <ele>376.9</ele>
      </trkpt>
      <trkpt lat="41.07242" lon="16.357589">
        <ele>379.7</ele>
      </trkpt>
      <trkpt lat="41.07204" lon="16.35855">
        <ele>380.9</ele>
      </trkpt>
      <trkpt lat="41.07166" lon="16.3595">
        <ele>378.1</ele>
      </trkpt>
      <trkpt lat="41.07129" lon="16.36046">
        <ele>376.6</ele>
      </trkpt>
      <trkpt lat="41.07091" lon="16.36141">
        <ele>377.8</ele>
      </trkpt>
      <trkpt lat="41.07079" lon="16.36164">
        <ele>378.5</ele>
      </trkpt>
      <trkpt lat="41.07072" lon="16.36192">
        <ele>378.4</ele>
      </trkpt>
      <trkpt lat="41.07031" lon="16.36276">
        <ele>378.7</ele>
      </trkpt>
      <trkpt lat="41.069899" lon="16.3636">
        <ele>375.9</ele>
      </trkpt>
      <trkpt lat="41.06948" lon="16.364439">
        <ele>375.4</ele>
      </trkpt>
      <trkpt lat="41.06907" lon="16.36529">
        <ele>376.3</ele>
      </trkpt>
      <trkpt lat="41.06866" lon="16.366129">
        <ele>377.9</ele>
      </trkpt>
      <trkpt lat="41.06846" lon="16.36648">
        <ele>378.0</ele>
      </trkpt>
      <trkpt lat="41.06809" lon="16.36723">
        <ele>378.3</ele>
      </trkpt>
      <trkpt lat="41.06773" lon="16.367989">
        <ele>377.6</ele>
      </trkpt>
      <trkpt lat="41.067369" lon="16.368739">
        <ele>376.2</ele>
      </trkpt>
      <trkpt lat="41.06692" lon="16.36963">
        <ele>374.9</ele>
      </trkpt>
      <trkpt lat="41.06648" lon="16.37052">
        <ele>375.4</ele>
      </trkpt>
      <trkpt lat="41.06603" lon="16.37142">
        <ele>376.6</ele>
      </trkpt>
      <trkpt lat="41.06559" lon="16.372309">
        <ele>376.8</ele>
      </trkpt>
      <trkpt lat="41.06514" lon="16.3732">
        <ele>376.1</ele>
      </trkpt>
      <trkpt lat="41.0647" lon="16.374089">
        <ele>378.1</ele>
      </trkpt>
      <trkpt lat="41.06466" lon="16.37424">
        <ele>378.2</ele>
      </trkpt>
      <trkpt lat="41.06466" lon="16.37424">
        <ele>378.2</ele>
      </trkpt>
      <trkpt lat="41.06459" lon="16.37449">
        <ele>378.1</ele>
      </trkpt>
      <trkpt lat="41.06458" lon="16.374949">
        <ele>376.2</ele>
      </trkpt>
      <trkpt lat="41.06458" lon="16.37558">
        <ele>374.6</ele>
      </trkpt>
      <trkpt lat="41.06459" lon="16.37622">
        <ele>374.0</ele>
      </trkpt>
      <trkpt lat="41.0646" lon="16.37705">
        <ele>373.9</ele>
      </trkpt>
      <trkpt lat="41.06462" lon="16.37789">
        <ele>374.0</ele>
      </trkpt>
      <trkpt lat="41.06463" lon="16.37873">
        <ele>375.1</ele>
      </trkpt>
      <trkpt lat="41.06472" lon="16.379539">
        <ele>376.8</ele>
      </trkpt>
      <trkpt lat="41.06482" lon="16.38035">
        <ele>378.3</ele>
      </trkpt>
      <trkpt lat="41.06488" lon="16.381129">
        <ele>376.9</ele>
      </trkpt>
      <trkpt lat="41.06486" lon="16.38204">
        <ele>374.8</ele>
      </trkpt>
      <trkpt lat="41.06474" lon="16.38294">
        <ele>375.3</ele>
      </trkpt>
      <trkpt lat="41.06466" lon="16.383389">
        <ele>375.7</ele>
      </trkpt>
      <trkpt lat="41.064549" lon="16.38382">
        <ele>375.6</ele>
      </trkpt>
      <trkpt lat="41.06433" lon="16.38439">
        <ele>375.8</ele>
      </trkpt>
      <trkpt lat="41.06412" lon="16.38495">
        <ele>376.4</ele>
      </trkpt>
      <trkpt lat="41.06378" lon="16.385629">
        <ele>376.5</ele>
      </trkpt>
      <trkpt lat="41.06358" lon="16.38594">
        <ele>376.7</ele>
      </trkpt>
      <trkpt lat="41.06316" lon="16.38652">
        <ele>376.9</ele>
      </trkpt>
      <trkpt lat="41.06264" lon="16.387329">
        <ele>376.4</ele>
      </trkpt>
      <trkpt lat="41.06213" lon="16.38814">
        <ele>376.3</ele>
      </trkpt>
      <trkpt lat="41.06162" lon="16.38895">
        <ele>375.3</ele>
      </trkpt>
      <trkpt lat="41.06111" lon="16.38975">
        <ele>375.4</ele>
      </trkpt>
      <trkpt lat="41.06077" lon="16.39027">
        <ele>375.4</ele>
      </trkpt>
      <trkpt lat="41.06044" lon="16.39078">
        <ele>375.5</ele>
      </trkpt>
      <trkpt lat="41.06032" lon="16.39124">
        <ele>375.6</ele>
      </trkpt>
      <trkpt lat="41.06033" lon="16.39188">
        <ele>376.4</ele>
      </trkpt>
      <trkpt lat="41.060339" lon="16.39252">
        <ele>376.3</ele>
      </trkpt>
      <trkpt lat="41.060339" lon="16.39302">
        <ele>375.7</ele>
      </trkpt>
      <trkpt lat="41.06022" lon="16.39363">
        <ele>375.4</ele>
      </trkpt>
      <trkpt lat="41.0601" lon="16.394089">
        <ele>374.5</ele>
      </trkpt>
      <trkpt lat="41.0598" lon="16.39473">
        <ele>374.3</ele>
      </trkpt>
      <trkpt lat="41.05924" lon="16.39546">
        <ele>375.1</ele>
      </trkpt>
      <trkpt lat="41.05895" lon="16.395959">
        <ele>375.1</ele>
      </trkpt>
      <trkpt lat="41.05882" lon="16.39622">
        <ele>376.1</ele>
      </trkpt>
      <trkpt lat="41.05872" lon="16.39648">
        <ele>376.6</ele>
      </trkpt>
      <trkpt lat="41.05862" lon="16.396989">
        <ele>376.1</ele>
      </trkpt>
      <trkpt lat="41.05861" lon="16.39741">
        <ele>374.7</ele>
      </trkpt>
      <trkpt lat="41.05862" lon="16.397469">
        <ele>374.4</ele>
      </trkpt>
      <trkpt lat="41.05862" lon="16.397469">
        <ele>374.4</ele>
      </trkpt>
      <trkpt lat="41.05878" lon="16.398579">
        <ele>375.7</ele>
      </trkpt>
      <trkpt lat="41.0588" lon="16.398879">
        <ele>375.4</ele>
      </trkpt>
      <trkpt lat="41.05876" lon="16.39928">
        <ele>375.5</ele>
      </trkpt>
      <trkpt lat="41.05867" lon="16.39958">
        <ele>375.5</ele>
      </trkpt>
      <trkpt lat="41.05833" lon="16.400459">
        <ele>375.3</ele>
      </trkpt>
      <trkpt lat="41.05812" lon="16.40082">
        <ele>375.1</ele>
      </trkpt>
      <trkpt lat="41.05803" lon="16.400929">
        <ele>375.3</ele>
      </trkpt>
      <trkpt lat="41.05791" lon="16.401039">
        <ele>375.6</ele>
      </trkpt>
      <trkpt lat="41.05772" lon="16.40117">
        <ele>376.1</ele>
      </trkpt>
      <trkpt lat="41.0572" lon="16.40138">
        <ele>375.9</ele>
      </trkpt>
      <trkpt lat="41.05701" lon="16.401489">
        <ele>374.8</ele>
      </trkpt>
      <trkpt lat="41.05691" lon="16.401589">
        <ele>375.0</ele>
      </trkpt>
      <trkpt lat="41.05684" lon="16.40173">
        <ele>375.2</ele>
      </trkpt>
      <trkpt lat="41.056669" lon="16.402059">
        <ele>375.8</ele>
      </trkpt>
      <trkpt lat="41.05631" lon="16.40287">
        <ele>377.1</ele>
      </trkpt>
      <trkpt lat="41.056019" lon="16.403479">
        <ele>378.1</ele>
      </trkpt>
      <trkpt lat="41.05586" lon="16.40391">
        <ele>377.7</ele>
      </trkpt>
      <trkpt lat="41.05583" lon="16.404219">
        <ele>377.0</ele>
      </trkpt>
      <trkpt lat="41.05586" lon="16.40463">
        <ele>376.2</ele>
      </trkpt>
      <trkpt lat="41.05599" lon="16.405259">
        <ele>375.3</ele>
      </trkpt>
      <trkpt lat="41.05604" lon="16.40557">
        <ele>375.6</ele>
      </trkpt>
      <trkpt lat="41.05606" lon="16.40588">
        <ele>375.9</ele>
      </trkpt>
      <trkpt lat="41.05594" lon="16.406279">
        <ele>375.5</ele>
      </trkpt>
      <trkpt lat="41.05562" lon="16.40705">
        <ele>377.0</ele>
      </trkpt>
      <trkpt lat="41.05529" lon="16.40783">
        <ele>378.5</ele>
      </trkpt>
      <trkpt lat="41.05538" lon="16.40775">
        <ele>377.9</ele>
      </trkpt>
      <trkpt lat="41.05603" lon="16.4072">
        <ele>372.6</ele>
      </trkpt>
      <trkpt lat="41.05668" lon="16.40658">
        <ele>368.2</ele>
      </trkpt>
      <trkpt lat="41.05691" lon="16.40635">
        <ele>366.7</ele>
      </trkpt>
      <trkpt lat="41.05726" lon="16.405919">
        <ele>364.4</ele>
      </trkpt>
      <trkpt lat="41.057609" lon="16.40548">
        <ele>360.2</ele>
      </trkpt>
      <trkpt lat="41.05776" lon="16.4054">
        <ele>358.6</ele>
      </trkpt>
      <trkpt lat="41.05796" lon="16.40538">
        <ele>356.8</ele>
      </trkpt>
      <trkpt lat="41.05875" lon="16.40558">
        <ele>350.8</ele>
      </trkpt>
      <trkpt lat="41.05953" lon="16.40579">
        <ele>347.1</ele>
      </trkpt>
      <trkpt lat="41.06032" lon="16.40599">
        <ele>344.4</ele>
      </trkpt>
      <trkpt lat="41.0611" lon="16.406199">
        <ele>341.2</ele>
      </trkpt>
      <trkpt lat="41.06089" lon="16.4065">
        <ele>341.2</ele>
      </trkpt>
      <trkpt lat="41.06037" lon="16.40717">
        <ele>340.6</ele>
      </trkpt>
      <trkpt lat="41.05985" lon="16.40783">
        <ele>340.0</ele>
      </trkpt>
      <trkpt lat="41.05933" lon="16.4085">
        <ele>340.7</ele>
      </trkpt>
      <trkpt lat="41.05881" lon="16.40916">
        <ele>340.2</ele>
      </trkpt>
      <trkpt lat="41.05851" lon="16.40961">
        <ele>339.7</ele>
      </trkpt>
      <trkpt lat="41.0582" lon="16.41007">
        <ele>338.7</ele>
      </trkpt>
      <trkpt lat="41.0582" lon="16.41007">
        <ele>338.7</ele>
      </trkpt>
      <trkpt lat="41.05786" lon="16.41058">
        <ele>338.1</ele>
      </trkpt>
      <trkpt lat="41.057519" lon="16.411079">
        <ele>336.8</ele>
      </trkpt>
      <trkpt lat="41.0572" lon="16.411349">
        <ele>337.2</ele>
      </trkpt>
      <trkpt lat="41.05688" lon="16.41177">
        <ele>337.4</ele>
      </trkpt>
      <trkpt lat="41.05656" lon="16.412189">
        <ele>337.5</ele>
      </trkpt>
      <trkpt lat="41.05599" lon="16.41298">
        <ele>337.2</ele>
      </trkpt>
      <trkpt lat="41.05571" lon="16.41356">
        <ele>336.6</ele>
      </trkpt>
      <trkpt lat="41.05541" lon="16.41396">
        <ele>336.1</ele>
      </trkpt>
      <trkpt lat="41.055169" lon="16.41419">
        <ele>336.1</ele>
      </trkpt>
      <trkpt lat="41.05485" lon="16.41462">
        <ele>335.4</ele>
      </trkpt>
      <trkpt lat="41.05453" lon="16.41505">
        <ele>335.2</ele>
      </trkpt>
      <trkpt lat="41.05402" lon="16.415759">
        <ele>336.5</ele>
      </trkpt>
      <trkpt lat="41.05352" lon="16.41648">
        <ele>337.5</ele>
      </trkpt>
      <trkpt lat="41.05322" lon="16.41702">
        <ele>337.7</ele>
      </trkpt>
      <trkpt lat="41.05292" lon="16.41756">
        <ele>338.3</ele>
      </trkpt>
      <trkpt lat="41.05267" lon="16.41732">
        <ele>341.2</ele>
      </trkpt>
      <trkpt lat="41.05244" lon="16.4172">
        <ele>343.7</ele>
      </trkpt>
      <trkpt lat="41.05204" lon="16.41716">
        <ele>348.0</ele>
      </trkpt>
      <trkpt lat="41.05178" lon="16.416879">
        <ele>352.9</ele>
      </trkpt>
      <trkpt lat="41.05169" lon="16.41682">
        <ele>354.4</ele>
      </trkpt>
      <trkpt lat="41.05149" lon="16.416879">
        <ele>355.8</ele>
      </trkpt>
      <trkpt lat="41.05128" lon="16.41669">
        <ele>359.1</ele>
      </trkpt>
      <trkpt lat="41.05095" lon="16.41645">
        <ele>362.7</ele>
      </trkpt>
      <trkpt lat="41.05075" lon="16.41626">
        <ele>364.7</ele>
      </trkpt>
      <trkpt lat="41.05054" lon="16.416139">
        <ele>367.1</ele>
      </trkpt>
      <trkpt lat="41.04993" lon="16.41584">
        <ele>375.6</ele>
      </trkpt>
      <trkpt lat="41.04993" lon="16.41584">
        <ele>375.6</ele>
      </trkpt>
      <trkpt lat="41.04985" lon="16.4158">
        <ele>376.6</ele>
      </trkpt>
      <trkpt lat="41.04938" lon="16.416409">
        <ele>376.1</ele>
      </trkpt>
      <trkpt lat="41.04892" lon="16.41702">
        <ele>375.5</ele>
      </trkpt>
      <trkpt lat="41.04874" lon="16.41721">
        <ele>375.3</ele>
      </trkpt>
      <trkpt lat="41.04868" lon="16.41724">
        <ele>375.4</ele>
      </trkpt>
      <trkpt lat="41.04842" lon="16.41724">
        <ele>376.5</ele>
      </trkpt>
      <trkpt lat="41.04806" lon="16.41713">
        <ele>378.1</ele>
      </trkpt>
      <trkpt lat="41.04783" lon="16.41714">
        <ele>378.4</ele>
      </trkpt>
      <trkpt lat="41.04761" lon="16.41732">
        <ele>378.3</ele>
      </trkpt>
      <trkpt lat="41.04713" lon="16.41789">
        <ele>378.3</ele>
      </trkpt>
      <trkpt lat="41.04702" lon="16.41806">
        <ele>378.3</ele>
      </trkpt>
      <trkpt lat="41.04701" lon="16.41813">
        <ele>378.3</ele>
      </trkpt>
      <trkpt lat="41.04703" lon="16.41827">
        <ele>378.2</ele>
      </trkpt>
      <trkpt lat="41.04702" lon="16.41843">
        <ele>378.2</ele>
      </trkpt>
      <trkpt lat="41.04697" lon="16.41856">
        <ele>378.6</ele>
      </trkpt>
      <trkpt lat="41.0466" lon="16.41913">
        <ele>381.1</ele>
      </trkpt>
      <trkpt lat="41.04651" lon="16.41926">
        <ele>380.2</ele>
      </trkpt>
      <trkpt lat="41.04641" lon="16.41931">
        <ele>379.7</ele>
      </trkpt>
      <trkpt lat="41.04585" lon="16.41944">
        <ele>378.4</ele>
      </trkpt>
      <trkpt lat="41.04565" lon="16.41965">
        <ele>377.5</ele>
      </trkpt>
      <trkpt lat="41.04533" lon="16.420069">
        <ele>379.1</ele>
      </trkpt>
      <trkpt lat="41.04531" lon="16.42015">
        <ele>379.4</ele>
      </trkpt>
      <trkpt lat="41.04534" lon="16.42044">
        <ele>379.3</ele>
      </trkpt>
      <trkpt lat="41.04535" lon="16.42072">
        <ele>379.4</ele>
      </trkpt>
      <trkpt lat="41.04533" lon="16.420919">
        <ele>379.8</ele>
      </trkpt>
      <trkpt lat="41.04529" lon="16.42109">
        <ele>380.2</ele>
      </trkpt>
      <trkpt lat="41.04521" lon="16.421199">
        <ele>381.2</ele>
      </trkpt>
      <trkpt lat="41.04513" lon="16.42128">
        <ele>382.2</ele>
      </trkpt>
      <trkpt lat="41.04472" lon="16.421579">
        <ele>385.3</ele>
      </trkpt>
      <trkpt lat="41.04432" lon="16.42188">
        <ele>386.0</ele>
      </trkpt>
      <trkpt lat="41.044199" lon="16.42193">
        <ele>386.3</ele>
      </trkpt>
      <trkpt lat="41.04407" lon="16.42203">
        <ele>385.7</ele>
      </trkpt>
      <trkpt lat="41.04341" lon="16.422419">
        <ele>383.6</ele>
      </trkpt>
      <trkpt lat="41.043259" lon="16.422519">
        <ele>382.9</ele>
      </trkpt>
      <trkpt lat="41.04263" lon="16.42326">
        <ele>377.1</ele>
      </trkpt>
      <trkpt lat="41.04201" lon="16.42401">
        <ele>379.2</ele>
      </trkpt>
      <trkpt lat="41.04164" lon="16.42436">
        <ele>382.5</ele>
      </trkpt>
      <trkpt lat="41.04111" lon="16.42466">
        <ele>385.9</ele>
      </trkpt>
      <trkpt lat="41.04059" lon="16.424959">
        <ele>386.7</ele>
      </trkpt>
      <trkpt lat="41.04059" lon="16.424959">
        <ele>386.7</ele>
      </trkpt>
      <trkpt lat="41.03978" lon="16.425419">
        <ele>385.3</ele>
      </trkpt>
      <trkpt lat="41.03897" lon="16.425889">
        <ele>380.7</ele>
      </trkpt>
      <trkpt lat="41.03816" lon="16.42635">
        <ele>377.5</ele>
      </trkpt>
      <trkpt lat="41.03735" lon="16.42681">
        <ele>375.1</ele>
      </trkpt>
      <trkpt lat="41.0371" lon="16.426929">
        <ele>374.6</ele>
      </trkpt>
      <trkpt lat="41.03661" lon="16.42723">
        <ele>374.3</ele>
      </trkpt>
      <trkpt lat="41.036119" lon="16.42752">
        <ele>376.2</ele>
      </trkpt>
      <trkpt lat="41.03568" lon="16.427769">
        <ele>376.6</ele>
      </trkpt>
      <trkpt lat="41.03524" lon="16.42802">
        <ele>375.6</ele>
      </trkpt>
      <trkpt lat="41.03497" lon="16.42811">
        <ele>375.3</ele>
      </trkpt>
      <trkpt lat="41.03457" lon="16.42817">
        <ele>374.1</ele>
      </trkpt>
      <trkpt lat="41.03409" lon="16.4281">
        <ele>373.7</ele>
      </trkpt>
      <trkpt lat="41.03383" lon="16.42798">
        <ele>374.0</ele>
      </trkpt>
      <trkpt lat="41.03317" lon="16.42761">
        <ele>374.8</ele>
      </trkpt>
      <trkpt lat="41.0325" lon="16.42724">
        <ele>375.9</ele>
      </trkpt>
      <trkpt lat="41.03176" lon="16.426839">
        <ele>377.2</ele>
      </trkpt>
      <trkpt lat="41.03134" lon="16.42658">
        <ele>373.3</ele>
      </trkpt>
      <trkpt lat="41.03109" lon="16.42615">
        <ele>373.4</ele>
      </trkpt>
      <trkpt lat="41.03097" lon="16.42598">
        <ele>373.5</ele>
      </trkpt>
      <trkpt lat="41.03085" lon="16.42593">
        <ele>373.6</ele>
      </trkpt>
      <trkpt lat="41.03075" lon="16.425909">
        <ele>373.6</ele>
      </trkpt>
      <trkpt lat="41.03" lon="16.42611">
        <ele>374.0</ele>
      </trkpt>
      <trkpt lat="41.02925" lon="16.4263">
        <ele>374.4</ele>
      </trkpt>
      <trkpt lat="41.02914" lon="16.42635">
        <ele>374.4</ele>
      </trkpt>
      <trkpt lat="41.02838" lon="16.42679">
        <ele>374.9</ele>
      </trkpt>
      <trkpt lat="41.02763" lon="16.427219">
        <ele>375.5</ele>
      </trkpt>
      <trkpt lat="41.027389" lon="16.42738">
        <ele>375.6</ele>
      </trkpt>
      <trkpt lat="41.02724" lon="16.42754">
        <ele>375.7</ele>
      </trkpt>
      <trkpt lat="41.02686" lon="16.42811">
        <ele>375.8</ele>
      </trkpt>
      <trkpt lat="41.02648" lon="16.42867">
        <ele>375.5</ele>
      </trkpt>
      <trkpt lat="41.02625" lon="16.428909">
        <ele>375.7</ele>
      </trkpt>
      <trkpt lat="41.02609" lon="16.42903">
        <ele>376.1</ele>
      </trkpt>
      <trkpt lat="41.02582" lon="16.4292">
        <ele>376.9</ele>
      </trkpt>
      <trkpt lat="41.02562" lon="16.42926">
        <ele>376.7</ele>
      </trkpt>
      <trkpt lat="41.02543" lon="16.429279">
        <ele>376.5</ele>
      </trkpt>
      <trkpt lat="41.02482" lon="16.42924">
        <ele>376.8</ele>
      </trkpt>
      <trkpt lat="41.02453" lon="16.4292">
        <ele>377.4</ele>
      </trkpt>
      <trkpt lat="41.02433" lon="16.42922">
        <ele>377.5</ele>
      </trkpt>
      <trkpt lat="41.02408" lon="16.4293">
        <ele>377.2</ele>
      </trkpt>
      <trkpt lat="41.02389" lon="16.42941">
        <ele>376.6</ele>
      </trkpt>
      <trkpt lat="41.02389" lon="16.42941">
        <ele>376.6</ele>
      </trkpt>
      <trkpt lat="41.02384" lon="16.42944">
        <ele>376.5</ele>
      </trkpt>
      <trkpt lat="41.02378" lon="16.42942">
        <ele>376.6</ele>
      </trkpt>
      <trkpt lat="41.02365" lon="16.42942">
        <ele>376.7</ele>
      </trkpt>
      <trkpt lat="41.02367" lon="16.42953">
        <ele>376.1</ele>
      </trkpt>
      <trkpt lat="41.02342" lon="16.42968">
        <ele>375.5</ele>
      </trkpt>
      <trkpt lat="41.02333" lon="16.4297">
        <ele>375.4</ele>
      </trkpt>
      <trkpt lat="41.02322" lon="16.429649">
        <ele>375.0</ele>
      </trkpt>
      <trkpt lat="41.02309" lon="16.429659">
        <ele>374.1</ele>
      </trkpt>
      <trkpt lat="41.02303" lon="16.429749">
        <ele>373.1</ele>
      </trkpt>
      <trkpt lat="41.02303" lon="16.42991">
        <ele>372.0</ele>
      </trkpt>
      <trkpt lat="41.023" lon="16.43">
        <ele>371.2</ele>
      </trkpt>
      <trkpt lat="41.02292" lon="16.43005">
        <ele>369.9</ele>
      </trkpt>
      <trkpt lat="41.02292" lon="16.43006">
        <ele>369.7</ele>
      </trkpt>
      <trkpt lat="41.023" lon="16.43">
        <ele>371.2</ele>
      </trkpt>
      <trkpt lat="41.02303" lon="16.42991">
        <ele>372.0</ele>
      </trkpt>
      <trkpt lat="41.02303" lon="16.429749">
        <ele>373.1</ele>
      </trkpt>
      <trkpt lat="41.0231" lon="16.429649">
        <ele>374.2</ele>
      </trkpt>
      <trkpt lat="41.02322" lon="16.429649">
        <ele>375.0</ele>
      </trkpt>
      <trkpt lat="41.02333" lon="16.4297">
        <ele>375.4</ele>
      </trkpt>
      <trkpt lat="41.02342" lon="16.42968">
        <ele>375.5</ele>
      </trkpt>
      <trkpt lat="41.02367" lon="16.42953">
        <ele>376.1</ele>
      </trkpt>
      <trkpt lat="41.02365" lon="16.42942">
        <ele>376.7</ele>
      </trkpt>
      <trkpt lat="41.02378" lon="16.42942">
        <ele>376.6</ele>
      </trkpt>
      <trkpt lat="41.02384" lon="16.42944">
        <ele>376.5</ele>
      </trkpt>
      <trkpt lat="41.02408" lon="16.4293">
        <ele>377.2</ele>
      </trkpt>
      <trkpt lat="41.02433" lon="16.42922">
        <ele>377.5</ele>
      </trkpt>
      <trkpt lat="41.02453" lon="16.4292">
        <ele>377.4</ele>
      </trkpt>
      <trkpt lat="41.02482" lon="16.42924">
        <ele>376.8</ele>
      </trkpt>
      <trkpt lat="41.02543" lon="16.429279">
        <ele>376.5</ele>
      </trkpt>
      <trkpt lat="41.02562" lon="16.42926">
        <ele>376.7</ele>
      </trkpt>
      <trkpt lat="41.02582" lon="16.4292">
        <ele>376.9</ele>
      </trkpt>
      <trkpt lat="41.02609" lon="16.42903">
        <ele>376.1</ele>
      </trkpt>
      <trkpt lat="41.02615" lon="16.42923">
        <ele>375.0</ele>
      </trkpt>
      <trkpt lat="41.02617" lon="16.42936">
        <ele>374.6</ele>
      </trkpt>
      <trkpt lat="41.02605" lon="16.42988">
        <ele>374.2</ele>
      </trkpt>
      <trkpt lat="41.02605" lon="16.42999">
        <ele>374.0</ele>
      </trkpt>
      <trkpt lat="41.02609" lon="16.430869">
        <ele>369.3</ele>
      </trkpt>
      <trkpt lat="41.02602" lon="16.43184">
        <ele>367.0</ele>
      </trkpt>
      <trkpt lat="41.02612" lon="16.43245">
        <ele>365.4</ele>
      </trkpt>
      <trkpt lat="41.02621" lon="16.43307">
        <ele>364.3</ele>
      </trkpt>
      <trkpt lat="41.02633" lon="16.43336">
        <ele>363.9</ele>
      </trkpt>
      <trkpt lat="41.02629" lon="16.43377">
        <ele>363.0</ele>
      </trkpt>
      <trkpt lat="41.0264" lon="16.434629">
        <ele>359.2</ele>
      </trkpt>
      <trkpt lat="41.02644" lon="16.43511">
        <ele>356.5</ele>
      </trkpt>
      <trkpt lat="41.02655" lon="16.43582">
        <ele>353.8</ele>
      </trkpt>
      <trkpt lat="41.02666" lon="16.43654">
        <ele>350.6</ele>
      </trkpt>
      <trkpt lat="41.0268" lon="16.43768">
        <ele>344.5</ele>
      </trkpt>
      <trkpt lat="41.0268" lon="16.43774">
        <ele>344.2</ele>
      </trkpt>
      <trkpt lat="41.02631" lon="16.43756">
        <ele>344.0</ele>
      </trkpt>
      <trkpt lat="41.025979" lon="16.4374">
        <ele>343.2</ele>
      </trkpt>
      <trkpt lat="41.025329" lon="16.437059">
        <ele>342.2</ele>
      </trkpt>
      <trkpt lat="41.025239" lon="16.43793">
        <ele>341.6</ele>
      </trkpt>
      <trkpt lat="41.02508" lon="16.43864">
        <ele>342.7</ele>
      </trkpt>
      <trkpt lat="41.02484" lon="16.43928">
        <ele>344.5</ele>
      </trkpt>
      <trkpt lat="41.02458" lon="16.43962">
        <ele>346.2</ele>
      </trkpt>
      <trkpt lat="41.02416" lon="16.43995">
        <ele>347.3</ele>
      </trkpt>
      <trkpt lat="41.02394" lon="16.440069">
        <ele>348.0</ele>
      </trkpt>
      <trkpt lat="41.02359" lon="16.4399">
        <ele>350.5</ele>
      </trkpt>
      <trkpt lat="41.02331" lon="16.43973">
        <ele>353.3</ele>
      </trkpt>
      <trkpt lat="41.02296" lon="16.43973">
        <ele>354.2</ele>
      </trkpt>
      <trkpt lat="41.02259" lon="16.439689">
        <ele>355.3</ele>
      </trkpt>
      <trkpt lat="41.02228" lon="16.43945">
        <ele>357.1</ele>
      </trkpt>
      <trkpt lat="41.02207" lon="16.439409">
        <ele>357.6</ele>
      </trkpt>
      <trkpt lat="41.02171" lon="16.43962">
        <ele>358.4</ele>
      </trkpt>
      <trkpt lat="41.02158" lon="16.439779">
        <ele>359.0</ele>
      </trkpt>
      <trkpt lat="41.02134" lon="16.440069">
        <ele>360.0</ele>
      </trkpt>
      <trkpt lat="41.02111" lon="16.44029">
        <ele>361.0</ele>
      </trkpt>
      <trkpt lat="41.02079" lon="16.44029">
        <ele>361.5</ele>
      </trkpt>
      <trkpt lat="41.020269" lon="16.44074">
        <ele>362.2</ele>
      </trkpt>
      <trkpt lat="41.01962" lon="16.44153">
        <ele>365.3</ele>
      </trkpt>
      <trkpt lat="41.01943" lon="16.442049">
        <ele>367.2</ele>
      </trkpt>
      <trkpt lat="41.01936" lon="16.44258">
        <ele>368.4</ele>
      </trkpt>
      <trkpt lat="41.01935" lon="16.442689">
        <ele>368.7</ele>
      </trkpt>
      <trkpt lat="41.01898" lon="16.44319">
        <ele>370.8</ele>
      </trkpt>
      <trkpt lat="41.01822" lon="16.443539">
        <ele>374.3</ele>
      </trkpt>
      <trkpt lat="41.01756" lon="16.44375">
        <ele>375.9</ele>
      </trkpt>
      <trkpt lat="41.01691" lon="16.44395">
        <ele>376.6</ele>
      </trkpt>
      <trkpt lat="41.01625" lon="16.44416">
        <ele>378.0</ele>
      </trkpt>
      <trkpt lat="41.016129" lon="16.44421">
        <ele>378.3</ele>
      </trkpt>
      <trkpt lat="41.01601" lon="16.44433">
        <ele>378.8</ele>
      </trkpt>
      <trkpt lat="41.01591" lon="16.444379">
        <ele>379.1</ele>
      </trkpt>
      <trkpt lat="41.01565" lon="16.44443">
        <ele>380.3</ele>
      </trkpt>
      <trkpt lat="41.01558" lon="16.444479">
        <ele>380.7</ele>
      </trkpt>
      <trkpt lat="41.01505" lon="16.44506">
        <ele>382.7</ele>
      </trkpt>
      <trkpt lat="41.01453" lon="16.44563">
        <ele>385.2</ele>
      </trkpt>
      <trkpt lat="41.01401" lon="16.4462">
        <ele>386.8</ele>
      </trkpt>
      <trkpt lat="41.01349" lon="16.44677">
        <ele>388.1</ele>
      </trkpt>
      <trkpt lat="41.01342" lon="16.44687">
        <ele>388.3</ele>
      </trkpt>
      <trkpt lat="41.01337" lon="16.447099">
        <ele>388.3</ele>
      </trkpt>
      <trkpt lat="41.01333" lon="16.44717">
        <ele>388.4</ele>
      </trkpt>
      <trkpt lat="41.01328" lon="16.44722">
        <ele>388.6</ele>
      </trkpt>
      <trkpt lat="41.01307" lon="16.44725">
        <ele>389.6</ele>
      </trkpt>
      <trkpt lat="41.01299" lon="16.447299">
        <ele>389.9</ele>
      </trkpt>
      <trkpt lat="41.01251" lon="16.44783">
        <ele>389.4</ele>
      </trkpt>
      <trkpt lat="41.01202" lon="16.44836">
        <ele>386.9</ele>
      </trkpt>
      <trkpt lat="41.0119" lon="16.44854">
        <ele>386.3</ele>
      </trkpt>
      <trkpt lat="41.01183" lon="16.44869">
        <ele>385.7</ele>
      </trkpt>
      <trkpt lat="41.01182" lon="16.44873">
        <ele>385.6</ele>
      </trkpt>
      <trkpt lat="41.01159" lon="16.44893">
        <ele>385.8</ele>
      </trkpt>
      <trkpt lat="41.01208" lon="16.4497">
        <ele>383.4</ele>
      </trkpt>
      <trkpt lat="41.01198" lon="16.44988">
        <ele>383.6</ele>
      </trkpt>
      <trkpt lat="41.01196" lon="16.44999">
        <ele>383.6</ele>
      </trkpt>
      <trkpt lat="41.01198" lon="16.45016">
        <ele>383.2</ele>
      </trkpt>
      <trkpt lat="41.01209" lon="16.45065">
        <ele>381.4</ele>
      </trkpt>
      <trkpt lat="41.01211" lon="16.45093">
        <ele>380.4</ele>
      </trkpt>
      <trkpt lat="41.012099" lon="16.45113">
        <ele>379.8</ele>
      </trkpt>
      <trkpt lat="41.01209" lon="16.45125">
        <ele>379.4</ele>
      </trkpt>
      <trkpt lat="41.012009" lon="16.45147">
        <ele>379.4</ele>
      </trkpt>
      <trkpt lat="41.01186" lon="16.451619">
        <ele>380.3</ele>
      </trkpt>
      <trkpt lat="41.01137" lon="16.45183">
        <ele>380.3</ele>
      </trkpt>
      <trkpt lat="41.01132" lon="16.45191">
        <ele>379.6</ele>
      </trkpt>
      <trkpt lat="41.0113" lon="16.45204">
        <ele>378.6</ele>
      </trkpt>
      <trkpt lat="41.01133" lon="16.45263">
        <ele>374.2</ele>
      </trkpt>
      <trkpt lat="41.01124" lon="16.452649">
        <ele>373.1</ele>
      </trkpt>
      <trkpt lat="41.01112" lon="16.45275">
        <ele>370.8</ele>
      </trkpt>
      <trkpt lat="41.01103" lon="16.45276">
        <ele>369.8</ele>
      </trkpt>
      <trkpt lat="41.0108" lon="16.45262">
        <ele>369.3</ele>
      </trkpt>
      <trkpt lat="41.01056" lon="16.452559">
        <ele>368.4</ele>
      </trkpt>
      <trkpt lat="41.00999" lon="16.452559">
        <ele>364.4</ele>
      </trkpt>
      <trkpt lat="41.00991" lon="16.45262">
        <ele>364.0</ele>
      </trkpt>
      <trkpt lat="41.00987" lon="16.45275">
        <ele>362.8</ele>
      </trkpt>
      <trkpt lat="41.00989" lon="16.45288">
        <ele>361.5</ele>
      </trkpt>
      <trkpt lat="41.00996" lon="16.45304">
        <ele>359.8</ele>
      </trkpt>
      <trkpt lat="41.0101" lon="16.45328">
        <ele>358.0</ele>
      </trkpt>
      <trkpt lat="41.01061" lon="16.453959">
        <ele>356.0</ele>
      </trkpt>
      <trkpt lat="41.01081" lon="16.454049">
        <ele>355.8</ele>
      </trkpt>
      <trkpt lat="41.01092" lon="16.45413">
        <ele>355.4</ele>
      </trkpt>
      <trkpt lat="41.01101" lon="16.454239">
        <ele>355.2</ele>
      </trkpt>
      <trkpt lat="41.01104" lon="16.45432">
        <ele>355.1</ele>
      </trkpt>
      <trkpt lat="41.01104" lon="16.45465">
        <ele>354.8</ele>
      </trkpt>
      <trkpt lat="41.01097" lon="16.45491">
        <ele>354.7</ele>
      </trkpt>
      <trkpt lat="41.01092" lon="16.454979">
        <ele>354.8</ele>
      </trkpt>
      <trkpt lat="41.01087" lon="16.454989">
        <ele>354.9</ele>
      </trkpt>
      <trkpt lat="41.01057" lon="16.45487">
        <ele>355.5</ele>
      </trkpt>
      <trkpt lat="41.01044" lon="16.45485">
        <ele>355.7</ele>
      </trkpt>
      <trkpt lat="41.01028" lon="16.454889">
        <ele>356.1</ele>
      </trkpt>
      <trkpt lat="41.01017" lon="16.45496">
        <ele>356.5</ele>
      </trkpt>
      <trkpt lat="41.00982" lon="16.45523">
        <ele>359.0</ele>
      </trkpt>
      <trkpt lat="41.00969" lon="16.455449">
        <ele>360.8</ele>
      </trkpt>
      <trkpt lat="41.00942" lon="16.45596">
        <ele>364.5</ele>
      </trkpt>
      <trkpt lat="41.00916" lon="16.45655">
        <ele>369.0</ele>
      </trkpt>
      <trkpt lat="41.00915" lon="16.45666">
        <ele>370.0</ele>
      </trkpt>
      <trkpt lat="41.009189" lon="16.45672">
        <ele>370.4</ele>
      </trkpt>
      <trkpt lat="41.00923" lon="16.45673">
        <ele>370.6</ele>
      </trkpt>
      <trkpt lat="41.00929" lon="16.4567">
        <ele>370.7</ele>
      </trkpt>
      <trkpt lat="41.00955" lon="16.45643">
        <ele>369.1</ele>
      </trkpt>
      <trkpt lat="41.0097" lon="16.456299">
        <ele>368.3</ele>
      </trkpt>
      <trkpt lat="41.00978" lon="16.45626">
        <ele>368.1</ele>
      </trkpt>
      <trkpt lat="41.01024" lon="16.45629">
        <ele>368.2</ele>
      </trkpt>
      <trkpt lat="41.010599" lon="16.45637">
        <ele>368.1</ele>
      </trkpt>
      <trkpt lat="41.01068" lon="16.45641">
        <ele>368.3</ele>
      </trkpt>
      <trkpt lat="41.01075" lon="16.45651">
        <ele>369.3</ele>
      </trkpt>
      <trkpt lat="41.01085" lon="16.45683">
        <ele>371.6</ele>
      </trkpt>
      <trkpt lat="41.0109" lon="16.45709">
        <ele>372.3</ele>
      </trkpt>
      <trkpt lat="41.01091" lon="16.45732">
        <ele>373.3</ele>
      </trkpt>
      <trkpt lat="41.01089" lon="16.457419">
        <ele>374.0</ele>
      </trkpt>
      <trkpt lat="41.01092" lon="16.45766">
        <ele>374.3</ele>
      </trkpt>
      <trkpt lat="41.01111" lon="16.458659">
        <ele>373.7</ele>
      </trkpt>
      <trkpt lat="41.01131" lon="16.45967">
        <ele>373.1</ele>
      </trkpt>
      <trkpt lat="41.0115" lon="16.46067">
        <ele>370.7</ele>
      </trkpt>
      <trkpt lat="41.0117" lon="16.46168">
        <ele>371.7</ele>
      </trkpt>
      <trkpt lat="41.0119" lon="16.46273">
        <ele>370.5</ele>
      </trkpt>
      <trkpt lat="41.01211" lon="16.46378">
        <ele>371.6</ele>
      </trkpt>
      <trkpt lat="41.01231" lon="16.46483">
        <ele>373.2</ele>
      </trkpt>
      <trkpt lat="41.01251" lon="16.465879">
        <ele>373.9</ele>
      </trkpt>
      <trkpt lat="41.01253" lon="16.46609">
        <ele>373.7</ele>
      </trkpt>
      <trkpt lat="41.01253" lon="16.46629">
        <ele>373.7</ele>
      </trkpt>
      <trkpt lat="41.01251" lon="16.46646">
        <ele>373.9</ele>
      </trkpt>
      <trkpt lat="41.0124" lon="16.466809">
        <ele>374.6</ele>
      </trkpt>
      <trkpt lat="41.01232" lon="16.46695">
        <ele>375.0</ele>
      </trkpt>
      <trkpt lat="41.01193" lon="16.46744">
        <ele>377.0</ele>
      </trkpt>
      <trkpt lat="41.01127" lon="16.468229">
        <ele>379.7</ele>
      </trkpt>
      <trkpt lat="41.01061" lon="16.46902">
        <ele>377.2</ele>
      </trkpt>
      <trkpt lat="41.00995" lon="16.469809">
        <ele>370.6</ele>
      </trkpt>
      <trkpt lat="41.00988" lon="16.46994">
        <ele>370.7</ele>
      </trkpt>
      <trkpt lat="41.00982" lon="16.470089">
        <ele>371.1</ele>
      </trkpt>
      <trkpt lat="41.0098" lon="16.47034">
        <ele>371.8</ele>
      </trkpt>
      <trkpt lat="41.009839" lon="16.47062">
        <ele>372.3</ele>
      </trkpt>
      <trkpt lat="41.00992" lon="16.47128">
        <ele>373.5</ele>
      </trkpt>
      <trkpt lat="41.01001" lon="16.47194">
        <ele>372.6</ele>
      </trkpt>
      <trkpt lat="41.01003" lon="16.47223">
        <ele>371.2</ele>
      </trkpt>
      <trkpt lat="41.01" lon="16.4725">
        <ele>370.0</ele>
      </trkpt>
      <trkpt lat="41.00992" lon="16.47275">
        <ele>370.7</ele>
      </trkpt>
      <trkpt lat="41.00982" lon="16.47294">
        <ele>371.5</ele>
      </trkpt>
      <trkpt lat="41.00972" lon="16.47308">
        <ele>372.1</ele>
      </trkpt>
      <trkpt lat="41.00938" lon="16.47344">
        <ele>373.2</ele>
      </trkpt>
      <trkpt lat="41.00895" lon="16.473849">
        <ele>373.6</ele>
      </trkpt>
      <trkpt lat="41.00878" lon="16.474039">
        <ele>373.5</ele>
      </trkpt>
      <trkpt lat="41.00865" lon="16.474229">
        <ele>373.1</ele>
      </trkpt>
      <trkpt lat="41.00854" lon="16.47453">
        <ele>371.7</ele>
      </trkpt>
      <trkpt lat="41.00851" lon="16.47474">
        <ele>370.6</ele>
      </trkpt>
      <trkpt lat="41.0085" lon="16.474969">
        <ele>369.2</ele>
      </trkpt>
      <trkpt lat="41.00855" lon="16.47531">
        <ele>370.2</ele>
      </trkpt>
      <trkpt lat="41.00861" lon="16.47595">
        <ele>372.2</ele>
      </trkpt>
      <trkpt lat="41.00865" lon="16.47636">
        <ele>373.7</ele>
      </trkpt>
      <trkpt lat="41.00865" lon="16.476569">
        <ele>374.7</ele>
      </trkpt>
      <trkpt lat="41.0086" lon="16.476769">
        <ele>375.1</ele>
      </trkpt>
      <trkpt lat="41.00852" lon="16.4769">
        <ele>375.0</ele>
      </trkpt>
      <trkpt lat="41.00842" lon="16.47701">
        <ele>375.0</ele>
      </trkpt>
      <trkpt lat="41.007779" lon="16.47718">
        <ele>373.8</ele>
      </trkpt>
      <trkpt lat="41.00763" lon="16.47725">
        <ele>372.7</ele>
      </trkpt>
      <trkpt lat="41.00754" lon="16.47735">
        <ele>371.2</ele>
      </trkpt>
      <trkpt lat="41.00741" lon="16.47758">
        <ele>369.0</ele>
      </trkpt>
      <trkpt lat="41.00695" lon="16.47853">
        <ele>371.6</ele>
      </trkpt>
      <trkpt lat="41.00698" lon="16.479669">
        <ele>371.3</ele>
      </trkpt>
      <trkpt lat="41.00697" lon="16.4798">
        <ele>370.9</ele>
      </trkpt>
      <trkpt lat="41.00691" lon="16.48">
        <ele>370.7</ele>
      </trkpt>
      <trkpt lat="41.00683" lon="16.480129">
        <ele>370.5</ele>
      </trkpt>
      <trkpt lat="41.00609" lon="16.480789">
        <ele>372.4</ele>
      </trkpt>
      <trkpt lat="41.00555" lon="16.48122">
        <ele>371.3</ele>
      </trkpt>
      <trkpt lat="41.00501" lon="16.48166">
        <ele>368.1</ele>
      </trkpt>
      <trkpt lat="41.00447" lon="16.48209">
        <ele>369.7</ele>
      </trkpt>
      <trkpt lat="41.00438" lon="16.482199">
        <ele>370.0</ele>
      </trkpt>
      <trkpt lat="41.00426" lon="16.48244">
        <ele>370.4</ele>
      </trkpt>
      <trkpt lat="41.00421" lon="16.4826">
        <ele>371.0</ele>
      </trkpt>
      <trkpt lat="41.00417" lon="16.48283">
        <ele>372.2</ele>
      </trkpt>
      <trkpt lat="41.00418" lon="16.48345">
        <ele>374.0</ele>
      </trkpt>
      <trkpt lat="41.00377" lon="16.48415">
        <ele>378.3</ele>
      </trkpt>
      <trkpt lat="41.00336" lon="16.48485">
        <ele>380.1</ele>
      </trkpt>
      <trkpt lat="41.00327" lon="16.48494">
        <ele>380.6</ele>
      </trkpt>
      <trkpt lat="41.00313" lon="16.48509">
        <ele>381.3</ele>
      </trkpt>
      <trkpt lat="41.002989" lon="16.48515">
        <ele>382.1</ele>
      </trkpt>
      <trkpt lat="41.00285" lon="16.48517">
        <ele>383.0</ele>
      </trkpt>
      <trkpt lat="41.002719" lon="16.4851">
        <ele>384.1</ele>
      </trkpt>
      <trkpt lat="41.00277" lon="16.48522">
        <ele>383.4</ele>
      </trkpt>
      <trkpt lat="41.00277" lon="16.48538">
        <ele>383.0</ele>
      </trkpt>
      <trkpt lat="41.002719" lon="16.48554">
        <ele>382.8</ele>
      </trkpt>
      <trkpt lat="41.00223" lon="16.48644">
        <ele>382.2</ele>
      </trkpt>
      <trkpt lat="41.00175" lon="16.48734">
        <ele>382.1</ele>
      </trkpt>
      <trkpt lat="41.00126" lon="16.48824">
        <ele>379.1</ele>
      </trkpt>
      <trkpt lat="41.00123" lon="16.48827">
        <ele>378.9</ele>
      </trkpt>
      <trkpt lat="41.00109" lon="16.48843">
        <ele>378.0</ele>
      </trkpt>
      <trkpt lat="41.00051" lon="16.4888">
        <ele>375.7</ele>
      </trkpt>
      <trkpt lat="41.00006" lon="16.48904">
        <ele>375.4</ele>
      </trkpt>
      <trkpt lat="40.999809" lon="16.48927">
        <ele>374.1</ele>
      </trkpt>
      <trkpt lat="40.9997" lon="16.48947">
        <ele>373.1</ele>
      </trkpt>
      <trkpt lat="40.99929" lon="16.49011">
        <ele>372.2</ele>
      </trkpt>
      <trkpt lat="40.99889" lon="16.490749">
        <ele>373.9</ele>
      </trkpt>
      <trkpt lat="40.99889" lon="16.490749">
        <ele>373.9</ele>
      </trkpt>
      <trkpt lat="40.99836" lon="16.49157">
        <ele>374.4</ele>
      </trkpt>
      <trkpt lat="40.99783" lon="16.49239">
        <ele>373.6</ele>
      </trkpt>
      <trkpt lat="40.99744" lon="16.49304">
        <ele>376.9</ele>
      </trkpt>
      <trkpt lat="40.99704" lon="16.49369">
        <ele>375.9</ele>
      </trkpt>
      <trkpt lat="40.99689" lon="16.49391">
        <ele>374.7</ele>
      </trkpt>
      <trkpt lat="40.99676" lon="16.494019">
        <ele>374.0</ele>
      </trkpt>
      <trkpt lat="40.996339" lon="16.49433">
        <ele>371.3</ele>
      </trkpt>
      <trkpt lat="40.996339" lon="16.49433">
        <ele>371.3</ele>
      </trkpt>
      <trkpt lat="40.99591" lon="16.49465">
        <ele>369.3</ele>
      </trkpt>
      <trkpt lat="40.99526" lon="16.495149">
        <ele>373.1</ele>
      </trkpt>
      <trkpt lat="40.99507" lon="16.49531">
        <ele>374.6</ele>
      </trkpt>
      <trkpt lat="40.99487" lon="16.495529">
        <ele>376.3</ele>
      </trkpt>
      <trkpt lat="40.99439" lon="16.49614">
        <ele>381.1</ele>
      </trkpt>
      <trkpt lat="40.99392" lon="16.496759">
        <ele>383.3</ele>
      </trkpt>
      <trkpt lat="40.99383" lon="16.49682">
        <ele>383.3</ele>
      </trkpt>
      <trkpt lat="40.99371" lon="16.49687">
        <ele>383.3</ele>
      </trkpt>
      <trkpt lat="40.99367" lon="16.49696">
        <ele>383.1</ele>
      </trkpt>
      <trkpt lat="40.99345" lon="16.49804">
        <ele>377.2</ele>
      </trkpt>
      <trkpt lat="40.993229" lon="16.49913">
        <ele>368.3</ele>
      </trkpt>
      <trkpt lat="40.99301" lon="16.50021">
        <ele>364.4</ele>
      </trkpt>
      <trkpt lat="40.99279" lon="16.50129">
        <ele>364.5</ele>
      </trkpt>
      <trkpt lat="40.992489" lon="16.5011">
        <ele>365.4</ele>
      </trkpt>
      <trkpt lat="40.992489" lon="16.5011">
        <ele>365.4</ele>
      </trkpt>
      <trkpt lat="40.99199" lon="16.50077">
        <ele>368.0</ele>
      </trkpt>
      <trkpt lat="40.99149" lon="16.50045">
        <ele>371.4</ele>
      </trkpt>
      <trkpt lat="40.99144" lon="16.50096">
        <ele>372.1</ele>
      </trkpt>
      <trkpt lat="40.99144" lon="16.50161">
        <ele>371.4</ele>
      </trkpt>
      <trkpt lat="40.99143" lon="16.50226">
        <ele>371.6</ele>
      </trkpt>
      <trkpt lat="40.9914" lon="16.502559">
        <ele>371.8</ele>
      </trkpt>
      <trkpt lat="40.99143" lon="16.502949">
        <ele>371.1</ele>
      </trkpt>
      <trkpt lat="40.99142" lon="16.50317">
        <ele>370.9</ele>
      </trkpt>
      <trkpt lat="40.99139" lon="16.503309">
        <ele>371.0</ele>
      </trkpt>
      <trkpt lat="40.99129" lon="16.50362">
        <ele>371.1</ele>
      </trkpt>
      <trkpt lat="40.99085" lon="16.50448">
        <ele>370.6</ele>
      </trkpt>
      <trkpt lat="40.99078" lon="16.50461">
        <ele>370.1</ele>
      </trkpt>
      <trkpt lat="40.99062" lon="16.50478">
        <ele>369.6</ele>
      </trkpt>
      <trkpt lat="40.99036" lon="16.50493">
        <ele>369.8</ele>
      </trkpt>
      <trkpt lat="40.98993" lon="16.50512">
        <ele>370.9</ele>
      </trkpt>
      <trkpt lat="40.9895" lon="16.50531">
        <ele>372.3</ele>
      </trkpt>
      <trkpt lat="40.98936" lon="16.50541">
        <ele>372.6</ele>
      </trkpt>
      <trkpt lat="40.98915" lon="16.50568">
        <ele>372.7</ele>
      </trkpt>
      <trkpt lat="40.98867" lon="16.50655">
        <ele>372.2</ele>
      </trkpt>
      <trkpt lat="40.98818" lon="16.50742">
        <ele>372.4</ele>
      </trkpt>
      <trkpt lat="40.98769" lon="16.508299">
        <ele>371.1</ele>
      </trkpt>
      <trkpt lat="40.98721" lon="16.50917">
        <ele>371.1</ele>
      </trkpt>
      <trkpt lat="40.98711" lon="16.50944">
        <ele>371.5</ele>
      </trkpt>
      <trkpt lat="40.98708" lon="16.50965">
        <ele>371.4</ele>
      </trkpt>
      <trkpt lat="40.98708" lon="16.509879">
        <ele>371.2</ele>
      </trkpt>
      <trkpt lat="40.98721" lon="16.51071">
        <ele>370.1</ele>
      </trkpt>
      <trkpt lat="40.987229" lon="16.51106">
        <ele>370.1</ele>
      </trkpt>
      <trkpt lat="40.98729" lon="16.51125">
        <ele>370.0</ele>
      </trkpt>
      <trkpt lat="40.98738" lon="16.511769">
        <ele>369.9</ele>
      </trkpt>
      <trkpt lat="40.987409" lon="16.512049">
        <ele>370.0</ele>
      </trkpt>
      <trkpt lat="40.987409" lon="16.51238">
        <ele>370.5</ele>
      </trkpt>
      <trkpt lat="40.98736" lon="16.51275">
        <ele>370.5</ele>
      </trkpt>
      <trkpt lat="40.98728" lon="16.5131">
        <ele>370.3</ele>
      </trkpt>
      <trkpt lat="40.98719" lon="16.513359">
        <ele>370.6</ele>
      </trkpt>
      <trkpt lat="40.98694" lon="16.51386">
        <ele>372.1</ele>
      </trkpt>
      <trkpt lat="40.986669" lon="16.51434">
        <ele>372.5</ele>
      </trkpt>
      <trkpt lat="40.98641" lon="16.51489">
        <ele>369.5</ele>
      </trkpt>
      <trkpt lat="40.98628" lon="16.5154">
        <ele>369.0</ele>
      </trkpt>
      <trkpt lat="40.98616" lon="16.51635">
        <ele>370.5</ele>
      </trkpt>
      <trkpt lat="40.98604" lon="16.517299">
        <ele>371.1</ele>
      </trkpt>
      <trkpt lat="40.98592" lon="16.518249">
        <ele>370.5</ele>
      </trkpt>
      <trkpt lat="40.98581" lon="16.51911">
        <ele>372.1</ele>
      </trkpt>
      <trkpt lat="40.9857" lon="16.51997">
        <ele>372.0</ele>
      </trkpt>
      <trkpt lat="40.98566" lon="16.52015">
        <ele>372.0</ele>
      </trkpt>
      <trkpt lat="40.98566" lon="16.520219">
        <ele>371.9</ele>
      </trkpt>
      <trkpt lat="40.98556" lon="16.52063">
        <ele>372.0</ele>
      </trkpt>
      <trkpt lat="40.9855" lon="16.52079">
        <ele>372.1</ele>
      </trkpt>
      <trkpt lat="40.985259" lon="16.52126">
        <ele>370.7</ele>
      </trkpt>
      <trkpt lat="40.98507" lon="16.521519">
        <ele>369.8</ele>
      </trkpt>
      <trkpt lat="40.98491" lon="16.5217">
        <ele>369.3</ele>
      </trkpt>
      <trkpt lat="40.98469" lon="16.52185">
        <ele>369.6</ele>
      </trkpt>
      <trkpt lat="40.98446" lon="16.52196">
        <ele>370.0</ele>
      </trkpt>
      <trkpt lat="40.98402" lon="16.522079">
        <ele>371.1</ele>
      </trkpt>
      <trkpt lat="40.98358" lon="16.52224">
        <ele>371.0</ele>
      </trkpt>
      <trkpt lat="40.9829" lon="16.522559">
        <ele>368.8</ele>
      </trkpt>
      <trkpt lat="40.98247" lon="16.52299">
        <ele>367.9</ele>
      </trkpt>
      <trkpt lat="40.98223" lon="16.52335">
        <ele>368.3</ele>
      </trkpt>
      <trkpt lat="40.98201" lon="16.52392">
        <ele>371.2</ele>
      </trkpt>
      <trkpt lat="40.98192" lon="16.52449">
        <ele>372.1</ele>
      </trkpt>
      <trkpt lat="40.98196" lon="16.52512">
        <ele>371.1</ele>
      </trkpt>
      <trkpt lat="40.98206" lon="16.52592">
        <ele>369.6</ele>
      </trkpt>
      <trkpt lat="40.98216" lon="16.52672">
        <ele>369.3</ele>
      </trkpt>
      <trkpt lat="40.98214" lon="16.52689">
        <ele>369.7</ele>
      </trkpt>
      <trkpt lat="40.98222" lon="16.527249">
        <ele>369.9</ele>
      </trkpt>
      <trkpt lat="40.98228" lon="16.52764">
        <ele>370.5</ele>
      </trkpt>
      <trkpt lat="40.98237" lon="16.52861">
        <ele>372.3</ele>
      </trkpt>
      <trkpt lat="40.98247" lon="16.52958">
        <ele>373.5</ele>
      </trkpt>
      <trkpt lat="40.98261" lon="16.53066">
        <ele>375.8</ele>
      </trkpt>
      <trkpt lat="40.98274" lon="16.53174">
        <ele>378.5</ele>
      </trkpt>
      <trkpt lat="40.98283" lon="16.53263">
        <ele>378.6</ele>
      </trkpt>
      <trkpt lat="40.98293" lon="16.53352">
        <ele>374.0</ele>
      </trkpt>
      <trkpt lat="40.98294" lon="16.53369">
        <ele>372.6</ele>
      </trkpt>
      <trkpt lat="40.98293" lon="16.5338">
        <ele>371.8</ele>
      </trkpt>
      <trkpt lat="40.98265" lon="16.53451">
        <ele>368.8</ele>
      </trkpt>
      <trkpt lat="40.98236" lon="16.535219">
        <ele>367.6</ele>
      </trkpt>
      <trkpt lat="40.98208" lon="16.53594">
        <ele>369.0</ele>
      </trkpt>
      <trkpt lat="40.98185" lon="16.53648">
        <ele>371.6</ele>
      </trkpt>
      <trkpt lat="40.98146" lon="16.53732">
        <ele>374.8</ele>
      </trkpt>
      <trkpt lat="40.9811" lon="16.53773">
        <ele>375.6</ele>
      </trkpt>
      <trkpt lat="40.98049" lon="16.53811">
        <ele>375.0</ele>
      </trkpt>
      <trkpt lat="40.97989" lon="16.53849">
        <ele>372.0</ele>
      </trkpt>
      <trkpt lat="40.97945" lon="16.53884">
        <ele>370.5</ele>
      </trkpt>
      <trkpt lat="40.97924" lon="16.53937">
        <ele>369.5</ele>
      </trkpt>
      <trkpt lat="40.97919" lon="16.540009">
        <ele>368.8</ele>
      </trkpt>
      <trkpt lat="40.97915" lon="16.540659">
        <ele>366.8</ele>
      </trkpt>
      <trkpt lat="40.97886" lon="16.54125">
        <ele>368.1</ele>
      </trkpt>
      <trkpt lat="40.97839" lon="16.54176">
        <ele>370.8</ele>
      </trkpt>
      <trkpt lat="40.97791" lon="16.54229">
        <ele>370.1</ele>
      </trkpt>
      <trkpt lat="40.97743" lon="16.542819">
        <ele>368.8</ele>
      </trkpt>
      <trkpt lat="40.9769" lon="16.54351">
        <ele>366.8</ele>
      </trkpt>
      <trkpt lat="40.97637" lon="16.54421">
        <ele>368.7</ele>
      </trkpt>
      <trkpt lat="40.97589" lon="16.54504">
        <ele>370.3</ele>
      </trkpt>
      <trkpt lat="40.97554" lon="16.54558">
        <ele>369.5</ele>
      </trkpt>
      <trkpt lat="40.97506" lon="16.54613">
        <ele>371.2</ele>
      </trkpt>
      <trkpt lat="40.97458" lon="16.546679">
        <ele>371.4</ele>
      </trkpt>
      <trkpt lat="40.9741" lon="16.547229">
        <ele>370.2</ele>
      </trkpt>
      <trkpt lat="40.97355" lon="16.54787">
        <ele>369.7</ele>
      </trkpt>
      <trkpt lat="40.973" lon="16.54851">
        <ele>369.5</ele>
      </trkpt>
      <trkpt lat="40.97245" lon="16.54915">
        <ele>371.4</ele>
      </trkpt>
      <trkpt lat="40.9719" lon="16.54979">
        <ele>372.7</ele>
      </trkpt>
      <trkpt lat="40.97134" lon="16.550429">
        <ele>370.5</ele>
      </trkpt>
      <trkpt lat="40.97119" lon="16.55064">
        <ele>369.4</ele>
      </trkpt>
      <trkpt lat="40.97102" lon="16.55092">
        <ele>368.1</ele>
      </trkpt>
      <trkpt lat="40.97093" lon="16.55125">
        <ele>367.4</ele>
      </trkpt>
      <trkpt lat="40.97087" lon="16.5515">
        <ele>367.1</ele>
      </trkpt>
      <trkpt lat="40.97085" lon="16.55176">
        <ele>367.1</ele>
      </trkpt>
      <trkpt lat="40.97088" lon="16.552299">
        <ele>367.6</ele>
      </trkpt>
      <trkpt lat="40.97115" lon="16.55331">
        <ele>367.8</ele>
      </trkpt>
      <trkpt lat="40.97117" lon="16.553519">
        <ele>368.1</ele>
      </trkpt>
      <trkpt lat="40.971179" lon="16.55376">
        <ele>368.3</ele>
      </trkpt>
      <trkpt lat="40.97115" lon="16.55397">
        <ele>368.8</ele>
      </trkpt>
      <trkpt lat="40.97099" lon="16.554379">
        <ele>369.3</ele>
      </trkpt>
      <trkpt lat="40.97077" lon="16.55479">
        <ele>369.2</ele>
      </trkpt>
      <trkpt lat="40.97068" lon="16.55489">
        <ele>369.5</ele>
      </trkpt>
      <trkpt lat="40.970619" lon="16.555019">
        <ele>369.4</ele>
      </trkpt>
      <trkpt lat="40.9705" lon="16.555299">
        <ele>369.0</ele>
      </trkpt>
      <trkpt lat="40.97017" lon="16.556">
        <ele>368.2</ele>
      </trkpt>
      <trkpt lat="40.96983" lon="16.55669">
        <ele>368.3</ele>
      </trkpt>
      <trkpt lat="40.969499" lon="16.55739">
        <ele>367.0</ele>
      </trkpt>
      <trkpt lat="40.9694" lon="16.55767">
        <ele>366.6</ele>
      </trkpt>
      <trkpt lat="40.96934" lon="16.55797">
        <ele>366.5</ele>
      </trkpt>
      <trkpt lat="40.96927" lon="16.5589">
        <ele>366.9</ele>
      </trkpt>
      <trkpt lat="40.969209" lon="16.55983">
        <ele>369.1</ele>
      </trkpt>
      <trkpt lat="40.96915" lon="16.56021">
        <ele>369.9</ele>
      </trkpt>
      <trkpt lat="40.9691" lon="16.560369">
        <ele>370.0</ele>
      </trkpt>
      <trkpt lat="40.96886" lon="16.56091">
        <ele>370.8</ele>
      </trkpt>
      <trkpt lat="40.9685" lon="16.56163">
        <ele>370.5</ele>
      </trkpt>
      <trkpt lat="40.96814" lon="16.56236">
        <ele>369.7</ele>
      </trkpt>
      <trkpt lat="40.96778" lon="16.56308">
        <ele>371.9</ele>
      </trkpt>
      <trkpt lat="40.96743" lon="16.56381">
        <ele>371.4</ele>
      </trkpt>
      <trkpt lat="40.96707" lon="16.56454">
        <ele>371.4</ele>
      </trkpt>
      <trkpt lat="40.96675" lon="16.56524">
        <ele>369.9</ele>
      </trkpt>
      <trkpt lat="40.96643" lon="16.56593">
        <ele>368.3</ele>
      </trkpt>
      <trkpt lat="40.96622" lon="16.5669">
        <ele>365.6</ele>
      </trkpt>
      <trkpt lat="40.96601" lon="16.56786">
        <ele>365.7</ele>
      </trkpt>
      <trkpt lat="40.9658" lon="16.568819">
        <ele>369.0</ele>
      </trkpt>
      <trkpt lat="40.965739" lon="16.56906">
        <ele>370.0</ele>
      </trkpt>
      <trkpt lat="40.9658" lon="16.569099">
        <ele>369.3</ele>
      </trkpt>
      <trkpt lat="40.96584" lon="16.56916">
        <ele>368.9</ele>
      </trkpt>
      <trkpt lat="40.96584" lon="16.56946">
        <ele>368.3</ele>
      </trkpt>
      <trkpt lat="40.96586" lon="16.56961">
        <ele>367.8</ele>
      </trkpt>
      <trkpt lat="40.96598" lon="16.56974">
        <ele>366.7</ele>
      </trkpt>
      <trkpt lat="40.966" lon="16.56979">
        <ele>366.5</ele>
      </trkpt>
      <trkpt lat="40.96601" lon="16.5699">
        <ele>366.2</ele>
      </trkpt>
      <trkpt lat="40.966" lon="16.57027">
        <ele>365.4</ele>
      </trkpt>
      <trkpt lat="40.96596" lon="16.57081">
        <ele>364.4</ele>
      </trkpt>
      <trkpt lat="40.96591" lon="16.57167">
        <ele>360.9</ele>
      </trkpt>
      <trkpt lat="40.965919" lon="16.572009">
        <ele>361.3</ele>
      </trkpt>
      <trkpt lat="40.96597" lon="16.57232">
        <ele>361.5</ele>
      </trkpt>
      <trkpt lat="40.96611" lon="16.57293">
        <ele>361.7</ele>
      </trkpt>
      <trkpt lat="40.96637" lon="16.573799">
        <ele>361.6</ele>
      </trkpt>
      <trkpt lat="40.96653" lon="16.574349">
        <ele>361.5</ele>
      </trkpt>
      <trkpt lat="40.9662" lon="16.57458">
        <ele>362.7</ele>
      </trkpt>
      <trkpt lat="40.9664" lon="16.57515">
        <ele>362.2</ele>
      </trkpt>
      <trkpt lat="40.9666" lon="16.57572">
        <ele>362.8</ele>
      </trkpt>
      <trkpt lat="40.96591" lon="16.57612">
        <ele>364.7</ele>
      </trkpt>
      <trkpt lat="40.96603" lon="16.576509">
        <ele>366.0</ele>
      </trkpt>
      <trkpt lat="40.96636" lon="16.57668">
        <ele>367.3</ele>
      </trkpt>
      <trkpt lat="40.96714" lon="16.577">
        <ele>366.7</ele>
      </trkpt>
      <trkpt lat="40.96721" lon="16.57706">
        <ele>366.5</ele>
      </trkpt>
      <trkpt lat="40.96722" lon="16.57714">
        <ele>366.6</ele>
      </trkpt>
      <trkpt lat="40.96758" lon="16.57733">
        <ele>365.5</ele>
      </trkpt>
      <trkpt lat="40.96761" lon="16.57743">
        <ele>365.5</ele>
      </trkpt>
      <trkpt lat="40.96768" lon="16.57751">
        <ele>365.3</ele>
      </trkpt>
      <trkpt lat="40.96777" lon="16.57768">
        <ele>364.3</ele>
      </trkpt>
      <trkpt lat="40.96788" lon="16.57782">
        <ele>363.4</ele>
      </trkpt>
      <trkpt lat="40.96791" lon="16.57869">
        <ele>359.4</ele>
      </trkpt>
      <trkpt lat="40.96797" lon="16.57958">
        <ele>354.3</ele>
      </trkpt>
      <trkpt lat="40.96803" lon="16.58048">
        <ele>351.3</ele>
      </trkpt>
      <trkpt lat="40.968089" lon="16.58137">
        <ele>350.1</ele>
      </trkpt>
      <trkpt lat="40.96815" lon="16.58226">
        <ele>349.5</ele>
      </trkpt>
      <trkpt lat="40.96798" lon="16.58277">
        <ele>349.8</ele>
      </trkpt>
      <trkpt lat="40.96777" lon="16.58329">
        <ele>350.4</ele>
      </trkpt>
      <trkpt lat="40.96755" lon="16.58381">
        <ele>350.3</ele>
      </trkpt>
      <trkpt lat="40.96729" lon="16.58436">
        <ele>350.1</ele>
      </trkpt>
      <trkpt lat="40.96703" lon="16.5849">
        <ele>350.7</ele>
      </trkpt>
      <trkpt lat="40.96688" lon="16.585329">
        <ele>350.5</ele>
      </trkpt>
      <trkpt lat="40.96662" lon="16.58633">
        <ele>348.9</ele>
      </trkpt>
      <trkpt lat="40.96652" lon="16.586849">
        <ele>347.8</ele>
      </trkpt>
      <trkpt lat="40.96649" lon="16.587679">
        <ele>346.0</ele>
      </trkpt>
      <trkpt lat="40.96656" lon="16.58873">
        <ele>343.8</ele>
      </trkpt>
      <trkpt lat="40.96662" lon="16.58979">
        <ele>342.4</ele>
      </trkpt>
      <trkpt lat="40.96669" lon="16.59084">
        <ele>342.0</ele>
      </trkpt>
      <trkpt lat="40.96676" lon="16.591899">
        <ele>343.8</ele>
      </trkpt>
      <trkpt lat="40.96682" lon="16.592949">
        <ele>344.0</ele>
      </trkpt>
      <trkpt lat="40.96685" lon="16.593229">
        <ele>344.0</ele>
      </trkpt>
      <trkpt lat="40.96665" lon="16.59355">
        <ele>344.0</ele>
      </trkpt>
      <trkpt lat="40.966389" lon="16.594069">
        <ele>344.0</ele>
      </trkpt>
      <trkpt lat="40.96599" lon="16.59498">
        <ele>343.2</ele>
      </trkpt>
      <trkpt lat="40.96558" lon="16.59591">
        <ele>342.3</ele>
      </trkpt>
      <trkpt lat="40.96517" lon="16.59684">
        <ele>343.4</ele>
      </trkpt>
      <trkpt lat="40.96476" lon="16.59777">
        <ele>343.7</ele>
      </trkpt>
      <trkpt lat="40.96435" lon="16.5987">
        <ele>345.7</ele>
      </trkpt>
      <trkpt lat="40.96394" lon="16.59963">
        <ele>346.5</ele>
      </trkpt>
      <trkpt lat="40.96353" lon="16.60056">
        <ele>347.7</ele>
      </trkpt>
      <trkpt lat="40.96312" lon="16.601489">
        <ele>348.3</ele>
      </trkpt>
      <trkpt lat="40.96278" lon="16.60228">
        <ele>347.9</ele>
      </trkpt>
      <trkpt lat="40.962449" lon="16.603069">
        <ele>348.1</ele>
      </trkpt>
      <trkpt lat="40.96211" lon="16.60386">
        <ele>348.3</ele>
      </trkpt>
      <trkpt lat="40.96174" lon="16.604679">
        <ele>347.9</ele>
      </trkpt>
      <trkpt lat="40.96132" lon="16.605609">
        <ele>348.1</ele>
      </trkpt>
      <trkpt lat="40.96091" lon="16.606549">
        <ele>348.7</ele>
      </trkpt>
      <trkpt lat="40.9605" lon="16.607489">
        <ele>348.0</ele>
      </trkpt>
      <trkpt lat="40.96008" lon="16.608429">
        <ele>348.9</ele>
      </trkpt>
      <trkpt lat="40.95967" lon="16.609369">
        <ele>349.8</ele>
      </trkpt>
      <trkpt lat="40.95925" lon="16.610309">
        <ele>349.6</ele>
      </trkpt>
      <trkpt lat="40.95884" lon="16.611249">
        <ele>350.1</ele>
      </trkpt>
      <trkpt lat="40.95843" lon="16.612189">
        <ele>350.9</ele>
      </trkpt>
      <trkpt lat="40.95805" lon="16.61304">
        <ele>351.5</ele>
      </trkpt>
      <trkpt lat="40.95767" lon="16.6139">
        <ele>352.1</ele>
      </trkpt>
      <trkpt lat="40.95747" lon="16.61439">
        <ele>351.8</ele>
      </trkpt>
      <trkpt lat="40.95718" lon="16.61544">
        <ele>351.1</ele>
      </trkpt>
      <trkpt lat="40.95689" lon="16.61648">
        <ele>351.9</ele>
      </trkpt>
      <trkpt lat="40.9566" lon="16.617529">
        <ele>353.2</ele>
      </trkpt>
      <trkpt lat="40.956359" lon="16.61835">
        <ele>353.7</ele>
      </trkpt>
      <trkpt lat="40.95611" lon="16.61917">
        <ele>352.7</ele>
      </trkpt>
      <trkpt lat="40.95587" lon="16.62">
        <ele>351.0</ele>
      </trkpt>
      <trkpt lat="40.95567" lon="16.620819">
        <ele>350.8</ele>
      </trkpt>
      <trkpt lat="40.9555" lon="16.62144">
        <ele>350.6</ele>
      </trkpt>
      <trkpt lat="40.955329" lon="16.62206">
        <ele>350.4</ele>
      </trkpt>
      <trkpt lat="40.95515" lon="16.62263">
        <ele>350.0</ele>
      </trkpt>
      <trkpt lat="40.95497" lon="16.6232">
        <ele>349.1</ele>
      </trkpt>
      <trkpt lat="40.95467" lon="16.62408">
        <ele>347.2</ele>
      </trkpt>
      <trkpt lat="40.95438" lon="16.62497">
        <ele>346.8</ele>
      </trkpt>
      <trkpt lat="40.95408" lon="16.62586">
        <ele>348.1</ele>
      </trkpt>
      <trkpt lat="40.9539" lon="16.6262">
        <ele>348.3</ele>
      </trkpt>
      <trkpt lat="40.95329" lon="16.626999">
        <ele>349.4</ele>
      </trkpt>
      <trkpt lat="40.95268" lon="16.6278">
        <ele>349.8</ele>
      </trkpt>
      <trkpt lat="40.95207" lon="16.628599">
        <ele>351.5</ele>
      </trkpt>
      <trkpt lat="40.95146" lon="16.62939">
        <ele>352.3</ele>
      </trkpt>
      <trkpt lat="40.95129" lon="16.62968">
        <ele>352.9</ele>
      </trkpt>
      <trkpt lat="40.95114" lon="16.630009">
        <ele>353.6</ele>
      </trkpt>
      <trkpt lat="40.95093" lon="16.63054">
        <ele>354.6</ele>
      </trkpt>
      <trkpt lat="40.950719" lon="16.63108">
        <ele>355.3</ele>
      </trkpt>
      <trkpt lat="40.9503" lon="16.6321">
        <ele>356.4</ele>
      </trkpt>
      <trkpt lat="40.94989" lon="16.63312">
        <ele>357.9</ele>
      </trkpt>
      <trkpt lat="40.94948" lon="16.63415">
        <ele>359.6</ele>
      </trkpt>
      <trkpt lat="40.94907" lon="16.635169">
        <ele>361.1</ele>
      </trkpt>
      <trkpt lat="40.948659" lon="16.63619">
        <ele>361.3</ele>
      </trkpt>
      <trkpt lat="40.94825" lon="16.63721">
        <ele>361.0</ele>
      </trkpt>
      <trkpt lat="40.9479" lon="16.63821">
        <ele>360.6</ele>
      </trkpt>
      <trkpt lat="40.947809" lon="16.638639">
        <ele>360.6</ele>
      </trkpt>
      <trkpt lat="40.94775" lon="16.63881">
        <ele>360.7</ele>
      </trkpt>
      <trkpt lat="40.94768" lon="16.63896">
        <ele>360.8</ele>
      </trkpt>
      <trkpt lat="40.94761" lon="16.63906">
        <ele>360.9</ele>
      </trkpt>
      <trkpt lat="40.94755" lon="16.6391">
        <ele>360.9</ele>
      </trkpt>
      <trkpt lat="40.94753" lon="16.63914">
        <ele>361.0</ele>
      </trkpt>
      <trkpt lat="40.94752" lon="16.63923">
        <ele>360.9</ele>
      </trkpt>
      <trkpt lat="40.94762" lon="16.639399">
        <ele>360.6</ele>
      </trkpt>
      <trkpt lat="40.94766" lon="16.63956">
        <ele>360.3</ele>
      </trkpt>
      <trkpt lat="40.94769" lon="16.639759">
        <ele>360.1</ele>
      </trkpt>
      <trkpt lat="40.94761" lon="16.64087">
        <ele>358.8</ele>
      </trkpt>
      <trkpt lat="40.947539" lon="16.64131">
        <ele>358.4</ele>
      </trkpt>
      <trkpt lat="40.94746" lon="16.641649">
        <ele>358.1</ele>
      </trkpt>
      <trkpt lat="40.94739" lon="16.64195">
        <ele>358.0</ele>
      </trkpt>
      <trkpt lat="40.94715" lon="16.64289">
        <ele>357.7</ele>
      </trkpt>
      <trkpt lat="40.94704" lon="16.643329">
        <ele>357.6</ele>
      </trkpt>
      <trkpt lat="40.94692" lon="16.64369">
        <ele>357.1</ele>
      </trkpt>
      <trkpt lat="40.94679" lon="16.64401">
        <ele>356.5</ele>
      </trkpt>
      <trkpt lat="40.94668" lon="16.644189">
        <ele>356.0</ele>
      </trkpt>
      <trkpt lat="40.9465" lon="16.64444">
        <ele>355.9</ele>
      </trkpt>
      <trkpt lat="40.94632" lon="16.64461">
        <ele>355.9</ele>
      </trkpt>
      <trkpt lat="40.94607" lon="16.64481">
        <ele>355.9</ele>
      </trkpt>
      <trkpt lat="40.94561" lon="16.64525">
        <ele>356.0</ele>
      </trkpt>
      <trkpt lat="40.94538" lon="16.64556">
        <ele>356.0</ele>
      </trkpt>
      <trkpt lat="40.94514" lon="16.646149">
        <ele>356.0</ele>
      </trkpt>
      <trkpt lat="40.94489" lon="16.64675">
        <ele>356.1</ele>
      </trkpt>
      <trkpt lat="40.94484" lon="16.64673">
        <ele>356.2</ele>
      </trkpt>
      <trkpt lat="40.94478" lon="16.64674">
        <ele>356.2</ele>
      </trkpt>
      <trkpt lat="40.94473" lon="16.64678">
        <ele>356.3</ele>
      </trkpt>
      <trkpt lat="40.94468" lon="16.64686">
        <ele>356.3</ele>
      </trkpt>
      <trkpt lat="40.94467" lon="16.64693">
        <ele>356.3</ele>
      </trkpt>
      <trkpt lat="40.94467" lon="16.64701">
        <ele>356.2</ele>
      </trkpt>
      <trkpt lat="40.9447" lon="16.64707">
        <ele>356.2</ele>
      </trkpt>
      <trkpt lat="40.94474" lon="16.64713">
        <ele>356.1</ele>
      </trkpt>
      <trkpt lat="40.94439" lon="16.648019">
        <ele>355.2</ele>
      </trkpt>
      <trkpt lat="40.94404" lon="16.64892">
        <ele>353.2</ele>
      </trkpt>
      <trkpt lat="40.9437" lon="16.64975">
        <ele>351.0</ele>
      </trkpt>
      <trkpt lat="40.94337" lon="16.65059">
        <ele>352.2</ele>
      </trkpt>
      <trkpt lat="40.94303" lon="16.65142">
        <ele>354.7</ele>
      </trkpt>
      <trkpt lat="40.94265" lon="16.65238">
        <ele>355.7</ele>
      </trkpt>
      <trkpt lat="40.94227" lon="16.65335">
        <ele>356.0</ele>
      </trkpt>
      <trkpt lat="40.94188" lon="16.654309">
        <ele>356.2</ele>
      </trkpt>
      <trkpt lat="40.94126" lon="16.65397">
        <ele>356.5</ele>
      </trkpt>
      <trkpt lat="40.94063" lon="16.65363">
        <ele>357.6</ele>
      </trkpt>
      <trkpt lat="40.93987" lon="16.65317">
        <ele>360.2</ele>
      </trkpt>
      <trkpt lat="40.93958" lon="16.652999">
        <ele>360.4</ele>
      </trkpt>
      <trkpt lat="40.93933" lon="16.6528">
        <ele>360.6</ele>
      </trkpt>
      <trkpt lat="40.93861" lon="16.65246">
        <ele>360.3</ele>
      </trkpt>
      <trkpt lat="40.93789" lon="16.65212">
        <ele>361.5</ele>
      </trkpt>
      <trkpt lat="40.93718" lon="16.651789">
        <ele>363.2</ele>
      </trkpt>
      <trkpt lat="40.936929" lon="16.65173">
        <ele>363.6</ele>
      </trkpt>
      <trkpt lat="40.93671" lon="16.65174">
        <ele>363.9</ele>
      </trkpt>
      <trkpt lat="40.93657" lon="16.65177">
        <ele>364.0</ele>
      </trkpt>
      <trkpt lat="40.93648" lon="16.65185">
        <ele>364.0</ele>
      </trkpt>
      <trkpt lat="40.93641" lon="16.65189">
        <ele>364.0</ele>
      </trkpt>
      <trkpt lat="40.93618" lon="16.65174">
        <ele>364.4</ele>
      </trkpt>
      <trkpt lat="40.93612" lon="16.65177">
        <ele>364.5</ele>
      </trkpt>
      <trkpt lat="40.93528" lon="16.651399">
        <ele>365.6</ele>
      </trkpt>
      <trkpt lat="40.93508" lon="16.65186">
        <ele>365.0</ele>
      </trkpt>
      <trkpt lat="40.93491" lon="16.652149">
        <ele>365.2</ele>
      </trkpt>
      <trkpt lat="40.93474" lon="16.65236">
        <ele>365.6</ele>
      </trkpt>
      <trkpt lat="40.93462" lon="16.65247">
        <ele>365.9</ele>
      </trkpt>
      <trkpt lat="40.93448" lon="16.65267">
        <ele>366.1</ele>
      </trkpt>
      <trkpt lat="40.93443" lon="16.6528">
        <ele>366.1</ele>
      </trkpt>
      <trkpt lat="40.93386" lon="16.65359">
        <ele>366.3</ele>
      </trkpt>
      <trkpt lat="40.93329" lon="16.65437">
        <ele>365.6</ele>
      </trkpt>
      <trkpt lat="40.93272" lon="16.655149">
        <ele>364.6</ele>
      </trkpt>
      <trkpt lat="40.93215" lon="16.65593">
        <ele>364.3</ele>
      </trkpt>
      <trkpt lat="40.931579" lon="16.65672">
        <ele>363.1</ele>
      </trkpt>
      <trkpt lat="40.93101" lon="16.657499">
        <ele>363.8</ele>
      </trkpt>
      <trkpt lat="40.93044" lon="16.65828">
        <ele>364.0</ele>
      </trkpt>
      <trkpt lat="40.92987" lon="16.65906">
        <ele>364.2</ele>
      </trkpt>
      <trkpt lat="40.92937" lon="16.659749">
        <ele>364.2</ele>
      </trkpt>
      <trkpt lat="40.92887" lon="16.66044">
        <ele>364.4</ele>
      </trkpt>
      <trkpt lat="40.92838" lon="16.66113">
        <ele>364.9</ele>
      </trkpt>
      <trkpt lat="40.92788" lon="16.66181">
        <ele>365.5</ele>
      </trkpt>
      <trkpt lat="40.92741" lon="16.66252">
        <ele>365.0</ele>
      </trkpt>
      <trkpt lat="40.92694" lon="16.663219">
        <ele>363.8</ele>
      </trkpt>
      <trkpt lat="40.92647" lon="16.66393">
        <ele>362.8</ele>
      </trkpt>
      <trkpt lat="40.926" lon="16.664639">
        <ele>362.7</ele>
      </trkpt>
      <trkpt lat="40.92575" lon="16.664829">
        <ele>362.7</ele>
      </trkpt>
      <trkpt lat="40.92528" lon="16.66495">
        <ele>362.3</ele>
      </trkpt>
      <trkpt lat="40.92469" lon="16.665099">
        <ele>361.1</ele>
      </trkpt>
      <trkpt lat="40.9241" lon="16.66525">
        <ele>360.2</ele>
      </trkpt>
      <trkpt lat="40.92351" lon="16.6654">
        <ele>362.4</ele>
      </trkpt>
      <trkpt lat="40.92312" lon="16.665569">
        <ele>363.7</ele>
      </trkpt>
      <trkpt lat="40.92301" lon="16.665669">
        <ele>364.1</ele>
      </trkpt>
      <trkpt lat="40.922669" lon="16.66598">
        <ele>365.1</ele>
      </trkpt>
      <trkpt lat="40.92212" lon="16.66682">
        <ele>364.7</ele>
      </trkpt>
      <trkpt lat="40.92157" lon="16.66767">
        <ele>365.6</ele>
      </trkpt>
      <trkpt lat="40.92101" lon="16.66852">
        <ele>363.5</ele>
      </trkpt>
      <trkpt lat="40.92046" lon="16.66936">
        <ele>362.0</ele>
      </trkpt>
      <trkpt lat="40.92009" lon="16.66994">
        <ele>364.5</ele>
      </trkpt>
      <trkpt lat="40.91997" lon="16.67016">
        <ele>364.7</ele>
      </trkpt>
      <trkpt lat="40.9197" lon="16.670929">
        <ele>364.9</ele>
      </trkpt>
      <trkpt lat="40.91936" lon="16.6718">
        <ele>364.9</ele>
      </trkpt>
      <trkpt lat="40.91903" lon="16.67266">
        <ele>364.1</ele>
      </trkpt>
      <trkpt lat="40.91869" lon="16.67353">
        <ele>364.3</ele>
      </trkpt>
      <trkpt lat="40.91846" lon="16.6741">
        <ele>365.4</ele>
      </trkpt>
      <trkpt lat="40.91823" lon="16.674679">
        <ele>364.8</ele>
      </trkpt>
      <trkpt lat="40.917789" lon="16.67536">
        <ele>364.0</ele>
      </trkpt>
      <trkpt lat="40.91724" lon="16.675889">
        <ele>363.3</ele>
      </trkpt>
      <trkpt lat="40.91668" lon="16.67642">
        <ele>362.0</ele>
      </trkpt>
      <trkpt lat="40.91636" lon="16.67669">
        <ele>362.7</ele>
      </trkpt>
      <trkpt lat="40.91593" lon="16.67707">
        <ele>363.3</ele>
      </trkpt>
      <trkpt lat="40.91549" lon="16.67744">
        <ele>363.9</ele>
      </trkpt>
      <trkpt lat="40.91502" lon="16.67779">
        <ele>363.6</ele>
      </trkpt>
      <trkpt lat="40.91443" lon="16.678059">
        <ele>363.0</ele>
      </trkpt>
      <trkpt lat="40.91377" lon="16.67812">
        <ele>362.4</ele>
      </trkpt>
      <trkpt lat="40.91292" lon="16.67817">
        <ele>365.2</ele>
      </trkpt>
      <trkpt lat="40.91236" lon="16.67846">
        <ele>367.4</ele>
      </trkpt>
      <trkpt lat="40.91204" lon="16.67887">
        <ele>365.8</ele>
      </trkpt>
      <trkpt lat="40.91164" lon="16.67931">
        <ele>364.7</ele>
      </trkpt>
      <trkpt lat="40.91109" lon="16.67996">
        <ele>365.1</ele>
      </trkpt>
      <trkpt lat="40.91054" lon="16.680599">
        <ele>367.4</ele>
      </trkpt>
      <trkpt lat="40.90998" lon="16.681249">
        <ele>367.0</ele>
      </trkpt>
      <trkpt lat="40.90943" lon="16.681899">
        <ele>365.6</ele>
      </trkpt>
      <trkpt lat="40.90888" lon="16.68254">
        <ele>365.9</ele>
      </trkpt>
      <trkpt lat="40.90858" lon="16.683119">
        <ele>365.1</ele>
      </trkpt>
      <trkpt lat="40.90827" lon="16.6837">
        <ele>364.2</ele>
      </trkpt>
      <trkpt lat="40.90788" lon="16.68451">
        <ele>363.4</ele>
      </trkpt>
      <trkpt lat="40.90758" lon="16.685089">
        <ele>363.8</ele>
      </trkpt>
      <trkpt lat="40.90728" lon="16.685669">
        <ele>364.3</ele>
      </trkpt>
      <trkpt lat="40.90696" lon="16.68629">
        <ele>364.5</ele>
      </trkpt>
      <trkpt lat="40.90664" lon="16.68692">
        <ele>364.4</ele>
      </trkpt>
      <trkpt lat="40.90642" lon="16.68723">
        <ele>364.3</ele>
      </trkpt>
      <trkpt lat="40.90603" lon="16.687639">
        <ele>365.2</ele>
      </trkpt>
      <trkpt lat="40.90551" lon="16.68789">
        <ele>365.7</ele>
      </trkpt>
      <trkpt lat="40.90519" lon="16.68799">
        <ele>365.7</ele>
      </trkpt>
      <trkpt lat="40.9047" lon="16.68821">
        <ele>365.2</ele>
      </trkpt>
      <trkpt lat="40.90448" lon="16.688469">
        <ele>364.9</ele>
      </trkpt>
      <trkpt lat="40.90431" lon="16.68872">
        <ele>364.9</ele>
      </trkpt>
      <trkpt lat="40.9042" lon="16.68898">
        <ele>365.0</ele>
      </trkpt>
      <trkpt lat="40.90397" lon="16.68985">
        <ele>364.7</ele>
      </trkpt>
      <trkpt lat="40.90373" lon="16.690729">
        <ele>364.2</ele>
      </trkpt>
      <trkpt lat="40.90349" lon="16.6916">
        <ele>363.5</ele>
      </trkpt>
      <trkpt lat="40.903329" lon="16.69201">
        <ele>364.0</ele>
      </trkpt>
      <trkpt lat="40.90314" lon="16.69236">
        <ele>364.5</ele>
      </trkpt>
      <trkpt lat="40.90285" lon="16.69273">
        <ele>364.4</ele>
      </trkpt>
      <trkpt lat="40.90255" lon="16.69299">
        <ele>363.6</ele>
      </trkpt>
      <trkpt lat="40.90243" lon="16.69305">
        <ele>363.4</ele>
      </trkpt>
      <trkpt lat="40.90227" lon="16.69312">
        <ele>363.4</ele>
      </trkpt>
      <trkpt lat="40.90184" lon="16.69339">
        <ele>363.4</ele>
      </trkpt>
      <trkpt lat="40.90152" lon="16.69371">
        <ele>363.4</ele>
      </trkpt>
      <trkpt lat="40.90126" lon="16.69416">
        <ele>363.0</ele>
      </trkpt>
      <trkpt lat="40.90112" lon="16.69463">
        <ele>362.6</ele>
      </trkpt>
      <trkpt lat="40.90086" lon="16.69577">
        <ele>360.1</ele>
      </trkpt>
      <trkpt lat="40.9006" lon="16.696909">
        <ele>362.4</ele>
      </trkpt>
      <trkpt lat="40.90035" lon="16.698039">
        <ele>365.0</ele>
      </trkpt>
      <trkpt lat="40.90009" lon="16.699179">
        <ele>364.8</ele>
      </trkpt>
      <trkpt lat="40.89984" lon="16.70032">
        <ele>363.2</ele>
      </trkpt>
      <trkpt lat="40.89982" lon="16.70069">
        <ele>363.5</ele>
      </trkpt>
      <trkpt lat="40.89982" lon="16.70137">
        <ele>364.1</ele>
      </trkpt>
      <trkpt lat="40.89981" lon="16.70206">
        <ele>364.7</ele>
      </trkpt>
      <trkpt lat="40.8998" lon="16.70238">
        <ele>365.0</ele>
      </trkpt>
      <trkpt lat="40.89965" lon="16.70307">
        <ele>365.4</ele>
      </trkpt>
      <trkpt lat="40.89936" lon="16.70409">
        <ele>363.5</ele>
      </trkpt>
      <trkpt lat="40.89907" lon="16.7051">
        <ele>365.4</ele>
      </trkpt>
      <trkpt lat="40.89886" lon="16.70582">
        <ele>365.7</ele>
      </trkpt>
      <trkpt lat="40.89865" lon="16.70654">
        <ele>365.1</ele>
      </trkpt>
      <trkpt lat="40.89858" lon="16.70674">
        <ele>364.8</ele>
      </trkpt>
      <trkpt lat="40.89846" lon="16.70707">
        <ele>363.6</ele>
      </trkpt>
      <trkpt lat="40.89829" lon="16.70766">
        <ele>362.3</ele>
      </trkpt>
      <trkpt lat="40.89812" lon="16.70825">
        <ele>363.4</ele>
      </trkpt>
      <trkpt lat="40.89804" lon="16.70895">
        <ele>364.2</ele>
      </trkpt>
      <trkpt lat="40.89797" lon="16.709599">
        <ele>364.7</ele>
      </trkpt>
      <trkpt lat="40.89791" lon="16.710249">
        <ele>364.7</ele>
      </trkpt>
      <trkpt lat="40.89832" lon="16.710239">
        <ele>363.1</ele>
      </trkpt>
      <trkpt lat="40.89839" lon="16.71085">
        <ele>362.7</ele>
      </trkpt>
      <trkpt lat="40.89846" lon="16.71145">
        <ele>361.8</ele>
      </trkpt>
      <trkpt lat="40.89853" lon="16.71207">
        <ele>361.3</ele>
      </trkpt>
      <trkpt lat="40.89856" lon="16.71245">
        <ele>361.2</ele>
      </trkpt>
      <trkpt lat="40.89853" lon="16.71289">
        <ele>360.8</ele>
      </trkpt>
      <trkpt lat="40.89843" lon="16.7134">
        <ele>360.7</ele>
      </trkpt>
      <trkpt lat="40.8982" lon="16.71403">
        <ele>361.9</ele>
      </trkpt>
      <trkpt lat="40.89797" lon="16.714649">
        <ele>362.5</ele>
      </trkpt>
      <trkpt lat="40.89791" lon="16.715">
        <ele>362.0</ele>
      </trkpt>
      <trkpt lat="40.897889" lon="16.71518">
        <ele>361.6</ele>
      </trkpt>
      <trkpt lat="40.8979" lon="16.71562">
        <ele>360.2</ele>
      </trkpt>
      <trkpt lat="40.89796" lon="16.71614">
        <ele>359.5</ele>
      </trkpt>
      <trkpt lat="40.89801" lon="16.71638">
        <ele>359.6</ele>
      </trkpt>
      <trkpt lat="40.89807" lon="16.71658">
        <ele>359.6</ele>
      </trkpt>
      <trkpt lat="40.89826" lon="16.717099">
        <ele>358.7</ele>
      </trkpt>
      <trkpt lat="40.89837" lon="16.717569">
        <ele>357.8</ele>
      </trkpt>
      <trkpt lat="40.89841" lon="16.717939">
        <ele>357.3</ele>
      </trkpt>
      <trkpt lat="40.89841" lon="16.71826">
        <ele>356.9</ele>
      </trkpt>
      <trkpt lat="40.89837" lon="16.71873">
        <ele>356.9</ele>
      </trkpt>
      <trkpt lat="40.89834" lon="16.71894">
        <ele>357.0</ele>
      </trkpt>
      <trkpt lat="40.89826" lon="16.719259">
        <ele>357.3</ele>
      </trkpt>
      <trkpt lat="40.89815" lon="16.719619">
        <ele>357.8</ele>
      </trkpt>
      <trkpt lat="40.89783" lon="16.72046">
        <ele>360.0</ele>
      </trkpt>
      <trkpt lat="40.897509" lon="16.7213">
        <ele>361.4</ele>
      </trkpt>
      <trkpt lat="40.89737" lon="16.72177">
        <ele>361.4</ele>
      </trkpt>
      <trkpt lat="40.89721" lon="16.722539">
        <ele>360.8</ele>
      </trkpt>
      <trkpt lat="40.89705" lon="16.72331">
        <ele>362.1</ele>
      </trkpt>
      <trkpt lat="40.89688" lon="16.7242">
        <ele>361.2</ele>
      </trkpt>
      <trkpt lat="40.89671" lon="16.725079">
        <ele>360.7</ele>
      </trkpt>
      <trkpt lat="40.89653" lon="16.72596">
        <ele>360.0</ele>
      </trkpt>
      <trkpt lat="40.89647" lon="16.72688">
        <ele>361.1</ele>
      </trkpt>
      <trkpt lat="40.8964" lon="16.72781">
        <ele>360.7</ele>
      </trkpt>
      <trkpt lat="40.89634" lon="16.728729">
        <ele>359.1</ele>
      </trkpt>
      <trkpt lat="40.89628" lon="16.72956">
        <ele>358.1</ele>
      </trkpt>
      <trkpt lat="40.89623" lon="16.73038">
        <ele>357.9</ele>
      </trkpt>
      <trkpt lat="40.8962" lon="16.73065">
        <ele>357.8</ele>
      </trkpt>
      <trkpt lat="40.89606" lon="16.73141">
        <ele>356.8</ele>
      </trkpt>
      <trkpt lat="40.89591" lon="16.73217">
        <ele>356.1</ele>
      </trkpt>
      <trkpt lat="40.89585" lon="16.7326">
        <ele>355.9</ele>
      </trkpt>
      <trkpt lat="40.89585" lon="16.73367">
        <ele>355.9</ele>
      </trkpt>
      <trkpt lat="40.89584" lon="16.734739">
        <ele>355.3</ele>
      </trkpt>
      <trkpt lat="40.89584" lon="16.735399">
        <ele>355.9</ele>
      </trkpt>
      <trkpt lat="40.89581" lon="16.736">
        <ele>357.0</ele>
      </trkpt>
      <trkpt lat="40.89578" lon="16.73659">
        <ele>356.7</ele>
      </trkpt>
      <trkpt lat="40.89569" lon="16.737269">
        <ele>356.8</ele>
      </trkpt>
      <trkpt lat="40.89553" lon="16.73797">
        <ele>356.7</ele>
      </trkpt>
      <trkpt lat="40.89538" lon="16.738669">
        <ele>356.0</ele>
      </trkpt>
      <trkpt lat="40.89511" lon="16.73951">
        <ele>355.6</ele>
      </trkpt>
      <trkpt lat="40.89484" lon="16.74035">
        <ele>356.1</ele>
      </trkpt>
      <trkpt lat="40.89467" lon="16.74119">
        <ele>356.2</ele>
      </trkpt>
      <trkpt lat="40.89462" lon="16.74153">
        <ele>356.4</ele>
      </trkpt>
      <trkpt lat="40.894599" lon="16.74212">
        <ele>357.2</ele>
      </trkpt>
      <trkpt lat="40.89464" lon="16.74321">
        <ele>359.3</ele>
      </trkpt>
      <trkpt lat="40.89462" lon="16.74373">
        <ele>359.4</ele>
      </trkpt>
      <trkpt lat="40.89452" lon="16.74429">
        <ele>359.6</ele>
      </trkpt>
      <trkpt lat="40.8943" lon="16.74531">
        <ele>356.6</ele>
      </trkpt>
      <trkpt lat="40.89409" lon="16.74633">
        <ele>356.1</ele>
      </trkpt>
      <trkpt lat="40.89405" lon="16.746559">
        <ele>356.6</ele>
      </trkpt>
      <trkpt lat="40.89382" lon="16.74727">
        <ele>356.9</ele>
      </trkpt>
      <trkpt lat="40.89356" lon="16.74793">
        <ele>356.8</ele>
      </trkpt>
      <trkpt lat="40.89327" lon="16.74849">
        <ele>356.4</ele>
      </trkpt>
      <trkpt lat="40.89271" lon="16.7494">
        <ele>355.6</ele>
      </trkpt>
      <trkpt lat="40.89267" lon="16.74933">
        <ele>355.9</ele>
      </trkpt>
      <trkpt lat="40.89262" lon="16.74931">
        <ele>356.2</ele>
      </trkpt>
      <trkpt lat="40.89259" lon="16.74932">
        <ele>356.4</ele>
      </trkpt>
      <trkpt lat="40.892539" lon="16.74936">
        <ele>356.6</ele>
      </trkpt>
      <trkpt lat="40.89253" lon="16.7494">
        <ele>356.6</ele>
      </trkpt>
      <trkpt lat="40.892539" lon="16.749479">
        <ele>356.4</ele>
      </trkpt>
      <trkpt lat="40.89258" lon="16.74954">
        <ele>356.1</ele>
      </trkpt>
      <trkpt lat="40.89261" lon="16.74955">
        <ele>356.0</ele>
      </trkpt>
      <trkpt lat="40.89249" lon="16.750029">
        <ele>356.0</ele>
      </trkpt>
      <trkpt lat="40.89247" lon="16.75021">
        <ele>355.9</ele>
      </trkpt>
      <trkpt lat="40.89247" lon="16.75068">
        <ele>355.3</ele>
      </trkpt>
      <trkpt lat="40.8926" lon="16.751719">
        <ele>352.7</ele>
      </trkpt>
      <trkpt lat="40.89274" lon="16.752759">
        <ele>349.8</ele>
      </trkpt>
      <trkpt lat="40.89276" lon="16.75324">
        <ele>348.3</ele>
      </trkpt>
      <trkpt lat="40.89276" lon="16.75358">
        <ele>347.8</ele>
      </trkpt>
      <trkpt lat="40.89273" lon="16.75429">
        <ele>347.1</ele>
      </trkpt>
      <trkpt lat="40.892629" lon="16.75521">
        <ele>346.9</ele>
      </trkpt>
      <trkpt lat="40.8925" lon="16.755949">
        <ele>345.4</ele>
      </trkpt>
      <trkpt lat="40.89238" lon="16.756689">
        <ele>342.4</ele>
      </trkpt>
      <trkpt lat="40.89239" lon="16.756689">
        <ele>342.3</ele>
      </trkpt>
      <trkpt lat="40.892359" lon="16.75683">
        <ele>342.1</ele>
      </trkpt>
      <trkpt lat="40.89232" lon="16.75715">
        <ele>341.5</ele>
      </trkpt>
      <trkpt lat="40.8923" lon="16.7574">
        <ele>341.0</ele>
      </trkpt>
      <trkpt lat="40.8923" lon="16.75771">
        <ele>340.1</ele>
      </trkpt>
      <trkpt lat="40.89233" lon="16.75795">
        <ele>339.2</ele>
      </trkpt>
      <trkpt lat="40.89233" lon="16.75799">
        <ele>339.1</ele>
      </trkpt>
      <trkpt lat="40.89238" lon="16.75822">
        <ele>338.1</ele>
      </trkpt>
      <trkpt lat="40.89261" lon="16.7592">
        <ele>336.6</ele>
      </trkpt>
      <trkpt lat="40.89267" lon="16.7595">
        <ele>335.8</ele>
      </trkpt>
      <trkpt lat="40.89268" lon="16.75959">
        <ele>335.6</ele>
      </trkpt>
      <trkpt lat="40.8927" lon="16.75972">
        <ele>335.3</ele>
      </trkpt>
      <trkpt lat="40.89271" lon="16.76002">
        <ele>334.7</ele>
      </trkpt>
      <trkpt lat="40.89273" lon="16.76032">
        <ele>334.2</ele>
      </trkpt>
      <trkpt lat="40.89274" lon="16.760729">
        <ele>333.6</ele>
      </trkpt>
      <trkpt lat="40.89272" lon="16.76099">
        <ele>333.6</ele>
      </trkpt>
      <trkpt lat="40.89269" lon="16.76152">
        <ele>334.2</ele>
      </trkpt>
      <trkpt lat="40.89268" lon="16.76169">
        <ele>334.3</ele>
      </trkpt>
      <trkpt lat="40.89264" lon="16.76235">
        <ele>333.0</ele>
      </trkpt>
      <trkpt lat="40.89262" lon="16.76255">
        <ele>332.6</ele>
      </trkpt>
      <trkpt lat="40.8926" lon="16.76268">
        <ele>332.3</ele>
      </trkpt>
      <trkpt lat="40.89258" lon="16.76276">
        <ele>332.2</ele>
      </trkpt>
      <trkpt lat="40.89256" lon="16.76282">
        <ele>332.1</ele>
      </trkpt>
      <trkpt lat="40.89248" lon="16.763079">
        <ele>331.7</ele>
      </trkpt>
      <trkpt lat="40.89246" lon="16.76314">
        <ele>331.6</ele>
      </trkpt>
      <trkpt lat="40.89242" lon="16.763269">
        <ele>331.4</ele>
      </trkpt>
      <trkpt lat="40.89232" lon="16.76357">
        <ele>330.6</ele>
      </trkpt>
      <trkpt lat="40.89225" lon="16.763739">
        <ele>330.1</ele>
      </trkpt>
      <trkpt lat="40.89224" lon="16.76379">
        <ele>330.0</ele>
      </trkpt>
      <trkpt lat="40.891979" lon="16.76453">
        <ele>328.5</ele>
      </trkpt>
      <trkpt lat="40.89197" lon="16.764589">
        <ele>328.4</ele>
      </trkpt>
      <trkpt lat="40.89195" lon="16.76461">
        <ele>328.4</ele>
      </trkpt>
      <trkpt lat="40.89194" lon="16.76463">
        <ele>328.4</ele>
      </trkpt>
      <trkpt lat="40.89191" lon="16.76471">
        <ele>328.4</ele>
      </trkpt>
      <trkpt lat="40.89187" lon="16.76489">
        <ele>328.2</ele>
      </trkpt>
      <trkpt lat="40.89187" lon="16.7649">
        <ele>328.2</ele>
      </trkpt>
      <trkpt lat="40.89187" lon="16.76491">
        <ele>328.2</ele>
      </trkpt>
      <trkpt lat="40.89186" lon="16.76491">
        <ele>328.2</ele>
      </trkpt>
      <trkpt lat="40.89186" lon="16.76492">
        <ele>328.2</ele>
      </trkpt>
      <trkpt lat="40.89186" lon="16.76493">
        <ele>328.2</ele>
      </trkpt>
      <trkpt lat="40.89186" lon="16.76494">
        <ele>328.2</ele>
      </trkpt>
      <trkpt lat="40.89185" lon="16.76494">
        <ele>328.2</ele>
      </trkpt>
      <trkpt lat="40.89185" lon="16.764949">
        <ele>328.2</ele>
      </trkpt>
      <trkpt lat="40.89185" lon="16.764959">
        <ele>328.2</ele>
      </trkpt>
      <trkpt lat="40.89185" lon="16.76497">
        <ele>328.2</ele>
      </trkpt>
      <trkpt lat="40.89185" lon="16.76498">
        <ele>328.2</ele>
      </trkpt>
      <trkpt lat="40.89177" lon="16.76508">
        <ele>328.4</ele>
      </trkpt>
      <trkpt lat="40.89173" lon="16.76516">
        <ele>328.5</ele>
      </trkpt>
      <trkpt lat="40.8917" lon="16.76522">
        <ele>328.6</ele>
      </trkpt>
      <trkpt lat="40.89166" lon="16.76529">
        <ele>328.7</ele>
      </trkpt>
      <trkpt lat="40.89164" lon="16.76532">
        <ele>328.7</ele>
      </trkpt>
      <trkpt lat="40.89159" lon="16.7654">
        <ele>328.9</ele>
      </trkpt>
      <trkpt lat="40.89157" lon="16.76544">
        <ele>328.9</ele>
      </trkpt>
      <trkpt lat="40.89152" lon="16.76555">
        <ele>329.1</ele>
      </trkpt>
      <trkpt lat="40.8915" lon="16.76558">
        <ele>329.2</ele>
      </trkpt>
      <trkpt lat="40.89143" lon="16.76583">
        <ele>329.4</ele>
      </trkpt>
      <trkpt lat="40.89143" lon="16.76586">
        <ele>329.4</ele>
      </trkpt>
      <trkpt lat="40.8914" lon="16.765989">
        <ele>329.7</ele>
      </trkpt>
      <trkpt lat="40.89139" lon="16.76607">
        <ele>329.9</ele>
      </trkpt>
      <trkpt lat="40.89136" lon="16.76621">
        <ele>330.1</ele>
      </trkpt>
      <trkpt lat="40.89129" lon="16.76659">
        <ele>330.4</ele>
      </trkpt>
      <trkpt lat="40.891219" lon="16.76705">
        <ele>330.7</ele>
      </trkpt>
      <trkpt lat="40.89115" lon="16.767479">
        <ele>331.0</ele>
      </trkpt>
      <trkpt lat="40.89115" lon="16.76753">
        <ele>331.1</ele>
      </trkpt>
      <trkpt lat="40.89103" lon="16.76819">
        <ele>332.9</ele>
      </trkpt>
      <trkpt lat="40.89096" lon="16.76866">
        <ele>334.3</ele>
      </trkpt>
      <trkpt lat="40.89096" lon="16.76866">
        <ele>334.3</ele>
      </trkpt>
      <trkpt lat="40.890949" lon="16.76873">
        <ele>334.6</ele>
      </trkpt>
      <trkpt lat="40.89094" lon="16.76876">
        <ele>334.7</ele>
      </trkpt>
      <trkpt lat="40.89094" lon="16.768799">
        <ele>334.8</ele>
      </trkpt>
      <trkpt lat="40.89094" lon="16.76884">
        <ele>335.0</ele>
      </trkpt>
      <trkpt lat="40.89096" lon="16.768899">
        <ele>335.2</ele>
      </trkpt>
      <trkpt lat="40.89097" lon="16.76895">
        <ele>335.4</ele>
      </trkpt>
      <trkpt lat="40.89099" lon="16.76904">
        <ele>335.7</ele>
      </trkpt>
      <trkpt lat="40.89106" lon="16.76921">
        <ele>336.4</ele>
      </trkpt>
      <trkpt lat="40.89107" lon="16.76926">
        <ele>336.6</ele>
      </trkpt>
      <trkpt lat="40.891129" lon="16.76939">
        <ele>337.1</ele>
      </trkpt>
      <trkpt lat="40.8912" lon="16.76958">
        <ele>337.8</ele>
      </trkpt>
      <trkpt lat="40.89124" lon="16.76969">
        <ele>338.1</ele>
      </trkpt>
      <trkpt lat="40.8914" lon="16.770119">
        <ele>338.6</ele>
      </trkpt>
      <trkpt lat="40.8915" lon="16.770409">
        <ele>338.1</ele>
      </trkpt>
      <trkpt lat="40.89162" lon="16.77073">
        <ele>337.3</ele>
      </trkpt>
      <trkpt lat="40.89163" lon="16.770779">
        <ele>337.2</ele>
      </trkpt>
      <trkpt lat="40.89164" lon="16.77079">
        <ele>337.2</ele>
      </trkpt>
      <trkpt lat="40.89165" lon="16.770859">
        <ele>337.0</ele>
      </trkpt>
      <trkpt lat="40.89165" lon="16.77091">
        <ele>336.9</ele>
      </trkpt>
      <trkpt lat="40.89165" lon="16.77098">
        <ele>336.7</ele>
      </trkpt>
      <trkpt lat="40.89164" lon="16.77108">
        <ele>336.5</ele>
      </trkpt>
      <trkpt lat="40.89149" lon="16.771719">
        <ele>336.0</ele>
      </trkpt>
      <trkpt lat="40.89136" lon="16.7717">
        <ele>336.8</ele>
      </trkpt>
      <trkpt lat="40.89118" lon="16.77166">
        <ele>337.9</ele>
      </trkpt>
      <trkpt lat="40.89118" lon="16.77166">
        <ele>337.9</ele>
      </trkpt>
      <trkpt lat="40.89096" lon="16.771619">
        <ele>339.3</ele>
      </trkpt>
      <trkpt lat="40.89087" lon="16.771609">
        <ele>339.9</ele>
      </trkpt>
      <trkpt lat="40.89076" lon="16.77159">
        <ele>340.2</ele>
      </trkpt>
      <trkpt lat="40.89063" lon="16.77155">
        <ele>340.5</ele>
      </trkpt>
      <trkpt lat="40.8906" lon="16.77155">
        <ele>340.5</ele>
      </trkpt>
      <trkpt lat="40.89054" lon="16.77155">
        <ele>340.6</ele>
      </trkpt>
      <trkpt lat="40.89045" lon="16.77156">
        <ele>340.7</ele>
      </trkpt>
      <trkpt lat="40.89038" lon="16.77159">
        <ele>340.7</ele>
      </trkpt>
      <trkpt lat="40.89031" lon="16.771619">
        <ele>340.8</ele>
      </trkpt>
      <trkpt lat="40.89026" lon="16.77164">
        <ele>340.8</ele>
      </trkpt>
      <trkpt lat="40.89026" lon="16.77164">
        <ele>340.8</ele>
      </trkpt>
      <trkpt lat="40.89022" lon="16.77167">
        <ele>340.7</ele>
      </trkpt>
      <trkpt lat="40.89016" lon="16.77167">
        <ele>340.8</ele>
      </trkpt>
      <trkpt lat="40.89012" lon="16.77165">
        <ele>340.9</ele>
      </trkpt>
      <trkpt lat="40.890099" lon="16.771619">
        <ele>341.0</ele>
      </trkpt>
      <trkpt lat="40.89006" lon="16.771609">
        <ele>341.1</ele>
      </trkpt>
      <trkpt lat="40.89" lon="16.7716">
        <ele>341.2</ele>
      </trkpt>
      <trkpt lat="40.88993" lon="16.7716">
        <ele>341.5</ele>
      </trkpt>
      <trkpt lat="40.8899" lon="16.7716">
        <ele>341.6</ele>
      </trkpt>
      <trkpt lat="40.88984" lon="16.77159">
        <ele>341.8</ele>
      </trkpt>
      <trkpt lat="40.88984" lon="16.77159">
        <ele>341.8</ele>
      </trkpt>
      <trkpt lat="40.88982" lon="16.771629">
        <ele>341.8</ele>
      </trkpt>
      <trkpt lat="40.88982" lon="16.77167">
        <ele>341.6</ele>
      </trkpt>
      <trkpt lat="40.88981" lon="16.771709">
        <ele>341.7</ele>
      </trkpt>
      <trkpt lat="40.88981" lon="16.77178">
        <ele>341.7</ele>
      </trkpt>
      <trkpt lat="40.88981" lon="16.77182">
        <ele>341.6</ele>
      </trkpt>
    </trkseg>
  </trk>
</gpx>
