<?xml version="1.0" encoding="UTF-8"?>
<gpx xmlns:gpxdata="http://www.cluetrust.com/XML/GPXDATA/1/0" xmlns:xsi="http://www.w3.org/2001/XMLSchema-instance" xmlns="http://www.topografix.com/GPX/1/1" version="1.1" creator="http://ridewithgps.com/" xsi:schemaLocation="http://www.topografix.com/GPX/1/1 http://www.topografix.com/GPX/1/1/gpx.xsd http://www.cluetrust.com/XML/GPXDATA/1/0 http://www.cluetrust.com/Schemas/gpxdata10.xsd">
  <metadata>
    <name>06 CICLOVIA DELL'ACQUEDOTTO - CASSANO-LOCOROTONDO - NEW 2022</name>
    <link href="https://ridewithgps.com/routes/38548115">
      <text>06 CICLOVIA DELL'ACQUEDOTTO - CASSANO-LOCOROTONDO - NEW 2022</text>
    </link>
    <time>2022-02-12T13:15:54Z</time>
  </metadata>
  <trk>
    <name>06 CICLOVIA DELL'ACQUEDOTTO - CASSANO-LOCOROTONDO - NEW 2022</name>
    <trkseg>
      <trkpt lat="40.88981" lon="16.77182">
        <ele>341.6</ele>
      </trkpt>
      <trkpt lat="40.88981" lon="16.77178">
        <ele>341.7</ele>
      </trkpt>
      <trkpt lat="40.88981" lon="16.771709">
        <ele>341.7</ele>
      </trkpt>
      <trkpt lat="40.88982" lon="16.77167">
        <ele>341.6</ele>
      </trkpt>
      <trkpt lat="40.88982" lon="16.771629">
        <ele>341.8</ele>
      </trkpt>
      <trkpt lat="40.88984" lon="16.77159">
        <ele>341.8</ele>
      </trkpt>
      <trkpt lat="40.88984" lon="16.77159">
        <ele>341.8</ele>
      </trkpt>
      <trkpt lat="40.88977" lon="16.77148">
        <ele>342.4</ele>
      </trkpt>
      <trkpt lat="40.88977" lon="16.77148">
        <ele>342.4</ele>
      </trkpt>
      <trkpt lat="40.88967" lon="16.771529">
        <ele>342.5</ele>
      </trkpt>
      <trkpt lat="40.88956" lon="16.771619">
        <ele>342.7</ele>
      </trkpt>
      <trkpt lat="40.88955" lon="16.77164">
        <ele>342.7</ele>
      </trkpt>
      <trkpt lat="40.889539" lon="16.77166">
        <ele>342.7</ele>
      </trkpt>
      <trkpt lat="40.8895" lon="16.771709">
        <ele>342.8</ele>
      </trkpt>
      <trkpt lat="40.88949" lon="16.77176">
        <ele>342.8</ele>
      </trkpt>
      <trkpt lat="40.88949" lon="16.77176">
        <ele>342.8</ele>
      </trkpt>
      <trkpt lat="40.88931" lon="16.77173">
        <ele>343.4</ele>
      </trkpt>
      <trkpt lat="40.88917" lon="16.771719">
        <ele>343.9</ele>
      </trkpt>
      <trkpt lat="40.8891" lon="16.77173">
        <ele>343.9</ele>
      </trkpt>
      <trkpt lat="40.88909" lon="16.77173">
        <ele>343.9</ele>
      </trkpt>
      <trkpt lat="40.88901" lon="16.77174">
        <ele>343.9</ele>
      </trkpt>
      <trkpt lat="40.88894" lon="16.77176">
        <ele>343.9</ele>
      </trkpt>
      <trkpt lat="40.88892" lon="16.77178">
        <ele>343.9</ele>
      </trkpt>
      <trkpt lat="40.88887" lon="16.77182">
        <ele>343.9</ele>
      </trkpt>
      <trkpt lat="40.88865" lon="16.77213">
        <ele>344.1</ele>
      </trkpt>
      <trkpt lat="40.88865" lon="16.77213">
        <ele>344.1</ele>
      </trkpt>
      <trkpt lat="40.88847" lon="16.77194">
        <ele>344.2</ele>
      </trkpt>
      <trkpt lat="40.88847" lon="16.77194">
        <ele>344.2</ele>
      </trkpt>
      <trkpt lat="40.88832" lon="16.77215">
        <ele>344.6</ele>
      </trkpt>
      <trkpt lat="40.88817" lon="16.772379">
        <ele>344.7</ele>
      </trkpt>
      <trkpt lat="40.88801" lon="16.77264">
        <ele>344.3</ele>
      </trkpt>
      <trkpt lat="40.88786" lon="16.77287">
        <ele>343.8</ele>
      </trkpt>
      <trkpt lat="40.88774" lon="16.77307">
        <ele>343.4</ele>
      </trkpt>
      <trkpt lat="40.88756" lon="16.773309">
        <ele>343.0</ele>
      </trkpt>
      <trkpt lat="40.8873" lon="16.77365">
        <ele>341.8</ele>
      </trkpt>
      <trkpt lat="40.88714" lon="16.77389">
        <ele>341.1</ele>
      </trkpt>
      <trkpt lat="40.88699" lon="16.77412">
        <ele>340.7</ele>
      </trkpt>
      <trkpt lat="40.88688" lon="16.77428">
        <ele>340.2</ele>
      </trkpt>
      <trkpt lat="40.88676" lon="16.77446">
        <ele>339.5</ele>
      </trkpt>
      <trkpt lat="40.886719" lon="16.774519">
        <ele>339.2</ele>
      </trkpt>
      <trkpt lat="40.88658" lon="16.77475">
        <ele>338.3</ele>
      </trkpt>
      <trkpt lat="40.88646" lon="16.77494">
        <ele>337.7</ele>
      </trkpt>
      <trkpt lat="40.88641" lon="16.77501">
        <ele>337.6</ele>
      </trkpt>
      <trkpt lat="40.88628" lon="16.775189">
        <ele>337.2</ele>
      </trkpt>
      <trkpt lat="40.88628" lon="16.775189">
        <ele>337.2</ele>
      </trkpt>
      <trkpt lat="40.88618" lon="16.775099">
        <ele>337.8</ele>
      </trkpt>
      <trkpt lat="40.88611" lon="16.77507">
        <ele>338.1</ele>
      </trkpt>
      <trkpt lat="40.88604" lon="16.77505">
        <ele>338.3</ele>
      </trkpt>
      <trkpt lat="40.88597" lon="16.77505">
        <ele>338.5</ele>
      </trkpt>
      <trkpt lat="40.88589" lon="16.77507">
        <ele>338.6</ele>
      </trkpt>
      <trkpt lat="40.88582" lon="16.775099">
        <ele>338.7</ele>
      </trkpt>
      <trkpt lat="40.88576" lon="16.77515">
        <ele>338.7</ele>
      </trkpt>
      <trkpt lat="40.88575" lon="16.77517">
        <ele>338.7</ele>
      </trkpt>
      <trkpt lat="40.88571" lon="16.77522">
        <ele>338.7</ele>
      </trkpt>
      <trkpt lat="40.88566" lon="16.775289">
        <ele>338.7</ele>
      </trkpt>
      <trkpt lat="40.88564" lon="16.77535">
        <ele>338.5</ele>
      </trkpt>
      <trkpt lat="40.88563" lon="16.775379">
        <ele>338.5</ele>
      </trkpt>
      <trkpt lat="40.885599" lon="16.775469">
        <ele>338.3</ele>
      </trkpt>
      <trkpt lat="40.885599" lon="16.775569">
        <ele>338.0</ele>
      </trkpt>
      <trkpt lat="40.885599" lon="16.77567">
        <ele>337.7</ele>
      </trkpt>
      <trkpt lat="40.88562" lon="16.775759">
        <ele>337.3</ele>
      </trkpt>
      <trkpt lat="40.88565" lon="16.775849">
        <ele>336.9</ele>
      </trkpt>
      <trkpt lat="40.885689" lon="16.775929">
        <ele>336.6</ele>
      </trkpt>
      <trkpt lat="40.88574" lon="16.776">
        <ele>336.3</ele>
      </trkpt>
      <trkpt lat="40.885689" lon="16.77608">
        <ele>336.4</ele>
      </trkpt>
      <trkpt lat="40.88557" lon="16.77626">
        <ele>336.9</ele>
      </trkpt>
      <trkpt lat="40.88545" lon="16.77644">
        <ele>337.4</ele>
      </trkpt>
      <trkpt lat="40.88521" lon="16.7768">
        <ele>338.7</ele>
      </trkpt>
      <trkpt lat="40.88509" lon="16.776979">
        <ele>339.5</ele>
      </trkpt>
      <trkpt lat="40.88498" lon="16.777159">
        <ele>340.1</ele>
      </trkpt>
      <trkpt lat="40.88498" lon="16.777159">
        <ele>340.1</ele>
      </trkpt>
      <trkpt lat="40.88485" lon="16.77701">
        <ele>340.8</ele>
      </trkpt>
      <trkpt lat="40.88447" lon="16.77656">
        <ele>343.3</ele>
      </trkpt>
      <trkpt lat="40.88352" lon="16.775469">
        <ele>348.7</ele>
      </trkpt>
      <trkpt lat="40.88317" lon="16.775089">
        <ele>350.9</ele>
      </trkpt>
      <trkpt lat="40.88317" lon="16.775089">
        <ele>350.9</ele>
      </trkpt>
      <trkpt lat="40.88311" lon="16.77521">
        <ele>351.2</ele>
      </trkpt>
      <trkpt lat="40.88304" lon="16.775369">
        <ele>351.5</ele>
      </trkpt>
      <trkpt lat="40.88299" lon="16.7755">
        <ele>351.7</ele>
      </trkpt>
      <trkpt lat="40.88297" lon="16.775559">
        <ele>351.8</ele>
      </trkpt>
      <trkpt lat="40.88292" lon="16.77571">
        <ele>352.1</ele>
      </trkpt>
      <trkpt lat="40.88291" lon="16.77572">
        <ele>352.1</ele>
      </trkpt>
      <trkpt lat="40.88286" lon="16.775849">
        <ele>352.4</ele>
      </trkpt>
      <trkpt lat="40.88279" lon="16.77598">
        <ele>352.6</ele>
      </trkpt>
      <trkpt lat="40.88272" lon="16.77609">
        <ele>352.8</ele>
      </trkpt>
      <trkpt lat="40.88272" lon="16.77609">
        <ele>352.8</ele>
      </trkpt>
      <trkpt lat="40.88271" lon="16.77608">
        <ele>352.9</ele>
      </trkpt>
      <trkpt lat="40.88257" lon="16.77624">
        <ele>353.2</ele>
      </trkpt>
      <trkpt lat="40.88246" lon="16.77633">
        <ele>353.3</ele>
      </trkpt>
      <trkpt lat="40.88232" lon="16.77639">
        <ele>353.6</ele>
      </trkpt>
      <trkpt lat="40.88186" lon="16.77655">
        <ele>354.6</ele>
      </trkpt>
      <trkpt lat="40.88176" lon="16.776589">
        <ele>354.9</ele>
      </trkpt>
      <trkpt lat="40.88159" lon="16.77674">
        <ele>355.5</ele>
      </trkpt>
      <trkpt lat="40.88139" lon="16.776959">
        <ele>356.6</ele>
      </trkpt>
      <trkpt lat="40.88103" lon="16.77762">
        <ele>357.1</ele>
      </trkpt>
      <trkpt lat="40.880899" lon="16.777819">
        <ele>357.1</ele>
      </trkpt>
      <trkpt lat="40.88019" lon="16.77868">
        <ele>359.5</ele>
      </trkpt>
      <trkpt lat="40.87973" lon="16.77949">
        <ele>359.1</ele>
      </trkpt>
      <trkpt lat="40.879489" lon="16.77981">
        <ele>359.1</ele>
      </trkpt>
      <trkpt lat="40.879219" lon="16.78009">
        <ele>359.6</ele>
      </trkpt>
      <trkpt lat="40.87858" lon="16.78066">
        <ele>360.9</ele>
      </trkpt>
      <trkpt lat="40.87838" lon="16.78087">
        <ele>360.8</ele>
      </trkpt>
      <trkpt lat="40.87814" lon="16.78118">
        <ele>361.8</ele>
      </trkpt>
      <trkpt lat="40.87796" lon="16.78155">
        <ele>362.1</ele>
      </trkpt>
      <trkpt lat="40.87784" lon="16.78187">
        <ele>361.8</ele>
      </trkpt>
      <trkpt lat="40.87763" lon="16.7825">
        <ele>360.7</ele>
      </trkpt>
      <trkpt lat="40.87756" lon="16.7826">
        <ele>360.6</ele>
      </trkpt>
      <trkpt lat="40.87683" lon="16.78316">
        <ele>364.2</ele>
      </trkpt>
      <trkpt lat="40.87659" lon="16.78401">
        <ele>364.6</ele>
      </trkpt>
      <trkpt lat="40.8761" lon="16.78577">
        <ele>364.8</ele>
      </trkpt>
      <trkpt lat="40.87583" lon="16.78667">
        <ele>362.0</ele>
      </trkpt>
      <trkpt lat="40.87513" lon="16.78892">
        <ele>362.0</ele>
      </trkpt>
      <trkpt lat="40.87507" lon="16.78911">
        <ele>361.9</ele>
      </trkpt>
      <trkpt lat="40.87496" lon="16.78931">
        <ele>361.6</ele>
      </trkpt>
      <trkpt lat="40.87486" lon="16.78947">
        <ele>361.5</ele>
      </trkpt>
      <trkpt lat="40.87256" lon="16.79208">
        <ele>362.8</ele>
      </trkpt>
      <trkpt lat="40.87224" lon="16.79232">
        <ele>362.1</ele>
      </trkpt>
      <trkpt lat="40.87204" lon="16.7924">
        <ele>361.7</ele>
      </trkpt>
      <trkpt lat="40.87169" lon="16.79244">
        <ele>361.2</ele>
      </trkpt>
      <trkpt lat="40.86951" lon="16.79259">
        <ele>360.3</ele>
      </trkpt>
      <trkpt lat="40.86934" lon="16.79263">
        <ele>359.8</ele>
      </trkpt>
      <trkpt lat="40.86858" lon="16.79337">
        <ele>362.3</ele>
      </trkpt>
      <trkpt lat="40.86833" lon="16.7937">
        <ele>364.6</ele>
      </trkpt>
      <trkpt lat="40.86826" lon="16.79406">
        <ele>364.8</ele>
      </trkpt>
      <trkpt lat="40.86827" lon="16.79445">
        <ele>364.6</ele>
      </trkpt>
      <trkpt lat="40.86854" lon="16.79571">
        <ele>362.7</ele>
      </trkpt>
      <trkpt lat="40.86871" lon="16.79658">
        <ele>363.9</ele>
      </trkpt>
      <trkpt lat="40.86873" lon="16.79714">
        <ele>363.0</ele>
      </trkpt>
      <trkpt lat="40.86862" lon="16.79763">
        <ele>362.3</ele>
      </trkpt>
      <trkpt lat="40.868139" lon="16.79919">
        <ele>364.5</ele>
      </trkpt>
      <trkpt lat="40.86743" lon="16.80145">
        <ele>367.2</ele>
      </trkpt>
      <trkpt lat="40.867289" lon="16.80132">
        <ele>367.3</ele>
      </trkpt>
      <trkpt lat="40.86651" lon="16.80068">
        <ele>368.6</ele>
      </trkpt>
      <trkpt lat="40.86606" lon="16.80041">
        <ele>370.3</ele>
      </trkpt>
      <trkpt lat="40.86603" lon="16.80038">
        <ele>370.5</ele>
      </trkpt>
      <trkpt lat="40.86597" lon="16.800339">
        <ele>370.8</ele>
      </trkpt>
      <trkpt lat="40.86593" lon="16.80035">
        <ele>370.9</ele>
      </trkpt>
      <trkpt lat="40.86586" lon="16.80039">
        <ele>371.0</ele>
      </trkpt>
      <trkpt lat="40.86584" lon="16.800439">
        <ele>370.9</ele>
      </trkpt>
      <trkpt lat="40.86584" lon="16.800439">
        <ele>370.9</ele>
      </trkpt>
      <trkpt lat="40.86582" lon="16.80048">
        <ele>370.9</ele>
      </trkpt>
      <trkpt lat="40.86582" lon="16.80058">
        <ele>370.7</ele>
      </trkpt>
      <trkpt lat="40.86587" lon="16.80068">
        <ele>370.3</ele>
      </trkpt>
      <trkpt lat="40.86596" lon="16.800719">
        <ele>369.9</ele>
      </trkpt>
      <trkpt lat="40.866" lon="16.80071">
        <ele>369.9</ele>
      </trkpt>
      <trkpt lat="40.86632" lon="16.80083">
        <ele>368.8</ele>
      </trkpt>
      <trkpt lat="40.86675" lon="16.80114">
        <ele>367.3</ele>
      </trkpt>
      <trkpt lat="40.86718" lon="16.80145">
        <ele>367.0</ele>
      </trkpt>
      <trkpt lat="40.867199" lon="16.80157">
        <ele>366.8</ele>
      </trkpt>
      <trkpt lat="40.86754" lon="16.80186">
        <ele>365.9</ele>
      </trkpt>
      <trkpt lat="40.86746" lon="16.80188">
        <ele>366.0</ele>
      </trkpt>
      <trkpt lat="40.86742" lon="16.80185">
        <ele>366.1</ele>
      </trkpt>
      <trkpt lat="40.86731" lon="16.80174">
        <ele>366.5</ele>
      </trkpt>
      <trkpt lat="40.867289" lon="16.80174">
        <ele>366.4</ele>
      </trkpt>
      <trkpt lat="40.86705" lon="16.80243">
        <ele>363.8</ele>
      </trkpt>
      <trkpt lat="40.86688" lon="16.80301">
        <ele>362.8</ele>
      </trkpt>
      <trkpt lat="40.86669" lon="16.80355">
        <ele>362.4</ele>
      </trkpt>
      <trkpt lat="40.86649" lon="16.80409">
        <ele>361.8</ele>
      </trkpt>
      <trkpt lat="40.86639" lon="16.8043">
        <ele>361.8</ele>
      </trkpt>
      <trkpt lat="40.86594" lon="16.80487">
        <ele>361.4</ele>
      </trkpt>
      <trkpt lat="40.86588" lon="16.80503">
        <ele>360.9</ele>
      </trkpt>
      <trkpt lat="40.86585" lon="16.80506">
        <ele>360.9</ele>
      </trkpt>
      <trkpt lat="40.86577" lon="16.805219">
        <ele>360.7</ele>
      </trkpt>
      <trkpt lat="40.865609" lon="16.80562">
        <ele>360.3</ele>
      </trkpt>
      <trkpt lat="40.86553" lon="16.80534">
        <ele>361.3</ele>
      </trkpt>
      <trkpt lat="40.86533" lon="16.80557">
        <ele>361.4</ele>
      </trkpt>
      <trkpt lat="40.86488" lon="16.806349">
        <ele>361.1</ele>
      </trkpt>
      <trkpt lat="40.86488" lon="16.806349">
        <ele>361.1</ele>
      </trkpt>
      <trkpt lat="40.8647" lon="16.80667">
        <ele>361.1</ele>
      </trkpt>
      <trkpt lat="40.86441" lon="16.80722">
        <ele>360.3</ele>
      </trkpt>
      <trkpt lat="40.86413" lon="16.80777">
        <ele>360.0</ele>
      </trkpt>
      <trkpt lat="40.8637" lon="16.80857">
        <ele>360.7</ele>
      </trkpt>
      <trkpt lat="40.86327" lon="16.80936">
        <ele>361.8</ele>
      </trkpt>
      <trkpt lat="40.86318" lon="16.80965">
        <ele>361.5</ele>
      </trkpt>
      <trkpt lat="40.86313" lon="16.80988">
        <ele>361.2</ele>
      </trkpt>
      <trkpt lat="40.86313" lon="16.80998">
        <ele>361.0</ele>
      </trkpt>
      <trkpt lat="40.86313" lon="16.80998">
        <ele>361.0</ele>
      </trkpt>
      <trkpt lat="40.86313" lon="16.810099">
        <ele>361.1</ele>
      </trkpt>
      <trkpt lat="40.86321" lon="16.81084">
        <ele>362.0</ele>
      </trkpt>
      <trkpt lat="40.8633" lon="16.81158">
        <ele>362.9</ele>
      </trkpt>
      <trkpt lat="40.86339" lon="16.812539">
        <ele>361.8</ele>
      </trkpt>
      <trkpt lat="40.86341" lon="16.81288">
        <ele>361.4</ele>
      </trkpt>
      <trkpt lat="40.86331" lon="16.81328">
        <ele>361.1</ele>
      </trkpt>
      <trkpt lat="40.86292" lon="16.814">
        <ele>361.7</ele>
      </trkpt>
      <trkpt lat="40.86258" lon="16.81464">
        <ele>361.1</ele>
      </trkpt>
      <trkpt lat="40.862229" lon="16.81528">
        <ele>359.9</ele>
      </trkpt>
      <trkpt lat="40.86174" lon="16.81619">
        <ele>360.0</ele>
      </trkpt>
      <trkpt lat="40.86124" lon="16.8171">
        <ele>360.5</ele>
      </trkpt>
      <trkpt lat="40.86108" lon="16.81743">
        <ele>360.9</ele>
      </trkpt>
      <trkpt lat="40.86066" lon="16.81821">
        <ele>361.2</ele>
      </trkpt>
      <trkpt lat="40.86023" lon="16.81898">
        <ele>361.0</ele>
      </trkpt>
      <trkpt lat="40.85981" lon="16.81975">
        <ele>360.8</ele>
      </trkpt>
      <trkpt lat="40.85952" lon="16.82027">
        <ele>360.7</ele>
      </trkpt>
      <trkpt lat="40.85924" lon="16.82079">
        <ele>360.6</ele>
      </trkpt>
      <trkpt lat="40.85924" lon="16.82079">
        <ele>360.6</ele>
      </trkpt>
      <trkpt lat="40.85879" lon="16.82162">
        <ele>360.5</ele>
      </trkpt>
      <trkpt lat="40.85835" lon="16.82244">
        <ele>360.4</ele>
      </trkpt>
      <trkpt lat="40.85801" lon="16.82308">
        <ele>360.3</ele>
      </trkpt>
      <trkpt lat="40.85798" lon="16.82304">
        <ele>360.3</ele>
      </trkpt>
      <trkpt lat="40.85794" lon="16.82312">
        <ele>360.6</ele>
      </trkpt>
      <trkpt lat="40.857909" lon="16.82328">
        <ele>360.9</ele>
      </trkpt>
      <trkpt lat="40.85769" lon="16.82364">
        <ele>361.1</ele>
      </trkpt>
      <trkpt lat="40.85713" lon="16.82438">
        <ele>360.2</ele>
      </trkpt>
      <trkpt lat="40.85658" lon="16.82511">
        <ele>359.3</ele>
      </trkpt>
      <trkpt lat="40.85656" lon="16.82528">
        <ele>359.6</ele>
      </trkpt>
      <trkpt lat="40.85646" lon="16.82543">
        <ele>360.0</ele>
      </trkpt>
      <trkpt lat="40.85642" lon="16.82548">
        <ele>360.2</ele>
      </trkpt>
      <trkpt lat="40.85625" lon="16.82554">
        <ele>360.6</ele>
      </trkpt>
      <trkpt lat="40.85581" lon="16.8261">
        <ele>361.3</ele>
      </trkpt>
      <trkpt lat="40.85537" lon="16.82666">
        <ele>360.0</ele>
      </trkpt>
      <trkpt lat="40.85478" lon="16.82743">
        <ele>359.8</ele>
      </trkpt>
      <trkpt lat="40.85419" lon="16.8282">
        <ele>359.0</ele>
      </trkpt>
      <trkpt lat="40.85361" lon="16.82898">
        <ele>359.3</ele>
      </trkpt>
      <trkpt lat="40.85302" lon="16.82975">
        <ele>359.6</ele>
      </trkpt>
      <trkpt lat="40.85243" lon="16.83052">
        <ele>359.6</ele>
      </trkpt>
      <trkpt lat="40.85184" lon="16.8313">
        <ele>360.8</ele>
      </trkpt>
      <trkpt lat="40.85184" lon="16.83129">
        <ele>360.8</ele>
      </trkpt>
      <trkpt lat="40.85184" lon="16.8313">
        <ele>360.8</ele>
      </trkpt>
      <trkpt lat="40.85128" lon="16.832">
        <ele>360.4</ele>
      </trkpt>
      <trkpt lat="40.85112" lon="16.83214">
        <ele>360.1</ele>
      </trkpt>
      <trkpt lat="40.85103" lon="16.83224">
        <ele>359.8</ele>
      </trkpt>
      <trkpt lat="40.8506" lon="16.83213">
        <ele>360.2</ele>
      </trkpt>
      <trkpt lat="40.85051" lon="16.832439">
        <ele>359.5</ele>
      </trkpt>
      <trkpt lat="40.84991" lon="16.83252">
        <ele>359.8</ele>
      </trkpt>
      <trkpt lat="40.84991" lon="16.83252">
        <ele>359.8</ele>
      </trkpt>
      <trkpt lat="40.849179" lon="16.83261">
        <ele>358.9</ele>
      </trkpt>
      <trkpt lat="40.848439" lon="16.8327">
        <ele>358.8</ele>
      </trkpt>
      <trkpt lat="40.84811" lon="16.83278">
        <ele>358.8</ele>
      </trkpt>
      <trkpt lat="40.8476" lon="16.83284">
        <ele>358.8</ele>
      </trkpt>
      <trkpt lat="40.847" lon="16.8329">
        <ele>358.9</ele>
      </trkpt>
      <trkpt lat="40.84641" lon="16.83296">
        <ele>358.8</ele>
      </trkpt>
      <trkpt lat="40.84634" lon="16.832999">
        <ele>358.6</ele>
      </trkpt>
      <trkpt lat="40.84602" lon="16.83326">
        <ele>357.5</ele>
      </trkpt>
      <trkpt lat="40.84591" lon="16.83352">
        <ele>357.2</ele>
      </trkpt>
      <trkpt lat="40.84572" lon="16.834">
        <ele>358.0</ele>
      </trkpt>
      <trkpt lat="40.84546" lon="16.83462">
        <ele>359.0</ele>
      </trkpt>
      <trkpt lat="40.84511" lon="16.83543">
        <ele>360.5</ele>
      </trkpt>
      <trkpt lat="40.84472" lon="16.83642">
        <ele>361.9</ele>
      </trkpt>
      <trkpt lat="40.84432" lon="16.837409">
        <ele>361.9</ele>
      </trkpt>
      <trkpt lat="40.84392" lon="16.8384">
        <ele>360.3</ele>
      </trkpt>
      <trkpt lat="40.84367" lon="16.83893">
        <ele>360.6</ele>
      </trkpt>
      <trkpt lat="40.84352" lon="16.83916">
        <ele>360.8</ele>
      </trkpt>
      <trkpt lat="40.843359" lon="16.83934">
        <ele>360.6</ele>
      </trkpt>
      <trkpt lat="40.8432" lon="16.83949">
        <ele>360.2</ele>
      </trkpt>
      <trkpt lat="40.84285" lon="16.83971">
        <ele>359.7</ele>
      </trkpt>
      <trkpt lat="40.84239" lon="16.83992">
        <ele>359.3</ele>
      </trkpt>
      <trkpt lat="40.8419" lon="16.84012">
        <ele>359.4</ele>
      </trkpt>
      <trkpt lat="40.84157" lon="16.84027">
        <ele>359.2</ele>
      </trkpt>
      <trkpt lat="40.84113" lon="16.84044">
        <ele>358.3</ele>
      </trkpt>
      <trkpt lat="40.8407" lon="16.84062">
        <ele>357.9</ele>
      </trkpt>
      <trkpt lat="40.8407" lon="16.84062">
        <ele>357.9</ele>
      </trkpt>
      <trkpt lat="40.83992" lon="16.84095">
        <ele>360.0</ele>
      </trkpt>
      <trkpt lat="40.839149" lon="16.84129">
        <ele>359.5</ele>
      </trkpt>
      <trkpt lat="40.83846" lon="16.84158">
        <ele>359.2</ele>
      </trkpt>
      <trkpt lat="40.83777" lon="16.84187">
        <ele>358.3</ele>
      </trkpt>
      <trkpt lat="40.83708" lon="16.84217">
        <ele>357.1</ele>
      </trkpt>
      <trkpt lat="40.83701" lon="16.84222">
        <ele>357.0</ele>
      </trkpt>
      <trkpt lat="40.83652" lon="16.84251">
        <ele>356.8</ele>
      </trkpt>
      <trkpt lat="40.836" lon="16.84286">
        <ele>355.9</ele>
      </trkpt>
      <trkpt lat="40.8359" lon="16.84297">
        <ele>356.1</ele>
      </trkpt>
      <trkpt lat="40.8359" lon="16.84297">
        <ele>356.1</ele>
      </trkpt>
      <trkpt lat="40.83585" lon="16.843039">
        <ele>356.2</ele>
      </trkpt>
      <trkpt lat="40.83537" lon="16.84352">
        <ele>357.3</ele>
      </trkpt>
      <trkpt lat="40.83502" lon="16.84392">
        <ele>358.2</ele>
      </trkpt>
      <trkpt lat="40.83452" lon="16.84465">
        <ele>359.4</ele>
      </trkpt>
      <trkpt lat="40.83404" lon="16.84557">
        <ele>359.5</ele>
      </trkpt>
      <trkpt lat="40.83363" lon="16.84658">
        <ele>358.4</ele>
      </trkpt>
      <trkpt lat="40.83328" lon="16.84748">
        <ele>360.1</ele>
      </trkpt>
      <trkpt lat="40.83327" lon="16.84747">
        <ele>360.1</ele>
      </trkpt>
      <trkpt lat="40.83328" lon="16.84747">
        <ele>360.1</ele>
      </trkpt>
      <trkpt lat="40.83212" lon="16.85049">
        <ele>358.0</ele>
      </trkpt>
      <trkpt lat="40.83194" lon="16.85099">
        <ele>358.7</ele>
      </trkpt>
      <trkpt lat="40.83182" lon="16.851579">
        <ele>358.8</ele>
      </trkpt>
      <trkpt lat="40.831829" lon="16.85195">
        <ele>358.7</ele>
      </trkpt>
      <trkpt lat="40.83196" lon="16.85296">
        <ele>358.8</ele>
      </trkpt>
      <trkpt lat="40.83196" lon="16.85305">
        <ele>359.0</ele>
      </trkpt>
      <trkpt lat="40.83206" lon="16.85383">
        <ele>359.1</ele>
      </trkpt>
      <trkpt lat="40.83209" lon="16.854299">
        <ele>359.0</ele>
      </trkpt>
      <trkpt lat="40.83208" lon="16.85473">
        <ele>359.0</ele>
      </trkpt>
      <trkpt lat="40.832" lon="16.85518">
        <ele>359.0</ele>
      </trkpt>
      <trkpt lat="40.8319" lon="16.85547">
        <ele>358.9</ele>
      </trkpt>
      <trkpt lat="40.83176" lon="16.85577">
        <ele>358.9</ele>
      </trkpt>
      <trkpt lat="40.83151" lon="16.85617">
        <ele>358.9</ele>
      </trkpt>
      <trkpt lat="40.83122" lon="16.85643">
        <ele>359.0</ele>
      </trkpt>
      <trkpt lat="40.83092" lon="16.85659">
        <ele>359.1</ele>
      </trkpt>
      <trkpt lat="40.82916" lon="16.85732">
        <ele>358.2</ele>
      </trkpt>
      <trkpt lat="40.82916" lon="16.85732">
        <ele>358.2</ele>
      </trkpt>
      <trkpt lat="40.82529" lon="16.85893">
        <ele>359.0</ele>
      </trkpt>
      <trkpt lat="40.82494" lon="16.85923">
        <ele>358.8</ele>
      </trkpt>
      <trkpt lat="40.82488" lon="16.8591">
        <ele>359.1</ele>
      </trkpt>
      <trkpt lat="40.82293" lon="16.8599">
        <ele>357.9</ele>
      </trkpt>
      <trkpt lat="40.821779" lon="16.86043">
        <ele>357.9</ele>
      </trkpt>
      <trkpt lat="40.82155" lon="16.8606">
        <ele>357.8</ele>
      </trkpt>
      <trkpt lat="40.82134" lon="16.86085">
        <ele>357.8</ele>
      </trkpt>
      <trkpt lat="40.82112" lon="16.86121">
        <ele>358.3</ele>
      </trkpt>
      <trkpt lat="40.81956" lon="16.864249">
        <ele>359.9</ele>
      </trkpt>
      <trkpt lat="40.81951" lon="16.86435">
        <ele>359.7</ele>
      </trkpt>
      <trkpt lat="40.819159" lon="16.86496">
        <ele>359.1</ele>
      </trkpt>
      <trkpt lat="40.8189" lon="16.86555">
        <ele>358.8</ele>
      </trkpt>
      <trkpt lat="40.81884" lon="16.86578">
        <ele>358.5</ele>
      </trkpt>
      <trkpt lat="40.81879" lon="16.86604">
        <ele>358.1</ele>
      </trkpt>
      <trkpt lat="40.81876" lon="16.86637">
        <ele>357.5</ele>
      </trkpt>
      <trkpt lat="40.81876" lon="16.86673">
        <ele>356.9</ele>
      </trkpt>
      <trkpt lat="40.81987" lon="16.8739">
        <ele>358.3</ele>
      </trkpt>
      <trkpt lat="40.82" lon="16.87482">
        <ele>357.2</ele>
      </trkpt>
      <trkpt lat="40.820099" lon="16.87595">
        <ele>357.1</ele>
      </trkpt>
      <trkpt lat="40.82011" lon="16.87622">
        <ele>357.1</ele>
      </trkpt>
      <trkpt lat="40.82011" lon="16.87623">
        <ele>357.1</ele>
      </trkpt>
      <trkpt lat="40.82016" lon="16.87762">
        <ele>357.9</ele>
      </trkpt>
      <trkpt lat="40.82016" lon="16.87852">
        <ele>357.5</ele>
      </trkpt>
      <trkpt lat="40.820099" lon="16.87994">
        <ele>357.8</ele>
      </trkpt>
      <trkpt lat="40.81999" lon="16.88104">
        <ele>359.0</ele>
      </trkpt>
      <trkpt lat="40.81989" lon="16.88183">
        <ele>358.8</ele>
      </trkpt>
      <trkpt lat="40.81982" lon="16.88224">
        <ele>358.5</ele>
      </trkpt>
      <trkpt lat="40.81954" lon="16.88378">
        <ele>358.5</ele>
      </trkpt>
      <trkpt lat="40.81944" lon="16.8842">
        <ele>358.3</ele>
      </trkpt>
      <trkpt lat="40.81904" lon="16.88571">
        <ele>357.2</ele>
      </trkpt>
      <trkpt lat="40.81897" lon="16.88586">
        <ele>357.0</ele>
      </trkpt>
      <trkpt lat="40.81888" lon="16.8862">
        <ele>356.9</ele>
      </trkpt>
      <trkpt lat="40.81862" lon="16.88698">
        <ele>356.9</ele>
      </trkpt>
      <trkpt lat="40.81838" lon="16.887619">
        <ele>356.8</ele>
      </trkpt>
      <trkpt lat="40.81782" lon="16.88895">
        <ele>356.5</ele>
      </trkpt>
      <trkpt lat="40.817189" lon="16.89023">
        <ele>357.4</ele>
      </trkpt>
      <trkpt lat="40.81655" lon="16.89141">
        <ele>357.0</ele>
      </trkpt>
      <trkpt lat="40.81629" lon="16.89183">
        <ele>357.0</ele>
      </trkpt>
      <trkpt lat="40.81602" lon="16.89215">
        <ele>356.7</ele>
      </trkpt>
      <trkpt lat="40.815689" lon="16.89239">
        <ele>356.5</ele>
      </trkpt>
      <trkpt lat="40.81533" lon="16.89255">
        <ele>357.2</ele>
      </trkpt>
      <trkpt lat="40.815019" lon="16.8926">
        <ele>357.8</ele>
      </trkpt>
      <trkpt lat="40.8147" lon="16.8926">
        <ele>357.8</ele>
      </trkpt>
      <trkpt lat="40.8135" lon="16.89251">
        <ele>358.0</ele>
      </trkpt>
      <trkpt lat="40.8133" lon="16.89312">
        <ele>357.2</ele>
      </trkpt>
      <trkpt lat="40.81317" lon="16.89355">
        <ele>356.4</ele>
      </trkpt>
      <trkpt lat="40.81306" lon="16.89382">
        <ele>355.9</ele>
      </trkpt>
      <trkpt lat="40.81283" lon="16.8943">
        <ele>355.6</ele>
      </trkpt>
      <trkpt lat="40.812579" lon="16.89461">
        <ele>355.9</ele>
      </trkpt>
      <trkpt lat="40.81251" lon="16.89474">
        <ele>356.0</ele>
      </trkpt>
      <trkpt lat="40.81224" lon="16.89536">
        <ele>355.4</ele>
      </trkpt>
      <trkpt lat="40.81209" lon="16.895779">
        <ele>355.0</ele>
      </trkpt>
      <trkpt lat="40.81198" lon="16.89643">
        <ele>354.0</ele>
      </trkpt>
      <trkpt lat="40.81196" lon="16.89666">
        <ele>353.7</ele>
      </trkpt>
      <trkpt lat="40.81198" lon="16.89714">
        <ele>352.8</ele>
      </trkpt>
      <trkpt lat="40.81196" lon="16.89724">
        <ele>352.6</ele>
      </trkpt>
      <trkpt lat="40.81191" lon="16.89732">
        <ele>352.2</ele>
      </trkpt>
      <trkpt lat="40.81173" lon="16.89742">
        <ele>351.4</ele>
      </trkpt>
      <trkpt lat="40.81165" lon="16.89754">
        <ele>351.1</ele>
      </trkpt>
      <trkpt lat="40.81161" lon="16.897659">
        <ele>351.3</ele>
      </trkpt>
      <trkpt lat="40.81161" lon="16.89782">
        <ele>351.5</ele>
      </trkpt>
      <trkpt lat="40.81168" lon="16.89805">
        <ele>351.7</ele>
      </trkpt>
      <trkpt lat="40.81169" lon="16.89815">
        <ele>351.8</ele>
      </trkpt>
      <trkpt lat="40.81167" lon="16.898409">
        <ele>352.1</ele>
      </trkpt>
      <trkpt lat="40.81157" lon="16.89909">
        <ele>353.3</ele>
      </trkpt>
      <trkpt lat="40.81154" lon="16.89937">
        <ele>353.2</ele>
      </trkpt>
      <trkpt lat="40.81133" lon="16.899909">
        <ele>353.3</ele>
      </trkpt>
      <trkpt lat="40.81127" lon="16.89998">
        <ele>353.5</ele>
      </trkpt>
      <trkpt lat="40.81104" lon="16.90015">
        <ele>353.8</ele>
      </trkpt>
      <trkpt lat="40.81094" lon="16.9003">
        <ele>353.6</ele>
      </trkpt>
      <trkpt lat="40.81076" lon="16.90062">
        <ele>352.7</ele>
      </trkpt>
      <trkpt lat="40.8107" lon="16.900759">
        <ele>352.1</ele>
      </trkpt>
      <trkpt lat="40.81069" lon="16.900849">
        <ele>351.8</ele>
      </trkpt>
      <trkpt lat="40.81071" lon="16.90091">
        <ele>351.8</ele>
      </trkpt>
      <trkpt lat="40.80962" lon="16.9028">
        <ele>350.8</ele>
      </trkpt>
      <trkpt lat="40.809579" lon="16.90291">
        <ele>351.0</ele>
      </trkpt>
      <trkpt lat="40.80947" lon="16.90342">
        <ele>351.9</ele>
      </trkpt>
      <trkpt lat="40.80941" lon="16.90349">
        <ele>352.1</ele>
      </trkpt>
      <trkpt lat="40.80923" lon="16.90347">
        <ele>352.1</ele>
      </trkpt>
      <trkpt lat="40.80921" lon="16.903479">
        <ele>352.2</ele>
      </trkpt>
      <trkpt lat="40.80903" lon="16.90379">
        <ele>352.9</ele>
      </trkpt>
      <trkpt lat="40.80889" lon="16.90398">
        <ele>353.4</ele>
      </trkpt>
      <trkpt lat="40.8087" lon="16.90418">
        <ele>354.1</ele>
      </trkpt>
      <trkpt lat="40.80825" lon="16.90461">
        <ele>354.9</ele>
      </trkpt>
      <trkpt lat="40.80814" lon="16.904789">
        <ele>354.8</ele>
      </trkpt>
      <trkpt lat="40.80806" lon="16.905169">
        <ele>354.5</ele>
      </trkpt>
      <trkpt lat="40.80804" lon="16.90525">
        <ele>354.3</ele>
      </trkpt>
      <trkpt lat="40.80798" lon="16.90535">
        <ele>354.2</ele>
      </trkpt>
      <trkpt lat="40.80785" lon="16.90551">
        <ele>353.8</ele>
      </trkpt>
      <trkpt lat="40.8074" lon="16.9059">
        <ele>352.3</ele>
      </trkpt>
      <trkpt lat="40.80734" lon="16.90598">
        <ele>351.7</ele>
      </trkpt>
      <trkpt lat="40.80731" lon="16.90607">
        <ele>351.3</ele>
      </trkpt>
      <trkpt lat="40.80731" lon="16.90619">
        <ele>350.8</ele>
      </trkpt>
      <trkpt lat="40.80733" lon="16.90638">
        <ele>350.3</ele>
      </trkpt>
      <trkpt lat="40.80759" lon="16.90787">
        <ele>353.9</ele>
      </trkpt>
      <trkpt lat="40.80771" lon="16.90878">
        <ele>354.3</ele>
      </trkpt>
      <trkpt lat="40.807699" lon="16.908919">
        <ele>354.5</ele>
      </trkpt>
      <trkpt lat="40.80765" lon="16.909">
        <ele>354.6</ele>
      </trkpt>
      <trkpt lat="40.8076" lon="16.90904">
        <ele>354.7</ele>
      </trkpt>
      <trkpt lat="40.80755" lon="16.90905">
        <ele>354.8</ele>
      </trkpt>
      <trkpt lat="40.80734" lon="16.90899">
        <ele>354.4</ele>
      </trkpt>
      <trkpt lat="40.80653" lon="16.90852">
        <ele>353.2</ele>
      </trkpt>
      <trkpt lat="40.80581" lon="16.90818">
        <ele>353.7</ele>
      </trkpt>
      <trkpt lat="40.8048" lon="16.90787">
        <ele>354.4</ele>
      </trkpt>
      <trkpt lat="40.80478" lon="16.908">
        <ele>355.0</ele>
      </trkpt>
      <trkpt lat="40.8048" lon="16.90806">
        <ele>355.2</ele>
      </trkpt>
      <trkpt lat="40.80487" lon="16.90814">
        <ele>355.3</ele>
      </trkpt>
      <trkpt lat="40.805729" lon="16.90886">
        <ele>354.3</ele>
      </trkpt>
      <trkpt lat="40.80594" lon="16.909">
        <ele>353.9</ele>
      </trkpt>
      <trkpt lat="40.80685" lon="16.90941">
        <ele>353.6</ele>
      </trkpt>
      <trkpt lat="40.8076" lon="16.90969">
        <ele>354.5</ele>
      </trkpt>
      <trkpt lat="40.807899" lon="16.90976">
        <ele>354.8</ele>
      </trkpt>
      <trkpt lat="40.80772" lon="16.9104">
        <ele>353.7</ele>
      </trkpt>
      <trkpt lat="40.80762" lon="16.9107">
        <ele>352.7</ele>
      </trkpt>
      <trkpt lat="40.80734" lon="16.91129">
        <ele>350.3</ele>
      </trkpt>
      <trkpt lat="40.80715" lon="16.91185">
        <ele>348.8</ele>
      </trkpt>
      <trkpt lat="40.80702" lon="16.91215">
        <ele>348.4</ele>
      </trkpt>
      <trkpt lat="40.8068" lon="16.91256">
        <ele>347.9</ele>
      </trkpt>
      <trkpt lat="40.80668" lon="16.91273">
        <ele>347.7</ele>
      </trkpt>
      <trkpt lat="40.80657" lon="16.91283">
        <ele>347.6</ele>
      </trkpt>
      <trkpt lat="40.806019" lon="16.91313">
        <ele>347.8</ele>
      </trkpt>
      <trkpt lat="40.80575" lon="16.91331">
        <ele>347.8</ele>
      </trkpt>
      <trkpt lat="40.80562" lon="16.91342">
        <ele>347.4</ele>
      </trkpt>
      <trkpt lat="40.80521" lon="16.91382">
        <ele>345.5</ele>
      </trkpt>
      <trkpt lat="40.80509" lon="16.9139">
        <ele>344.9</ele>
      </trkpt>
      <trkpt lat="40.8029" lon="16.91456">
        <ele>345.3</ele>
      </trkpt>
      <trkpt lat="40.80175" lon="16.91509">
        <ele>347.9</ele>
      </trkpt>
      <trkpt lat="40.80175" lon="16.9151">
        <ele>347.9</ele>
      </trkpt>
      <trkpt lat="40.80173" lon="16.9151">
        <ele>348.0</ele>
      </trkpt>
      <trkpt lat="40.80173" lon="16.91519">
        <ele>348.1</ele>
      </trkpt>
      <trkpt lat="40.801609" lon="16.91523">
        <ele>348.3</ele>
      </trkpt>
      <trkpt lat="40.8014" lon="16.91522">
        <ele>348.3</ele>
      </trkpt>
      <trkpt lat="40.80101" lon="16.91527">
        <ele>348.3</ele>
      </trkpt>
      <trkpt lat="40.80095" lon="16.915299">
        <ele>348.4</ele>
      </trkpt>
      <trkpt lat="40.80087" lon="16.91541">
        <ele>348.5</ele>
      </trkpt>
      <trkpt lat="40.800849" lon="16.91548">
        <ele>348.6</ele>
      </trkpt>
      <trkpt lat="40.80079" lon="16.91547">
        <ele>348.6</ele>
      </trkpt>
      <trkpt lat="40.80049" lon="16.917739">
        <ele>351.4</ele>
      </trkpt>
      <trkpt lat="40.80042" lon="16.91776">
        <ele>351.7</ele>
      </trkpt>
      <trkpt lat="40.80037" lon="16.91783">
        <ele>352.3</ele>
      </trkpt>
      <trkpt lat="40.80036" lon="16.91787">
        <ele>352.5</ele>
      </trkpt>
      <trkpt lat="40.79937" lon="16.91784">
        <ele>358.8</ele>
      </trkpt>
      <trkpt lat="40.79906" lon="16.91784">
        <ele>360.2</ele>
      </trkpt>
      <trkpt lat="40.799079" lon="16.91921">
        <ele>362.9</ele>
      </trkpt>
      <trkpt lat="40.799079" lon="16.91922">
        <ele>362.9</ele>
      </trkpt>
      <trkpt lat="40.799079" lon="16.91922">
        <ele>362.9</ele>
      </trkpt>
      <trkpt lat="40.79909" lon="16.92021">
        <ele>360.8</ele>
      </trkpt>
      <trkpt lat="40.7991" lon="16.92119">
        <ele>359.2</ele>
      </trkpt>
      <trkpt lat="40.79914" lon="16.921399">
        <ele>358.7</ele>
      </trkpt>
      <trkpt lat="40.7991" lon="16.9218">
        <ele>358.4</ele>
      </trkpt>
      <trkpt lat="40.79906" lon="16.92203">
        <ele>358.9</ele>
      </trkpt>
      <trkpt lat="40.798789" lon="16.92316">
        <ele>362.6</ele>
      </trkpt>
      <trkpt lat="40.79852" lon="16.92429">
        <ele>362.0</ele>
      </trkpt>
      <trkpt lat="40.79839" lon="16.92429">
        <ele>361.7</ele>
      </trkpt>
      <trkpt lat="40.79839" lon="16.92429">
        <ele>361.7</ele>
      </trkpt>
      <trkpt lat="40.79765" lon="16.92427">
        <ele>361.8</ele>
      </trkpt>
      <trkpt lat="40.796909" lon="16.92425">
        <ele>361.3</ele>
      </trkpt>
      <trkpt lat="40.796909" lon="16.92425">
        <ele>361.3</ele>
      </trkpt>
      <trkpt lat="40.79688" lon="16.92425">
        <ele>361.2</ele>
      </trkpt>
      <trkpt lat="40.79686" lon="16.92535">
        <ele>360.9</ele>
      </trkpt>
      <trkpt lat="40.79683" lon="16.92645">
        <ele>359.9</ele>
      </trkpt>
      <trkpt lat="40.79681" lon="16.92755">
        <ele>357.9</ele>
      </trkpt>
      <trkpt lat="40.79679" lon="16.92865">
        <ele>355.9</ele>
      </trkpt>
      <trkpt lat="40.797" lon="16.92884">
        <ele>355.5</ele>
      </trkpt>
      <trkpt lat="40.79708" lon="16.92917">
        <ele>355.0</ele>
      </trkpt>
      <trkpt lat="40.79715" lon="16.92925">
        <ele>354.8</ele>
      </trkpt>
      <trkpt lat="40.79725" lon="16.92931">
        <ele>354.5</ele>
      </trkpt>
      <trkpt lat="40.7973" lon="16.92932">
        <ele>354.4</ele>
      </trkpt>
      <trkpt lat="40.79731" lon="16.92937">
        <ele>354.4</ele>
      </trkpt>
      <trkpt lat="40.79715" lon="16.93005">
        <ele>354.4</ele>
      </trkpt>
      <trkpt lat="40.79699" lon="16.93072">
        <ele>354.6</ele>
      </trkpt>
      <trkpt lat="40.79698" lon="16.93072">
        <ele>354.6</ele>
      </trkpt>
      <trkpt lat="40.79699" lon="16.93072">
        <ele>354.6</ele>
      </trkpt>
      <trkpt lat="40.7968" lon="16.9315">
        <ele>354.7</ele>
      </trkpt>
      <trkpt lat="40.79654" lon="16.93173">
        <ele>354.9</ele>
      </trkpt>
      <trkpt lat="40.796439" lon="16.93177">
        <ele>354.8</ele>
      </trkpt>
      <trkpt lat="40.79637" lon="16.931819">
        <ele>354.8</ele>
      </trkpt>
      <trkpt lat="40.79622" lon="16.93199">
        <ele>354.4</ele>
      </trkpt>
      <trkpt lat="40.796169" lon="16.93209">
        <ele>354.2</ele>
      </trkpt>
      <trkpt lat="40.79614" lon="16.93221">
        <ele>353.8</ele>
      </trkpt>
      <trkpt lat="40.79615" lon="16.93251">
        <ele>352.9</ele>
      </trkpt>
      <trkpt lat="40.796259" lon="16.93279">
        <ele>352.3</ele>
      </trkpt>
      <trkpt lat="40.79596" lon="16.93325">
        <ele>352.8</ele>
      </trkpt>
      <trkpt lat="40.79584" lon="16.9334">
        <ele>352.9</ele>
      </trkpt>
      <trkpt lat="40.79567" lon="16.93356">
        <ele>353.3</ele>
      </trkpt>
      <trkpt lat="40.7954" lon="16.93378">
        <ele>354.0</ele>
      </trkpt>
      <trkpt lat="40.79501" lon="16.93399">
        <ele>355.2</ele>
      </trkpt>
      <trkpt lat="40.79482" lon="16.93405">
        <ele>355.8</ele>
      </trkpt>
      <trkpt lat="40.79482" lon="16.93471">
        <ele>354.2</ele>
      </trkpt>
      <trkpt lat="40.79477" lon="16.93574">
        <ele>353.7</ele>
      </trkpt>
      <trkpt lat="40.79479" lon="16.93613">
        <ele>353.7</ele>
      </trkpt>
      <trkpt lat="40.79497" lon="16.93728">
        <ele>354.0</ele>
      </trkpt>
      <trkpt lat="40.79515" lon="16.93843">
        <ele>351.8</ele>
      </trkpt>
      <trkpt lat="40.79507" lon="16.93874">
        <ele>351.9</ele>
      </trkpt>
      <trkpt lat="40.79505" lon="16.93902">
        <ele>351.9</ele>
      </trkpt>
      <trkpt lat="40.79506" lon="16.93911">
        <ele>351.9</ele>
      </trkpt>
      <trkpt lat="40.79513" lon="16.9393">
        <ele>351.8</ele>
      </trkpt>
      <trkpt lat="40.79518" lon="16.9394">
        <ele>351.7</ele>
      </trkpt>
      <trkpt lat="40.79526" lon="16.93947">
        <ele>351.6</ele>
      </trkpt>
      <trkpt lat="40.795789" lon="16.939699">
        <ele>350.4</ele>
      </trkpt>
      <trkpt lat="40.79593" lon="16.93981">
        <ele>350.1</ele>
      </trkpt>
      <trkpt lat="40.79606" lon="16.94">
        <ele>349.7</ele>
      </trkpt>
      <trkpt lat="40.79614" lon="16.9404">
        <ele>349.1</ele>
      </trkpt>
      <trkpt lat="40.79618" lon="16.940919">
        <ele>348.7</ele>
      </trkpt>
      <trkpt lat="40.79618" lon="16.94125">
        <ele>348.5</ele>
      </trkpt>
      <trkpt lat="40.796169" lon="16.94144">
        <ele>348.4</ele>
      </trkpt>
      <trkpt lat="40.796169" lon="16.94144">
        <ele>348.4</ele>
      </trkpt>
      <trkpt lat="40.79615" lon="16.94184">
        <ele>348.2</ele>
      </trkpt>
      <trkpt lat="40.79604" lon="16.94246">
        <ele>348.5</ele>
      </trkpt>
      <trkpt lat="40.795969" lon="16.94281">
        <ele>349.1</ele>
      </trkpt>
      <trkpt lat="40.79581" lon="16.94329">
        <ele>350.0</ele>
      </trkpt>
      <trkpt lat="40.79553" lon="16.94394">
        <ele>350.1</ele>
      </trkpt>
      <trkpt lat="40.79525" lon="16.94459">
        <ele>349.8</ele>
      </trkpt>
      <trkpt lat="40.79514" lon="16.94488">
        <ele>349.9</ele>
      </trkpt>
      <trkpt lat="40.79496" lon="16.94546">
        <ele>349.5</ele>
      </trkpt>
      <trkpt lat="40.79475" lon="16.946269">
        <ele>348.9</ele>
      </trkpt>
      <trkpt lat="40.79465" lon="16.94689">
        <ele>348.9</ele>
      </trkpt>
      <trkpt lat="40.79457" lon="16.94744">
        <ele>349.0</ele>
      </trkpt>
      <trkpt lat="40.79478" lon="16.94746">
        <ele>349.0</ele>
      </trkpt>
      <trkpt lat="40.79484" lon="16.94751">
        <ele>349.0</ele>
      </trkpt>
      <trkpt lat="40.79487" lon="16.94759">
        <ele>349.0</ele>
      </trkpt>
      <trkpt lat="40.79501" lon="16.94875">
        <ele>348.0</ele>
      </trkpt>
      <trkpt lat="40.79511" lon="16.94912">
        <ele>347.1</ele>
      </trkpt>
      <trkpt lat="40.79538" lon="16.94971">
        <ele>346.0</ele>
      </trkpt>
      <trkpt lat="40.79542" lon="16.94989">
        <ele>345.7</ele>
      </trkpt>
      <trkpt lat="40.795499" lon="16.95055">
        <ele>343.8</ele>
      </trkpt>
      <trkpt lat="40.79569" lon="16.95124">
        <ele>342.8</ele>
      </trkpt>
      <trkpt lat="40.79577" lon="16.95177">
        <ele>343.3</ele>
      </trkpt>
      <trkpt lat="40.79587" lon="16.95203">
        <ele>343.4</ele>
      </trkpt>
      <trkpt lat="40.796169" lon="16.95272">
        <ele>344.1</ele>
      </trkpt>
      <trkpt lat="40.7967" lon="16.95405">
        <ele>344.1</ele>
      </trkpt>
      <trkpt lat="40.796909" lon="16.95473">
        <ele>343.3</ele>
      </trkpt>
      <trkpt lat="40.79696" lon="16.95487">
        <ele>343.2</ele>
      </trkpt>
      <trkpt lat="40.797289" lon="16.95545">
        <ele>343.7</ele>
      </trkpt>
      <trkpt lat="40.797469" lon="16.95573">
        <ele>343.9</ele>
      </trkpt>
      <trkpt lat="40.79761" lon="16.95591">
        <ele>343.9</ele>
      </trkpt>
      <trkpt lat="40.79807" lon="16.95642">
        <ele>343.3</ele>
      </trkpt>
      <trkpt lat="40.798229" lon="16.95664">
        <ele>343.1</ele>
      </trkpt>
      <trkpt lat="40.79864" lon="16.95732">
        <ele>342.8</ele>
      </trkpt>
      <trkpt lat="40.798789" lon="16.95762">
        <ele>343.1</ele>
      </trkpt>
      <trkpt lat="40.79893" lon="16.95803">
        <ele>343.2</ele>
      </trkpt>
      <trkpt lat="40.79907" lon="16.95863">
        <ele>343.5</ele>
      </trkpt>
      <trkpt lat="40.79918" lon="16.95919">
        <ele>343.9</ele>
      </trkpt>
      <trkpt lat="40.79925" lon="16.9598">
        <ele>343.1</ele>
      </trkpt>
      <trkpt lat="40.79927" lon="16.96042">
        <ele>342.9</ele>
      </trkpt>
      <trkpt lat="40.79916" lon="16.962129">
        <ele>344.0</ele>
      </trkpt>
      <trkpt lat="40.79927" lon="16.963159">
        <ele>344.7</ele>
      </trkpt>
      <trkpt lat="40.79932" lon="16.963629">
        <ele>344.9</ele>
      </trkpt>
      <trkpt lat="40.79922" lon="16.96381">
        <ele>345.0</ele>
      </trkpt>
      <trkpt lat="40.79922" lon="16.96387">
        <ele>345.0</ele>
      </trkpt>
      <trkpt lat="40.7993" lon="16.96414">
        <ele>345.1</ele>
      </trkpt>
      <trkpt lat="40.7993" lon="16.96458">
        <ele>346.0</ele>
      </trkpt>
      <trkpt lat="40.79929" lon="16.96488">
        <ele>346.6</ele>
      </trkpt>
      <trkpt lat="40.797" lon="16.9648">
        <ele>348.4</ele>
      </trkpt>
      <trkpt lat="40.79699" lon="16.965229">
        <ele>348.5</ele>
      </trkpt>
      <trkpt lat="40.79681" lon="16.97496">
        <ele>351.8</ele>
      </trkpt>
      <trkpt lat="40.7968" lon="16.97577">
        <ele>351.8</ele>
      </trkpt>
      <trkpt lat="40.78746" lon="16.97545">
        <ele>356.1</ele>
      </trkpt>
      <trkpt lat="40.78745" lon="16.97545">
        <ele>356.2</ele>
      </trkpt>
      <trkpt lat="40.77366" lon="16.97496">
        <ele>362.0</ele>
      </trkpt>
      <trkpt lat="40.77352" lon="16.97495">
        <ele>361.1</ele>
      </trkpt>
      <trkpt lat="40.77343" lon="16.97951">
        <ele>370.7</ele>
      </trkpt>
      <trkpt lat="40.77326" lon="16.98677">
        <ele>366.8</ele>
      </trkpt>
      <trkpt lat="40.77275" lon="16.98857">
        <ele>366.5</ele>
      </trkpt>
      <trkpt lat="40.77192" lon="16.99099">
        <ele>369.0</ele>
      </trkpt>
      <trkpt lat="40.77062" lon="16.99531">
        <ele>370.3</ele>
      </trkpt>
      <trkpt lat="40.77031" lon="16.99717">
        <ele>366.5</ele>
      </trkpt>
      <trkpt lat="40.77001" lon="16.9998">
        <ele>367.8</ele>
      </trkpt>
      <trkpt lat="40.76972" lon="17.00116">
        <ele>370.7</ele>
      </trkpt>
      <trkpt lat="40.76932" lon="17.00194">
        <ele>372.2</ele>
      </trkpt>
      <trkpt lat="40.7688" lon="17.002949">
        <ele>373.0</ele>
      </trkpt>
      <trkpt lat="40.76837" lon="17.00374">
        <ele>371.7</ele>
      </trkpt>
      <trkpt lat="40.76825" lon="17.00398">
        <ele>371.9</ele>
      </trkpt>
      <trkpt lat="40.76818" lon="17.00418">
        <ele>372.2</ele>
      </trkpt>
      <trkpt lat="40.76809" lon="17.00521">
        <ele>373.4</ele>
      </trkpt>
      <trkpt lat="40.76788" lon="17.0065">
        <ele>375.4</ele>
      </trkpt>
      <trkpt lat="40.767829" lon="17.00698">
        <ele>376.1</ele>
      </trkpt>
      <trkpt lat="40.76789" lon="17.00786">
        <ele>377.5</ele>
      </trkpt>
      <trkpt lat="40.76788" lon="17.00823">
        <ele>378.0</ele>
      </trkpt>
      <trkpt lat="40.76786" lon="17.008489">
        <ele>378.4</ele>
      </trkpt>
      <trkpt lat="40.76789" lon="17.00961">
        <ele>379.8</ele>
      </trkpt>
      <trkpt lat="40.76807" lon="17.010179">
        <ele>379.6</ele>
      </trkpt>
      <trkpt lat="40.76807" lon="17.01035">
        <ele>379.6</ele>
      </trkpt>
      <trkpt lat="40.76795" lon="17.01139">
        <ele>380.9</ele>
      </trkpt>
      <trkpt lat="40.76785" lon="17.01265">
        <ele>384.8</ele>
      </trkpt>
      <trkpt lat="40.76781" lon="17.01297">
        <ele>385.4</ele>
      </trkpt>
      <trkpt lat="40.76774" lon="17.01303">
        <ele>385.5</ele>
      </trkpt>
      <trkpt lat="40.76731" lon="17.01321">
        <ele>386.5</ele>
      </trkpt>
      <trkpt lat="40.76727" lon="17.01328">
        <ele>386.7</ele>
      </trkpt>
      <trkpt lat="40.76687" lon="17.01767">
        <ele>396.5</ele>
      </trkpt>
      <trkpt lat="40.76589" lon="17.01895">
        <ele>398.7</ele>
      </trkpt>
      <trkpt lat="40.76366" lon="17.02179">
        <ele>411.3</ele>
      </trkpt>
      <trkpt lat="40.76362" lon="17.02187">
        <ele>411.4</ele>
      </trkpt>
      <trkpt lat="40.76333" lon="17.022189">
        <ele>412.0</ele>
      </trkpt>
      <trkpt lat="40.76312" lon="17.02246">
        <ele>412.2</ele>
      </trkpt>
      <trkpt lat="40.76274" lon="17.02308">
        <ele>413.9</ele>
      </trkpt>
      <trkpt lat="40.76238" lon="17.02357">
        <ele>414.7</ele>
      </trkpt>
      <trkpt lat="40.76192" lon="17.02401">
        <ele>414.6</ele>
      </trkpt>
      <trkpt lat="40.76176" lon="17.0242">
        <ele>414.9</ele>
      </trkpt>
      <trkpt lat="40.7616" lon="17.02446">
        <ele>414.9</ele>
      </trkpt>
      <trkpt lat="40.76124" lon="17.025289">
        <ele>415.0</ele>
      </trkpt>
      <trkpt lat="40.76098" lon="17.02598">
        <ele>416.0</ele>
      </trkpt>
      <trkpt lat="40.76077" lon="17.02661">
        <ele>415.3</ele>
      </trkpt>
      <trkpt lat="40.76063" lon="17.02689">
        <ele>415.6</ele>
      </trkpt>
      <trkpt lat="40.76015" lon="17.02765">
        <ele>415.8</ele>
      </trkpt>
      <trkpt lat="40.75992" lon="17.02804">
        <ele>416.1</ele>
      </trkpt>
      <trkpt lat="40.75983" lon="17.02826">
        <ele>416.0</ele>
      </trkpt>
      <trkpt lat="40.75972" lon="17.02872">
        <ele>416.9</ele>
      </trkpt>
      <trkpt lat="40.75971" lon="17.02893">
        <ele>417.4</ele>
      </trkpt>
      <trkpt lat="40.75913" lon="17.03119">
        <ele>419.0</ele>
      </trkpt>
      <trkpt lat="40.75903" lon="17.03166">
        <ele>418.8</ele>
      </trkpt>
      <trkpt lat="40.75895" lon="17.03229">
        <ele>417.6</ele>
      </trkpt>
      <trkpt lat="40.75887" lon="17.03276">
        <ele>417.1</ele>
      </trkpt>
      <trkpt lat="40.75876" lon="17.0332">
        <ele>416.7</ele>
      </trkpt>
      <trkpt lat="40.75868" lon="17.03367">
        <ele>415.8</ele>
      </trkpt>
      <trkpt lat="40.75864" lon="17.03523">
        <ele>413.5</ele>
      </trkpt>
      <trkpt lat="40.75855" lon="17.03694">
        <ele>412.6</ele>
      </trkpt>
      <trkpt lat="40.75855" lon="17.03735">
        <ele>414.2</ele>
      </trkpt>
      <trkpt lat="40.75848" lon="17.03783">
        <ele>414.6</ele>
      </trkpt>
      <trkpt lat="40.758339" lon="17.0385">
        <ele>414.0</ele>
      </trkpt>
      <trkpt lat="40.75836" lon="17.0385">
        <ele>414.1</ele>
      </trkpt>
      <trkpt lat="40.75835" lon="17.03854">
        <ele>414.0</ele>
      </trkpt>
      <trkpt lat="40.75835" lon="17.03864">
        <ele>414.0</ele>
      </trkpt>
      <trkpt lat="40.75836" lon="17.03874">
        <ele>414.1</ele>
      </trkpt>
      <trkpt lat="40.75839" lon="17.03892">
        <ele>414.1</ele>
      </trkpt>
      <trkpt lat="40.75839" lon="17.03892">
        <ele>414.1</ele>
      </trkpt>
      <trkpt lat="40.75855" lon="17.03917">
        <ele>414.5</ele>
      </trkpt>
      <trkpt lat="40.7589" lon="17.039739">
        <ele>414.7</ele>
      </trkpt>
      <trkpt lat="40.759" lon="17.03991">
        <ele>414.7</ele>
      </trkpt>
      <trkpt lat="40.759" lon="17.03992">
        <ele>414.7</ele>
      </trkpt>
      <trkpt lat="40.75904" lon="17.04005">
        <ele>414.6</ele>
      </trkpt>
      <trkpt lat="40.75909" lon="17.04024">
        <ele>414.6</ele>
      </trkpt>
      <trkpt lat="40.75912" lon="17.04042">
        <ele>414.4</ele>
      </trkpt>
      <trkpt lat="40.75916" lon="17.04059">
        <ele>414.3</ele>
      </trkpt>
      <trkpt lat="40.75922" lon="17.04087">
        <ele>413.7</ele>
      </trkpt>
      <trkpt lat="40.759279" lon="17.04103">
        <ele>413.4</ele>
      </trkpt>
      <trkpt lat="40.75929" lon="17.04106">
        <ele>413.3</ele>
      </trkpt>
      <trkpt lat="40.75935" lon="17.04117">
        <ele>413.0</ele>
      </trkpt>
      <trkpt lat="40.75938" lon="17.04123">
        <ele>412.8</ele>
      </trkpt>
      <trkpt lat="40.75942" lon="17.04129">
        <ele>412.6</ele>
      </trkpt>
      <trkpt lat="40.75949" lon="17.0414">
        <ele>412.3</ele>
      </trkpt>
      <trkpt lat="40.75958" lon="17.04153">
        <ele>411.9</ele>
      </trkpt>
      <trkpt lat="40.75963" lon="17.04158">
        <ele>411.7</ele>
      </trkpt>
      <trkpt lat="40.759749" lon="17.0417">
        <ele>411.1</ele>
      </trkpt>
      <trkpt lat="40.75977" lon="17.04172">
        <ele>411.0</ele>
      </trkpt>
      <trkpt lat="40.75991" lon="17.04185">
        <ele>410.0</ele>
      </trkpt>
      <trkpt lat="40.75992" lon="17.04186">
        <ele>409.9</ele>
      </trkpt>
      <trkpt lat="40.76017" lon="17.04207">
        <ele>409.2</ele>
      </trkpt>
      <trkpt lat="40.76045" lon="17.04231">
        <ele>409.3</ele>
      </trkpt>
      <trkpt lat="40.76052" lon="17.04238">
        <ele>409.4</ele>
      </trkpt>
      <trkpt lat="40.76063" lon="17.04247">
        <ele>409.5</ele>
      </trkpt>
      <trkpt lat="40.76082" lon="17.04266">
        <ele>410.0</ele>
      </trkpt>
      <trkpt lat="40.76097" lon="17.04277">
        <ele>409.6</ele>
      </trkpt>
      <trkpt lat="40.76102" lon="17.04282">
        <ele>409.4</ele>
      </trkpt>
      <trkpt lat="40.76102" lon="17.04282">
        <ele>409.4</ele>
      </trkpt>
      <trkpt lat="40.761" lon="17.04288">
        <ele>409.5</ele>
      </trkpt>
      <trkpt lat="40.76099" lon="17.04294">
        <ele>409.5</ele>
      </trkpt>
      <trkpt lat="40.76097" lon="17.04311">
        <ele>409.6</ele>
      </trkpt>
      <trkpt lat="40.76096" lon="17.04324">
        <ele>409.7</ele>
      </trkpt>
      <trkpt lat="40.76095" lon="17.04339">
        <ele>409.7</ele>
      </trkpt>
      <trkpt lat="40.76093" lon="17.04386">
        <ele>409.2</ele>
      </trkpt>
      <trkpt lat="40.76092" lon="17.04423">
        <ele>408.8</ele>
      </trkpt>
      <trkpt lat="40.76091" lon="17.04426">
        <ele>408.7</ele>
      </trkpt>
      <trkpt lat="40.76091" lon="17.0444">
        <ele>408.4</ele>
      </trkpt>
      <trkpt lat="40.7609" lon="17.04455">
        <ele>408.0</ele>
      </trkpt>
      <trkpt lat="40.76088" lon="17.0447">
        <ele>407.7</ele>
      </trkpt>
      <trkpt lat="40.76079" lon="17.04512">
        <ele>406.8</ele>
      </trkpt>
      <trkpt lat="40.76064" lon="17.04591">
        <ele>405.0</ele>
      </trkpt>
      <trkpt lat="40.76043" lon="17.04694">
        <ele>403.2</ele>
      </trkpt>
      <trkpt lat="40.76037" lon="17.04727">
        <ele>402.8</ele>
      </trkpt>
      <trkpt lat="40.76032" lon="17.04748">
        <ele>402.4</ele>
      </trkpt>
      <trkpt lat="40.76032" lon="17.04748">
        <ele>402.4</ele>
      </trkpt>
      <trkpt lat="40.76037" lon="17.0475">
        <ele>402.4</ele>
      </trkpt>
      <trkpt lat="40.76039" lon="17.04752">
        <ele>402.5</ele>
      </trkpt>
      <trkpt lat="40.76041" lon="17.04754">
        <ele>402.5</ele>
      </trkpt>
      <trkpt lat="40.76044" lon="17.04757">
        <ele>402.5</ele>
      </trkpt>
      <trkpt lat="40.76047" lon="17.0476">
        <ele>402.5</ele>
      </trkpt>
      <trkpt lat="40.76052" lon="17.04769">
        <ele>402.5</ele>
      </trkpt>
      <trkpt lat="40.76052" lon="17.0477">
        <ele>402.5</ele>
      </trkpt>
      <trkpt lat="40.760599" lon="17.04782">
        <ele>402.4</ele>
      </trkpt>
      <trkpt lat="40.76065" lon="17.04792">
        <ele>402.4</ele>
      </trkpt>
      <trkpt lat="40.760689" lon="17.04806">
        <ele>402.3</ele>
      </trkpt>
      <trkpt lat="40.76071" lon="17.04819">
        <ele>402.1</ele>
      </trkpt>
      <trkpt lat="40.76073" lon="17.04833">
        <ele>402.0</ele>
      </trkpt>
      <trkpt lat="40.76075" lon="17.04842">
        <ele>401.9</ele>
      </trkpt>
      <trkpt lat="40.76076" lon="17.0486">
        <ele>401.7</ele>
      </trkpt>
      <trkpt lat="40.76077" lon="17.048749">
        <ele>401.5</ele>
      </trkpt>
      <trkpt lat="40.76076" lon="17.04888">
        <ele>401.4</ele>
      </trkpt>
      <trkpt lat="40.76075" lon="17.04895">
        <ele>401.3</ele>
      </trkpt>
      <trkpt lat="40.76075" lon="17.04902">
        <ele>401.3</ele>
      </trkpt>
      <trkpt lat="40.76076" lon="17.04904">
        <ele>401.2</ele>
      </trkpt>
      <trkpt lat="40.76077" lon="17.0491">
        <ele>401.1</ele>
      </trkpt>
      <trkpt lat="40.7608" lon="17.04917">
        <ele>401.0</ele>
      </trkpt>
      <trkpt lat="40.76084" lon="17.04923">
        <ele>400.8</ele>
      </trkpt>
      <trkpt lat="40.76087" lon="17.04934">
        <ele>400.6</ele>
      </trkpt>
      <trkpt lat="40.7609" lon="17.04945">
        <ele>400.3</ele>
      </trkpt>
      <trkpt lat="40.76092" lon="17.04956">
        <ele>400.1</ele>
      </trkpt>
      <trkpt lat="40.76094" lon="17.04968">
        <ele>399.8</ele>
      </trkpt>
      <trkpt lat="40.76094" lon="17.0497">
        <ele>399.8</ele>
      </trkpt>
      <trkpt lat="40.76095" lon="17.04986">
        <ele>399.5</ele>
      </trkpt>
      <trkpt lat="40.76097" lon="17.05008">
        <ele>399.1</ele>
      </trkpt>
      <trkpt lat="40.76098" lon="17.05017">
        <ele>399.1</ele>
      </trkpt>
      <trkpt lat="40.76099" lon="17.05031">
        <ele>399.0</ele>
      </trkpt>
      <trkpt lat="40.76102" lon="17.050529">
        <ele>398.9</ele>
      </trkpt>
      <trkpt lat="40.76105" lon="17.050719">
        <ele>398.8</ele>
      </trkpt>
      <trkpt lat="40.76106" lon="17.05084">
        <ele>398.7</ele>
      </trkpt>
      <trkpt lat="40.761069" lon="17.05087">
        <ele>398.6</ele>
      </trkpt>
      <trkpt lat="40.76108" lon="17.0514">
        <ele>397.1</ele>
      </trkpt>
      <trkpt lat="40.761069" lon="17.05159">
        <ele>396.6</ele>
      </trkpt>
      <trkpt lat="40.76106" lon="17.05185">
        <ele>396.1</ele>
      </trkpt>
      <trkpt lat="40.76106" lon="17.05204">
        <ele>395.7</ele>
      </trkpt>
      <trkpt lat="40.76106" lon="17.05225">
        <ele>395.2</ele>
      </trkpt>
      <trkpt lat="40.76106" lon="17.05228">
        <ele>395.2</ele>
      </trkpt>
      <trkpt lat="40.761069" lon="17.05231">
        <ele>395.1</ele>
      </trkpt>
      <trkpt lat="40.761069" lon="17.05237">
        <ele>395.0</ele>
      </trkpt>
      <trkpt lat="40.76108" lon="17.05243">
        <ele>394.8</ele>
      </trkpt>
      <trkpt lat="40.76109" lon="17.05251">
        <ele>394.7</ele>
      </trkpt>
      <trkpt lat="40.76109" lon="17.05255">
        <ele>394.8</ele>
      </trkpt>
      <trkpt lat="40.76113" lon="17.05271">
        <ele>394.9</ele>
      </trkpt>
      <trkpt lat="40.76113" lon="17.05274">
        <ele>394.9</ele>
      </trkpt>
      <trkpt lat="40.76117" lon="17.05291">
        <ele>395.1</ele>
      </trkpt>
      <trkpt lat="40.76118" lon="17.052969">
        <ele>395.1</ele>
      </trkpt>
      <trkpt lat="40.76121" lon="17.0531">
        <ele>395.3</ele>
      </trkpt>
      <trkpt lat="40.761249" lon="17.053249">
        <ele>395.4</ele>
      </trkpt>
      <trkpt lat="40.76129" lon="17.05342">
        <ele>395.5</ele>
      </trkpt>
      <trkpt lat="40.76129" lon="17.05343">
        <ele>395.5</ele>
      </trkpt>
      <trkpt lat="40.76132" lon="17.05357">
        <ele>395.6</ele>
      </trkpt>
      <trkpt lat="40.761339" lon="17.05365">
        <ele>395.6</ele>
      </trkpt>
      <trkpt lat="40.76138" lon="17.05388">
        <ele>395.8</ele>
      </trkpt>
      <trkpt lat="40.76141" lon="17.053999">
        <ele>395.9</ele>
      </trkpt>
      <trkpt lat="40.76143" lon="17.05411">
        <ele>396.0</ele>
      </trkpt>
      <trkpt lat="40.7615" lon="17.05443">
        <ele>395.2</ele>
      </trkpt>
      <trkpt lat="40.76153" lon="17.054569">
        <ele>394.7</ele>
      </trkpt>
      <trkpt lat="40.76155" lon="17.05471">
        <ele>394.2</ele>
      </trkpt>
      <trkpt lat="40.76157" lon="17.0548">
        <ele>393.9</ele>
      </trkpt>
      <trkpt lat="40.7616" lon="17.054939">
        <ele>393.4</ele>
      </trkpt>
      <trkpt lat="40.76162" lon="17.05503">
        <ele>393.1</ele>
      </trkpt>
      <trkpt lat="40.761629" lon="17.05507">
        <ele>393.0</ele>
      </trkpt>
      <trkpt lat="40.76166" lon="17.05523">
        <ele>392.7</ele>
      </trkpt>
      <trkpt lat="40.76166" lon="17.05526">
        <ele>392.7</ele>
      </trkpt>
      <trkpt lat="40.76174" lon="17.05557">
        <ele>392.1</ele>
      </trkpt>
      <trkpt lat="40.76174" lon="17.05558">
        <ele>392.1</ele>
      </trkpt>
      <trkpt lat="40.76186" lon="17.05612">
        <ele>391.8</ele>
      </trkpt>
      <trkpt lat="40.76189" lon="17.05626">
        <ele>391.8</ele>
      </trkpt>
      <trkpt lat="40.76189" lon="17.05628">
        <ele>391.9</ele>
      </trkpt>
      <trkpt lat="40.76195" lon="17.05655">
        <ele>391.9</ele>
      </trkpt>
      <trkpt lat="40.76196" lon="17.05677">
        <ele>392.1</ele>
      </trkpt>
      <trkpt lat="40.76197" lon="17.05696">
        <ele>392.4</ele>
      </trkpt>
      <trkpt lat="40.76198" lon="17.057">
        <ele>392.4</ele>
      </trkpt>
      <trkpt lat="40.76198" lon="17.05734">
        <ele>393.0</ele>
      </trkpt>
      <trkpt lat="40.762" lon="17.05759">
        <ele>393.2</ele>
      </trkpt>
      <trkpt lat="40.762009" lon="17.05774">
        <ele>393.1</ele>
      </trkpt>
      <trkpt lat="40.76203" lon="17.057849">
        <ele>392.9</ele>
      </trkpt>
      <trkpt lat="40.76204" lon="17.0579">
        <ele>392.9</ele>
      </trkpt>
      <trkpt lat="40.76205" lon="17.05797">
        <ele>392.8</ele>
      </trkpt>
      <trkpt lat="40.76209" lon="17.05811">
        <ele>392.6</ele>
      </trkpt>
      <trkpt lat="40.76209" lon="17.058129">
        <ele>392.6</ele>
      </trkpt>
      <trkpt lat="40.76214" lon="17.05825">
        <ele>392.4</ele>
      </trkpt>
      <trkpt lat="40.76217" lon="17.05836">
        <ele>392.3</ele>
      </trkpt>
      <trkpt lat="40.76218" lon="17.05844">
        <ele>392.5</ele>
      </trkpt>
      <trkpt lat="40.76217" lon="17.05848">
        <ele>392.6</ele>
      </trkpt>
      <trkpt lat="40.76217" lon="17.058509">
        <ele>392.7</ele>
      </trkpt>
      <trkpt lat="40.76215" lon="17.05857">
        <ele>393.0</ele>
      </trkpt>
      <trkpt lat="40.76215" lon="17.05858">
        <ele>393.0</ele>
      </trkpt>
      <trkpt lat="40.76213" lon="17.05865">
        <ele>393.3</ele>
      </trkpt>
      <trkpt lat="40.76211" lon="17.058789">
        <ele>393.8</ele>
      </trkpt>
      <trkpt lat="40.76211" lon="17.05887">
        <ele>394.0</ele>
      </trkpt>
      <trkpt lat="40.76212" lon="17.05891">
        <ele>394.1</ele>
      </trkpt>
      <trkpt lat="40.76214" lon="17.05903">
        <ele>394.4</ele>
      </trkpt>
      <trkpt lat="40.76216" lon="17.0591">
        <ele>394.6</ele>
      </trkpt>
      <trkpt lat="40.762189" lon="17.05918">
        <ele>394.8</ele>
      </trkpt>
      <trkpt lat="40.76231" lon="17.05944">
        <ele>395.1</ele>
      </trkpt>
      <trkpt lat="40.76234" lon="17.05951">
        <ele>395.2</ele>
      </trkpt>
      <trkpt lat="40.7624" lon="17.05965">
        <ele>395.4</ele>
      </trkpt>
      <trkpt lat="40.7627" lon="17.06034">
        <ele>396.0</ele>
      </trkpt>
      <trkpt lat="40.76276" lon="17.060479">
        <ele>395.9</ele>
      </trkpt>
      <trkpt lat="40.76281" lon="17.06058">
        <ele>395.8</ele>
      </trkpt>
      <trkpt lat="40.76286" lon="17.060669">
        <ele>395.7</ele>
      </trkpt>
      <trkpt lat="40.76294" lon="17.06075">
        <ele>395.4</ele>
      </trkpt>
      <trkpt lat="40.76299" lon="17.06081">
        <ele>395.2</ele>
      </trkpt>
      <trkpt lat="40.76315" lon="17.06099">
        <ele>395.0</ele>
      </trkpt>
      <trkpt lat="40.76319" lon="17.06103">
        <ele>394.9</ele>
      </trkpt>
      <trkpt lat="40.76352" lon="17.06134">
        <ele>394.7</ele>
      </trkpt>
      <trkpt lat="40.76377" lon="17.06166">
        <ele>394.9</ele>
      </trkpt>
      <trkpt lat="40.76383" lon="17.06176">
        <ele>395.0</ele>
      </trkpt>
      <trkpt lat="40.76386" lon="17.06181">
        <ele>395.1</ele>
      </trkpt>
      <trkpt lat="40.76393" lon="17.06188">
        <ele>395.1</ele>
      </trkpt>
      <trkpt lat="40.76408" lon="17.06196">
        <ele>394.9</ele>
      </trkpt>
      <trkpt lat="40.76408" lon="17.06197">
        <ele>394.9</ele>
      </trkpt>
      <trkpt lat="40.76426" lon="17.06208">
        <ele>394.8</ele>
      </trkpt>
      <trkpt lat="40.7645" lon="17.06223">
        <ele>394.7</ele>
      </trkpt>
      <trkpt lat="40.76473" lon="17.06237">
        <ele>394.4</ele>
      </trkpt>
      <trkpt lat="40.76488" lon="17.06246">
        <ele>394.2</ele>
      </trkpt>
      <trkpt lat="40.76499" lon="17.06255">
        <ele>394.1</ele>
      </trkpt>
      <trkpt lat="40.76543" lon="17.06293">
        <ele>395.3</ele>
      </trkpt>
      <trkpt lat="40.7655" lon="17.06299">
        <ele>395.4</ele>
      </trkpt>
      <trkpt lat="40.76554" lon="17.06304">
        <ele>395.5</ele>
      </trkpt>
      <trkpt lat="40.76593" lon="17.06336">
        <ele>396.1</ele>
      </trkpt>
      <trkpt lat="40.76603" lon="17.06345">
        <ele>396.2</ele>
      </trkpt>
      <trkpt lat="40.7663" lon="17.0636">
        <ele>396.5</ele>
      </trkpt>
      <trkpt lat="40.766419" lon="17.06365">
        <ele>396.5</ele>
      </trkpt>
      <trkpt lat="40.766599" lon="17.06374">
        <ele>396.5</ele>
      </trkpt>
      <trkpt lat="40.76679" lon="17.06381">
        <ele>396.4</ele>
      </trkpt>
      <trkpt lat="40.76693" lon="17.06388">
        <ele>396.2</ele>
      </trkpt>
      <trkpt lat="40.76761" lon="17.0642">
        <ele>394.9</ele>
      </trkpt>
      <trkpt lat="40.76788" lon="17.06433">
        <ele>394.9</ele>
      </trkpt>
      <trkpt lat="40.76811" lon="17.06447">
        <ele>395.0</ele>
      </trkpt>
      <trkpt lat="40.76827" lon="17.06456">
        <ele>395.0</ele>
      </trkpt>
      <trkpt lat="40.76828" lon="17.06456">
        <ele>395.0</ele>
      </trkpt>
      <trkpt lat="40.76838" lon="17.06465">
        <ele>395.2</ele>
      </trkpt>
      <trkpt lat="40.76846" lon="17.06473">
        <ele>395.5</ele>
      </trkpt>
      <trkpt lat="40.76852" lon="17.06481">
        <ele>395.6</ele>
      </trkpt>
      <trkpt lat="40.76856" lon="17.06487">
        <ele>395.8</ele>
      </trkpt>
      <trkpt lat="40.76867" lon="17.06504">
        <ele>396.0</ele>
      </trkpt>
      <trkpt lat="40.7689" lon="17.0654">
        <ele>395.3</ele>
      </trkpt>
      <trkpt lat="40.76902" lon="17.06558">
        <ele>394.9</ele>
      </trkpt>
      <trkpt lat="40.76953" lon="17.06637">
        <ele>392.3</ele>
      </trkpt>
      <trkpt lat="40.76959" lon="17.0665">
        <ele>392.1</ele>
      </trkpt>
      <trkpt lat="40.769599" lon="17.06652">
        <ele>392.0</ele>
      </trkpt>
      <trkpt lat="40.76963" lon="17.06657">
        <ele>391.9</ele>
      </trkpt>
      <trkpt lat="40.76966" lon="17.0666">
        <ele>391.8</ele>
      </trkpt>
      <trkpt lat="40.76972" lon="17.06665">
        <ele>391.7</ele>
      </trkpt>
      <trkpt lat="40.76975" lon="17.066669">
        <ele>391.6</ele>
      </trkpt>
      <trkpt lat="40.76978" lon="17.06668">
        <ele>391.5</ele>
      </trkpt>
      <trkpt lat="40.769799" lon="17.06669">
        <ele>391.5</ele>
      </trkpt>
      <trkpt lat="40.76983" lon="17.0667">
        <ele>391.4</ele>
      </trkpt>
      <trkpt lat="40.76986" lon="17.0667">
        <ele>391.4</ele>
      </trkpt>
      <trkpt lat="40.76988" lon="17.0667">
        <ele>391.3</ele>
      </trkpt>
      <trkpt lat="40.7699" lon="17.0667">
        <ele>391.3</ele>
      </trkpt>
      <trkpt lat="40.76993" lon="17.06669">
        <ele>391.2</ele>
      </trkpt>
      <trkpt lat="40.76996" lon="17.066669">
        <ele>391.1</ele>
      </trkpt>
      <trkpt lat="40.76997" lon="17.066669">
        <ele>391.1</ele>
      </trkpt>
      <trkpt lat="40.76999" lon="17.06666">
        <ele>391.0</ele>
      </trkpt>
      <trkpt lat="40.77002" lon="17.06666">
        <ele>390.9</ele>
      </trkpt>
      <trkpt lat="40.770069" lon="17.066669">
        <ele>390.6</ele>
      </trkpt>
      <trkpt lat="40.77009" lon="17.066669">
        <ele>390.5</ele>
      </trkpt>
      <trkpt lat="40.77019" lon="17.06669">
        <ele>389.9</ele>
      </trkpt>
      <trkpt lat="40.77025" lon="17.06672">
        <ele>389.6</ele>
      </trkpt>
      <trkpt lat="40.77028" lon="17.06674">
        <ele>389.4</ele>
      </trkpt>
      <trkpt lat="40.77038" lon="17.06683">
        <ele>388.9</ele>
      </trkpt>
      <trkpt lat="40.770539" lon="17.06697">
        <ele>388.1</ele>
      </trkpt>
      <trkpt lat="40.77067" lon="17.0671">
        <ele>387.5</ele>
      </trkpt>
      <trkpt lat="40.77069" lon="17.06713">
        <ele>387.4</ele>
      </trkpt>
      <trkpt lat="40.77073" lon="17.06721">
        <ele>387.3</ele>
      </trkpt>
      <trkpt lat="40.77077" lon="17.06729">
        <ele>387.1</ele>
      </trkpt>
      <trkpt lat="40.77078" lon="17.067329">
        <ele>387.1</ele>
      </trkpt>
      <trkpt lat="40.7708" lon="17.06743">
        <ele>387.1</ele>
      </trkpt>
      <trkpt lat="40.77082" lon="17.06758">
        <ele>387.1</ele>
      </trkpt>
      <trkpt lat="40.77085" lon="17.06779">
        <ele>387.0</ele>
      </trkpt>
      <trkpt lat="40.77085" lon="17.067799">
        <ele>387.0</ele>
      </trkpt>
      <trkpt lat="40.77088" lon="17.06792">
        <ele>386.9</ele>
      </trkpt>
      <trkpt lat="40.77091" lon="17.068">
        <ele>386.9</ele>
      </trkpt>
      <trkpt lat="40.770919" lon="17.06802">
        <ele>386.9</ele>
      </trkpt>
      <trkpt lat="40.77095" lon="17.068079">
        <ele>386.8</ele>
      </trkpt>
      <trkpt lat="40.77104" lon="17.068169">
        <ele>386.7</ele>
      </trkpt>
      <trkpt lat="40.77112" lon="17.06826">
        <ele>386.6</ele>
      </trkpt>
      <trkpt lat="40.77119" lon="17.06832">
        <ele>386.6</ele>
      </trkpt>
      <trkpt lat="40.77126" lon="17.06839">
        <ele>386.7</ele>
      </trkpt>
      <trkpt lat="40.77129" lon="17.06843">
        <ele>386.9</ele>
      </trkpt>
      <trkpt lat="40.77132" lon="17.06847">
        <ele>387.0</ele>
      </trkpt>
      <trkpt lat="40.77135" lon="17.06854">
        <ele>387.3</ele>
      </trkpt>
      <trkpt lat="40.77137" lon="17.068639">
        <ele>387.8</ele>
      </trkpt>
      <trkpt lat="40.77142" lon="17.06888">
        <ele>389.0</ele>
      </trkpt>
      <trkpt lat="40.77147" lon="17.06921">
        <ele>390.8</ele>
      </trkpt>
      <trkpt lat="40.77151" lon="17.069389">
        <ele>392.0</ele>
      </trkpt>
      <trkpt lat="40.77152" lon="17.06945">
        <ele>392.4</ele>
      </trkpt>
      <trkpt lat="40.771569" lon="17.06969">
        <ele>394.0</ele>
      </trkpt>
      <trkpt lat="40.77169" lon="17.0701">
        <ele>396.3</ele>
      </trkpt>
      <trkpt lat="40.77175" lon="17.0703">
        <ele>396.7</ele>
      </trkpt>
      <trkpt lat="40.771769" lon="17.07035">
        <ele>396.8</ele>
      </trkpt>
      <trkpt lat="40.77183" lon="17.07051">
        <ele>397.1</ele>
      </trkpt>
      <trkpt lat="40.77192" lon="17.07072">
        <ele>397.4</ele>
      </trkpt>
      <trkpt lat="40.77194" lon="17.07078">
        <ele>397.5</ele>
      </trkpt>
      <trkpt lat="40.77199" lon="17.07093">
        <ele>397.6</ele>
      </trkpt>
      <trkpt lat="40.77201" lon="17.07114">
        <ele>397.9</ele>
      </trkpt>
      <trkpt lat="40.77201" lon="17.071179">
        <ele>398.0</ele>
      </trkpt>
      <trkpt lat="40.77202" lon="17.0713">
        <ele>398.2</ele>
      </trkpt>
      <trkpt lat="40.77202" lon="17.07147">
        <ele>398.5</ele>
      </trkpt>
      <trkpt lat="40.77201" lon="17.07165">
        <ele>398.9</ele>
      </trkpt>
      <trkpt lat="40.772" lon="17.07189">
        <ele>399.5</ele>
      </trkpt>
      <trkpt lat="40.77199" lon="17.07205">
        <ele>399.9</ele>
      </trkpt>
      <trkpt lat="40.77199" lon="17.07212">
        <ele>400.0</ele>
      </trkpt>
      <trkpt lat="40.77199" lon="17.072299">
        <ele>400.4</ele>
      </trkpt>
      <trkpt lat="40.77202" lon="17.07255">
        <ele>401.0</ele>
      </trkpt>
      <trkpt lat="40.77208" lon="17.07276">
        <ele>401.9</ele>
      </trkpt>
      <trkpt lat="40.77209" lon="17.07282">
        <ele>402.2</ele>
      </trkpt>
      <trkpt lat="40.77215" lon="17.073">
        <ele>403.1</ele>
      </trkpt>
      <trkpt lat="40.77216" lon="17.07303">
        <ele>403.3</ele>
      </trkpt>
      <trkpt lat="40.77225" lon="17.073239">
        <ele>404.4</ele>
      </trkpt>
      <trkpt lat="40.772419" lon="17.07361">
        <ele>405.7</ele>
      </trkpt>
      <trkpt lat="40.77244" lon="17.07365">
        <ele>405.8</ele>
      </trkpt>
      <trkpt lat="40.77253" lon="17.07384">
        <ele>406.1</ele>
      </trkpt>
      <trkpt lat="40.77254" lon="17.07385">
        <ele>406.1</ele>
      </trkpt>
      <trkpt lat="40.77264" lon="17.07405">
        <ele>406.2</ele>
      </trkpt>
      <trkpt lat="40.77275" lon="17.07423">
        <ele>406.2</ele>
      </trkpt>
      <trkpt lat="40.772889" lon="17.074459">
        <ele>406.1</ele>
      </trkpt>
      <trkpt lat="40.77295" lon="17.07452">
        <ele>406.0</ele>
      </trkpt>
      <trkpt lat="40.77299" lon="17.07459">
        <ele>406.0</ele>
      </trkpt>
      <trkpt lat="40.77302" lon="17.074649">
        <ele>405.9</ele>
      </trkpt>
      <trkpt lat="40.77304" lon="17.07472">
        <ele>406.0</ele>
      </trkpt>
      <trkpt lat="40.77305" lon="17.0748">
        <ele>406.0</ele>
      </trkpt>
      <trkpt lat="40.77305" lon="17.0748">
        <ele>406.0</ele>
      </trkpt>
      <trkpt lat="40.77312" lon="17.07476">
        <ele>405.7</ele>
      </trkpt>
      <trkpt lat="40.77324" lon="17.07472">
        <ele>405.1</ele>
      </trkpt>
      <trkpt lat="40.77332" lon="17.07469">
        <ele>404.7</ele>
      </trkpt>
      <trkpt lat="40.77339" lon="17.074649">
        <ele>404.7</ele>
      </trkpt>
      <trkpt lat="40.77341" lon="17.07464">
        <ele>404.7</ele>
      </trkpt>
      <trkpt lat="40.77348" lon="17.07461">
        <ele>404.8</ele>
      </trkpt>
      <trkpt lat="40.77356" lon="17.07456">
        <ele>404.9</ele>
      </trkpt>
      <trkpt lat="40.77364" lon="17.07449">
        <ele>405.1</ele>
      </trkpt>
      <trkpt lat="40.7737" lon="17.07442">
        <ele>405.2</ele>
      </trkpt>
      <trkpt lat="40.77373" lon="17.0744">
        <ele>405.3</ele>
      </trkpt>
      <trkpt lat="40.773829" lon="17.07428">
        <ele>405.7</ele>
      </trkpt>
      <trkpt lat="40.77398" lon="17.07412">
        <ele>406.4</ele>
      </trkpt>
      <trkpt lat="40.77402" lon="17.07409">
        <ele>406.5</ele>
      </trkpt>
      <trkpt lat="40.77423" lon="17.07386">
        <ele>407.1</ele>
      </trkpt>
      <trkpt lat="40.7744" lon="17.07367">
        <ele>407.0</ele>
      </trkpt>
      <trkpt lat="40.77467" lon="17.07336">
        <ele>407.3</ele>
      </trkpt>
      <trkpt lat="40.77503" lon="17.07295">
        <ele>407.2</ele>
      </trkpt>
      <trkpt lat="40.77514" lon="17.07285">
        <ele>406.6</ele>
      </trkpt>
      <trkpt lat="40.77518" lon="17.07283">
        <ele>406.3</ele>
      </trkpt>
      <trkpt lat="40.77519" lon="17.07283">
        <ele>406.2</ele>
      </trkpt>
      <trkpt lat="40.77522" lon="17.07281">
        <ele>406.0</ele>
      </trkpt>
      <trkpt lat="40.77525" lon="17.0728">
        <ele>405.8</ele>
      </trkpt>
      <trkpt lat="40.77528" lon="17.0728">
        <ele>405.6</ele>
      </trkpt>
      <trkpt lat="40.77531" lon="17.07281">
        <ele>405.4</ele>
      </trkpt>
      <trkpt lat="40.775329" lon="17.07281">
        <ele>405.3</ele>
      </trkpt>
      <trkpt lat="40.77536" lon="17.07283">
        <ele>405.0</ele>
      </trkpt>
      <trkpt lat="40.7754" lon="17.07286">
        <ele>404.7</ele>
      </trkpt>
      <trkpt lat="40.77547" lon="17.07294">
        <ele>404.1</ele>
      </trkpt>
      <trkpt lat="40.7755" lon="17.07299">
        <ele>403.8</ele>
      </trkpt>
      <trkpt lat="40.77555" lon="17.07306">
        <ele>403.4</ele>
      </trkpt>
      <trkpt lat="40.77555" lon="17.07306">
        <ele>403.4</ele>
      </trkpt>
      <trkpt lat="40.77556" lon="17.0732">
        <ele>403.1</ele>
      </trkpt>
      <trkpt lat="40.77557" lon="17.07329">
        <ele>402.9</ele>
      </trkpt>
      <trkpt lat="40.77557" lon="17.07335">
        <ele>402.9</ele>
      </trkpt>
      <trkpt lat="40.77559" lon="17.07351">
        <ele>402.5</ele>
      </trkpt>
      <trkpt lat="40.77559" lon="17.07353">
        <ele>402.5</ele>
      </trkpt>
      <trkpt lat="40.77562" lon="17.07363">
        <ele>402.2</ele>
      </trkpt>
      <trkpt lat="40.77567" lon="17.07396">
        <ele>401.6</ele>
      </trkpt>
      <trkpt lat="40.77568" lon="17.07404">
        <ele>401.5</ele>
      </trkpt>
      <trkpt lat="40.775799" lon="17.07466">
        <ele>399.9</ele>
      </trkpt>
      <trkpt lat="40.77594" lon="17.07539">
        <ele>397.8</ele>
      </trkpt>
      <trkpt lat="40.77594" lon="17.07539">
        <ele>397.8</ele>
      </trkpt>
      <trkpt lat="40.77597" lon="17.07557">
        <ele>397.3</ele>
      </trkpt>
      <trkpt lat="40.77602" lon="17.07582">
        <ele>396.6</ele>
      </trkpt>
      <trkpt lat="40.77606" lon="17.07604">
        <ele>395.6</ele>
      </trkpt>
      <trkpt lat="40.77607" lon="17.07611">
        <ele>395.3</ele>
      </trkpt>
      <trkpt lat="40.77616" lon="17.07641">
        <ele>393.9</ele>
      </trkpt>
      <trkpt lat="40.77622" lon="17.076709">
        <ele>392.5</ele>
      </trkpt>
      <trkpt lat="40.77623" lon="17.07674">
        <ele>392.3</ele>
      </trkpt>
      <trkpt lat="40.77629" lon="17.07693">
        <ele>391.6</ele>
      </trkpt>
      <trkpt lat="40.77629" lon="17.07694">
        <ele>391.6</ele>
      </trkpt>
      <trkpt lat="40.776359" lon="17.07715">
        <ele>390.9</ele>
      </trkpt>
      <trkpt lat="40.776449" lon="17.07736">
        <ele>390.3</ele>
      </trkpt>
      <trkpt lat="40.7765" lon="17.07747">
        <ele>390.1</ele>
      </trkpt>
      <trkpt lat="40.77655" lon="17.07755">
        <ele>390.2</ele>
      </trkpt>
      <trkpt lat="40.776649" lon="17.07776">
        <ele>390.9</ele>
      </trkpt>
      <trkpt lat="40.776739" lon="17.07792">
        <ele>391.1</ele>
      </trkpt>
      <trkpt lat="40.77675" lon="17.07795">
        <ele>391.2</ele>
      </trkpt>
      <trkpt lat="40.77685" lon="17.07815">
        <ele>391.0</ele>
      </trkpt>
      <trkpt lat="40.77694" lon="17.07835">
        <ele>390.7</ele>
      </trkpt>
      <trkpt lat="40.77722" lon="17.07895">
        <ele>388.4</ele>
      </trkpt>
      <trkpt lat="40.77726" lon="17.079059">
        <ele>387.9</ele>
      </trkpt>
      <trkpt lat="40.777299" lon="17.079149">
        <ele>387.4</ele>
      </trkpt>
      <trkpt lat="40.77735" lon="17.0793">
        <ele>387.0</ele>
      </trkpt>
      <trkpt lat="40.7774" lon="17.0795">
        <ele>386.6</ele>
      </trkpt>
      <trkpt lat="40.77748" lon="17.07985">
        <ele>386.1</ele>
      </trkpt>
      <trkpt lat="40.77749" lon="17.07989">
        <ele>386.0</ele>
      </trkpt>
      <trkpt lat="40.77755" lon="17.08022">
        <ele>384.9</ele>
      </trkpt>
      <trkpt lat="40.7776" lon="17.08052">
        <ele>383.7</ele>
      </trkpt>
      <trkpt lat="40.777679" lon="17.08093">
        <ele>382.0</ele>
      </trkpt>
      <trkpt lat="40.77771" lon="17.08104">
        <ele>381.4</ele>
      </trkpt>
      <trkpt lat="40.77776" lon="17.08126">
        <ele>380.4</ele>
      </trkpt>
      <trkpt lat="40.77787" lon="17.081689">
        <ele>378.8</ele>
      </trkpt>
      <trkpt lat="40.778" lon="17.082159">
        <ele>378.0</ele>
      </trkpt>
      <trkpt lat="40.77812" lon="17.08255">
        <ele>377.3</ele>
      </trkpt>
      <trkpt lat="40.7783" lon="17.08326">
        <ele>376.2</ele>
      </trkpt>
      <trkpt lat="40.7783" lon="17.083279">
        <ele>376.2</ele>
      </trkpt>
      <trkpt lat="40.778329" lon="17.083379">
        <ele>376.1</ele>
      </trkpt>
      <trkpt lat="40.77837" lon="17.08359">
        <ele>376.2</ele>
      </trkpt>
      <trkpt lat="40.77848" lon="17.08424">
        <ele>376.5</ele>
      </trkpt>
      <trkpt lat="40.77857" lon="17.08479">
        <ele>374.9</ele>
      </trkpt>
      <trkpt lat="40.7786" lon="17.08494">
        <ele>374.5</ele>
      </trkpt>
      <trkpt lat="40.778709" lon="17.08564">
        <ele>373.4</ele>
      </trkpt>
      <trkpt lat="40.77872" lon="17.08569">
        <ele>373.3</ele>
      </trkpt>
      <trkpt lat="40.77875" lon="17.08587">
        <ele>372.9</ele>
      </trkpt>
      <trkpt lat="40.77876" lon="17.08606">
        <ele>372.4</ele>
      </trkpt>
      <trkpt lat="40.77876" lon="17.086099">
        <ele>372.3</ele>
      </trkpt>
      <trkpt lat="40.77876" lon="17.0862">
        <ele>372.1</ele>
      </trkpt>
      <trkpt lat="40.77875" lon="17.08633">
        <ele>371.8</ele>
      </trkpt>
      <trkpt lat="40.77875" lon="17.0866">
        <ele>371.2</ele>
      </trkpt>
      <trkpt lat="40.77875" lon="17.08682">
        <ele>370.4</ele>
      </trkpt>
      <trkpt lat="40.77875" lon="17.08683">
        <ele>370.4</ele>
      </trkpt>
      <trkpt lat="40.77878" lon="17.08705">
        <ele>369.6</ele>
      </trkpt>
      <trkpt lat="40.778799" lon="17.08723">
        <ele>369.0</ele>
      </trkpt>
      <trkpt lat="40.77883" lon="17.08745">
        <ele>368.2</ele>
      </trkpt>
      <trkpt lat="40.778889" lon="17.08765">
        <ele>367.8</ele>
      </trkpt>
      <trkpt lat="40.77891" lon="17.08774">
        <ele>367.7</ele>
      </trkpt>
      <trkpt lat="40.77895" lon="17.08792">
        <ele>367.5</ele>
      </trkpt>
      <trkpt lat="40.77897" lon="17.08796">
        <ele>367.4</ele>
      </trkpt>
      <trkpt lat="40.77914" lon="17.08864">
        <ele>366.3</ele>
      </trkpt>
      <trkpt lat="40.77919" lon="17.08887">
        <ele>365.8</ele>
      </trkpt>
      <trkpt lat="40.779269" lon="17.08931">
        <ele>365.4</ele>
      </trkpt>
      <trkpt lat="40.77937" lon="17.08992">
        <ele>365.7</ele>
      </trkpt>
      <trkpt lat="40.77943" lon="17.09022">
        <ele>365.3</ele>
      </trkpt>
      <trkpt lat="40.77948" lon="17.0904">
        <ele>364.7</ele>
      </trkpt>
      <trkpt lat="40.77952" lon="17.09053">
        <ele>364.2</ele>
      </trkpt>
      <trkpt lat="40.77957" lon="17.09068">
        <ele>363.5</ele>
      </trkpt>
      <trkpt lat="40.77962" lon="17.090789">
        <ele>362.9</ele>
      </trkpt>
      <trkpt lat="40.77971" lon="17.09099">
        <ele>361.6</ele>
      </trkpt>
      <trkpt lat="40.77977" lon="17.09111">
        <ele>360.9</ele>
      </trkpt>
      <trkpt lat="40.77982" lon="17.09121">
        <ele>360.3</ele>
      </trkpt>
      <trkpt lat="40.77984" lon="17.09125">
        <ele>360.1</ele>
      </trkpt>
      <trkpt lat="40.77991" lon="17.09139">
        <ele>359.2</ele>
      </trkpt>
      <trkpt lat="40.77997" lon="17.091539">
        <ele>358.5</ele>
      </trkpt>
      <trkpt lat="40.780029" lon="17.09174">
        <ele>357.9</ele>
      </trkpt>
      <trkpt lat="40.78008" lon="17.09191">
        <ele>357.6</ele>
      </trkpt>
      <trkpt lat="40.78013" lon="17.09217">
        <ele>357.1</ele>
      </trkpt>
      <trkpt lat="40.78014" lon="17.092199">
        <ele>357.1</ele>
      </trkpt>
      <trkpt lat="40.78017" lon="17.09244">
        <ele>356.7</ele>
      </trkpt>
      <trkpt lat="40.78018" lon="17.09245">
        <ele>356.6</ele>
      </trkpt>
      <trkpt lat="40.780209" lon="17.09272">
        <ele>355.8</ele>
      </trkpt>
      <trkpt lat="40.78027" lon="17.09312">
        <ele>354.4</ele>
      </trkpt>
      <trkpt lat="40.78027" lon="17.093139">
        <ele>354.3</ele>
      </trkpt>
      <trkpt lat="40.780299" lon="17.09337">
        <ele>353.7</ele>
      </trkpt>
      <trkpt lat="40.78032" lon="17.09344">
        <ele>353.7</ele>
      </trkpt>
      <trkpt lat="40.78034" lon="17.09355">
        <ele>353.7</ele>
      </trkpt>
      <trkpt lat="40.78041" lon="17.09383">
        <ele>353.8</ele>
      </trkpt>
      <trkpt lat="40.78049" lon="17.09407">
        <ele>353.8</ele>
      </trkpt>
      <trkpt lat="40.78049" lon="17.09408">
        <ele>353.8</ele>
      </trkpt>
      <trkpt lat="40.78057" lon="17.09434">
        <ele>353.9</ele>
      </trkpt>
      <trkpt lat="40.78063" lon="17.09456">
        <ele>354.2</ele>
      </trkpt>
      <trkpt lat="40.780679" lon="17.094729">
        <ele>354.5</ele>
      </trkpt>
      <trkpt lat="40.78071" lon="17.09481">
        <ele>354.6</ele>
      </trkpt>
      <trkpt lat="40.78075" lon="17.09495">
        <ele>354.9</ele>
      </trkpt>
      <trkpt lat="40.78081" lon="17.09512">
        <ele>355.0</ele>
      </trkpt>
      <trkpt lat="40.78082" lon="17.09517">
        <ele>355.0</ele>
      </trkpt>
      <trkpt lat="40.78092" lon="17.09551">
        <ele>354.7</ele>
      </trkpt>
      <trkpt lat="40.78101" lon="17.0958">
        <ele>354.4</ele>
      </trkpt>
      <trkpt lat="40.78107" lon="17.096">
        <ele>354.1</ele>
      </trkpt>
      <trkpt lat="40.78109" lon="17.09605">
        <ele>354.0</ele>
      </trkpt>
      <trkpt lat="40.78121" lon="17.0963">
        <ele>353.6</ele>
      </trkpt>
      <trkpt lat="40.78126" lon="17.09643">
        <ele>353.5</ele>
      </trkpt>
      <trkpt lat="40.78152" lon="17.096889">
        <ele>353.3</ele>
      </trkpt>
      <trkpt lat="40.78165" lon="17.09713">
        <ele>353.5</ele>
      </trkpt>
      <trkpt lat="40.78172" lon="17.09726">
        <ele>353.7</ele>
      </trkpt>
      <trkpt lat="40.78173" lon="17.09727">
        <ele>353.7</ele>
      </trkpt>
      <trkpt lat="40.78178" lon="17.09738">
        <ele>353.8</ele>
      </trkpt>
      <trkpt lat="40.78184" lon="17.0975">
        <ele>353.8</ele>
      </trkpt>
      <trkpt lat="40.78192" lon="17.0977">
        <ele>353.5</ele>
      </trkpt>
      <trkpt lat="40.78198" lon="17.09787">
        <ele>353.3</ele>
      </trkpt>
      <trkpt lat="40.781999" lon="17.09801">
        <ele>353.2</ele>
      </trkpt>
      <trkpt lat="40.78205" lon="17.09819">
        <ele>353.1</ele>
      </trkpt>
      <trkpt lat="40.78208" lon="17.09835">
        <ele>353.0</ele>
      </trkpt>
      <trkpt lat="40.78211" lon="17.0985">
        <ele>353.3</ele>
      </trkpt>
      <trkpt lat="40.78216" lon="17.09882">
        <ele>354.0</ele>
      </trkpt>
      <trkpt lat="40.78216" lon="17.09884">
        <ele>354.1</ele>
      </trkpt>
      <trkpt lat="40.78222" lon="17.09916">
        <ele>355.0</ele>
      </trkpt>
      <trkpt lat="40.78232" lon="17.09976">
        <ele>354.9</ele>
      </trkpt>
      <trkpt lat="40.78239" lon="17.10023">
        <ele>354.7</ele>
      </trkpt>
      <trkpt lat="40.78239" lon="17.100269">
        <ele>354.6</ele>
      </trkpt>
      <trkpt lat="40.78242" lon="17.10105">
        <ele>353.8</ele>
      </trkpt>
      <trkpt lat="40.78243" lon="17.10139">
        <ele>353.4</ele>
      </trkpt>
      <trkpt lat="40.78245" lon="17.101579">
        <ele>353.2</ele>
      </trkpt>
      <trkpt lat="40.78246" lon="17.10169">
        <ele>353.1</ele>
      </trkpt>
      <trkpt lat="40.78246" lon="17.1017">
        <ele>353.1</ele>
      </trkpt>
      <trkpt lat="40.78248" lon="17.10178">
        <ele>353.2</ele>
      </trkpt>
      <trkpt lat="40.7825" lon="17.101859">
        <ele>353.2</ele>
      </trkpt>
      <trkpt lat="40.78261" lon="17.10215">
        <ele>353.5</ele>
      </trkpt>
      <trkpt lat="40.78263" lon="17.10218">
        <ele>353.5</ele>
      </trkpt>
      <trkpt lat="40.78273" lon="17.10238">
        <ele>353.6</ele>
      </trkpt>
      <trkpt lat="40.78285" lon="17.10255">
        <ele>353.7</ele>
      </trkpt>
      <trkpt lat="40.78296" lon="17.10268">
        <ele>353.8</ele>
      </trkpt>
      <trkpt lat="40.78318" lon="17.10287">
        <ele>353.7</ele>
      </trkpt>
      <trkpt lat="40.78343" lon="17.10303">
        <ele>353.8</ele>
      </trkpt>
      <trkpt lat="40.78381" lon="17.10333">
        <ele>354.6</ele>
      </trkpt>
      <trkpt lat="40.78423" lon="17.10363">
        <ele>355.4</ele>
      </trkpt>
      <trkpt lat="40.78438" lon="17.10384">
        <ele>355.6</ele>
      </trkpt>
      <trkpt lat="40.7844" lon="17.10388">
        <ele>355.7</ele>
      </trkpt>
      <trkpt lat="40.78443" lon="17.10392">
        <ele>355.7</ele>
      </trkpt>
      <trkpt lat="40.78446" lon="17.104">
        <ele>355.8</ele>
      </trkpt>
      <trkpt lat="40.78466" lon="17.1045">
        <ele>356.0</ele>
      </trkpt>
      <trkpt lat="40.78475" lon="17.10473">
        <ele>356.0</ele>
      </trkpt>
      <trkpt lat="40.7848" lon="17.104869">
        <ele>356.0</ele>
      </trkpt>
      <trkpt lat="40.78489" lon="17.10505">
        <ele>356.0</ele>
      </trkpt>
      <trkpt lat="40.78511" lon="17.10547">
        <ele>355.9</ele>
      </trkpt>
      <trkpt lat="40.78511" lon="17.10547">
        <ele>355.9</ele>
      </trkpt>
      <trkpt lat="40.78528" lon="17.10579">
        <ele>355.7</ele>
      </trkpt>
      <trkpt lat="40.78566" lon="17.10641">
        <ele>356.3</ele>
      </trkpt>
      <trkpt lat="40.786029" lon="17.10703">
        <ele>357.2</ele>
      </trkpt>
      <trkpt lat="40.786409" lon="17.10765">
        <ele>358.1</ele>
      </trkpt>
      <trkpt lat="40.78656" lon="17.10793">
        <ele>358.9</ele>
      </trkpt>
      <trkpt lat="40.78705" lon="17.10892">
        <ele>361.1</ele>
      </trkpt>
      <trkpt lat="40.7873" lon="17.10931">
        <ele>362.0</ele>
      </trkpt>
      <trkpt lat="40.78752" lon="17.10958">
        <ele>362.8</ele>
      </trkpt>
      <trkpt lat="40.78801" lon="17.1102">
        <ele>364.6</ele>
      </trkpt>
      <trkpt lat="40.7881" lon="17.11036">
        <ele>364.7</ele>
      </trkpt>
      <trkpt lat="40.78819" lon="17.11061">
        <ele>364.9</ele>
      </trkpt>
      <trkpt lat="40.78824" lon="17.11103">
        <ele>365.5</ele>
      </trkpt>
      <trkpt lat="40.78833" lon="17.111529">
        <ele>366.7</ele>
      </trkpt>
      <trkpt lat="40.78843" lon="17.11192">
        <ele>367.6</ele>
      </trkpt>
      <trkpt lat="40.78843" lon="17.11192">
        <ele>367.6</ele>
      </trkpt>
      <trkpt lat="40.78844" lon="17.11192">
        <ele>367.5</ele>
      </trkpt>
      <trkpt lat="40.78853" lon="17.1122">
        <ele>368.2</ele>
      </trkpt>
      <trkpt lat="40.788649" lon="17.112469">
        <ele>368.8</ele>
      </trkpt>
      <trkpt lat="40.78866" lon="17.1125">
        <ele>368.8</ele>
      </trkpt>
      <trkpt lat="40.78876" lon="17.112749">
        <ele>368.9</ele>
      </trkpt>
      <trkpt lat="40.78878" lon="17.11279">
        <ele>368.9</ele>
      </trkpt>
      <trkpt lat="40.7888" lon="17.11283">
        <ele>368.9</ele>
      </trkpt>
      <trkpt lat="40.78893" lon="17.113">
        <ele>368.9</ele>
      </trkpt>
      <trkpt lat="40.78899" lon="17.11306">
        <ele>368.8</ele>
      </trkpt>
      <trkpt lat="40.78909" lon="17.11315">
        <ele>368.8</ele>
      </trkpt>
      <trkpt lat="40.78925" lon="17.11328">
        <ele>368.8</ele>
      </trkpt>
      <trkpt lat="40.78957" lon="17.1136">
        <ele>369.3</ele>
      </trkpt>
      <trkpt lat="40.7896" lon="17.11363">
        <ele>369.4</ele>
      </trkpt>
      <trkpt lat="40.78965" lon="17.11368">
        <ele>369.5</ele>
      </trkpt>
      <trkpt lat="40.7898" lon="17.11382">
        <ele>369.9</ele>
      </trkpt>
      <trkpt lat="40.79018" lon="17.1142">
        <ele>370.8</ele>
      </trkpt>
      <trkpt lat="40.79041" lon="17.11442">
        <ele>370.5</ele>
      </trkpt>
      <trkpt lat="40.7908" lon="17.11475">
        <ele>370.7</ele>
      </trkpt>
      <trkpt lat="40.79125" lon="17.11509">
        <ele>371.1</ele>
      </trkpt>
      <trkpt lat="40.79133" lon="17.11517">
        <ele>371.2</ele>
      </trkpt>
      <trkpt lat="40.79145" lon="17.11529">
        <ele>371.4</ele>
      </trkpt>
      <trkpt lat="40.79162" lon="17.115469">
        <ele>372.0</ele>
      </trkpt>
      <trkpt lat="40.79167" lon="17.11554">
        <ele>372.3</ele>
      </trkpt>
      <trkpt lat="40.79177" lon="17.11568">
        <ele>372.7</ele>
      </trkpt>
      <trkpt lat="40.79179" lon="17.11571">
        <ele>372.7</ele>
      </trkpt>
      <trkpt lat="40.79183" lon="17.11582">
        <ele>373.0</ele>
      </trkpt>
      <trkpt lat="40.79189" lon="17.1159">
        <ele>372.9</ele>
      </trkpt>
      <trkpt lat="40.7919" lon="17.11592">
        <ele>372.9</ele>
      </trkpt>
      <trkpt lat="40.7919" lon="17.11593">
        <ele>372.9</ele>
      </trkpt>
      <trkpt lat="40.7919" lon="17.115939">
        <ele>372.9</ele>
      </trkpt>
      <trkpt lat="40.7919" lon="17.11595">
        <ele>372.8</ele>
      </trkpt>
      <trkpt lat="40.79189" lon="17.11596">
        <ele>372.8</ele>
      </trkpt>
      <trkpt lat="40.79189" lon="17.11597">
        <ele>372.8</ele>
      </trkpt>
      <trkpt lat="40.79189" lon="17.11598">
        <ele>372.8</ele>
      </trkpt>
      <trkpt lat="40.79189" lon="17.11599">
        <ele>372.8</ele>
      </trkpt>
      <trkpt lat="40.79189" lon="17.116">
        <ele>372.8</ele>
      </trkpt>
      <trkpt lat="40.79189" lon="17.11601">
        <ele>372.7</ele>
      </trkpt>
      <trkpt lat="40.7919" lon="17.11602">
        <ele>372.7</ele>
      </trkpt>
      <trkpt lat="40.7919" lon="17.11603">
        <ele>372.7</ele>
      </trkpt>
      <trkpt lat="40.7919" lon="17.11604">
        <ele>372.7</ele>
      </trkpt>
      <trkpt lat="40.7919" lon="17.11605">
        <ele>372.7</ele>
      </trkpt>
      <trkpt lat="40.79191" lon="17.11606">
        <ele>372.7</ele>
      </trkpt>
      <trkpt lat="40.79191" lon="17.11607">
        <ele>372.7</ele>
      </trkpt>
      <trkpt lat="40.79192" lon="17.11608">
        <ele>372.7</ele>
      </trkpt>
      <trkpt lat="40.79192" lon="17.11609">
        <ele>372.7</ele>
      </trkpt>
      <trkpt lat="40.79193" lon="17.1161">
        <ele>372.7</ele>
      </trkpt>
      <trkpt lat="40.79193" lon="17.11611">
        <ele>372.7</ele>
      </trkpt>
      <trkpt lat="40.791939" lon="17.11611">
        <ele>372.7</ele>
      </trkpt>
      <trkpt lat="40.79195" lon="17.11612">
        <ele>372.7</ele>
      </trkpt>
      <trkpt lat="40.79195" lon="17.116129">
        <ele>372.7</ele>
      </trkpt>
      <trkpt lat="40.79196" lon="17.116129">
        <ele>372.7</ele>
      </trkpt>
      <trkpt lat="40.79197" lon="17.11614">
        <ele>372.7</ele>
      </trkpt>
      <trkpt lat="40.79198" lon="17.11614">
        <ele>372.7</ele>
      </trkpt>
      <trkpt lat="40.79199" lon="17.11615">
        <ele>372.7</ele>
      </trkpt>
      <trkpt lat="40.792" lon="17.11615">
        <ele>372.7</ele>
      </trkpt>
      <trkpt lat="40.79211" lon="17.11635">
        <ele>372.7</ele>
      </trkpt>
      <trkpt lat="40.79213" lon="17.11649">
        <ele>372.7</ele>
      </trkpt>
      <trkpt lat="40.79224" lon="17.11704">
        <ele>373.4</ele>
      </trkpt>
      <trkpt lat="40.79228" lon="17.11723">
        <ele>373.7</ele>
      </trkpt>
      <trkpt lat="40.79231" lon="17.1174">
        <ele>374.0</ele>
      </trkpt>
      <trkpt lat="40.792319" lon="17.11746">
        <ele>374.1</ele>
      </trkpt>
      <trkpt lat="40.79235" lon="17.11755">
        <ele>374.3</ele>
      </trkpt>
      <trkpt lat="40.79248" lon="17.11793">
        <ele>375.4</ele>
      </trkpt>
      <trkpt lat="40.79249" lon="17.11796">
        <ele>375.5</ele>
      </trkpt>
      <trkpt lat="40.79251" lon="17.11802">
        <ele>375.7</ele>
      </trkpt>
      <trkpt lat="40.79251" lon="17.11803">
        <ele>375.7</ele>
      </trkpt>
      <trkpt lat="40.79252" lon="17.11805">
        <ele>375.7</ele>
      </trkpt>
      <trkpt lat="40.792789" lon="17.11875">
        <ele>378.6</ele>
      </trkpt>
      <trkpt lat="40.79285" lon="17.1189">
        <ele>379.5</ele>
      </trkpt>
      <trkpt lat="40.79285" lon="17.118939">
        <ele>379.6</ele>
      </trkpt>
      <trkpt lat="40.79285" lon="17.11902">
        <ele>379.9</ele>
      </trkpt>
      <trkpt lat="40.79285" lon="17.11914">
        <ele>380.4</ele>
      </trkpt>
      <trkpt lat="40.79286" lon="17.11923">
        <ele>381.1</ele>
      </trkpt>
      <trkpt lat="40.79286" lon="17.11923">
        <ele>381.1</ele>
      </trkpt>
      <trkpt lat="40.79286" lon="17.11924">
        <ele>381.1</ele>
      </trkpt>
      <trkpt lat="40.79285" lon="17.11924">
        <ele>381.1</ele>
      </trkpt>
      <trkpt lat="40.79285" lon="17.11925">
        <ele>381.1</ele>
      </trkpt>
      <trkpt lat="40.79284" lon="17.11925">
        <ele>381.1</ele>
      </trkpt>
      <trkpt lat="40.79284" lon="17.11926">
        <ele>381.1</ele>
      </trkpt>
      <trkpt lat="40.79283" lon="17.11926">
        <ele>381.1</ele>
      </trkpt>
      <trkpt lat="40.79283" lon="17.11927">
        <ele>381.1</ele>
      </trkpt>
      <trkpt lat="40.79283" lon="17.11928">
        <ele>381.2</ele>
      </trkpt>
      <trkpt lat="40.79283" lon="17.11929">
        <ele>381.3</ele>
      </trkpt>
      <trkpt lat="40.79283" lon="17.1193">
        <ele>381.4</ele>
      </trkpt>
      <trkpt lat="40.79283" lon="17.11931">
        <ele>381.4</ele>
      </trkpt>
      <trkpt lat="40.79283" lon="17.119319">
        <ele>381.5</ele>
      </trkpt>
      <trkpt lat="40.79283" lon="17.11933">
        <ele>381.6</ele>
      </trkpt>
      <trkpt lat="40.79283" lon="17.11934">
        <ele>381.7</ele>
      </trkpt>
      <trkpt lat="40.79283" lon="17.11935">
        <ele>381.7</ele>
      </trkpt>
      <trkpt lat="40.79284" lon="17.11935">
        <ele>381.8</ele>
      </trkpt>
      <trkpt lat="40.79284" lon="17.11936">
        <ele>381.9</ele>
      </trkpt>
      <trkpt lat="40.79284" lon="17.11937">
        <ele>382.0</ele>
      </trkpt>
      <trkpt lat="40.79285" lon="17.11937">
        <ele>382.0</ele>
      </trkpt>
      <trkpt lat="40.79285" lon="17.11938">
        <ele>382.1</ele>
      </trkpt>
      <trkpt lat="40.79286" lon="17.11938">
        <ele>382.2</ele>
      </trkpt>
      <trkpt lat="40.79286" lon="17.11939">
        <ele>382.3</ele>
      </trkpt>
      <trkpt lat="40.79287" lon="17.11939">
        <ele>382.4</ele>
      </trkpt>
      <trkpt lat="40.792879" lon="17.11939">
        <ele>382.4</ele>
      </trkpt>
      <trkpt lat="40.79289" lon="17.11939">
        <ele>382.5</ele>
      </trkpt>
      <trkpt lat="40.7929" lon="17.11939">
        <ele>382.6</ele>
      </trkpt>
      <trkpt lat="40.79291" lon="17.11939">
        <ele>382.7</ele>
      </trkpt>
      <trkpt lat="40.79292" lon="17.11939">
        <ele>382.8</ele>
      </trkpt>
      <trkpt lat="40.79292" lon="17.11938">
        <ele>382.7</ele>
      </trkpt>
      <trkpt lat="40.79293" lon="17.11938">
        <ele>382.8</ele>
      </trkpt>
      <trkpt lat="40.79293" lon="17.11937">
        <ele>382.7</ele>
      </trkpt>
      <trkpt lat="40.79294" lon="17.11937">
        <ele>382.8</ele>
      </trkpt>
      <trkpt lat="40.79294" lon="17.11936">
        <ele>382.7</ele>
      </trkpt>
      <trkpt lat="40.79298" lon="17.11937">
        <ele>383.1</ele>
      </trkpt>
      <trkpt lat="40.79307" lon="17.11936">
        <ele>383.7</ele>
      </trkpt>
      <trkpt lat="40.79311" lon="17.11936">
        <ele>384.1</ele>
      </trkpt>
      <trkpt lat="40.79315" lon="17.11935">
        <ele>384.3</ele>
      </trkpt>
      <trkpt lat="40.7932" lon="17.11933">
        <ele>384.5</ele>
      </trkpt>
      <trkpt lat="40.79325" lon="17.1193">
        <ele>384.6</ele>
      </trkpt>
      <trkpt lat="40.79333" lon="17.11925">
        <ele>384.8</ele>
      </trkpt>
      <trkpt lat="40.79348" lon="17.11915">
        <ele>385.5</ele>
      </trkpt>
      <trkpt lat="40.79363" lon="17.119039">
        <ele>386.2</ele>
      </trkpt>
      <trkpt lat="40.79366" lon="17.11902">
        <ele>386.4</ele>
      </trkpt>
      <trkpt lat="40.79369" lon="17.119">
        <ele>386.5</ele>
      </trkpt>
      <trkpt lat="40.79399" lon="17.11868">
        <ele>386.3</ele>
      </trkpt>
      <trkpt lat="40.79405" lon="17.11862">
        <ele>386.2</ele>
      </trkpt>
      <trkpt lat="40.79411" lon="17.118569">
        <ele>386.1</ele>
      </trkpt>
      <trkpt lat="40.79416" lon="17.11853">
        <ele>386.1</ele>
      </trkpt>
      <trkpt lat="40.79421" lon="17.11851">
        <ele>386.3</ele>
      </trkpt>
      <trkpt lat="40.79424" lon="17.11848">
        <ele>386.3</ele>
      </trkpt>
      <trkpt lat="40.79428" lon="17.11848">
        <ele>386.6</ele>
      </trkpt>
      <trkpt lat="40.79433" lon="17.11848">
        <ele>387.1</ele>
      </trkpt>
      <trkpt lat="40.794379" lon="17.1185">
        <ele>387.7</ele>
      </trkpt>
      <trkpt lat="40.79458" lon="17.11859">
        <ele>390.4</ele>
      </trkpt>
      <trkpt lat="40.79471" lon="17.11865">
        <ele>392.1</ele>
      </trkpt>
      <trkpt lat="40.79483" lon="17.11871">
        <ele>393.7</ele>
      </trkpt>
      <trkpt lat="40.79495" lon="17.11876">
        <ele>395.2</ele>
      </trkpt>
      <trkpt lat="40.795029" lon="17.11879">
        <ele>396.1</ele>
      </trkpt>
      <trkpt lat="40.7951" lon="17.11881">
        <ele>396.8</ele>
      </trkpt>
      <trkpt lat="40.79516" lon="17.11883">
        <ele>397.4</ele>
      </trkpt>
      <trkpt lat="40.7952" lon="17.11884">
        <ele>397.7</ele>
      </trkpt>
      <trkpt lat="40.79524" lon="17.11884">
        <ele>398.0</ele>
      </trkpt>
      <trkpt lat="40.7953" lon="17.11882">
        <ele>398.3</ele>
      </trkpt>
      <trkpt lat="40.79536" lon="17.1188">
        <ele>398.7</ele>
      </trkpt>
      <trkpt lat="40.79545" lon="17.11877">
        <ele>399.1</ele>
      </trkpt>
      <trkpt lat="40.79559" lon="17.11871">
        <ele>399.9</ele>
      </trkpt>
      <trkpt lat="40.79569" lon="17.118659">
        <ele>400.4</ele>
      </trkpt>
      <trkpt lat="40.79576" lon="17.11865">
        <ele>400.9</ele>
      </trkpt>
      <trkpt lat="40.79582" lon="17.11864">
        <ele>401.4</ele>
      </trkpt>
      <trkpt lat="40.79589" lon="17.11864">
        <ele>402.0</ele>
      </trkpt>
      <trkpt lat="40.79591" lon="17.11864">
        <ele>402.2</ele>
      </trkpt>
      <trkpt lat="40.79596" lon="17.11863">
        <ele>402.7</ele>
      </trkpt>
      <trkpt lat="40.79596" lon="17.11863">
        <ele>402.7</ele>
      </trkpt>
      <trkpt lat="40.79596" lon="17.11864">
        <ele>402.7</ele>
      </trkpt>
      <trkpt lat="40.795969" lon="17.11864">
        <ele>402.8</ele>
      </trkpt>
      <trkpt lat="40.795969" lon="17.11865">
        <ele>402.9</ele>
      </trkpt>
      <trkpt lat="40.79598" lon="17.11865">
        <ele>403.0</ele>
      </trkpt>
      <trkpt lat="40.79598" lon="17.118659">
        <ele>403.0</ele>
      </trkpt>
      <trkpt lat="40.79599" lon="17.118659">
        <ele>403.1</ele>
      </trkpt>
      <trkpt lat="40.796" lon="17.118659">
        <ele>403.2</ele>
      </trkpt>
      <trkpt lat="40.796" lon="17.11867">
        <ele>403.3</ele>
      </trkpt>
      <trkpt lat="40.79601" lon="17.11867">
        <ele>403.4</ele>
      </trkpt>
      <trkpt lat="40.79602" lon="17.11867">
        <ele>403.5</ele>
      </trkpt>
      <trkpt lat="40.79603" lon="17.11867">
        <ele>403.6</ele>
      </trkpt>
      <trkpt lat="40.79604" lon="17.11867">
        <ele>403.7</ele>
      </trkpt>
      <trkpt lat="40.79605" lon="17.11867">
        <ele>403.8</ele>
      </trkpt>
      <trkpt lat="40.79605" lon="17.118659">
        <ele>403.8</ele>
      </trkpt>
      <trkpt lat="40.79606" lon="17.118659">
        <ele>403.9</ele>
      </trkpt>
      <trkpt lat="40.79607" lon="17.118659">
        <ele>404.0</ele>
      </trkpt>
      <trkpt lat="40.79608" lon="17.11878">
        <ele>404.7</ele>
      </trkpt>
      <trkpt lat="40.7961" lon="17.11907">
        <ele>406.4</ele>
      </trkpt>
      <trkpt lat="40.7961" lon="17.119129">
        <ele>406.7</ele>
      </trkpt>
      <trkpt lat="40.79611" lon="17.11919">
        <ele>407.1</ele>
      </trkpt>
      <trkpt lat="40.79612" lon="17.11927">
        <ele>407.8</ele>
      </trkpt>
      <trkpt lat="40.79613" lon="17.11931">
        <ele>408.1</ele>
      </trkpt>
      <trkpt lat="40.79614" lon="17.11937">
        <ele>408.6</ele>
      </trkpt>
      <trkpt lat="40.79616" lon="17.11942">
        <ele>409.1</ele>
      </trkpt>
      <trkpt lat="40.79618" lon="17.11946">
        <ele>409.5</ele>
      </trkpt>
      <trkpt lat="40.79621" lon="17.11952">
        <ele>410.1</ele>
      </trkpt>
      <trkpt lat="40.79624" lon="17.11959">
        <ele>410.7</ele>
      </trkpt>
      <trkpt lat="40.79627" lon="17.11966">
        <ele>411.3</ele>
      </trkpt>
      <trkpt lat="40.796349" lon="17.11982">
        <ele>412.6</ele>
      </trkpt>
      <trkpt lat="40.79643" lon="17.1201">
        <ele>414.1</ele>
      </trkpt>
      <trkpt lat="40.79642" lon="17.12025">
        <ele>414.5</ele>
      </trkpt>
      <trkpt lat="40.79641" lon="17.12029">
        <ele>414.5</ele>
      </trkpt>
      <trkpt lat="40.79639" lon="17.12033">
        <ele>414.6</ele>
      </trkpt>
      <trkpt lat="40.79638" lon="17.12036">
        <ele>414.7</ele>
      </trkpt>
      <trkpt lat="40.796349" lon="17.12039">
        <ele>414.7</ele>
      </trkpt>
      <trkpt lat="40.79634" lon="17.1204">
        <ele>414.7</ele>
      </trkpt>
      <trkpt lat="40.7963" lon="17.12044">
        <ele>414.7</ele>
      </trkpt>
      <trkpt lat="40.79627" lon="17.12046">
        <ele>414.7</ele>
      </trkpt>
      <trkpt lat="40.79624" lon="17.12049">
        <ele>414.7</ele>
      </trkpt>
      <trkpt lat="40.7962" lon="17.12053">
        <ele>414.8</ele>
      </trkpt>
      <trkpt lat="40.79616" lon="17.12057">
        <ele>414.9</ele>
      </trkpt>
      <trkpt lat="40.79613" lon="17.12059">
        <ele>415.0</ele>
      </trkpt>
      <trkpt lat="40.79609" lon="17.12064">
        <ele>415.1</ele>
      </trkpt>
      <trkpt lat="40.79606" lon="17.12068">
        <ele>415.3</ele>
      </trkpt>
      <trkpt lat="40.79604" lon="17.120729">
        <ele>415.5</ele>
      </trkpt>
      <trkpt lat="40.79595" lon="17.12097">
        <ele>416.5</ele>
      </trkpt>
      <trkpt lat="40.79593" lon="17.12105">
        <ele>416.8</ele>
      </trkpt>
      <trkpt lat="40.79592" lon="17.12109">
        <ele>416.9</ele>
      </trkpt>
      <trkpt lat="40.7959" lon="17.12112">
        <ele>417.0</ele>
      </trkpt>
      <trkpt lat="40.7959" lon="17.12112">
        <ele>417.0</ele>
      </trkpt>
      <trkpt lat="40.79592" lon="17.12115">
        <ele>417.1</ele>
      </trkpt>
      <trkpt lat="40.79594" lon="17.1212">
        <ele>417.3</ele>
      </trkpt>
      <trkpt lat="40.795969" lon="17.12125">
        <ele>417.4</ele>
      </trkpt>
      <trkpt lat="40.796" lon="17.12133">
        <ele>417.7</ele>
      </trkpt>
      <trkpt lat="40.79603" lon="17.1214">
        <ele>417.9</ele>
      </trkpt>
      <trkpt lat="40.79605" lon="17.12144">
        <ele>418.0</ele>
      </trkpt>
      <trkpt lat="40.79608" lon="17.121479">
        <ele>418.1</ele>
      </trkpt>
      <trkpt lat="40.79624" lon="17.12169">
        <ele>418.6</ele>
      </trkpt>
      <trkpt lat="40.79629" lon="17.12175">
        <ele>418.7</ele>
      </trkpt>
      <trkpt lat="40.79631" lon="17.121759">
        <ele>418.7</ele>
      </trkpt>
      <trkpt lat="40.79632" lon="17.12177">
        <ele>418.8</ele>
      </trkpt>
      <trkpt lat="40.79632" lon="17.12177">
        <ele>418.8</ele>
      </trkpt>
      <trkpt lat="40.79621" lon="17.12192">
        <ele>419.5</ele>
      </trkpt>
      <trkpt lat="40.79621" lon="17.12192">
        <ele>419.5</ele>
      </trkpt>
      <trkpt lat="40.7965" lon="17.1223">
        <ele>420.0</ele>
      </trkpt>
      <trkpt lat="40.7965" lon="17.1223">
        <ele>420.0</ele>
      </trkpt>
      <trkpt lat="40.79648" lon="17.12233">
        <ele>420.2</ele>
      </trkpt>
      <trkpt lat="40.796439" lon="17.1224">
        <ele>420.5</ele>
      </trkpt>
      <trkpt lat="40.79639" lon="17.12247">
        <ele>420.9</ele>
      </trkpt>
      <trkpt lat="40.79639" lon="17.12247">
        <ele>420.9</ele>
      </trkpt>
      <trkpt lat="40.796439" lon="17.122509">
        <ele>420.8</ele>
      </trkpt>
      <trkpt lat="40.79646" lon="17.12254">
        <ele>420.7</ele>
      </trkpt>
      <trkpt lat="40.79648" lon="17.12256">
        <ele>420.6</ele>
      </trkpt>
      <trkpt lat="40.79651" lon="17.12259">
        <ele>420.5</ele>
      </trkpt>
      <trkpt lat="40.79653" lon="17.12263">
        <ele>420.3</ele>
      </trkpt>
      <trkpt lat="40.79655" lon="17.12265">
        <ele>420.2</ele>
      </trkpt>
      <trkpt lat="40.79657" lon="17.12267">
        <ele>420.1</ele>
      </trkpt>
      <trkpt lat="40.79657" lon="17.12269">
        <ele>420.1</ele>
      </trkpt>
      <trkpt lat="40.79658" lon="17.12272">
        <ele>420.0</ele>
      </trkpt>
      <trkpt lat="40.79659" lon="17.12275">
        <ele>420.0</ele>
      </trkpt>
      <trkpt lat="40.79659" lon="17.122789">
        <ele>419.9</ele>
      </trkpt>
      <trkpt lat="40.79658" lon="17.12284">
        <ele>419.9</ele>
      </trkpt>
      <trkpt lat="40.79658" lon="17.1229">
        <ele>419.8</ele>
      </trkpt>
      <trkpt lat="40.79658" lon="17.1229">
        <ele>419.8</ele>
      </trkpt>
      <trkpt lat="40.79631" lon="17.12348">
        <ele>419.9</ele>
      </trkpt>
      <trkpt lat="40.7963" lon="17.12352">
        <ele>419.8</ele>
      </trkpt>
      <trkpt lat="40.79611" lon="17.12393">
        <ele>419.8</ele>
      </trkpt>
      <trkpt lat="40.79608" lon="17.124">
        <ele>419.8</ele>
      </trkpt>
      <trkpt lat="40.79604" lon="17.12407">
        <ele>419.9</ele>
      </trkpt>
      <trkpt lat="40.79601" lon="17.12415">
        <ele>420.0</ele>
      </trkpt>
      <trkpt lat="40.79582" lon="17.12449">
        <ele>418.8</ele>
      </trkpt>
      <trkpt lat="40.7958" lon="17.12451">
        <ele>418.8</ele>
      </trkpt>
      <trkpt lat="40.79568" lon="17.12472">
        <ele>418.2</ele>
      </trkpt>
      <trkpt lat="40.79561" lon="17.12482">
        <ele>418.1</ele>
      </trkpt>
      <trkpt lat="40.79556" lon="17.12488">
        <ele>418.1</ele>
      </trkpt>
      <trkpt lat="40.79554" lon="17.12491">
        <ele>418.0</ele>
      </trkpt>
      <trkpt lat="40.795499" lon="17.124949">
        <ele>418.1</ele>
      </trkpt>
      <trkpt lat="40.79545" lon="17.125">
        <ele>418.2</ele>
      </trkpt>
      <trkpt lat="40.79531" lon="17.12511">
        <ele>419.0</ele>
      </trkpt>
      <trkpt lat="40.79531" lon="17.12511">
        <ele>419.0</ele>
      </trkpt>
      <trkpt lat="40.79537" lon="17.12533">
        <ele>417.7</ele>
      </trkpt>
      <trkpt lat="40.7954" lon="17.12544">
        <ele>417.1</ele>
      </trkpt>
      <trkpt lat="40.79543" lon="17.12553">
        <ele>416.5</ele>
      </trkpt>
      <trkpt lat="40.79552" lon="17.12583">
        <ele>414.6</ele>
      </trkpt>
      <trkpt lat="40.79552" lon="17.12583">
        <ele>414.6</ele>
      </trkpt>
      <trkpt lat="40.79522" lon="17.12603">
        <ele>416.1</ele>
      </trkpt>
      <trkpt lat="40.7949" lon="17.12625">
        <ele>417.5</ele>
      </trkpt>
      <trkpt lat="40.79478" lon="17.12634">
        <ele>417.8</ele>
      </trkpt>
      <trkpt lat="40.7946" lon="17.12648">
        <ele>418.2</ele>
      </trkpt>
      <trkpt lat="40.79456" lon="17.12651">
        <ele>418.3</ele>
      </trkpt>
      <trkpt lat="40.79445" lon="17.12668">
        <ele>418.2</ele>
      </trkpt>
      <trkpt lat="40.79445" lon="17.12668">
        <ele>418.2</ele>
      </trkpt>
      <trkpt lat="40.79434" lon="17.12684">
        <ele>417.7</ele>
      </trkpt>
      <trkpt lat="40.79422" lon="17.12696">
        <ele>417.6</ele>
      </trkpt>
      <trkpt lat="40.79407" lon="17.12708">
        <ele>417.4</ele>
      </trkpt>
      <trkpt lat="40.793729" lon="17.12742">
        <ele>417.0</ele>
      </trkpt>
      <trkpt lat="40.79358" lon="17.12756">
        <ele>417.3</ele>
      </trkpt>
      <trkpt lat="40.7935" lon="17.12763">
        <ele>417.5</ele>
      </trkpt>
      <trkpt lat="40.7935" lon="17.12763">
        <ele>417.5</ele>
      </trkpt>
      <trkpt lat="40.79351" lon="17.12788">
        <ele>416.4</ele>
      </trkpt>
      <trkpt lat="40.79351" lon="17.12801">
        <ele>415.9</ele>
      </trkpt>
      <trkpt lat="40.79351" lon="17.1281">
        <ele>415.5</ele>
      </trkpt>
      <trkpt lat="40.7935" lon="17.12816">
        <ele>415.3</ele>
      </trkpt>
      <trkpt lat="40.79348" lon="17.12829">
        <ele>414.8</ele>
      </trkpt>
      <trkpt lat="40.79346" lon="17.12837">
        <ele>414.5</ele>
      </trkpt>
      <trkpt lat="40.79345" lon="17.128419">
        <ele>414.3</ele>
      </trkpt>
      <trkpt lat="40.793439" lon="17.12848">
        <ele>414.0</ele>
      </trkpt>
      <trkpt lat="40.79338" lon="17.12868">
        <ele>413.2</ele>
      </trkpt>
      <trkpt lat="40.79331" lon="17.12885">
        <ele>412.5</ele>
      </trkpt>
      <trkpt lat="40.79328" lon="17.12891">
        <ele>412.3</ele>
      </trkpt>
      <trkpt lat="40.79325" lon="17.12899">
        <ele>412.0</ele>
      </trkpt>
      <trkpt lat="40.7932" lon="17.12911">
        <ele>411.6</ele>
      </trkpt>
      <trkpt lat="40.79316" lon="17.12924">
        <ele>411.2</ele>
      </trkpt>
      <trkpt lat="40.79313" lon="17.12937">
        <ele>410.9</ele>
      </trkpt>
      <trkpt lat="40.79311" lon="17.12948">
        <ele>410.6</ele>
      </trkpt>
      <trkpt lat="40.79309" lon="17.12957">
        <ele>410.3</ele>
      </trkpt>
      <trkpt lat="40.79309" lon="17.12959">
        <ele>410.3</ele>
      </trkpt>
      <trkpt lat="40.79308" lon="17.12967">
        <ele>410.0</ele>
      </trkpt>
      <trkpt lat="40.79307" lon="17.12974">
        <ele>409.8</ele>
      </trkpt>
      <trkpt lat="40.793059" lon="17.129829">
        <ele>409.5</ele>
      </trkpt>
      <trkpt lat="40.79304" lon="17.12987">
        <ele>409.4</ele>
      </trkpt>
      <trkpt lat="40.79304" lon="17.12989">
        <ele>409.4</ele>
      </trkpt>
      <trkpt lat="40.79303" lon="17.12991">
        <ele>409.3</ele>
      </trkpt>
      <trkpt lat="40.79301" lon="17.13005">
        <ele>408.9</ele>
      </trkpt>
      <trkpt lat="40.79301" lon="17.13006">
        <ele>408.8</ele>
      </trkpt>
      <trkpt lat="40.793" lon="17.13006">
        <ele>408.8</ele>
      </trkpt>
      <trkpt lat="40.793" lon="17.13007">
        <ele>408.8</ele>
      </trkpt>
      <trkpt lat="40.79299" lon="17.13008">
        <ele>408.8</ele>
      </trkpt>
      <trkpt lat="40.79299" lon="17.13009">
        <ele>408.8</ele>
      </trkpt>
      <trkpt lat="40.79299" lon="17.1301">
        <ele>408.7</ele>
      </trkpt>
      <trkpt lat="40.79299" lon="17.130109">
        <ele>408.7</ele>
      </trkpt>
      <trkpt lat="40.79298" lon="17.13012">
        <ele>408.7</ele>
      </trkpt>
      <trkpt lat="40.79298" lon="17.13013">
        <ele>408.7</ele>
      </trkpt>
      <trkpt lat="40.79298" lon="17.13014">
        <ele>408.6</ele>
      </trkpt>
      <trkpt lat="40.79298" lon="17.13015">
        <ele>408.6</ele>
      </trkpt>
      <trkpt lat="40.79299" lon="17.13015">
        <ele>408.6</ele>
      </trkpt>
      <trkpt lat="40.79299" lon="17.13016">
        <ele>408.6</ele>
      </trkpt>
      <trkpt lat="40.79292" lon="17.13036">
        <ele>408.1</ele>
      </trkpt>
      <trkpt lat="40.79292" lon="17.13038">
        <ele>408.1</ele>
      </trkpt>
      <trkpt lat="40.79292" lon="17.13041">
        <ele>408.0</ele>
      </trkpt>
      <trkpt lat="40.79292" lon="17.13041">
        <ele>408.0</ele>
      </trkpt>
      <trkpt lat="40.7929" lon="17.13048">
        <ele>407.9</ele>
      </trkpt>
      <trkpt lat="40.792879" lon="17.13053">
        <ele>407.8</ele>
      </trkpt>
      <trkpt lat="40.79286" lon="17.13059">
        <ele>407.7</ele>
      </trkpt>
      <trkpt lat="40.79284" lon="17.13064">
        <ele>407.6</ele>
      </trkpt>
      <trkpt lat="40.792789" lon="17.13074">
        <ele>407.5</ele>
      </trkpt>
      <trkpt lat="40.79273" lon="17.13082">
        <ele>407.5</ele>
      </trkpt>
      <trkpt lat="40.79272" lon="17.13085">
        <ele>407.4</ele>
      </trkpt>
      <trkpt lat="40.79266" lon="17.13092">
        <ele>407.4</ele>
      </trkpt>
      <trkpt lat="40.7926" lon="17.13098">
        <ele>407.4</ele>
      </trkpt>
      <trkpt lat="40.7926" lon="17.13099">
        <ele>407.4</ele>
      </trkpt>
      <trkpt lat="40.79248" lon="17.1311">
        <ele>407.4</ele>
      </trkpt>
      <trkpt lat="40.79242" lon="17.13116">
        <ele>407.4</ele>
      </trkpt>
      <trkpt lat="40.79237" lon="17.1312">
        <ele>407.4</ele>
      </trkpt>
      <trkpt lat="40.79201" lon="17.13165">
        <ele>407.2</ele>
      </trkpt>
      <trkpt lat="40.7918" lon="17.13192">
        <ele>407.0</ele>
      </trkpt>
      <trkpt lat="40.79087" lon="17.133109">
        <ele>408.4</ele>
      </trkpt>
      <trkpt lat="40.79072" lon="17.13329">
        <ele>408.6</ele>
      </trkpt>
      <trkpt lat="40.79069" lon="17.13334">
        <ele>408.7</ele>
      </trkpt>
      <trkpt lat="40.79042" lon="17.13371">
        <ele>409.3</ele>
      </trkpt>
      <trkpt lat="40.79013" lon="17.1341">
        <ele>409.0</ele>
      </trkpt>
      <trkpt lat="40.79004" lon="17.13417">
        <ele>408.9</ele>
      </trkpt>
      <trkpt lat="40.789969" lon="17.13426">
        <ele>409.0</ele>
      </trkpt>
      <trkpt lat="40.78995" lon="17.13429">
        <ele>409.0</ele>
      </trkpt>
      <trkpt lat="40.78995" lon="17.13429">
        <ele>409.0</ele>
      </trkpt>
      <trkpt lat="40.78999" lon="17.13434">
        <ele>408.8</ele>
      </trkpt>
      <trkpt lat="40.79042" lon="17.1351">
        <ele>408.1</ele>
      </trkpt>
      <trkpt lat="40.79046" lon="17.135179">
        <ele>408.1</ele>
      </trkpt>
      <trkpt lat="40.79049" lon="17.13523">
        <ele>408.1</ele>
      </trkpt>
      <trkpt lat="40.79051" lon="17.13528">
        <ele>408.1</ele>
      </trkpt>
      <trkpt lat="40.79054" lon="17.13538">
        <ele>408.2</ele>
      </trkpt>
      <trkpt lat="40.79057" lon="17.13549">
        <ele>408.2</ele>
      </trkpt>
      <trkpt lat="40.79059" lon="17.13559">
        <ele>408.2</ele>
      </trkpt>
      <trkpt lat="40.79073" lon="17.13627">
        <ele>407.7</ele>
      </trkpt>
      <trkpt lat="40.79074" lon="17.13631">
        <ele>407.6</ele>
      </trkpt>
      <trkpt lat="40.79077" lon="17.136489">
        <ele>407.3</ele>
      </trkpt>
      <trkpt lat="40.79087" lon="17.13701">
        <ele>406.9</ele>
      </trkpt>
      <trkpt lat="40.79102" lon="17.13776">
        <ele>406.4</ele>
      </trkpt>
      <trkpt lat="40.79107" lon="17.137989">
        <ele>406.2</ele>
      </trkpt>
      <trkpt lat="40.79113" lon="17.13833">
        <ele>406.0</ele>
      </trkpt>
      <trkpt lat="40.79118" lon="17.138559">
        <ele>406.5</ele>
      </trkpt>
      <trkpt lat="40.79119" lon="17.13863">
        <ele>406.7</ele>
      </trkpt>
      <trkpt lat="40.79119" lon="17.13868">
        <ele>406.8</ele>
      </trkpt>
      <trkpt lat="40.79119" lon="17.13875">
        <ele>406.9</ele>
      </trkpt>
      <trkpt lat="40.79118" lon="17.1388">
        <ele>407.0</ele>
      </trkpt>
      <trkpt lat="40.79118" lon="17.13885">
        <ele>407.1</ele>
      </trkpt>
      <trkpt lat="40.79117" lon="17.13886">
        <ele>407.1</ele>
      </trkpt>
      <trkpt lat="40.79116" lon="17.1389">
        <ele>407.2</ele>
      </trkpt>
      <trkpt lat="40.79116" lon="17.1389">
        <ele>407.2</ele>
      </trkpt>
      <trkpt lat="40.79116" lon="17.13891">
        <ele>407.2</ele>
      </trkpt>
      <trkpt lat="40.79115" lon="17.13891">
        <ele>407.2</ele>
      </trkpt>
      <trkpt lat="40.79115" lon="17.13892">
        <ele>407.2</ele>
      </trkpt>
      <trkpt lat="40.79114" lon="17.13892">
        <ele>407.2</ele>
      </trkpt>
      <trkpt lat="40.79114" lon="17.138929">
        <ele>407.2</ele>
      </trkpt>
      <trkpt lat="40.79113" lon="17.13894">
        <ele>407.2</ele>
      </trkpt>
      <trkpt lat="40.79113" lon="17.13895">
        <ele>407.3</ele>
      </trkpt>
      <trkpt lat="40.79112" lon="17.13895">
        <ele>407.2</ele>
      </trkpt>
      <trkpt lat="40.79112" lon="17.13896">
        <ele>407.3</ele>
      </trkpt>
      <trkpt lat="40.79112" lon="17.13897">
        <ele>407.3</ele>
      </trkpt>
      <trkpt lat="40.79112" lon="17.13898">
        <ele>407.3</ele>
      </trkpt>
      <trkpt lat="40.79112" lon="17.13899">
        <ele>407.3</ele>
      </trkpt>
      <trkpt lat="40.79111" lon="17.13899">
        <ele>407.3</ele>
      </trkpt>
      <trkpt lat="40.79111" lon="17.139">
        <ele>407.3</ele>
      </trkpt>
      <trkpt lat="40.79111" lon="17.13901">
        <ele>407.4</ele>
      </trkpt>
      <trkpt lat="40.79111" lon="17.13902">
        <ele>407.4</ele>
      </trkpt>
      <trkpt lat="40.79112" lon="17.13902">
        <ele>407.4</ele>
      </trkpt>
      <trkpt lat="40.79112" lon="17.13903">
        <ele>407.4</ele>
      </trkpt>
      <trkpt lat="40.79112" lon="17.13904">
        <ele>407.4</ele>
      </trkpt>
      <trkpt lat="40.79112" lon="17.13905">
        <ele>407.5</ele>
      </trkpt>
      <trkpt lat="40.79112" lon="17.13906">
        <ele>407.5</ele>
      </trkpt>
      <trkpt lat="40.79113" lon="17.13906">
        <ele>407.5</ele>
      </trkpt>
      <trkpt lat="40.79113" lon="17.13907">
        <ele>407.5</ele>
      </trkpt>
      <trkpt lat="40.79114" lon="17.13908">
        <ele>407.6</ele>
      </trkpt>
      <trkpt lat="40.79114" lon="17.13909">
        <ele>407.6</ele>
      </trkpt>
      <trkpt lat="40.79115" lon="17.13909">
        <ele>407.6</ele>
      </trkpt>
      <trkpt lat="40.79115" lon="17.1391">
        <ele>407.6</ele>
      </trkpt>
      <trkpt lat="40.79116" lon="17.1391">
        <ele>407.6</ele>
      </trkpt>
      <trkpt lat="40.79117" lon="17.1391">
        <ele>407.7</ele>
      </trkpt>
      <trkpt lat="40.79117" lon="17.13911">
        <ele>407.7</ele>
      </trkpt>
      <trkpt lat="40.79118" lon="17.13911">
        <ele>407.7</ele>
      </trkpt>
      <trkpt lat="40.79119" lon="17.13911">
        <ele>407.7</ele>
      </trkpt>
      <trkpt lat="40.7912" lon="17.13915">
        <ele>407.8</ele>
      </trkpt>
      <trkpt lat="40.79122" lon="17.13919">
        <ele>408.0</ele>
      </trkpt>
      <trkpt lat="40.79124" lon="17.13922">
        <ele>408.0</ele>
      </trkpt>
      <trkpt lat="40.79125" lon="17.13926">
        <ele>408.1</ele>
      </trkpt>
      <trkpt lat="40.79126" lon="17.1393">
        <ele>408.2</ele>
      </trkpt>
      <trkpt lat="40.79126" lon="17.13933">
        <ele>408.2</ele>
      </trkpt>
      <trkpt lat="40.79126" lon="17.13935">
        <ele>408.2</ele>
      </trkpt>
      <trkpt lat="40.79125" lon="17.13948">
        <ele>408.4</ele>
      </trkpt>
      <trkpt lat="40.79126" lon="17.13957">
        <ele>408.5</ele>
      </trkpt>
      <trkpt lat="40.79121" lon="17.14001">
        <ele>409.0</ele>
      </trkpt>
      <trkpt lat="40.79118" lon="17.14018">
        <ele>409.8</ele>
      </trkpt>
      <trkpt lat="40.79108" lon="17.14088">
        <ele>412.8</ele>
      </trkpt>
      <trkpt lat="40.79103" lon="17.14118">
        <ele>413.8</ele>
      </trkpt>
      <trkpt lat="40.79097" lon="17.14153">
        <ele>414.8</ele>
      </trkpt>
      <trkpt lat="40.79096" lon="17.14158">
        <ele>414.9</ele>
      </trkpt>
      <trkpt lat="40.7909" lon="17.1418">
        <ele>415.2</ele>
      </trkpt>
      <trkpt lat="40.79079" lon="17.14226">
        <ele>415.9</ele>
      </trkpt>
      <trkpt lat="40.79073" lon="17.142499">
        <ele>416.6</ele>
      </trkpt>
      <trkpt lat="40.79065" lon="17.14283">
        <ele>416.4</ele>
      </trkpt>
      <trkpt lat="40.79063" lon="17.14293">
        <ele>416.3</ele>
      </trkpt>
      <trkpt lat="40.79049" lon="17.143439">
        <ele>416.6</ele>
      </trkpt>
      <trkpt lat="40.79048" lon="17.14351">
        <ele>416.8</ele>
      </trkpt>
      <trkpt lat="40.79047" lon="17.14356">
        <ele>417.0</ele>
      </trkpt>
      <trkpt lat="40.79048" lon="17.14361">
        <ele>417.0</ele>
      </trkpt>
      <trkpt lat="40.7905" lon="17.14368">
        <ele>417.0</ele>
      </trkpt>
      <trkpt lat="40.79056" lon="17.14382">
        <ele>417.0</ele>
      </trkpt>
      <trkpt lat="40.7906" lon="17.14395">
        <ele>417.1</ele>
      </trkpt>
      <trkpt lat="40.79063" lon="17.14404">
        <ele>417.2</ele>
      </trkpt>
      <trkpt lat="40.79066" lon="17.14414">
        <ele>417.3</ele>
      </trkpt>
      <trkpt lat="40.7907" lon="17.14426">
        <ele>417.8</ele>
      </trkpt>
      <trkpt lat="40.79073" lon="17.14438">
        <ele>418.5</ele>
      </trkpt>
      <trkpt lat="40.79075" lon="17.14448">
        <ele>419.0</ele>
      </trkpt>
      <trkpt lat="40.79079" lon="17.14469">
        <ele>420.2</ele>
      </trkpt>
      <trkpt lat="40.79081" lon="17.14493">
        <ele>421.6</ele>
      </trkpt>
      <trkpt lat="40.79083" lon="17.14518">
        <ele>422.0</ele>
      </trkpt>
      <trkpt lat="40.79085" lon="17.1454">
        <ele>422.0</ele>
      </trkpt>
      <trkpt lat="40.79085" lon="17.14556">
        <ele>422.0</ele>
      </trkpt>
      <trkpt lat="40.79084" lon="17.14566">
        <ele>422.0</ele>
      </trkpt>
      <trkpt lat="40.79083" lon="17.14566">
        <ele>422.0</ele>
      </trkpt>
      <trkpt lat="40.790819" lon="17.14572">
        <ele>422.0</ele>
      </trkpt>
      <trkpt lat="40.790819" lon="17.1458">
        <ele>422.0</ele>
      </trkpt>
      <trkpt lat="40.790819" lon="17.14586">
        <ele>422.0</ele>
      </trkpt>
      <trkpt lat="40.790819" lon="17.14589">
        <ele>422.0</ele>
      </trkpt>
      <trkpt lat="40.79083" lon="17.14591">
        <ele>422.0</ele>
      </trkpt>
      <trkpt lat="40.79085" lon="17.14595">
        <ele>422.0</ele>
      </trkpt>
      <trkpt lat="40.79086" lon="17.145969">
        <ele>422.0</ele>
      </trkpt>
      <trkpt lat="40.79089" lon="17.14599">
        <ele>422.0</ele>
      </trkpt>
      <trkpt lat="40.79095" lon="17.14604">
        <ele>422.1</ele>
      </trkpt>
      <trkpt lat="40.79103" lon="17.14613">
        <ele>422.1</ele>
      </trkpt>
      <trkpt lat="40.79118" lon="17.14628">
        <ele>422.2</ele>
      </trkpt>
      <trkpt lat="40.79123" lon="17.14633">
        <ele>422.3</ele>
      </trkpt>
      <trkpt lat="40.79132" lon="17.14643">
        <ele>422.4</ele>
      </trkpt>
      <trkpt lat="40.79141" lon="17.14654">
        <ele>422.6</ele>
      </trkpt>
      <trkpt lat="40.79153" lon="17.14675">
        <ele>422.8</ele>
      </trkpt>
      <trkpt lat="40.79161" lon="17.14699">
        <ele>422.8</ele>
      </trkpt>
      <trkpt lat="40.79161" lon="17.14701">
        <ele>422.8</ele>
      </trkpt>
      <trkpt lat="40.79162" lon="17.14709">
        <ele>422.8</ele>
      </trkpt>
      <trkpt lat="40.79163" lon="17.147189">
        <ele>422.8</ele>
      </trkpt>
      <trkpt lat="40.79165" lon="17.14729">
        <ele>422.9</ele>
      </trkpt>
      <trkpt lat="40.79166" lon="17.1474">
        <ele>423.0</ele>
      </trkpt>
      <trkpt lat="40.79167" lon="17.14745">
        <ele>423.0</ele>
      </trkpt>
      <trkpt lat="40.79169" lon="17.14751">
        <ele>423.0</ele>
      </trkpt>
      <trkpt lat="40.79169" lon="17.14753">
        <ele>423.0</ele>
      </trkpt>
      <trkpt lat="40.7917" lon="17.14756">
        <ele>422.9</ele>
      </trkpt>
      <trkpt lat="40.7917" lon="17.14758">
        <ele>422.9</ele>
      </trkpt>
      <trkpt lat="40.79171" lon="17.14762">
        <ele>422.9</ele>
      </trkpt>
      <trkpt lat="40.79171" lon="17.14765">
        <ele>422.8</ele>
      </trkpt>
      <trkpt lat="40.79171" lon="17.14769">
        <ele>422.8</ele>
      </trkpt>
      <trkpt lat="40.79171" lon="17.14772">
        <ele>422.7</ele>
      </trkpt>
      <trkpt lat="40.7917" lon="17.14776">
        <ele>422.7</ele>
      </trkpt>
      <trkpt lat="40.7917" lon="17.14777">
        <ele>422.7</ele>
      </trkpt>
      <trkpt lat="40.7917" lon="17.14778">
        <ele>422.7</ele>
      </trkpt>
      <trkpt lat="40.79168" lon="17.147849">
        <ele>422.6</ele>
      </trkpt>
      <trkpt lat="40.79168" lon="17.14786">
        <ele>422.6</ele>
      </trkpt>
      <trkpt lat="40.79167" lon="17.1479">
        <ele>422.5</ele>
      </trkpt>
      <trkpt lat="40.79165" lon="17.14793">
        <ele>422.4</ele>
      </trkpt>
      <trkpt lat="40.79164" lon="17.14797">
        <ele>422.3</ele>
      </trkpt>
      <trkpt lat="40.79164" lon="17.14799">
        <ele>422.3</ele>
      </trkpt>
      <trkpt lat="40.79163" lon="17.14807">
        <ele>422.2</ele>
      </trkpt>
      <trkpt lat="40.79163" lon="17.14809">
        <ele>422.2</ele>
      </trkpt>
      <trkpt lat="40.79162" lon="17.14809">
        <ele>422.1</ele>
      </trkpt>
      <trkpt lat="40.79161" lon="17.14816">
        <ele>422.0</ele>
      </trkpt>
      <trkpt lat="40.79179" lon="17.14928">
        <ele>423.4</ele>
      </trkpt>
      <trkpt lat="40.79189" lon="17.149819">
        <ele>425.7</ele>
      </trkpt>
      <trkpt lat="40.79197" lon="17.15049">
        <ele>427.4</ele>
      </trkpt>
      <trkpt lat="40.792" lon="17.15093">
        <ele>428.4</ele>
      </trkpt>
      <trkpt lat="40.79212" lon="17.15169">
        <ele>429.5</ele>
      </trkpt>
      <trkpt lat="40.79214" lon="17.15209">
        <ele>430.2</ele>
      </trkpt>
      <trkpt lat="40.791939" lon="17.15284">
        <ele>431.1</ele>
      </trkpt>
      <trkpt lat="40.79189" lon="17.15306">
        <ele>431.1</ele>
      </trkpt>
      <trkpt lat="40.79189" lon="17.15421">
        <ele>429.6</ele>
      </trkpt>
      <trkpt lat="40.79201" lon="17.15504">
        <ele>427.4</ele>
      </trkpt>
      <trkpt lat="40.79233" lon="17.15636">
        <ele>424.7</ele>
      </trkpt>
      <trkpt lat="40.79242" lon="17.15664">
        <ele>424.9</ele>
      </trkpt>
      <trkpt lat="40.7926" lon="17.15706">
        <ele>426.5</ele>
      </trkpt>
      <trkpt lat="40.79289" lon="17.15801">
        <ele>428.9</ele>
      </trkpt>
      <trkpt lat="40.79302" lon="17.15863">
        <ele>429.8</ele>
      </trkpt>
      <trkpt lat="40.79302" lon="17.1588">
        <ele>429.8</ele>
      </trkpt>
      <trkpt lat="40.79296" lon="17.15907">
        <ele>429.9</ele>
      </trkpt>
      <trkpt lat="40.79295" lon="17.15942">
        <ele>430.5</ele>
      </trkpt>
      <trkpt lat="40.793" lon="17.15969">
        <ele>431.0</ele>
      </trkpt>
      <trkpt lat="40.79307" lon="17.1599">
        <ele>431.5</ele>
      </trkpt>
      <trkpt lat="40.79321" lon="17.16023">
        <ele>432.6</ele>
      </trkpt>
      <trkpt lat="40.79395" lon="17.16159">
        <ele>439.0</ele>
      </trkpt>
      <trkpt lat="40.79414" lon="17.16242">
        <ele>439.1</ele>
      </trkpt>
      <trkpt lat="40.79452" lon="17.16449">
        <ele>431.1</ele>
      </trkpt>
      <trkpt lat="40.79459" lon="17.16471">
        <ele>430.0</ele>
      </trkpt>
      <trkpt lat="40.79514" lon="17.16608">
        <ele>426.9</ele>
      </trkpt>
      <trkpt lat="40.79535" lon="17.166709">
        <ele>429.0</ele>
      </trkpt>
      <trkpt lat="40.79575" lon="17.16744">
        <ele>430.9</ele>
      </trkpt>
      <trkpt lat="40.79575" lon="17.16745">
        <ele>430.9</ele>
      </trkpt>
      <trkpt lat="40.795879" lon="17.16768">
        <ele>431.2</ele>
      </trkpt>
      <trkpt lat="40.79649" lon="17.16831">
        <ele>431.2</ele>
      </trkpt>
      <trkpt lat="40.79657" lon="17.16841">
        <ele>431.0</ele>
      </trkpt>
      <trkpt lat="40.79698" lon="17.169149">
        <ele>428.5</ele>
      </trkpt>
      <trkpt lat="40.79736" lon="17.16969">
        <ele>424.8</ele>
      </trkpt>
      <trkpt lat="40.79757" lon="17.17004">
        <ele>422.5</ele>
      </trkpt>
      <trkpt lat="40.7978" lon="17.17061">
        <ele>419.9</ele>
      </trkpt>
      <trkpt lat="40.79871" lon="17.17226">
        <ele>420.5</ele>
      </trkpt>
      <trkpt lat="40.79877" lon="17.17277">
        <ele>421.1</ele>
      </trkpt>
      <trkpt lat="40.7988" lon="17.17346">
        <ele>421.3</ele>
      </trkpt>
      <trkpt lat="40.79869" lon="17.1741">
        <ele>420.7</ele>
      </trkpt>
      <trkpt lat="40.79867" lon="17.17475">
        <ele>419.5</ele>
      </trkpt>
      <trkpt lat="40.79872" lon="17.1755">
        <ele>419.6</ele>
      </trkpt>
      <trkpt lat="40.79881" lon="17.17614">
        <ele>420.7</ele>
      </trkpt>
      <trkpt lat="40.79897" lon="17.1767">
        <ele>421.6</ele>
      </trkpt>
      <trkpt lat="40.79911" lon="17.17715">
        <ele>422.8</ele>
      </trkpt>
      <trkpt lat="40.79961" lon="17.17902">
        <ele>438.6</ele>
      </trkpt>
      <trkpt lat="40.79993" lon="17.17984">
        <ele>444.9</ele>
      </trkpt>
      <trkpt lat="40.80044" lon="17.18078">
        <ele>449.3</ele>
      </trkpt>
      <trkpt lat="40.80061" lon="17.18106">
        <ele>449.9</ele>
      </trkpt>
      <trkpt lat="40.80088" lon="17.18138">
        <ele>451.0</ele>
      </trkpt>
      <trkpt lat="40.801" lon="17.18178">
        <ele>452.1</ele>
      </trkpt>
      <trkpt lat="40.80143" lon="17.18376">
        <ele>455.2</ele>
      </trkpt>
      <trkpt lat="40.80151" lon="17.18377">
        <ele>455.3</ele>
      </trkpt>
      <trkpt lat="40.80168" lon="17.18372">
        <ele>455.5</ele>
      </trkpt>
      <trkpt lat="40.80249" lon="17.18335">
        <ele>457.0</ele>
      </trkpt>
      <trkpt lat="40.80278" lon="17.18329">
        <ele>456.9</ele>
      </trkpt>
      <trkpt lat="40.80347" lon="17.18328">
        <ele>457.0</ele>
      </trkpt>
      <trkpt lat="40.80402" lon="17.1831">
        <ele>456.8</ele>
      </trkpt>
      <trkpt lat="40.80444" lon="17.18317">
        <ele>457.0</ele>
      </trkpt>
      <trkpt lat="40.80492" lon="17.183129">
        <ele>456.3</ele>
      </trkpt>
      <trkpt lat="40.80492" lon="17.18316">
        <ele>456.5</ele>
      </trkpt>
      <trkpt lat="40.80518" lon="17.183129">
        <ele>456.4</ele>
      </trkpt>
      <trkpt lat="40.80537" lon="17.18312">
        <ele>456.5</ele>
      </trkpt>
      <trkpt lat="40.80585" lon="17.18309">
        <ele>456.7</ele>
      </trkpt>
      <trkpt lat="40.80595" lon="17.18309">
        <ele>456.5</ele>
      </trkpt>
      <trkpt lat="40.80604" lon="17.18307">
        <ele>456.3</ele>
      </trkpt>
      <trkpt lat="40.80616" lon="17.18305">
        <ele>456.1</ele>
      </trkpt>
      <trkpt lat="40.80626" lon="17.18302">
        <ele>456.0</ele>
      </trkpt>
      <trkpt lat="40.80627" lon="17.18302">
        <ele>456.0</ele>
      </trkpt>
      <trkpt lat="40.80632" lon="17.18301">
        <ele>455.9</ele>
      </trkpt>
      <trkpt lat="40.80644" lon="17.18295">
        <ele>455.8</ele>
      </trkpt>
      <trkpt lat="40.80645" lon="17.18295">
        <ele>455.7</ele>
      </trkpt>
      <trkpt lat="40.80661" lon="17.18286">
        <ele>455.6</ele>
      </trkpt>
      <trkpt lat="40.80677" lon="17.182759">
        <ele>455.5</ele>
      </trkpt>
      <trkpt lat="40.80679" lon="17.18275">
        <ele>455.5</ele>
      </trkpt>
      <trkpt lat="40.80683" lon="17.18271">
        <ele>455.5</ele>
      </trkpt>
      <trkpt lat="40.80685" lon="17.18269">
        <ele>455.5</ele>
      </trkpt>
      <trkpt lat="40.80686" lon="17.18267">
        <ele>455.5</ele>
      </trkpt>
      <trkpt lat="40.80686" lon="17.18264">
        <ele>455.5</ele>
      </trkpt>
      <trkpt lat="40.80686" lon="17.18259">
        <ele>455.6</ele>
      </trkpt>
      <trkpt lat="40.80686" lon="17.18258">
        <ele>455.6</ele>
      </trkpt>
      <trkpt lat="40.80686" lon="17.18253">
        <ele>455.7</ele>
      </trkpt>
      <trkpt lat="40.80686" lon="17.18248">
        <ele>455.7</ele>
      </trkpt>
      <trkpt lat="40.80686" lon="17.18243">
        <ele>455.5</ele>
      </trkpt>
      <trkpt lat="40.80687" lon="17.18239">
        <ele>455.4</ele>
      </trkpt>
      <trkpt lat="40.80689" lon="17.18234">
        <ele>455.2</ele>
      </trkpt>
      <trkpt lat="40.80689" lon="17.18234">
        <ele>455.2</ele>
      </trkpt>
      <trkpt lat="40.80699" lon="17.18249">
        <ele>455.6</ele>
      </trkpt>
      <trkpt lat="40.80713" lon="17.18273">
        <ele>454.9</ele>
      </trkpt>
      <trkpt lat="40.80736" lon="17.183129">
        <ele>453.2</ele>
      </trkpt>
      <trkpt lat="40.80737" lon="17.18314">
        <ele>453.1</ele>
      </trkpt>
      <trkpt lat="40.8074" lon="17.18319">
        <ele>452.8</ele>
      </trkpt>
      <trkpt lat="40.80771" lon="17.18367">
        <ele>449.3</ele>
      </trkpt>
      <trkpt lat="40.80789" lon="17.18397">
        <ele>447.3</ele>
      </trkpt>
      <trkpt lat="40.80791" lon="17.18401">
        <ele>447.1</ele>
      </trkpt>
      <trkpt lat="40.80792" lon="17.18403">
        <ele>447.0</ele>
      </trkpt>
      <trkpt lat="40.80809" lon="17.18432">
        <ele>445.5</ele>
      </trkpt>
      <trkpt lat="40.80827" lon="17.18462">
        <ele>444.5</ele>
      </trkpt>
      <trkpt lat="40.80833" lon="17.18478">
        <ele>444.3</ele>
      </trkpt>
      <trkpt lat="40.80834" lon="17.18478">
        <ele>444.3</ele>
      </trkpt>
      <trkpt lat="40.80841" lon="17.18498">
        <ele>444.1</ele>
      </trkpt>
      <trkpt lat="40.80845" lon="17.18514">
        <ele>444.1</ele>
      </trkpt>
      <trkpt lat="40.808459" lon="17.18522">
        <ele>444.2</ele>
      </trkpt>
      <trkpt lat="40.80847" lon="17.18528">
        <ele>444.2</ele>
      </trkpt>
      <trkpt lat="40.80849" lon="17.18544">
        <ele>444.2</ele>
      </trkpt>
      <trkpt lat="40.8085" lon="17.18561">
        <ele>444.2</ele>
      </trkpt>
      <trkpt lat="40.8085" lon="17.18564">
        <ele>444.2</ele>
      </trkpt>
      <trkpt lat="40.8085" lon="17.18575">
        <ele>444.2</ele>
      </trkpt>
      <trkpt lat="40.80848" lon="17.1859">
        <ele>444.0</ele>
      </trkpt>
      <trkpt lat="40.80845" lon="17.18607">
        <ele>443.7</ele>
      </trkpt>
      <trkpt lat="40.80844" lon="17.18611">
        <ele>443.5</ele>
      </trkpt>
      <trkpt lat="40.8084" lon="17.1863">
        <ele>443.0</ele>
      </trkpt>
      <trkpt lat="40.80838" lon="17.18634">
        <ele>442.9</ele>
      </trkpt>
      <trkpt lat="40.80831" lon="17.18655">
        <ele>442.4</ele>
      </trkpt>
      <trkpt lat="40.80826" lon="17.18672">
        <ele>442.4</ele>
      </trkpt>
      <trkpt lat="40.80824" lon="17.18677">
        <ele>442.6</ele>
      </trkpt>
      <trkpt lat="40.80812" lon="17.18713">
        <ele>443.4</ele>
      </trkpt>
      <trkpt lat="40.8081" lon="17.18721">
        <ele>443.6</ele>
      </trkpt>
      <trkpt lat="40.80802" lon="17.18743">
        <ele>444.1</ele>
      </trkpt>
      <trkpt lat="40.80789" lon="17.18783">
        <ele>445.3</ele>
      </trkpt>
      <trkpt lat="40.80767" lon="17.18852">
        <ele>446.6</ele>
      </trkpt>
      <trkpt lat="40.80764" lon="17.18861">
        <ele>446.8</ele>
      </trkpt>
      <trkpt lat="40.80757" lon="17.18887">
        <ele>447.3</ele>
      </trkpt>
      <trkpt lat="40.80754" lon="17.18906">
        <ele>447.8</ele>
      </trkpt>
      <trkpt lat="40.807519" lon="17.18918">
        <ele>448.0</ele>
      </trkpt>
      <trkpt lat="40.807519" lon="17.1892">
        <ele>447.9</ele>
      </trkpt>
      <trkpt lat="40.80751" lon="17.18932">
        <ele>447.6</ele>
      </trkpt>
      <trkpt lat="40.80751" lon="17.18953">
        <ele>447.1</ele>
      </trkpt>
      <trkpt lat="40.807519" lon="17.18967">
        <ele>446.8</ele>
      </trkpt>
      <trkpt lat="40.80753" lon="17.189699">
        <ele>446.7</ele>
      </trkpt>
      <trkpt lat="40.80754" lon="17.18983">
        <ele>446.4</ele>
      </trkpt>
      <trkpt lat="40.80755" lon="17.18991">
        <ele>446.2</ele>
      </trkpt>
      <trkpt lat="40.80756" lon="17.18997">
        <ele>446.0</ele>
      </trkpt>
      <trkpt lat="40.80758" lon="17.19014">
        <ele>445.1</ele>
      </trkpt>
      <trkpt lat="40.8076" lon="17.19028">
        <ele>444.2</ele>
      </trkpt>
      <trkpt lat="40.807609" lon="17.19039">
        <ele>443.5</ele>
      </trkpt>
      <trkpt lat="40.80765" lon="17.1907">
        <ele>441.6</ele>
      </trkpt>
      <trkpt lat="40.80767" lon="17.19086">
        <ele>440.6</ele>
      </trkpt>
      <trkpt lat="40.807699" lon="17.19108">
        <ele>439.1</ele>
      </trkpt>
      <trkpt lat="40.807699" lon="17.19109">
        <ele>439.1</ele>
      </trkpt>
      <trkpt lat="40.80773" lon="17.19131">
        <ele>437.5</ele>
      </trkpt>
      <trkpt lat="40.80776" lon="17.19155">
        <ele>435.9</ele>
      </trkpt>
      <trkpt lat="40.80777" lon="17.19172">
        <ele>434.8</ele>
      </trkpt>
      <trkpt lat="40.80777" lon="17.19189">
        <ele>433.9</ele>
      </trkpt>
      <trkpt lat="40.80775" lon="17.1922">
        <ele>432.3</ele>
      </trkpt>
      <trkpt lat="40.80773" lon="17.192329">
        <ele>431.8</ele>
      </trkpt>
      <trkpt lat="40.80769" lon="17.19248">
        <ele>431.2</ele>
      </trkpt>
      <trkpt lat="40.80765" lon="17.192609">
        <ele>430.6</ele>
      </trkpt>
      <trkpt lat="40.80765" lon="17.192609">
        <ele>430.6</ele>
      </trkpt>
      <trkpt lat="40.80765" lon="17.19268">
        <ele>430.2</ele>
      </trkpt>
      <trkpt lat="40.80765" lon="17.19274">
        <ele>429.9</ele>
      </trkpt>
      <trkpt lat="40.80764" lon="17.19277">
        <ele>429.8</ele>
      </trkpt>
      <trkpt lat="40.80763" lon="17.19282">
        <ele>429.5</ele>
      </trkpt>
      <trkpt lat="40.807609" lon="17.19287">
        <ele>429.4</ele>
      </trkpt>
      <trkpt lat="40.80757" lon="17.19295">
        <ele>429.3</ele>
      </trkpt>
      <trkpt lat="40.807519" lon="17.19304">
        <ele>429.2</ele>
      </trkpt>
      <trkpt lat="40.807519" lon="17.19305">
        <ele>429.2</ele>
      </trkpt>
      <trkpt lat="40.80745" lon="17.19315">
        <ele>428.8</ele>
      </trkpt>
      <trkpt lat="40.80741" lon="17.19322">
        <ele>428.3</ele>
      </trkpt>
      <trkpt lat="40.80738" lon="17.19326">
        <ele>428.0</ele>
      </trkpt>
      <trkpt lat="40.80732" lon="17.19335">
        <ele>427.2</ele>
      </trkpt>
      <trkpt lat="40.80726" lon="17.19346">
        <ele>426.1</ele>
      </trkpt>
      <trkpt lat="40.80717" lon="17.19356">
        <ele>425.1</ele>
      </trkpt>
      <trkpt lat="40.8071" lon="17.19365">
        <ele>424.4</ele>
      </trkpt>
      <trkpt lat="40.80708" lon="17.19367">
        <ele>424.3</ele>
      </trkpt>
      <trkpt lat="40.80699" lon="17.19379">
        <ele>423.6</ele>
      </trkpt>
      <trkpt lat="40.80692" lon="17.19386">
        <ele>423.3</ele>
      </trkpt>
      <trkpt lat="40.8069" lon="17.19389">
        <ele>423.2</ele>
      </trkpt>
      <trkpt lat="40.80687" lon="17.19391">
        <ele>423.2</ele>
      </trkpt>
      <trkpt lat="40.80684" lon="17.19394">
        <ele>423.1</ele>
      </trkpt>
      <trkpt lat="40.8068" lon="17.19399">
        <ele>423.0</ele>
      </trkpt>
      <trkpt lat="40.80676" lon="17.19404">
        <ele>423.0</ele>
      </trkpt>
      <trkpt lat="40.80674" lon="17.19407">
        <ele>423.0</ele>
      </trkpt>
      <trkpt lat="40.80672" lon="17.194109">
        <ele>422.9</ele>
      </trkpt>
      <trkpt lat="40.80668" lon="17.19419">
        <ele>422.8</ele>
      </trkpt>
      <trkpt lat="40.80668" lon="17.19419">
        <ele>422.8</ele>
      </trkpt>
      <trkpt lat="40.80665" lon="17.1942">
        <ele>422.6</ele>
      </trkpt>
      <trkpt lat="40.80663" lon="17.1942">
        <ele>422.5</ele>
      </trkpt>
      <trkpt lat="40.80661" lon="17.19421">
        <ele>422.2</ele>
      </trkpt>
      <trkpt lat="40.8066" lon="17.19422">
        <ele>422.1</ele>
      </trkpt>
      <trkpt lat="40.80659" lon="17.19423">
        <ele>421.9</ele>
      </trkpt>
      <trkpt lat="40.80656" lon="17.19428">
        <ele>421.4</ele>
      </trkpt>
      <trkpt lat="40.80656" lon="17.19428">
        <ele>421.4</ele>
      </trkpt>
      <trkpt lat="40.80653" lon="17.19431">
        <ele>420.9</ele>
      </trkpt>
      <trkpt lat="40.80651" lon="17.19435">
        <ele>420.5</ele>
      </trkpt>
      <trkpt lat="40.80653" lon="17.19431">
        <ele>420.9</ele>
      </trkpt>
      <trkpt lat="40.80656" lon="17.19428">
        <ele>421.4</ele>
      </trkpt>
      <trkpt lat="40.80659" lon="17.19423">
        <ele>421.9</ele>
      </trkpt>
      <trkpt lat="40.8066" lon="17.19422">
        <ele>422.1</ele>
      </trkpt>
      <trkpt lat="40.80661" lon="17.19421">
        <ele>422.2</ele>
      </trkpt>
      <trkpt lat="40.80663" lon="17.1942">
        <ele>422.5</ele>
      </trkpt>
      <trkpt lat="40.80665" lon="17.1942">
        <ele>422.6</ele>
      </trkpt>
      <trkpt lat="40.80668" lon="17.19419">
        <ele>422.8</ele>
      </trkpt>
      <trkpt lat="40.80672" lon="17.194109">
        <ele>422.9</ele>
      </trkpt>
      <trkpt lat="40.80674" lon="17.19407">
        <ele>423.0</ele>
      </trkpt>
      <trkpt lat="40.80676" lon="17.19404">
        <ele>423.0</ele>
      </trkpt>
      <trkpt lat="40.8068" lon="17.19399">
        <ele>423.0</ele>
      </trkpt>
      <trkpt lat="40.80684" lon="17.19394">
        <ele>423.1</ele>
      </trkpt>
      <trkpt lat="40.80687" lon="17.19391">
        <ele>423.2</ele>
      </trkpt>
      <trkpt lat="40.8069" lon="17.19389">
        <ele>423.2</ele>
      </trkpt>
      <trkpt lat="40.80692" lon="17.19386">
        <ele>423.3</ele>
      </trkpt>
      <trkpt lat="40.80699" lon="17.19379">
        <ele>423.6</ele>
      </trkpt>
      <trkpt lat="40.80708" lon="17.19367">
        <ele>424.3</ele>
      </trkpt>
      <trkpt lat="40.8071" lon="17.19365">
        <ele>424.4</ele>
      </trkpt>
      <trkpt lat="40.80717" lon="17.19356">
        <ele>425.1</ele>
      </trkpt>
      <trkpt lat="40.80726" lon="17.19346">
        <ele>426.1</ele>
      </trkpt>
      <trkpt lat="40.80732" lon="17.19335">
        <ele>427.2</ele>
      </trkpt>
      <trkpt lat="40.80738" lon="17.19326">
        <ele>428.0</ele>
      </trkpt>
      <trkpt lat="40.80741" lon="17.19322">
        <ele>428.3</ele>
      </trkpt>
      <trkpt lat="40.80745" lon="17.19315">
        <ele>428.8</ele>
      </trkpt>
      <trkpt lat="40.807519" lon="17.19305">
        <ele>429.2</ele>
      </trkpt>
      <trkpt lat="40.807519" lon="17.19304">
        <ele>429.2</ele>
      </trkpt>
      <trkpt lat="40.80757" lon="17.19295">
        <ele>429.3</ele>
      </trkpt>
      <trkpt lat="40.807609" lon="17.19287">
        <ele>429.4</ele>
      </trkpt>
      <trkpt lat="40.80763" lon="17.19282">
        <ele>429.5</ele>
      </trkpt>
      <trkpt lat="40.80764" lon="17.19277">
        <ele>429.8</ele>
      </trkpt>
      <trkpt lat="40.80765" lon="17.19274">
        <ele>429.9</ele>
      </trkpt>
      <trkpt lat="40.80765" lon="17.19268">
        <ele>430.2</ele>
      </trkpt>
      <trkpt lat="40.80765" lon="17.192609">
        <ele>430.6</ele>
      </trkpt>
      <trkpt lat="40.80765" lon="17.192609">
        <ele>430.6</ele>
      </trkpt>
      <trkpt lat="40.80763" lon="17.19266">
        <ele>430.5</ele>
      </trkpt>
      <trkpt lat="40.80762" lon="17.1927">
        <ele>430.3</ele>
      </trkpt>
      <trkpt lat="40.80756" lon="17.19285">
        <ele>429.9</ele>
      </trkpt>
      <trkpt lat="40.80748" lon="17.193">
        <ele>429.6</ele>
      </trkpt>
      <trkpt lat="40.80738" lon="17.19315">
        <ele>428.6</ele>
      </trkpt>
      <trkpt lat="40.80729" lon="17.19325">
        <ele>427.8</ele>
      </trkpt>
      <trkpt lat="40.80726" lon="17.19328">
        <ele>427.5</ele>
      </trkpt>
      <trkpt lat="40.80711" lon="17.19342">
        <ele>426.0</ele>
      </trkpt>
      <trkpt lat="40.80701" lon="17.1935">
        <ele>425.3</ele>
      </trkpt>
      <trkpt lat="40.80682" lon="17.19361">
        <ele>424.5</ele>
      </trkpt>
      <trkpt lat="40.80681" lon="17.19362">
        <ele>424.4</ele>
      </trkpt>
      <trkpt lat="40.80666" lon="17.19371">
        <ele>424.1</ele>
      </trkpt>
      <trkpt lat="40.8066" lon="17.19375">
        <ele>423.7</ele>
      </trkpt>
      <trkpt lat="40.806399" lon="17.19387">
        <ele>422.3</ele>
      </trkpt>
      <trkpt lat="40.80633" lon="17.19392">
        <ele>421.6</ele>
      </trkpt>
      <trkpt lat="40.80624" lon="17.19397">
        <ele>420.7</ele>
      </trkpt>
      <trkpt lat="40.806019" lon="17.194109">
        <ele>418.1</ele>
      </trkpt>
      <trkpt lat="40.80586" lon="17.19424">
        <ele>416.0</ele>
      </trkpt>
      <trkpt lat="40.80563" lon="17.19445">
        <ele>415.2</ele>
      </trkpt>
      <trkpt lat="40.805459" lon="17.19462">
        <ele>414.1</ele>
      </trkpt>
      <trkpt lat="40.80535" lon="17.19476">
        <ele>412.8</ele>
      </trkpt>
      <trkpt lat="40.8053" lon="17.19485">
        <ele>412.0</ele>
      </trkpt>
      <trkpt lat="40.80528" lon="17.19489">
        <ele>411.6</ele>
      </trkpt>
      <trkpt lat="40.80515" lon="17.19515">
        <ele>408.4</ele>
      </trkpt>
      <trkpt lat="40.805079" lon="17.19529">
        <ele>406.7</ele>
      </trkpt>
      <trkpt lat="40.805" lon="17.19546">
        <ele>404.6</ele>
      </trkpt>
      <trkpt lat="40.80496" lon="17.19557">
        <ele>403.5</ele>
      </trkpt>
      <trkpt lat="40.8049" lon="17.19577">
        <ele>401.7</ele>
      </trkpt>
      <trkpt lat="40.80487" lon="17.196">
        <ele>399.6</ele>
      </trkpt>
      <trkpt lat="40.80485" lon="17.19635">
        <ele>396.4</ele>
      </trkpt>
      <trkpt lat="40.80485" lon="17.19638">
        <ele>396.1</ele>
      </trkpt>
      <trkpt lat="40.80484" lon="17.19653">
        <ele>394.8</ele>
      </trkpt>
      <trkpt lat="40.80483" lon="17.19669">
        <ele>393.6</ele>
      </trkpt>
      <trkpt lat="40.80484" lon="17.19679">
        <ele>393.2</ele>
      </trkpt>
      <trkpt lat="40.80485" lon="17.19695">
        <ele>392.7</ele>
      </trkpt>
      <trkpt lat="40.80486" lon="17.197">
        <ele>392.4</ele>
      </trkpt>
      <trkpt lat="40.80494" lon="17.19733">
        <ele>390.4</ele>
      </trkpt>
      <trkpt lat="40.80503" lon="17.19763">
        <ele>388.6</ele>
      </trkpt>
      <trkpt lat="40.80504" lon="17.19767">
        <ele>388.5</ele>
      </trkpt>
      <trkpt lat="40.80515" lon="17.19799">
        <ele>387.2</ele>
      </trkpt>
      <trkpt lat="40.80523" lon="17.19819">
        <ele>386.1</ele>
      </trkpt>
      <trkpt lat="40.80549" lon="17.19884">
        <ele>382.5</ele>
      </trkpt>
      <trkpt lat="40.80554" lon="17.19895">
        <ele>382.0</ele>
      </trkpt>
      <trkpt lat="40.80562" lon="17.19914">
        <ele>381.3</ele>
      </trkpt>
      <trkpt lat="40.80568" lon="17.19929">
        <ele>381.0</ele>
      </trkpt>
      <trkpt lat="40.80572" lon="17.1994">
        <ele>380.9</ele>
      </trkpt>
      <trkpt lat="40.80579" lon="17.19957">
        <ele>380.7</ele>
      </trkpt>
      <trkpt lat="40.80579" lon="17.19957">
        <ele>380.7</ele>
      </trkpt>
      <trkpt lat="40.80568" lon="17.19966">
        <ele>381.4</ele>
      </trkpt>
      <trkpt lat="40.80561" lon="17.19971">
        <ele>381.8</ele>
      </trkpt>
      <trkpt lat="40.80556" lon="17.199739">
        <ele>382.1</ele>
      </trkpt>
      <trkpt lat="40.8055" lon="17.199739">
        <ele>382.4</ele>
      </trkpt>
      <trkpt lat="40.80543" lon="17.19973">
        <ele>382.8</ele>
      </trkpt>
      <trkpt lat="40.80537" lon="17.19971">
        <ele>383.1</ele>
      </trkpt>
      <trkpt lat="40.80532" lon="17.19967">
        <ele>383.3</ele>
      </trkpt>
      <trkpt lat="40.8053" lon="17.199649">
        <ele>383.4</ele>
      </trkpt>
      <trkpt lat="40.80529" lon="17.19964">
        <ele>383.5</ele>
      </trkpt>
      <trkpt lat="40.80527" lon="17.19963">
        <ele>383.6</ele>
      </trkpt>
      <trkpt lat="40.805259" lon="17.19962">
        <ele>383.6</ele>
      </trkpt>
      <trkpt lat="40.80522" lon="17.19962">
        <ele>383.8</ele>
      </trkpt>
      <trkpt lat="40.80518" lon="17.19963">
        <ele>384.0</ele>
      </trkpt>
      <trkpt lat="40.80513" lon="17.199649">
        <ele>384.3</ele>
      </trkpt>
      <trkpt lat="40.8051" lon="17.19968">
        <ele>384.5</ele>
      </trkpt>
      <trkpt lat="40.805079" lon="17.19973">
        <ele>384.6</ele>
      </trkpt>
      <trkpt lat="40.805079" lon="17.19977">
        <ele>384.6</ele>
      </trkpt>
      <trkpt lat="40.805079" lon="17.19996">
        <ele>384.6</ele>
      </trkpt>
      <trkpt lat="40.805079" lon="17.20006">
        <ele>384.9</ele>
      </trkpt>
      <trkpt lat="40.805079" lon="17.20011">
        <ele>385.1</ele>
      </trkpt>
      <trkpt lat="40.805079" lon="17.20013">
        <ele>385.2</ele>
      </trkpt>
      <trkpt lat="40.805079" lon="17.20017">
        <ele>385.4</ele>
      </trkpt>
      <trkpt lat="40.80507" lon="17.2002">
        <ele>385.6</ele>
      </trkpt>
      <trkpt lat="40.80505" lon="17.20028">
        <ele>386.1</ele>
      </trkpt>
      <trkpt lat="40.80497" lon="17.20046">
        <ele>387.4</ele>
      </trkpt>
      <trkpt lat="40.80494" lon="17.20054">
        <ele>387.9</ele>
      </trkpt>
      <trkpt lat="40.80489" lon="17.20064">
        <ele>388.5</ele>
      </trkpt>
      <trkpt lat="40.80487" lon="17.2007">
        <ele>388.8</ele>
      </trkpt>
      <trkpt lat="40.80486" lon="17.20076">
        <ele>389.1</ele>
      </trkpt>
      <trkpt lat="40.80485" lon="17.2008">
        <ele>389.2</ele>
      </trkpt>
      <trkpt lat="40.80485" lon="17.20085">
        <ele>389.4</ele>
      </trkpt>
      <trkpt lat="40.80484" lon="17.20092">
        <ele>389.6</ele>
      </trkpt>
      <trkpt lat="40.80485" lon="17.20098">
        <ele>389.7</ele>
      </trkpt>
      <trkpt lat="40.80485" lon="17.20099">
        <ele>389.7</ele>
      </trkpt>
      <trkpt lat="40.80486" lon="17.20103">
        <ele>389.8</ele>
      </trkpt>
      <trkpt lat="40.80487" lon="17.20109">
        <ele>389.9</ele>
      </trkpt>
      <trkpt lat="40.80489" lon="17.20117">
        <ele>390.1</ele>
      </trkpt>
      <trkpt lat="40.80491" lon="17.20121">
        <ele>390.1</ele>
      </trkpt>
      <trkpt lat="40.80495" lon="17.20129">
        <ele>390.2</ele>
      </trkpt>
      <trkpt lat="40.80495" lon="17.20132">
        <ele>390.3</ele>
      </trkpt>
      <trkpt lat="40.80495" lon="17.20133">
        <ele>390.3</ele>
      </trkpt>
      <trkpt lat="40.80493" lon="17.20144">
        <ele>390.6</ele>
      </trkpt>
      <trkpt lat="40.80493" lon="17.20144">
        <ele>390.6</ele>
      </trkpt>
      <trkpt lat="40.8048" lon="17.20144">
        <ele>390.9</ele>
      </trkpt>
      <trkpt lat="40.80478" lon="17.20144">
        <ele>391.0</ele>
      </trkpt>
      <trkpt lat="40.804699" lon="17.20144">
        <ele>391.2</ele>
      </trkpt>
      <trkpt lat="40.80463" lon="17.20146">
        <ele>391.4</ele>
      </trkpt>
      <trkpt lat="40.8046" lon="17.20147">
        <ele>391.5</ele>
      </trkpt>
      <trkpt lat="40.80456" lon="17.20148">
        <ele>391.6</ele>
      </trkpt>
      <trkpt lat="40.80454" lon="17.2015">
        <ele>391.7</ele>
      </trkpt>
      <trkpt lat="40.8045" lon="17.20151">
        <ele>391.8</ele>
      </trkpt>
      <trkpt lat="40.80447" lon="17.20153">
        <ele>391.9</ele>
      </trkpt>
      <trkpt lat="40.80444" lon="17.20154">
        <ele>392.0</ele>
      </trkpt>
      <trkpt lat="40.8044" lon="17.20156">
        <ele>392.2</ele>
      </trkpt>
      <trkpt lat="40.80439" lon="17.20158">
        <ele>392.3</ele>
      </trkpt>
      <trkpt lat="40.80438" lon="17.20159">
        <ele>392.3</ele>
      </trkpt>
      <trkpt lat="40.80437" lon="17.20161">
        <ele>392.4</ele>
      </trkpt>
      <trkpt lat="40.80437" lon="17.20163">
        <ele>392.4</ele>
      </trkpt>
      <trkpt lat="40.80436" lon="17.20166">
        <ele>392.5</ele>
      </trkpt>
      <trkpt lat="40.80435" lon="17.20172">
        <ele>392.9</ele>
      </trkpt>
      <trkpt lat="40.80435" lon="17.20178">
        <ele>393.2</ele>
      </trkpt>
      <trkpt lat="40.80433" lon="17.20178">
        <ele>393.3</ele>
      </trkpt>
      <trkpt lat="40.80428" lon="17.20224">
        <ele>396.4</ele>
      </trkpt>
      <trkpt lat="40.8043" lon="17.20283">
        <ele>399.6</ele>
      </trkpt>
      <trkpt lat="40.80442" lon="17.20333">
        <ele>400.6</ele>
      </trkpt>
      <trkpt lat="40.80455" lon="17.20371">
        <ele>398.3</ele>
      </trkpt>
      <trkpt lat="40.80453" lon="17.20436">
        <ele>397.4</ele>
      </trkpt>
      <trkpt lat="40.80453" lon="17.20485">
        <ele>396.3</ele>
      </trkpt>
      <trkpt lat="40.80449" lon="17.20545">
        <ele>394.2</ele>
      </trkpt>
      <trkpt lat="40.80435" lon="17.20595">
        <ele>393.4</ele>
      </trkpt>
      <trkpt lat="40.80433" lon="17.20616">
        <ele>392.3</ele>
      </trkpt>
      <trkpt lat="40.80418" lon="17.2064">
        <ele>392.7</ele>
      </trkpt>
      <trkpt lat="40.80412" lon="17.206589">
        <ele>392.4</ele>
      </trkpt>
      <trkpt lat="40.80412" lon="17.206689">
        <ele>391.7</ele>
      </trkpt>
      <trkpt lat="40.80418" lon="17.20681">
        <ele>390.3</ele>
      </trkpt>
      <trkpt lat="40.80418" lon="17.20698">
        <ele>389.7</ele>
      </trkpt>
      <trkpt lat="40.80415" lon="17.20731">
        <ele>388.9</ele>
      </trkpt>
      <trkpt lat="40.80409" lon="17.2075">
        <ele>388.9</ele>
      </trkpt>
      <trkpt lat="40.803759" lon="17.2082">
        <ele>390.4</ele>
      </trkpt>
      <trkpt lat="40.80351" lon="17.20864">
        <ele>391.5</ele>
      </trkpt>
      <trkpt lat="40.80291" lon="17.20954">
        <ele>396.2</ele>
      </trkpt>
      <trkpt lat="40.8026" lon="17.20992">
        <ele>397.7</ele>
      </trkpt>
      <trkpt lat="40.80091" lon="17.21189">
        <ele>404.7</ele>
      </trkpt>
      <trkpt lat="40.80036" lon="17.21259">
        <ele>405.3</ele>
      </trkpt>
      <trkpt lat="40.79951" lon="17.21351">
        <ele>409.4</ele>
      </trkpt>
      <trkpt lat="40.79936" lon="17.21378">
        <ele>409.9</ele>
      </trkpt>
      <trkpt lat="40.79913" lon="17.21435">
        <ele>410.1</ele>
      </trkpt>
      <trkpt lat="40.79869" lon="17.21528">
        <ele>410.8</ele>
      </trkpt>
      <trkpt lat="40.79817" lon="17.21577">
        <ele>411.7</ele>
      </trkpt>
      <trkpt lat="40.797939" lon="17.2161">
        <ele>411.8</ele>
      </trkpt>
      <trkpt lat="40.79741" lon="17.21703">
        <ele>411.6</ele>
      </trkpt>
      <trkpt lat="40.79721" lon="17.21741">
        <ele>411.6</ele>
      </trkpt>
      <trkpt lat="40.79714" lon="17.21763">
        <ele>411.3</ele>
      </trkpt>
      <trkpt lat="40.79688" lon="17.218509">
        <ele>410.1</ele>
      </trkpt>
      <trkpt lat="40.79676" lon="17.2188">
        <ele>410.2</ele>
      </trkpt>
      <trkpt lat="40.79619" lon="17.21996">
        <ele>411.3</ele>
      </trkpt>
      <trkpt lat="40.79605" lon="17.22014">
        <ele>412.2</ele>
      </trkpt>
      <trkpt lat="40.79592" lon="17.22027">
        <ele>413.0</ele>
      </trkpt>
      <trkpt lat="40.7944" lon="17.22091">
        <ele>418.8</ele>
      </trkpt>
      <trkpt lat="40.79418" lon="17.221">
        <ele>419.7</ele>
      </trkpt>
      <trkpt lat="40.79396" lon="17.22103">
        <ele>420.1</ele>
      </trkpt>
      <trkpt lat="40.7937" lon="17.22116">
        <ele>420.1</ele>
      </trkpt>
      <trkpt lat="40.79332" lon="17.22151">
        <ele>418.8</ele>
      </trkpt>
      <trkpt lat="40.7931" lon="17.22179">
        <ele>418.2</ele>
      </trkpt>
      <trkpt lat="40.79227" lon="17.22304">
        <ele>417.2</ele>
      </trkpt>
      <trkpt lat="40.79027" lon="17.22542">
        <ele>423.3</ele>
      </trkpt>
      <trkpt lat="40.78923" lon="17.22661">
        <ele>424.2</ele>
      </trkpt>
      <trkpt lat="40.78906" lon="17.226769">
        <ele>424.0</ele>
      </trkpt>
      <trkpt lat="40.78845" lon="17.22729">
        <ele>423.9</ele>
      </trkpt>
      <trkpt lat="40.78806" lon="17.22776">
        <ele>424.2</ele>
      </trkpt>
      <trkpt lat="40.78761" lon="17.22822">
        <ele>422.7</ele>
      </trkpt>
      <trkpt lat="40.78741" lon="17.22839">
        <ele>422.1</ele>
      </trkpt>
      <trkpt lat="40.78664" lon="17.2292">
        <ele>420.0</ele>
      </trkpt>
      <trkpt lat="40.78568" lon="17.230709">
        <ele>416.8</ele>
      </trkpt>
      <trkpt lat="40.78503" lon="17.231739">
        <ele>415.3</ele>
      </trkpt>
      <trkpt lat="40.78496" lon="17.23182">
        <ele>415.5</ele>
      </trkpt>
      <trkpt lat="40.78491" lon="17.23178">
        <ele>415.7</ele>
      </trkpt>
      <trkpt lat="40.78488" lon="17.2318">
        <ele>415.8</ele>
      </trkpt>
      <trkpt lat="40.78485" lon="17.23186">
        <ele>416.1</ele>
      </trkpt>
      <trkpt lat="40.78488" lon="17.23192">
        <ele>416.1</ele>
      </trkpt>
      <trkpt lat="40.78477" lon="17.23214">
        <ele>416.8</ele>
      </trkpt>
      <trkpt lat="40.7844" lon="17.23309">
        <ele>417.1</ele>
      </trkpt>
      <trkpt lat="40.78426" lon="17.23288">
        <ele>417.2</ele>
      </trkpt>
      <trkpt lat="40.78402" lon="17.2333">
        <ele>416.4</ele>
      </trkpt>
      <trkpt lat="40.78391" lon="17.23358">
        <ele>416.5</ele>
      </trkpt>
      <trkpt lat="40.78364" lon="17.23487">
        <ele>415.6</ele>
      </trkpt>
      <trkpt lat="40.78346" lon="17.23548">
        <ele>413.8</ele>
      </trkpt>
      <trkpt lat="40.78348" lon="17.23574">
        <ele>413.1</ele>
      </trkpt>
      <trkpt lat="40.78345" lon="17.23591">
        <ele>412.6</ele>
      </trkpt>
      <trkpt lat="40.78346" lon="17.23595">
        <ele>412.7</ele>
      </trkpt>
      <trkpt lat="40.78319" lon="17.236619">
        <ele>412.1</ele>
      </trkpt>
      <trkpt lat="40.78305" lon="17.23717">
        <ele>414.2</ele>
      </trkpt>
      <trkpt lat="40.78292" lon="17.23783">
        <ele>413.8</ele>
      </trkpt>
      <trkpt lat="40.7831" lon="17.23789">
        <ele>414.0</ele>
      </trkpt>
      <trkpt lat="40.7832" lon="17.23796">
        <ele>414.1</ele>
      </trkpt>
      <trkpt lat="40.78339" lon="17.23847">
        <ele>415.3</ele>
      </trkpt>
      <trkpt lat="40.78339" lon="17.23846">
        <ele>415.2</ele>
      </trkpt>
      <trkpt lat="40.78362" lon="17.23914">
        <ele>419.0</ele>
      </trkpt>
      <trkpt lat="40.78376" lon="17.239249">
        <ele>419.4</ele>
      </trkpt>
      <trkpt lat="40.7838" lon="17.2393">
        <ele>419.4</ele>
      </trkpt>
      <trkpt lat="40.78395" lon="17.23927">
        <ele>419.9</ele>
      </trkpt>
      <trkpt lat="40.78405" lon="17.23986">
        <ele>418.4</ele>
      </trkpt>
      <trkpt lat="40.78426" lon="17.239909">
        <ele>418.5</ele>
      </trkpt>
      <trkpt lat="40.784439" lon="17.239909">
        <ele>418.9</ele>
      </trkpt>
      <trkpt lat="40.78479" lon="17.24107">
        <ele>414.3</ele>
      </trkpt>
      <trkpt lat="40.78543" lon="17.24033">
        <ele>417.2</ele>
      </trkpt>
      <trkpt lat="40.78552" lon="17.24025">
        <ele>417.4</ele>
      </trkpt>
      <trkpt lat="40.78639" lon="17.2408">
        <ele>413.1</ele>
      </trkpt>
      <trkpt lat="40.78649" lon="17.24086">
        <ele>412.8</ele>
      </trkpt>
      <trkpt lat="40.78761" lon="17.24135">
        <ele>406.7</ele>
      </trkpt>
      <trkpt lat="40.78776" lon="17.24138">
        <ele>406.6</ele>
      </trkpt>
      <trkpt lat="40.78784" lon="17.24137">
        <ele>406.8</ele>
      </trkpt>
      <trkpt lat="40.78806" lon="17.24128">
        <ele>407.6</ele>
      </trkpt>
      <trkpt lat="40.78814" lon="17.2413">
        <ele>407.5</ele>
      </trkpt>
      <trkpt lat="40.78835" lon="17.24157">
        <ele>405.7</ele>
      </trkpt>
      <trkpt lat="40.78843" lon="17.24163">
        <ele>405.3</ele>
      </trkpt>
      <trkpt lat="40.78871" lon="17.24172">
        <ele>404.6</ele>
      </trkpt>
      <trkpt lat="40.79089" lon="17.24251">
        <ele>403.0</ele>
      </trkpt>
      <trkpt lat="40.79097" lon="17.24259">
        <ele>402.4</ele>
      </trkpt>
      <trkpt lat="40.79104" lon="17.2427">
        <ele>401.4</ele>
      </trkpt>
      <trkpt lat="40.79104" lon="17.24284">
        <ele>399.9</ele>
      </trkpt>
      <trkpt lat="40.791089" lon="17.24292">
        <ele>399.1</ele>
      </trkpt>
      <trkpt lat="40.79112" lon="17.24295">
        <ele>398.8</ele>
      </trkpt>
      <trkpt lat="40.7912" lon="17.24297">
        <ele>398.6</ele>
      </trkpt>
      <trkpt lat="40.7913" lon="17.24304">
        <ele>397.8</ele>
      </trkpt>
      <trkpt lat="40.791379" lon="17.24313">
        <ele>396.8</ele>
      </trkpt>
      <trkpt lat="40.7916" lon="17.24358">
        <ele>391.8</ele>
      </trkpt>
      <trkpt lat="40.79231" lon="17.245069">
        <ele>382.6</ele>
      </trkpt>
      <trkpt lat="40.79256" lon="17.24552">
        <ele>383.8</ele>
      </trkpt>
      <trkpt lat="40.79266" lon="17.24595">
        <ele>384.5</ele>
      </trkpt>
      <trkpt lat="40.79267" lon="17.246009">
        <ele>384.4</ele>
      </trkpt>
      <trkpt lat="40.7927" lon="17.24607">
        <ele>384.3</ele>
      </trkpt>
      <trkpt lat="40.79274" lon="17.246099">
        <ele>384.2</ele>
      </trkpt>
      <trkpt lat="40.792789" lon="17.24611">
        <ele>384.1</ele>
      </trkpt>
      <trkpt lat="40.79293" lon="17.24628">
        <ele>383.7</ele>
      </trkpt>
      <trkpt lat="40.79305" lon="17.24645">
        <ele>383.4</ele>
      </trkpt>
      <trkpt lat="40.79313" lon="17.24679">
        <ele>382.9</ele>
      </trkpt>
      <trkpt lat="40.79319" lon="17.24733">
        <ele>381.6</ele>
      </trkpt>
      <trkpt lat="40.793259" lon="17.24801">
        <ele>380.4</ele>
      </trkpt>
      <trkpt lat="40.79327" lon="17.24838">
        <ele>379.9</ele>
      </trkpt>
      <trkpt lat="40.79322" lon="17.249669">
        <ele>378.1</ele>
      </trkpt>
      <trkpt lat="40.79331" lon="17.24997">
        <ele>378.0</ele>
      </trkpt>
      <trkpt lat="40.79371" lon="17.25092">
        <ele>377.9</ele>
      </trkpt>
      <trkpt lat="40.7941" lon="17.251919">
        <ele>376.3</ele>
      </trkpt>
      <trkpt lat="40.79426" lon="17.252109">
        <ele>376.4</ele>
      </trkpt>
      <trkpt lat="40.79446" lon="17.25233">
        <ele>376.2</ele>
      </trkpt>
      <trkpt lat="40.79585" lon="17.25346">
        <ele>371.5</ele>
      </trkpt>
      <trkpt lat="40.79633" lon="17.25388">
        <ele>369.8</ele>
      </trkpt>
      <trkpt lat="40.79739" lon="17.2548">
        <ele>370.4</ele>
      </trkpt>
      <trkpt lat="40.79842" lon="17.25583">
        <ele>367.0</ele>
      </trkpt>
      <trkpt lat="40.79893" lon="17.256329">
        <ele>368.2</ele>
      </trkpt>
      <trkpt lat="40.7993" lon="17.25674">
        <ele>369.2</ele>
      </trkpt>
      <trkpt lat="40.79959" lon="17.25718">
        <ele>369.8</ele>
      </trkpt>
      <trkpt lat="40.79977" lon="17.25779">
        <ele>371.6</ele>
      </trkpt>
      <trkpt lat="40.80008" lon="17.25929">
        <ele>380.1</ele>
      </trkpt>
      <trkpt lat="40.80015" lon="17.25959">
        <ele>382.3</ele>
      </trkpt>
      <trkpt lat="40.80059" lon="17.260739">
        <ele>388.1</ele>
      </trkpt>
      <trkpt lat="40.800849" lon="17.26137">
        <ele>389.6</ele>
      </trkpt>
      <trkpt lat="40.80109" lon="17.2618">
        <ele>390.0</ele>
      </trkpt>
      <trkpt lat="40.801319" lon="17.26216">
        <ele>389.7</ele>
      </trkpt>
      <trkpt lat="40.80154" lon="17.26223">
        <ele>389.4</ele>
      </trkpt>
      <trkpt lat="40.80172" lon="17.26216">
        <ele>389.2</ele>
      </trkpt>
      <trkpt lat="40.80209" lon="17.26206">
        <ele>388.0</ele>
      </trkpt>
      <trkpt lat="40.80241" lon="17.2623">
        <ele>387.0</ele>
      </trkpt>
      <trkpt lat="40.80267" lon="17.26254">
        <ele>386.9</ele>
      </trkpt>
      <trkpt lat="40.80293" lon="17.26281">
        <ele>387.6</ele>
      </trkpt>
      <trkpt lat="40.80406" lon="17.26413">
        <ele>391.6</ele>
      </trkpt>
      <trkpt lat="40.80483" lon="17.26474">
        <ele>395.0</ele>
      </trkpt>
      <trkpt lat="40.80515" lon="17.264869">
        <ele>395.7</ele>
      </trkpt>
      <trkpt lat="40.80539" lon="17.26452">
        <ele>395.1</ele>
      </trkpt>
      <trkpt lat="40.80565" lon="17.26413">
        <ele>394.8</ele>
      </trkpt>
      <trkpt lat="40.80623" lon="17.26374">
        <ele>395.5</ele>
      </trkpt>
      <trkpt lat="40.80678" lon="17.263179">
        <ele>395.3</ele>
      </trkpt>
      <trkpt lat="40.80754" lon="17.26235">
        <ele>396.3</ele>
      </trkpt>
      <trkpt lat="40.80857" lon="17.26115">
        <ele>396.3</ele>
      </trkpt>
      <trkpt lat="40.80848" lon="17.26021">
        <ele>394.7</ele>
      </trkpt>
      <trkpt lat="40.80851" lon="17.26001">
        <ele>394.4</ele>
      </trkpt>
      <trkpt lat="40.8086" lon="17.25989">
        <ele>393.7</ele>
      </trkpt>
      <trkpt lat="40.80953" lon="17.25925">
        <ele>390.6</ele>
      </trkpt>
      <trkpt lat="40.80968" lon="17.259049">
        <ele>390.1</ele>
      </trkpt>
      <trkpt lat="40.80973" lon="17.25898">
        <ele>389.8</ele>
      </trkpt>
      <trkpt lat="40.809959" lon="17.25851">
        <ele>388.4</ele>
      </trkpt>
      <trkpt lat="40.81011" lon="17.25835">
        <ele>388.3</ele>
      </trkpt>
      <trkpt lat="40.810989" lon="17.25757">
        <ele>385.8</ele>
      </trkpt>
      <trkpt lat="40.811549" lon="17.25712">
        <ele>383.3</ele>
      </trkpt>
      <trkpt lat="40.81186" lon="17.25696">
        <ele>381.8</ele>
      </trkpt>
      <trkpt lat="40.81201" lon="17.256889">
        <ele>381.2</ele>
      </trkpt>
      <trkpt lat="40.81315" lon="17.25619">
        <ele>375.3</ele>
      </trkpt>
      <trkpt lat="40.81346" lon="17.25609">
        <ele>374.4</ele>
      </trkpt>
      <trkpt lat="40.81505" lon="17.25592">
        <ele>368.9</ele>
      </trkpt>
      <trkpt lat="40.81539" lon="17.25589">
        <ele>367.3</ele>
      </trkpt>
      <trkpt lat="40.81545" lon="17.25597">
        <ele>367.2</ele>
      </trkpt>
      <trkpt lat="40.81601" lon="17.25629">
        <ele>365.1</ele>
      </trkpt>
      <trkpt lat="40.81629" lon="17.25649">
        <ele>363.2</ele>
      </trkpt>
      <trkpt lat="40.81639" lon="17.25662">
        <ele>362.6</ele>
      </trkpt>
      <trkpt lat="40.816429" lon="17.25679">
        <ele>361.8</ele>
      </trkpt>
      <trkpt lat="40.816429" lon="17.25695">
        <ele>361.3</ele>
      </trkpt>
      <trkpt lat="40.81633" lon="17.25706">
        <ele>361.8</ele>
      </trkpt>
      <trkpt lat="40.81617" lon="17.25706">
        <ele>363.4</ele>
      </trkpt>
      <trkpt lat="40.8161" lon="17.25719">
        <ele>363.6</ele>
      </trkpt>
      <trkpt lat="40.81618" lon="17.25731">
        <ele>362.4</ele>
      </trkpt>
      <trkpt lat="40.81674" lon="17.2574">
        <ele>356.8</ele>
      </trkpt>
      <trkpt lat="40.81702" lon="17.25791">
        <ele>351.6</ele>
      </trkpt>
      <trkpt lat="40.81725" lon="17.25842">
        <ele>347.1</ele>
      </trkpt>
      <trkpt lat="40.81739" lon="17.2586">
        <ele>346.7</ele>
      </trkpt>
      <trkpt lat="40.81778" lon="17.258769">
        <ele>343.6</ele>
      </trkpt>
      <trkpt lat="40.81801" lon="17.25888">
        <ele>341.8</ele>
      </trkpt>
      <trkpt lat="40.81814" lon="17.25897">
        <ele>340.9</ele>
      </trkpt>
      <trkpt lat="40.81824" lon="17.25911">
        <ele>340.7</ele>
      </trkpt>
      <trkpt lat="40.8183" lon="17.25928">
        <ele>340.9</ele>
      </trkpt>
      <trkpt lat="40.818309" lon="17.25936">
        <ele>341.2</ele>
      </trkpt>
      <trkpt lat="40.81835" lon="17.259429">
        <ele>341.0</ele>
      </trkpt>
      <trkpt lat="40.81844" lon="17.26075">
        <ele>342.5</ele>
      </trkpt>
      <trkpt lat="40.81848" lon="17.261869">
        <ele>341.2</ele>
      </trkpt>
      <trkpt lat="40.8185" lon="17.26223">
        <ele>339.4</ele>
      </trkpt>
      <trkpt lat="40.81848" lon="17.26233">
        <ele>339.4</ele>
      </trkpt>
      <trkpt lat="40.81838" lon="17.26255">
        <ele>339.8</ele>
      </trkpt>
      <trkpt lat="40.81817" lon="17.26263">
        <ele>341.5</ele>
      </trkpt>
      <trkpt lat="40.81803" lon="17.26264">
        <ele>342.9</ele>
      </trkpt>
      <trkpt lat="40.81789" lon="17.26269">
        <ele>343.8</ele>
      </trkpt>
      <trkpt lat="40.81777" lon="17.26278">
        <ele>344.2</ele>
      </trkpt>
      <trkpt lat="40.81768" lon="17.26291">
        <ele>343.7</ele>
      </trkpt>
      <trkpt lat="40.81768" lon="17.263089">
        <ele>341.8</ele>
      </trkpt>
      <trkpt lat="40.81792" lon="17.26391">
        <ele>341.5</ele>
      </trkpt>
      <trkpt lat="40.81814" lon="17.26427">
        <ele>342.2</ele>
      </trkpt>
      <trkpt lat="40.81854" lon="17.26498">
        <ele>344.3</ele>
      </trkpt>
      <trkpt lat="40.81889" lon="17.26589">
        <ele>341.9</ele>
      </trkpt>
      <trkpt lat="40.81907" lon="17.26631">
        <ele>340.4</ele>
      </trkpt>
      <trkpt lat="40.8191" lon="17.266649">
        <ele>341.1</ele>
      </trkpt>
      <trkpt lat="40.81908" lon="17.26696">
        <ele>340.6</ele>
      </trkpt>
      <trkpt lat="40.81896" lon="17.26785">
        <ele>340.2</ele>
      </trkpt>
      <trkpt lat="40.81868" lon="17.26937">
        <ele>338.9</ele>
      </trkpt>
      <trkpt lat="40.81838" lon="17.2709">
        <ele>339.6</ele>
      </trkpt>
      <trkpt lat="40.81828" lon="17.27129">
        <ele>339.3</ele>
      </trkpt>
      <trkpt lat="40.81811" lon="17.2717">
        <ele>340.2</ele>
      </trkpt>
      <trkpt lat="40.81792" lon="17.27211">
        <ele>340.4</ele>
      </trkpt>
      <trkpt lat="40.81772" lon="17.2723">
        <ele>343.3</ele>
      </trkpt>
      <trkpt lat="40.81767" lon="17.27249">
        <ele>343.0</ele>
      </trkpt>
      <trkpt lat="40.817659" lon="17.27273">
        <ele>342.6</ele>
      </trkpt>
      <trkpt lat="40.81765" lon="17.27295">
        <ele>342.2</ele>
      </trkpt>
      <trkpt lat="40.8176" lon="17.27325">
        <ele>342.7</ele>
      </trkpt>
      <trkpt lat="40.81754" lon="17.27354">
        <ele>341.8</ele>
      </trkpt>
      <trkpt lat="40.817369" lon="17.27387">
        <ele>341.1</ele>
      </trkpt>
      <trkpt lat="40.8171" lon="17.27428">
        <ele>340.5</ele>
      </trkpt>
      <trkpt lat="40.81697" lon="17.27453">
        <ele>340.8</ele>
      </trkpt>
      <trkpt lat="40.81684" lon="17.27489">
        <ele>340.7</ele>
      </trkpt>
      <trkpt lat="40.81673" lon="17.27527">
        <ele>343.1</ele>
      </trkpt>
      <trkpt lat="40.81668" lon="17.2757">
        <ele>346.1</ele>
      </trkpt>
      <trkpt lat="40.81666" lon="17.27608">
        <ele>344.7</ele>
      </trkpt>
      <trkpt lat="40.81661" lon="17.27691">
        <ele>341.0</ele>
      </trkpt>
      <trkpt lat="40.81662" lon="17.277259">
        <ele>342.6</ele>
      </trkpt>
      <trkpt lat="40.81674" lon="17.27809">
        <ele>342.5</ele>
      </trkpt>
      <trkpt lat="40.81674" lon="17.27868">
        <ele>342.1</ele>
      </trkpt>
      <trkpt lat="40.81669" lon="17.2794">
        <ele>342.1</ele>
      </trkpt>
      <trkpt lat="40.81664" lon="17.27971">
        <ele>342.9</ele>
      </trkpt>
      <trkpt lat="40.81656" lon="17.279979">
        <ele>344.3</ele>
      </trkpt>
      <trkpt lat="40.81604" lon="17.28153">
        <ele>341.2</ele>
      </trkpt>
      <trkpt lat="40.81597" lon="17.28168">
        <ele>341.6</ele>
      </trkpt>
      <trkpt lat="40.81583" lon="17.281949">
        <ele>341.7</ele>
      </trkpt>
      <trkpt lat="40.81564" lon="17.28241">
        <ele>340.5</ele>
      </trkpt>
      <trkpt lat="40.8156" lon="17.28256">
        <ele>340.1</ele>
      </trkpt>
      <trkpt lat="40.81576" lon="17.2837">
        <ele>336.5</ele>
      </trkpt>
      <trkpt lat="40.81576" lon="17.28385">
        <ele>337.1</ele>
      </trkpt>
      <trkpt lat="40.81574" lon="17.28406">
        <ele>338.3</ele>
      </trkpt>
      <trkpt lat="40.81541" lon="17.28577">
        <ele>340.0</ele>
      </trkpt>
      <trkpt lat="40.81533" lon="17.28639">
        <ele>339.3</ele>
      </trkpt>
      <trkpt lat="40.81525" lon="17.286639">
        <ele>340.2</ele>
      </trkpt>
      <trkpt lat="40.81492" lon="17.28771">
        <ele>343.1</ele>
      </trkpt>
      <trkpt lat="40.81485" lon="17.28809">
        <ele>341.9</ele>
      </trkpt>
      <trkpt lat="40.81476" lon="17.28883">
        <ele>338.0</ele>
      </trkpt>
      <trkpt lat="40.81466" lon="17.28914">
        <ele>338.0</ele>
      </trkpt>
      <trkpt lat="40.81453" lon="17.28942">
        <ele>338.3</ele>
      </trkpt>
      <trkpt lat="40.81441" lon="17.2896">
        <ele>339.4</ele>
      </trkpt>
      <trkpt lat="40.81407" lon="17.28975">
        <ele>346.5</ele>
      </trkpt>
      <trkpt lat="40.813989" lon="17.28986">
        <ele>347.0</ele>
      </trkpt>
      <trkpt lat="40.81396" lon="17.29007">
        <ele>345.6</ele>
      </trkpt>
      <trkpt lat="40.81401" lon="17.29066">
        <ele>339.4</ele>
      </trkpt>
      <trkpt lat="40.81401" lon="17.290679">
        <ele>339.2</ele>
      </trkpt>
      <trkpt lat="40.81393" lon="17.29087">
        <ele>340.1</ele>
      </trkpt>
      <trkpt lat="40.81377" lon="17.29135">
        <ele>340.7</ele>
      </trkpt>
      <trkpt lat="40.81345" lon="17.29201">
        <ele>341.5</ele>
      </trkpt>
      <trkpt lat="40.81329" lon="17.29228">
        <ele>341.2</ele>
      </trkpt>
      <trkpt lat="40.81265" lon="17.29314">
        <ele>342.7</ele>
      </trkpt>
      <trkpt lat="40.81245" lon="17.29337">
        <ele>343.1</ele>
      </trkpt>
      <trkpt lat="40.81213" lon="17.29361">
        <ele>342.4</ele>
      </trkpt>
      <trkpt lat="40.81197" lon="17.29378">
        <ele>340.3</ele>
      </trkpt>
      <trkpt lat="40.81177" lon="17.29395">
        <ele>337.8</ele>
      </trkpt>
      <trkpt lat="40.8115" lon="17.29397">
        <ele>337.3</ele>
      </trkpt>
      <trkpt lat="40.81123" lon="17.29374">
        <ele>341.4</ele>
      </trkpt>
      <trkpt lat="40.8112" lon="17.29362">
        <ele>343.8</ele>
      </trkpt>
      <trkpt lat="40.81113" lon="17.29354">
        <ele>345.1</ele>
      </trkpt>
      <trkpt lat="40.81106" lon="17.29354">
        <ele>344.6</ele>
      </trkpt>
      <trkpt lat="40.811" lon="17.2936">
        <ele>343.0</ele>
      </trkpt>
      <trkpt lat="40.81029" lon="17.29493">
        <ele>340.5</ele>
      </trkpt>
      <trkpt lat="40.81011" lon="17.29513">
        <ele>343.0</ele>
      </trkpt>
      <trkpt lat="40.80829" lon="17.29709">
        <ele>345.5</ele>
      </trkpt>
      <trkpt lat="40.8082" lon="17.2973">
        <ele>343.6</ele>
      </trkpt>
      <trkpt lat="40.808079" lon="17.29775">
        <ele>341.3</ele>
      </trkpt>
      <trkpt lat="40.80815" lon="17.2982">
        <ele>339.7</ele>
      </trkpt>
      <trkpt lat="40.808169" lon="17.29839">
        <ele>340.2</ele>
      </trkpt>
      <trkpt lat="40.80816" lon="17.298469">
        <ele>341.3</ele>
      </trkpt>
      <trkpt lat="40.80811" lon="17.2985">
        <ele>341.8</ele>
      </trkpt>
      <trkpt lat="40.80772" lon="17.29844">
        <ele>341.7</ele>
      </trkpt>
      <trkpt lat="40.80751" lon="17.29846">
        <ele>342.4</ele>
      </trkpt>
      <trkpt lat="40.80741" lon="17.2985">
        <ele>343.6</ele>
      </trkpt>
      <trkpt lat="40.80728" lon="17.29862">
        <ele>345.5</ele>
      </trkpt>
      <trkpt lat="40.80718" lon="17.29877">
        <ele>346.7</ele>
      </trkpt>
      <trkpt lat="40.80697" lon="17.299">
        <ele>347.4</ele>
      </trkpt>
      <trkpt lat="40.80685" lon="17.29907">
        <ele>347.1</ele>
      </trkpt>
      <trkpt lat="40.80627" lon="17.29915">
        <ele>348.1</ele>
      </trkpt>
      <trkpt lat="40.80607" lon="17.29927">
        <ele>349.7</ele>
      </trkpt>
      <trkpt lat="40.80576" lon="17.29944">
        <ele>352.5</ele>
      </trkpt>
      <trkpt lat="40.80544" lon="17.29996">
        <ele>354.7</ele>
      </trkpt>
      <trkpt lat="40.80538" lon="17.30001">
        <ele>354.5</ele>
      </trkpt>
      <trkpt lat="40.80491" lon="17.30014">
        <ele>355.8</ele>
      </trkpt>
      <trkpt lat="40.80477" lon="17.30024">
        <ele>357.6</ele>
      </trkpt>
      <trkpt lat="40.80443" lon="17.30067">
        <ele>359.5</ele>
      </trkpt>
      <trkpt lat="40.80518" lon="17.30207">
        <ele>368.8</ele>
      </trkpt>
      <trkpt lat="40.80519" lon="17.30206">
        <ele>368.7</ele>
      </trkpt>
      <trkpt lat="40.80559" lon="17.30281">
        <ele>371.7</ele>
      </trkpt>
      <trkpt lat="40.80599" lon="17.30356">
        <ele>369.8</ele>
      </trkpt>
      <trkpt lat="40.80639" lon="17.30431">
        <ele>361.9</ele>
      </trkpt>
      <trkpt lat="40.80675" lon="17.304939">
        <ele>354.3</ele>
      </trkpt>
      <trkpt lat="40.80711" lon="17.30557">
        <ele>344.0</ele>
      </trkpt>
      <trkpt lat="40.80711" lon="17.30557">
        <ele>344.0</ele>
      </trkpt>
      <trkpt lat="40.807139" lon="17.30561">
        <ele>343.1</ele>
      </trkpt>
      <trkpt lat="40.8068" lon="17.30593">
        <ele>346.6</ele>
      </trkpt>
      <trkpt lat="40.8068" lon="17.30593">
        <ele>346.6</ele>
      </trkpt>
      <trkpt lat="40.80629" lon="17.30642">
        <ele>352.0</ele>
      </trkpt>
      <trkpt lat="40.80629" lon="17.30642">
        <ele>352.0</ele>
      </trkpt>
      <trkpt lat="40.80597" lon="17.30674">
        <ele>353.2</ele>
      </trkpt>
      <trkpt lat="40.80513" lon="17.30782">
        <ele>347.2</ele>
      </trkpt>
      <trkpt lat="40.80505" lon="17.30789">
        <ele>346.3</ele>
      </trkpt>
      <trkpt lat="40.80475" lon="17.30803">
        <ele>347.2</ele>
      </trkpt>
      <trkpt lat="40.80428" lon="17.30853">
        <ele>347.1</ele>
      </trkpt>
      <trkpt lat="40.80421" lon="17.30865">
        <ele>347.2</ele>
      </trkpt>
      <trkpt lat="40.80407" lon="17.30916">
        <ele>344.6</ele>
      </trkpt>
      <trkpt lat="40.80407" lon="17.30921">
        <ele>345.1</ele>
      </trkpt>
      <trkpt lat="40.80412" lon="17.30924">
        <ele>345.2</ele>
      </trkpt>
      <trkpt lat="40.80488" lon="17.30951">
        <ele>342.3</ele>
      </trkpt>
      <trkpt lat="40.80502" lon="17.30962">
        <ele>342.0</ele>
      </trkpt>
      <trkpt lat="40.80509" lon="17.30981">
        <ele>342.4</ele>
      </trkpt>
      <trkpt lat="40.80512" lon="17.31033">
        <ele>341.0</ele>
      </trkpt>
      <trkpt lat="40.805079" lon="17.31052">
        <ele>340.5</ele>
      </trkpt>
      <trkpt lat="40.80489" lon="17.311">
        <ele>339.5</ele>
      </trkpt>
      <trkpt lat="40.80474" lon="17.31129">
        <ele>338.3</ele>
      </trkpt>
      <trkpt lat="40.8034" lon="17.312919">
        <ele>340.3</ele>
      </trkpt>
      <trkpt lat="40.80182" lon="17.31482">
        <ele>343.6</ele>
      </trkpt>
      <trkpt lat="40.80174" lon="17.314979">
        <ele>342.9</ele>
      </trkpt>
      <trkpt lat="40.80145" lon="17.31577">
        <ele>340.5</ele>
      </trkpt>
      <trkpt lat="40.80127" lon="17.31605">
        <ele>340.3</ele>
      </trkpt>
      <trkpt lat="40.7995" lon="17.31871">
        <ele>338.1</ele>
      </trkpt>
      <trkpt lat="40.79945" lon="17.31878">
        <ele>337.9</ele>
      </trkpt>
      <trkpt lat="40.79928" lon="17.31891">
        <ele>337.8</ele>
      </trkpt>
      <trkpt lat="40.79902" lon="17.319019">
        <ele>338.2</ele>
      </trkpt>
      <trkpt lat="40.79855" lon="17.31928">
        <ele>338.9</ele>
      </trkpt>
      <trkpt lat="40.79839" lon="17.31942">
        <ele>338.8</ele>
      </trkpt>
      <trkpt lat="40.79696" lon="17.32077">
        <ele>340.6</ele>
      </trkpt>
      <trkpt lat="40.79688" lon="17.32085">
        <ele>340.7</ele>
      </trkpt>
      <trkpt lat="40.79679" lon="17.32098">
        <ele>340.9</ele>
      </trkpt>
      <trkpt lat="40.79534" lon="17.323899">
        <ele>343.8</ele>
      </trkpt>
      <trkpt lat="40.79477" lon="17.32501">
        <ele>343.5</ele>
      </trkpt>
      <trkpt lat="40.79465" lon="17.32528">
        <ele>343.0</ele>
      </trkpt>
      <trkpt lat="40.79459" lon="17.32544">
        <ele>342.7</ele>
      </trkpt>
      <trkpt lat="40.79451" lon="17.32574">
        <ele>342.0</ele>
      </trkpt>
      <trkpt lat="40.79444" lon="17.3259">
        <ele>341.6</ele>
      </trkpt>
      <trkpt lat="40.79431" lon="17.32607">
        <ele>340.9</ele>
      </trkpt>
      <trkpt lat="40.79417" lon="17.32617">
        <ele>340.6</ele>
      </trkpt>
      <trkpt lat="40.793819" lon="17.3263">
        <ele>340.7</ele>
      </trkpt>
      <trkpt lat="40.7933" lon="17.32648">
        <ele>340.8</ele>
      </trkpt>
      <trkpt lat="40.79313" lon="17.32658">
        <ele>341.2</ele>
      </trkpt>
      <trkpt lat="40.79301" lon="17.32672">
        <ele>341.0</ele>
      </trkpt>
      <trkpt lat="40.792499" lon="17.32738">
        <ele>339.0</ele>
      </trkpt>
      <trkpt lat="40.79223" lon="17.32767">
        <ele>339.7</ele>
      </trkpt>
      <trkpt lat="40.79191" lon="17.32792">
        <ele>340.9</ele>
      </trkpt>
      <trkpt lat="40.79158" lon="17.32817">
        <ele>341.5</ele>
      </trkpt>
      <trkpt lat="40.78965" lon="17.32963">
        <ele>340.2</ele>
      </trkpt>
      <trkpt lat="40.78952" lon="17.32971">
        <ele>340.5</ele>
      </trkpt>
      <trkpt lat="40.78952" lon="17.3297">
        <ele>340.6</ele>
      </trkpt>
      <trkpt lat="40.78952" lon="17.3297">
        <ele>340.6</ele>
      </trkpt>
      <trkpt lat="40.78952" lon="17.329719">
        <ele>340.5</ele>
      </trkpt>
      <trkpt lat="40.78878" lon="17.33024">
        <ele>341.6</ele>
      </trkpt>
      <trkpt lat="40.78803" lon="17.33076">
        <ele>342.6</ele>
      </trkpt>
      <trkpt lat="40.78776" lon="17.3311">
        <ele>342.1</ele>
      </trkpt>
      <trkpt lat="40.78751" lon="17.33141">
        <ele>340.7</ele>
      </trkpt>
      <trkpt lat="40.78704" lon="17.33179">
        <ele>341.5</ele>
      </trkpt>
      <trkpt lat="40.78665" lon="17.33211">
        <ele>341.3</ele>
      </trkpt>
      <trkpt lat="40.78626" lon="17.33242">
        <ele>340.2</ele>
      </trkpt>
      <trkpt lat="40.78626" lon="17.33243">
        <ele>340.1</ele>
      </trkpt>
      <trkpt lat="40.78569" lon="17.33289">
        <ele>339.8</ele>
      </trkpt>
      <trkpt lat="40.78548" lon="17.33313">
        <ele>338.3</ele>
      </trkpt>
      <trkpt lat="40.78545" lon="17.33324">
        <ele>337.6</ele>
      </trkpt>
      <trkpt lat="40.78539" lon="17.33326">
        <ele>337.5</ele>
      </trkpt>
      <trkpt lat="40.78526" lon="17.33351">
        <ele>336.7</ele>
      </trkpt>
      <trkpt lat="40.78514" lon="17.3336">
        <ele>336.5</ele>
      </trkpt>
      <trkpt lat="40.78498" lon="17.33368">
        <ele>336.1</ele>
      </trkpt>
      <trkpt lat="40.78455" lon="17.333749">
        <ele>335.5</ele>
      </trkpt>
      <trkpt lat="40.78438" lon="17.33373">
        <ele>335.3</ele>
      </trkpt>
      <trkpt lat="40.78408" lon="17.33371">
        <ele>335.1</ele>
      </trkpt>
      <trkpt lat="40.78352" lon="17.33342">
        <ele>335.7</ele>
      </trkpt>
      <trkpt lat="40.78297" lon="17.33313">
        <ele>336.8</ele>
      </trkpt>
      <trkpt lat="40.78272" lon="17.33301">
        <ele>337.2</ele>
      </trkpt>
      <trkpt lat="40.78224" lon="17.332909">
        <ele>338.9</ele>
      </trkpt>
      <trkpt lat="40.78215" lon="17.33289">
        <ele>339.3</ele>
      </trkpt>
      <trkpt lat="40.78164" lon="17.3327">
        <ele>341.5</ele>
      </trkpt>
      <trkpt lat="40.78164" lon="17.3327">
        <ele>341.5</ele>
      </trkpt>
      <trkpt lat="40.78155" lon="17.33268">
        <ele>341.7</ele>
      </trkpt>
      <trkpt lat="40.78134" lon="17.33268">
        <ele>342.1</ele>
      </trkpt>
      <trkpt lat="40.78112" lon="17.33276">
        <ele>342.9</ele>
      </trkpt>
      <trkpt lat="40.78092" lon="17.3328">
        <ele>343.6</ele>
      </trkpt>
      <trkpt lat="40.78075" lon="17.33279">
        <ele>344.2</ele>
      </trkpt>
      <trkpt lat="40.78063" lon="17.33273">
        <ele>344.6</ele>
      </trkpt>
      <trkpt lat="40.78048" lon="17.33256">
        <ele>344.8</ele>
      </trkpt>
      <trkpt lat="40.78042" lon="17.33245">
        <ele>345.1</ele>
      </trkpt>
      <trkpt lat="40.78034" lon="17.33235">
        <ele>346.1</ele>
      </trkpt>
      <trkpt lat="40.77997" lon="17.3321">
        <ele>350.2</ele>
      </trkpt>
      <trkpt lat="40.77989" lon="17.332059">
        <ele>351.1</ele>
      </trkpt>
      <trkpt lat="40.77989" lon="17.33194">
        <ele>351.6</ele>
      </trkpt>
      <trkpt lat="40.77915" lon="17.33161">
        <ele>358.2</ele>
      </trkpt>
      <trkpt lat="40.77878" lon="17.33144">
        <ele>360.3</ele>
      </trkpt>
      <trkpt lat="40.77835" lon="17.33102">
        <ele>362.7</ele>
      </trkpt>
      <trkpt lat="40.77806" lon="17.33083">
        <ele>363.3</ele>
      </trkpt>
      <trkpt lat="40.77762" lon="17.33059">
        <ele>365.6</ele>
      </trkpt>
      <trkpt lat="40.77748" lon="17.33051">
        <ele>366.3</ele>
      </trkpt>
      <trkpt lat="40.77699" lon="17.3304">
        <ele>367.1</ele>
      </trkpt>
      <trkpt lat="40.77651" lon="17.3303">
        <ele>367.1</ele>
      </trkpt>
      <trkpt lat="40.7764" lon="17.33027">
        <ele>367.0</ele>
      </trkpt>
      <trkpt lat="40.77628" lon="17.3302">
        <ele>366.9</ele>
      </trkpt>
      <trkpt lat="40.77559" lon="17.33004">
        <ele>365.2</ele>
      </trkpt>
      <trkpt lat="40.7749" lon="17.32988">
        <ele>362.2</ele>
      </trkpt>
      <trkpt lat="40.7749" lon="17.32988">
        <ele>362.2</ele>
      </trkpt>
      <trkpt lat="40.7742" lon="17.329719">
        <ele>358.8</ele>
      </trkpt>
      <trkpt lat="40.77351" lon="17.32955">
        <ele>358.5</ele>
      </trkpt>
      <trkpt lat="40.77279" lon="17.32949">
        <ele>359.3</ele>
      </trkpt>
      <trkpt lat="40.77263" lon="17.32949">
        <ele>359.6</ele>
      </trkpt>
      <trkpt lat="40.7724" lon="17.32923">
        <ele>359.0</ele>
      </trkpt>
      <trkpt lat="40.7718" lon="17.3287">
        <ele>359.4</ele>
      </trkpt>
      <trkpt lat="40.7717" lon="17.32864">
        <ele>359.3</ele>
      </trkpt>
      <trkpt lat="40.77155" lon="17.32865">
        <ele>359.3</ele>
      </trkpt>
      <trkpt lat="40.77155" lon="17.32865">
        <ele>359.3</ele>
      </trkpt>
      <trkpt lat="40.77133" lon="17.3287">
        <ele>359.5</ele>
      </trkpt>
      <trkpt lat="40.77121" lon="17.32871">
        <ele>359.6</ele>
      </trkpt>
      <trkpt lat="40.77079" lon="17.32858">
        <ele>359.9</ele>
      </trkpt>
      <trkpt lat="40.77058" lon="17.32864">
        <ele>359.6</ele>
      </trkpt>
      <trkpt lat="40.77049" lon="17.32862">
        <ele>359.5</ele>
      </trkpt>
      <trkpt lat="40.77015" lon="17.32842">
        <ele>358.5</ele>
      </trkpt>
      <trkpt lat="40.77008" lon="17.32835">
        <ele>358.2</ele>
      </trkpt>
      <trkpt lat="40.76991" lon="17.32802">
        <ele>358.5</ele>
      </trkpt>
      <trkpt lat="40.76976" lon="17.327839">
        <ele>358.3</ele>
      </trkpt>
      <trkpt lat="40.76964" lon="17.32775">
        <ele>357.9</ele>
      </trkpt>
      <trkpt lat="40.76955" lon="17.32775">
        <ele>357.5</ele>
      </trkpt>
      <trkpt lat="40.76937" lon="17.3279">
        <ele>357.1</ele>
      </trkpt>
      <trkpt lat="40.76929" lon="17.32792">
        <ele>356.9</ele>
      </trkpt>
      <trkpt lat="40.76907" lon="17.327929">
        <ele>356.4</ele>
      </trkpt>
      <trkpt lat="40.768949" lon="17.3279">
        <ele>356.2</ele>
      </trkpt>
      <trkpt lat="40.76872" lon="17.32772">
        <ele>355.0</ele>
      </trkpt>
      <trkpt lat="40.76861" lon="17.32758">
        <ele>354.1</ele>
      </trkpt>
      <trkpt lat="40.76856" lon="17.32745">
        <ele>353.5</ele>
      </trkpt>
      <trkpt lat="40.76779" lon="17.32723">
        <ele>350.1</ele>
      </trkpt>
      <trkpt lat="40.76769" lon="17.3273">
        <ele>349.9</ele>
      </trkpt>
      <trkpt lat="40.76752" lon="17.32742">
        <ele>349.7</ele>
      </trkpt>
      <trkpt lat="40.767159" lon="17.32785">
        <ele>349.3</ele>
      </trkpt>
      <trkpt lat="40.767" lon="17.32802">
        <ele>348.7</ele>
      </trkpt>
      <trkpt lat="40.76664" lon="17.32837">
        <ele>347.2</ele>
      </trkpt>
      <trkpt lat="40.76648" lon="17.32845">
        <ele>347.6</ele>
      </trkpt>
      <trkpt lat="40.76628" lon="17.32844">
        <ele>347.8</ele>
      </trkpt>
      <trkpt lat="40.76599" lon="17.32843">
        <ele>348.2</ele>
      </trkpt>
      <trkpt lat="40.76543" lon="17.32852">
        <ele>351.7</ele>
      </trkpt>
      <trkpt lat="40.76481" lon="17.32814">
        <ele>355.8</ele>
      </trkpt>
      <trkpt lat="40.764539" lon="17.32813">
        <ele>356.8</ele>
      </trkpt>
      <trkpt lat="40.76449" lon="17.32811">
        <ele>357.0</ele>
      </trkpt>
      <trkpt lat="40.76442" lon="17.32806">
        <ele>357.1</ele>
      </trkpt>
      <trkpt lat="40.76438" lon="17.32807">
        <ele>357.3</ele>
      </trkpt>
      <trkpt lat="40.76431" lon="17.32807">
        <ele>357.5</ele>
      </trkpt>
      <trkpt lat="40.76386" lon="17.32794">
        <ele>358.3</ele>
      </trkpt>
      <trkpt lat="40.76341" lon="17.32781">
        <ele>358.9</ele>
      </trkpt>
      <trkpt lat="40.76329" lon="17.32779">
        <ele>359.1</ele>
      </trkpt>
      <trkpt lat="40.76255" lon="17.32768">
        <ele>360.5</ele>
      </trkpt>
      <trkpt lat="40.76198" lon="17.32769">
        <ele>362.9</ele>
      </trkpt>
      <trkpt lat="40.761809" lon="17.32769">
        <ele>363.6</ele>
      </trkpt>
      <trkpt lat="40.76151" lon="17.32759">
        <ele>365.0</ele>
      </trkpt>
      <trkpt lat="40.76109" lon="17.327649">
        <ele>367.4</ele>
      </trkpt>
      <trkpt lat="40.76105" lon="17.32766">
        <ele>367.6</ele>
      </trkpt>
      <trkpt lat="40.76097" lon="17.32767">
        <ele>368.0</ele>
      </trkpt>
      <trkpt lat="40.76091" lon="17.32768">
        <ele>368.4</ele>
      </trkpt>
      <trkpt lat="40.76085" lon="17.32769">
        <ele>368.7</ele>
      </trkpt>
      <trkpt lat="40.76062" lon="17.32772">
        <ele>370.2</ele>
      </trkpt>
      <trkpt lat="40.76024" lon="17.32779">
        <ele>372.7</ele>
      </trkpt>
      <trkpt lat="40.76021" lon="17.32779">
        <ele>372.9</ele>
      </trkpt>
      <trkpt lat="40.76021" lon="17.32779">
        <ele>372.9</ele>
      </trkpt>
      <trkpt lat="40.76016" lon="17.32791">
        <ele>373.3</ele>
      </trkpt>
      <trkpt lat="40.7601" lon="17.32807">
        <ele>373.9</ele>
      </trkpt>
      <trkpt lat="40.75994" lon="17.32848">
        <ele>375.4</ele>
      </trkpt>
      <trkpt lat="40.75983" lon="17.32876">
        <ele>376.0</ele>
      </trkpt>
      <trkpt lat="40.75983" lon="17.32876">
        <ele>376.0</ele>
      </trkpt>
      <trkpt lat="40.7596" lon="17.328589">
        <ele>377.4</ele>
      </trkpt>
      <trkpt lat="40.759099" lon="17.32824">
        <ele>380.6</ele>
      </trkpt>
      <trkpt lat="40.75895" lon="17.328119">
        <ele>381.8</ele>
      </trkpt>
      <trkpt lat="40.75864" lon="17.32791">
        <ele>384.3</ele>
      </trkpt>
      <trkpt lat="40.75835" lon="17.32771">
        <ele>386.6</ele>
      </trkpt>
      <trkpt lat="40.75823" lon="17.32762">
        <ele>386.9</ele>
      </trkpt>
      <trkpt lat="40.75806" lon="17.32749">
        <ele>387.4</ele>
      </trkpt>
      <trkpt lat="40.7578" lon="17.3273">
        <ele>388.5</ele>
      </trkpt>
      <trkpt lat="40.75771" lon="17.32723">
        <ele>389.0</ele>
      </trkpt>
      <trkpt lat="40.75749" lon="17.32707">
        <ele>390.0</ele>
      </trkpt>
      <trkpt lat="40.75726" lon="17.32691">
        <ele>390.2</ele>
      </trkpt>
      <trkpt lat="40.75705" lon="17.32675">
        <ele>390.8</ele>
      </trkpt>
      <trkpt lat="40.75696" lon="17.3267">
        <ele>391.1</ele>
      </trkpt>
      <trkpt lat="40.75683" lon="17.32659">
        <ele>391.4</ele>
      </trkpt>
      <trkpt lat="40.75681" lon="17.32658">
        <ele>391.4</ele>
      </trkpt>
      <trkpt lat="40.7567" lon="17.32647">
        <ele>391.5</ele>
      </trkpt>
      <trkpt lat="40.75668" lon="17.32646">
        <ele>391.5</ele>
      </trkpt>
      <trkpt lat="40.756659" lon="17.32644">
        <ele>391.6</ele>
      </trkpt>
      <trkpt lat="40.75663" lon="17.32641">
        <ele>391.7</ele>
      </trkpt>
      <trkpt lat="40.75658" lon="17.32638">
        <ele>391.8</ele>
      </trkpt>
      <trkpt lat="40.75655" lon="17.32636">
        <ele>391.9</ele>
      </trkpt>
      <trkpt lat="40.75653" lon="17.32635">
        <ele>391.9</ele>
      </trkpt>
      <trkpt lat="40.75649" lon="17.32635">
        <ele>391.9</ele>
      </trkpt>
      <trkpt lat="40.75645" lon="17.3263">
        <ele>392.1</ele>
      </trkpt>
      <trkpt lat="40.75644" lon="17.32629">
        <ele>392.1</ele>
      </trkpt>
      <trkpt lat="40.75642" lon="17.32628">
        <ele>392.1</ele>
      </trkpt>
      <trkpt lat="40.75641" lon="17.32628">
        <ele>392.1</ele>
      </trkpt>
      <trkpt lat="40.75591" lon="17.32627">
        <ele>392.5</ele>
      </trkpt>
      <trkpt lat="40.75591" lon="17.32627">
        <ele>392.5</ele>
      </trkpt>
      <trkpt lat="40.75587" lon="17.32636">
        <ele>392.6</ele>
      </trkpt>
      <trkpt lat="40.75577" lon="17.32656">
        <ele>393.1</ele>
      </trkpt>
      <trkpt lat="40.75577" lon="17.32656">
        <ele>393.1</ele>
      </trkpt>
      <trkpt lat="40.755719" lon="17.32656">
        <ele>393.2</ele>
      </trkpt>
      <trkpt lat="40.7557" lon="17.32656">
        <ele>393.2</ele>
      </trkpt>
      <trkpt lat="40.75566" lon="17.32657">
        <ele>393.4</ele>
      </trkpt>
      <trkpt lat="40.75562" lon="17.32659">
        <ele>393.6</ele>
      </trkpt>
      <trkpt lat="40.75546" lon="17.32667">
        <ele>394.3</ele>
      </trkpt>
      <trkpt lat="40.75532" lon="17.32674">
        <ele>394.9</ele>
      </trkpt>
      <trkpt lat="40.75528" lon="17.32676">
        <ele>395.1</ele>
      </trkpt>
      <trkpt lat="40.75522" lon="17.32679">
        <ele>395.4</ele>
      </trkpt>
      <trkpt lat="40.754869" lon="17.32701">
        <ele>397.4</ele>
      </trkpt>
      <trkpt lat="40.75484" lon="17.32703">
        <ele>397.6</ele>
      </trkpt>
      <trkpt lat="40.75475" lon="17.32708">
        <ele>397.9</ele>
      </trkpt>
      <trkpt lat="40.75473" lon="17.327089">
        <ele>398.0</ele>
      </trkpt>
      <trkpt lat="40.75471" lon="17.32708">
        <ele>398.0</ele>
      </trkpt>
      <trkpt lat="40.754689" lon="17.32707">
        <ele>398.0</ele>
      </trkpt>
      <trkpt lat="40.7543" lon="17.32734">
        <ele>400.5</ele>
      </trkpt>
      <trkpt lat="40.75405" lon="17.32752">
        <ele>402.0</ele>
      </trkpt>
      <trkpt lat="40.75352" lon="17.32792">
        <ele>406.5</ele>
      </trkpt>
      <trkpt lat="40.75343" lon="17.32798">
        <ele>407.6</ele>
      </trkpt>
      <trkpt lat="40.75343" lon="17.32798">
        <ele>407.6</ele>
      </trkpt>
      <trkpt lat="40.75325" lon="17.3281">
        <ele>408.9</ele>
      </trkpt>
      <trkpt lat="40.75302" lon="17.32825">
        <ele>409.1</ele>
      </trkpt>
      <trkpt lat="40.75302" lon="17.32825">
        <ele>409.1</ele>
      </trkpt>
      <trkpt lat="40.753" lon="17.32821">
        <ele>408.2</ele>
      </trkpt>
    </trkseg>
  </trk>
</gpx>
