<?xml version="1.0" encoding="UTF-8"?>
<gpx xmlns:gpxdata="http://www.cluetrust.com/XML/GPXDATA/1/0" xmlns:xsi="http://www.w3.org/2001/XMLSchema-instance" xmlns="http://www.topografix.com/GPX/1/1" version="1.1" creator="http://ridewithgps.com/" xsi:schemaLocation="http://www.topografix.com/GPX/1/1 http://www.topografix.com/GPX/1/1/gpx.xsd http://www.cluetrust.com/XML/GPXDATA/1/0 http://www.cluetrust.com/Schemas/gpxdata10.xsd">
  <metadata>
    <name>07 CICLOVIA DELL'ACQUEDOTTO - LOCOROTONDO-MANDURIA NEW 2022</name>
    <link href="https://ridewithgps.com/routes/38548118">
      <text>07 CICLOVIA DELL'ACQUEDOTTO - LOCOROTONDO-MANDURIA NEW 2022</text>
    </link>
    <time>2022-02-12T13:16:14Z</time>
  </metadata>
  <trk>
    <name>07 CICLOVIA DELL'ACQUEDOTTO - LOCOROTONDO-MANDURIA NEW 2022</name>
    <trkseg>
      <trkpt lat="40.75298" lon="17.32826">
        <ele>408.9</ele>
      </trkpt>
      <trkpt lat="40.75288" lon="17.32829">
        <ele>408.5</ele>
      </trkpt>
      <trkpt lat="40.752809" lon="17.3283">
        <ele>408.1</ele>
      </trkpt>
      <trkpt lat="40.75275" lon="17.328309">
        <ele>407.7</ele>
      </trkpt>
      <trkpt lat="40.75275" lon="17.328309">
        <ele>407.7</ele>
      </trkpt>
      <trkpt lat="40.752719" lon="17.328309">
        <ele>407.5</ele>
      </trkpt>
      <trkpt lat="40.75266" lon="17.32832">
        <ele>407.1</ele>
      </trkpt>
      <trkpt lat="40.75261" lon="17.32833">
        <ele>406.9</ele>
      </trkpt>
      <trkpt lat="40.75257" lon="17.32835">
        <ele>406.7</ele>
      </trkpt>
      <trkpt lat="40.75251" lon="17.32841">
        <ele>406.7</ele>
      </trkpt>
      <trkpt lat="40.752429" lon="17.32852">
        <ele>405.7</ele>
      </trkpt>
      <trkpt lat="40.75236" lon="17.32862">
        <ele>404.7</ele>
      </trkpt>
      <trkpt lat="40.75221" lon="17.328869">
        <ele>402.6</ele>
      </trkpt>
      <trkpt lat="40.7522" lon="17.32889">
        <ele>402.5</ele>
      </trkpt>
      <trkpt lat="40.75208" lon="17.3291">
        <ele>400.9</ele>
      </trkpt>
      <trkpt lat="40.75206" lon="17.32916">
        <ele>400.8</ele>
      </trkpt>
      <trkpt lat="40.75204" lon="17.3292">
        <ele>400.3</ele>
      </trkpt>
      <trkpt lat="40.75204" lon="17.32926">
        <ele>400.2</ele>
      </trkpt>
      <trkpt lat="40.75203" lon="17.32928">
        <ele>400.0</ele>
      </trkpt>
      <trkpt lat="40.75203" lon="17.32935">
        <ele>399.9</ele>
      </trkpt>
      <trkpt lat="40.75202" lon="17.32949">
        <ele>399.5</ele>
      </trkpt>
      <trkpt lat="40.75202" lon="17.32951">
        <ele>399.5</ele>
      </trkpt>
      <trkpt lat="40.75202" lon="17.32965">
        <ele>399.4</ele>
      </trkpt>
      <trkpt lat="40.75203" lon="17.32975">
        <ele>399.6</ele>
      </trkpt>
      <trkpt lat="40.75203" lon="17.32982">
        <ele>399.6</ele>
      </trkpt>
      <trkpt lat="40.75206" lon="17.32999">
        <ele>400.3</ele>
      </trkpt>
      <trkpt lat="40.7521" lon="17.33022">
        <ele>399.3</ele>
      </trkpt>
      <trkpt lat="40.75213" lon="17.33029">
        <ele>399.4</ele>
      </trkpt>
      <trkpt lat="40.75217" lon="17.33043">
        <ele>399.0</ele>
      </trkpt>
      <trkpt lat="40.75223" lon="17.330559">
        <ele>399.1</ele>
      </trkpt>
      <trkpt lat="40.75224" lon="17.33057">
        <ele>399.3</ele>
      </trkpt>
      <trkpt lat="40.75227" lon="17.33062">
        <ele>399.4</ele>
      </trkpt>
      <trkpt lat="40.75237" lon="17.330749">
        <ele>400.2</ele>
      </trkpt>
      <trkpt lat="40.75244" lon="17.33082">
        <ele>400.9</ele>
      </trkpt>
      <trkpt lat="40.7525" lon="17.33087">
        <ele>401.8</ele>
      </trkpt>
      <trkpt lat="40.75258" lon="17.33092">
        <ele>401.7</ele>
      </trkpt>
      <trkpt lat="40.75263" lon="17.33095">
        <ele>401.7</ele>
      </trkpt>
      <trkpt lat="40.752719" lon="17.33097">
        <ele>401.8</ele>
      </trkpt>
      <trkpt lat="40.752719" lon="17.33097">
        <ele>401.8</ele>
      </trkpt>
      <trkpt lat="40.752719" lon="17.33107">
        <ele>401.1</ele>
      </trkpt>
      <trkpt lat="40.75268" lon="17.33151">
        <ele>398.1</ele>
      </trkpt>
      <trkpt lat="40.75268" lon="17.33154">
        <ele>397.9</ele>
      </trkpt>
      <trkpt lat="40.75267" lon="17.331779">
        <ele>396.1</ele>
      </trkpt>
      <trkpt lat="40.75267" lon="17.33191">
        <ele>395.0</ele>
      </trkpt>
      <trkpt lat="40.75268" lon="17.332">
        <ele>394.3</ele>
      </trkpt>
      <trkpt lat="40.7527" lon="17.33209">
        <ele>393.6</ele>
      </trkpt>
      <trkpt lat="40.752719" lon="17.33219">
        <ele>392.8</ele>
      </trkpt>
      <trkpt lat="40.75273" lon="17.33226">
        <ele>392.2</ele>
      </trkpt>
      <trkpt lat="40.75275" lon="17.33237">
        <ele>391.3</ele>
      </trkpt>
      <trkpt lat="40.75277" lon="17.33246">
        <ele>390.6</ele>
      </trkpt>
      <trkpt lat="40.7528" lon="17.332529">
        <ele>390.3</ele>
      </trkpt>
      <trkpt lat="40.75282" lon="17.33256">
        <ele>390.2</ele>
      </trkpt>
      <trkpt lat="40.75287" lon="17.33264">
        <ele>389.9</ele>
      </trkpt>
      <trkpt lat="40.75287" lon="17.33264">
        <ele>389.9</ele>
      </trkpt>
      <trkpt lat="40.75283" lon="17.33292">
        <ele>388.9</ele>
      </trkpt>
      <trkpt lat="40.75282" lon="17.33302">
        <ele>388.5</ele>
      </trkpt>
      <trkpt lat="40.752809" lon="17.33309">
        <ele>388.2</ele>
      </trkpt>
      <trkpt lat="40.7528" lon="17.33324">
        <ele>387.7</ele>
      </trkpt>
      <trkpt lat="40.75267" lon="17.33361">
        <ele>386.9</ele>
      </trkpt>
      <trkpt lat="40.75259" lon="17.33383">
        <ele>386.8</ele>
      </trkpt>
      <trkpt lat="40.75258" lon="17.33388">
        <ele>386.8</ele>
      </trkpt>
      <trkpt lat="40.75255" lon="17.33424">
        <ele>386.7</ele>
      </trkpt>
      <trkpt lat="40.75255" lon="17.3347">
        <ele>386.2</ele>
      </trkpt>
      <trkpt lat="40.75255" lon="17.33505">
        <ele>385.8</ele>
      </trkpt>
      <trkpt lat="40.75256" lon="17.33528">
        <ele>385.5</ele>
      </trkpt>
      <trkpt lat="40.75259" lon="17.33555">
        <ele>385.1</ele>
      </trkpt>
      <trkpt lat="40.75261" lon="17.33566">
        <ele>384.9</ele>
      </trkpt>
      <trkpt lat="40.75269" lon="17.33606">
        <ele>384.1</ele>
      </trkpt>
      <trkpt lat="40.75273" lon="17.336379">
        <ele>383.3</ele>
      </trkpt>
      <trkpt lat="40.75276" lon="17.33662">
        <ele>382.8</ele>
      </trkpt>
      <trkpt lat="40.7528" lon="17.336849">
        <ele>381.8</ele>
      </trkpt>
      <trkpt lat="40.75282" lon="17.33696">
        <ele>381.3</ele>
      </trkpt>
      <trkpt lat="40.75288" lon="17.33723">
        <ele>380.1</ele>
      </trkpt>
      <trkpt lat="40.75294" lon="17.33755">
        <ele>378.9</ele>
      </trkpt>
      <trkpt lat="40.75295" lon="17.33772">
        <ele>378.6</ele>
      </trkpt>
      <trkpt lat="40.75295" lon="17.33789">
        <ele>378.3</ele>
      </trkpt>
      <trkpt lat="40.75292" lon="17.338069">
        <ele>378.0</ele>
      </trkpt>
      <trkpt lat="40.75292" lon="17.33811">
        <ele>377.9</ele>
      </trkpt>
      <trkpt lat="40.75291" lon="17.33812">
        <ele>377.9</ele>
      </trkpt>
      <trkpt lat="40.75287" lon="17.33833">
        <ele>377.6</ele>
      </trkpt>
      <trkpt lat="40.75286" lon="17.33834">
        <ele>377.6</ele>
      </trkpt>
      <trkpt lat="40.75283" lon="17.33848">
        <ele>377.3</ele>
      </trkpt>
      <trkpt lat="40.75282" lon="17.33858">
        <ele>377.0</ele>
      </trkpt>
      <trkpt lat="40.752809" lon="17.33862">
        <ele>376.9</ele>
      </trkpt>
      <trkpt lat="40.7528" lon="17.33869">
        <ele>376.8</ele>
      </trkpt>
      <trkpt lat="40.7528" lon="17.33874">
        <ele>376.7</ele>
      </trkpt>
      <trkpt lat="40.752809" lon="17.33878">
        <ele>376.6</ele>
      </trkpt>
      <trkpt lat="40.75282" lon="17.3388">
        <ele>376.5</ele>
      </trkpt>
      <trkpt lat="40.75279" lon="17.3389">
        <ele>376.3</ele>
      </trkpt>
      <trkpt lat="40.75274" lon="17.33907">
        <ele>375.9</ele>
      </trkpt>
      <trkpt lat="40.752719" lon="17.33918">
        <ele>375.7</ele>
      </trkpt>
      <trkpt lat="40.7527" lon="17.33935">
        <ele>375.8</ele>
      </trkpt>
      <trkpt lat="40.7527" lon="17.33949">
        <ele>375.9</ele>
      </trkpt>
      <trkpt lat="40.7527" lon="17.33949">
        <ele>375.9</ele>
      </trkpt>
      <trkpt lat="40.75257" lon="17.3396">
        <ele>376.0</ele>
      </trkpt>
      <trkpt lat="40.75242" lon="17.33978">
        <ele>375.0</ele>
      </trkpt>
      <trkpt lat="40.75227" lon="17.33993">
        <ele>373.0</ele>
      </trkpt>
      <trkpt lat="40.75223" lon="17.33999">
        <ele>372.4</ele>
      </trkpt>
      <trkpt lat="40.75221" lon="17.34003">
        <ele>372.2</ele>
      </trkpt>
      <trkpt lat="40.75219" lon="17.34006">
        <ele>372.0</ele>
      </trkpt>
      <trkpt lat="40.75217" lon="17.34011">
        <ele>371.8</ele>
      </trkpt>
      <trkpt lat="40.75212" lon="17.34026">
        <ele>371.3</ele>
      </trkpt>
      <trkpt lat="40.7521" lon="17.34047">
        <ele>371.3</ele>
      </trkpt>
      <trkpt lat="40.75207" lon="17.34062">
        <ele>371.1</ele>
      </trkpt>
      <trkpt lat="40.75206" lon="17.3408">
        <ele>371.2</ele>
      </trkpt>
      <trkpt lat="40.75204" lon="17.34106">
        <ele>371.7</ele>
      </trkpt>
      <trkpt lat="40.75202" lon="17.34118">
        <ele>371.8</ele>
      </trkpt>
      <trkpt lat="40.752" lon="17.34133">
        <ele>372.1</ele>
      </trkpt>
      <trkpt lat="40.75198" lon="17.34141">
        <ele>372.0</ele>
      </trkpt>
      <trkpt lat="40.75197" lon="17.34148">
        <ele>372.1</ele>
      </trkpt>
      <trkpt lat="40.7519" lon="17.34169">
        <ele>371.7</ele>
      </trkpt>
      <trkpt lat="40.75176" lon="17.34204">
        <ele>369.9</ele>
      </trkpt>
      <trkpt lat="40.75176" lon="17.34206">
        <ele>369.9</ele>
      </trkpt>
      <trkpt lat="40.75171" lon="17.34222">
        <ele>369.3</ele>
      </trkpt>
      <trkpt lat="40.75168" lon="17.34235">
        <ele>369.0</ele>
      </trkpt>
      <trkpt lat="40.75167" lon="17.34245">
        <ele>369.0</ele>
      </trkpt>
      <trkpt lat="40.75167" lon="17.34251">
        <ele>369.0</ele>
      </trkpt>
      <trkpt lat="40.75167" lon="17.34258">
        <ele>368.8</ele>
      </trkpt>
      <trkpt lat="40.75167" lon="17.34275">
        <ele>368.2</ele>
      </trkpt>
      <trkpt lat="40.75168" lon="17.34279">
        <ele>368.2</ele>
      </trkpt>
      <trkpt lat="40.75171" lon="17.34309">
        <ele>367.5</ele>
      </trkpt>
      <trkpt lat="40.75176" lon="17.34343">
        <ele>366.6</ele>
      </trkpt>
      <trkpt lat="40.75176" lon="17.34345">
        <ele>366.4</ele>
      </trkpt>
      <trkpt lat="40.75185" lon="17.34382">
        <ele>364.5</ele>
      </trkpt>
      <trkpt lat="40.75186" lon="17.34388">
        <ele>364.1</ele>
      </trkpt>
      <trkpt lat="40.75186" lon="17.34393">
        <ele>363.7</ele>
      </trkpt>
      <trkpt lat="40.75186" lon="17.344">
        <ele>363.1</ele>
      </trkpt>
      <trkpt lat="40.75185" lon="17.34405">
        <ele>362.5</ele>
      </trkpt>
      <trkpt lat="40.75183" lon="17.34416">
        <ele>361.4</ele>
      </trkpt>
      <trkpt lat="40.75181" lon="17.34424">
        <ele>360.8</ele>
      </trkpt>
      <trkpt lat="40.75181" lon="17.34427">
        <ele>360.6</ele>
      </trkpt>
      <trkpt lat="40.75181" lon="17.34434">
        <ele>360.3</ele>
      </trkpt>
      <trkpt lat="40.75181" lon="17.34443">
        <ele>359.8</ele>
      </trkpt>
      <trkpt lat="40.75182" lon="17.34471">
        <ele>358.3</ele>
      </trkpt>
      <trkpt lat="40.75182" lon="17.34491">
        <ele>357.2</ele>
      </trkpt>
      <trkpt lat="40.75182" lon="17.34495">
        <ele>357.0</ele>
      </trkpt>
      <trkpt lat="40.75183" lon="17.34498">
        <ele>356.9</ele>
      </trkpt>
      <trkpt lat="40.75183" lon="17.34506">
        <ele>356.8</ele>
      </trkpt>
      <trkpt lat="40.75183" lon="17.345109">
        <ele>356.9</ele>
      </trkpt>
      <trkpt lat="40.75183" lon="17.34516">
        <ele>356.9</ele>
      </trkpt>
      <trkpt lat="40.75183" lon="17.345199">
        <ele>356.9</ele>
      </trkpt>
      <trkpt lat="40.75183" lon="17.34523">
        <ele>356.9</ele>
      </trkpt>
      <trkpt lat="40.75182" lon="17.34525">
        <ele>356.9</ele>
      </trkpt>
      <trkpt lat="40.7518" lon="17.34529">
        <ele>356.8</ele>
      </trkpt>
      <trkpt lat="40.75179" lon="17.34529">
        <ele>356.7</ele>
      </trkpt>
      <trkpt lat="40.751779" lon="17.34529">
        <ele>356.7</ele>
      </trkpt>
      <trkpt lat="40.75177" lon="17.34529">
        <ele>356.6</ele>
      </trkpt>
      <trkpt lat="40.75176" lon="17.34529">
        <ele>356.6</ele>
      </trkpt>
      <trkpt lat="40.75175" lon="17.3453">
        <ele>356.5</ele>
      </trkpt>
      <trkpt lat="40.75174" lon="17.3453">
        <ele>356.4</ele>
      </trkpt>
      <trkpt lat="40.75174" lon="17.34531">
        <ele>356.5</ele>
      </trkpt>
      <trkpt lat="40.75173" lon="17.34531">
        <ele>356.4</ele>
      </trkpt>
      <trkpt lat="40.75173" lon="17.34532">
        <ele>356.4</ele>
      </trkpt>
      <trkpt lat="40.75172" lon="17.34532">
        <ele>356.3</ele>
      </trkpt>
      <trkpt lat="40.75172" lon="17.34533">
        <ele>356.3</ele>
      </trkpt>
      <trkpt lat="40.75171" lon="17.34533">
        <ele>356.3</ele>
      </trkpt>
      <trkpt lat="40.75171" lon="17.34534">
        <ele>356.3</ele>
      </trkpt>
      <trkpt lat="40.75171" lon="17.34535">
        <ele>356.3</ele>
      </trkpt>
      <trkpt lat="40.7517" lon="17.34535">
        <ele>356.2</ele>
      </trkpt>
      <trkpt lat="40.7517" lon="17.34536">
        <ele>356.2</ele>
      </trkpt>
      <trkpt lat="40.7517" lon="17.34537">
        <ele>356.2</ele>
      </trkpt>
      <trkpt lat="40.7517" lon="17.34538">
        <ele>356.2</ele>
      </trkpt>
      <trkpt lat="40.75169" lon="17.34538">
        <ele>356.2</ele>
      </trkpt>
      <trkpt lat="40.75169" lon="17.345389">
        <ele>356.2</ele>
      </trkpt>
      <trkpt lat="40.75169" lon="17.3454">
        <ele>356.2</ele>
      </trkpt>
      <trkpt lat="40.75169" lon="17.34541">
        <ele>356.2</ele>
      </trkpt>
      <trkpt lat="40.75169" lon="17.34542">
        <ele>356.2</ele>
      </trkpt>
      <trkpt lat="40.75169" lon="17.34543">
        <ele>356.2</ele>
      </trkpt>
      <trkpt lat="40.75169" lon="17.34544">
        <ele>356.2</ele>
      </trkpt>
      <trkpt lat="40.75169" lon="17.34545">
        <ele>356.2</ele>
      </trkpt>
      <trkpt lat="40.7517" lon="17.34545">
        <ele>356.2</ele>
      </trkpt>
      <trkpt lat="40.7517" lon="17.34546">
        <ele>356.2</ele>
      </trkpt>
      <trkpt lat="40.7517" lon="17.34547">
        <ele>356.2</ele>
      </trkpt>
      <trkpt lat="40.7517" lon="17.345479">
        <ele>356.2</ele>
      </trkpt>
      <trkpt lat="40.75171" lon="17.345479">
        <ele>356.3</ele>
      </trkpt>
      <trkpt lat="40.75171" lon="17.34549">
        <ele>356.3</ele>
      </trkpt>
      <trkpt lat="40.75171" lon="17.3455">
        <ele>356.3</ele>
      </trkpt>
      <trkpt lat="40.75172" lon="17.3455">
        <ele>356.4</ele>
      </trkpt>
      <trkpt lat="40.75172" lon="17.34551">
        <ele>356.4</ele>
      </trkpt>
      <trkpt lat="40.75173" lon="17.34551">
        <ele>356.4</ele>
      </trkpt>
      <trkpt lat="40.75173" lon="17.34552">
        <ele>356.4</ele>
      </trkpt>
      <trkpt lat="40.75174" lon="17.34552">
        <ele>356.5</ele>
      </trkpt>
      <trkpt lat="40.75174" lon="17.34553">
        <ele>356.5</ele>
      </trkpt>
      <trkpt lat="40.75175" lon="17.34553">
        <ele>356.6</ele>
      </trkpt>
      <trkpt lat="40.75176" lon="17.34553">
        <ele>356.7</ele>
      </trkpt>
      <trkpt lat="40.75176" lon="17.34554">
        <ele>356.7</ele>
      </trkpt>
      <trkpt lat="40.75177" lon="17.34554">
        <ele>356.7</ele>
      </trkpt>
      <trkpt lat="40.751779" lon="17.34554">
        <ele>356.8</ele>
      </trkpt>
      <trkpt lat="40.75176" lon="17.34565">
        <ele>356.7</ele>
      </trkpt>
      <trkpt lat="40.75175" lon="17.34575">
        <ele>356.7</ele>
      </trkpt>
      <trkpt lat="40.75172" lon="17.34583">
        <ele>356.4</ele>
      </trkpt>
      <trkpt lat="40.7517" lon="17.34587">
        <ele>356.4</ele>
      </trkpt>
      <trkpt lat="40.75166" lon="17.34591">
        <ele>356.3</ele>
      </trkpt>
      <trkpt lat="40.75161" lon="17.345949">
        <ele>356.4</ele>
      </trkpt>
      <trkpt lat="40.75145" lon="17.34606">
        <ele>356.6</ele>
      </trkpt>
      <trkpt lat="40.75145" lon="17.34606">
        <ele>356.6</ele>
      </trkpt>
      <trkpt lat="40.75144" lon="17.34608">
        <ele>356.6</ele>
      </trkpt>
      <trkpt lat="40.75143" lon="17.346139">
        <ele>356.8</ele>
      </trkpt>
      <trkpt lat="40.75143" lon="17.34622">
        <ele>357.1</ele>
      </trkpt>
      <trkpt lat="40.75143" lon="17.3463">
        <ele>357.4</ele>
      </trkpt>
      <trkpt lat="40.7515" lon="17.34675">
        <ele>359.0</ele>
      </trkpt>
      <trkpt lat="40.75152" lon="17.34684">
        <ele>359.2</ele>
      </trkpt>
      <trkpt lat="40.75156" lon="17.347079">
        <ele>359.8</ele>
      </trkpt>
      <trkpt lat="40.7516" lon="17.3473">
        <ele>360.4</ele>
      </trkpt>
      <trkpt lat="40.75162" lon="17.34738">
        <ele>360.6</ele>
      </trkpt>
      <trkpt lat="40.75164" lon="17.34768">
        <ele>361.0</ele>
      </trkpt>
      <trkpt lat="40.75167" lon="17.348">
        <ele>361.0</ele>
      </trkpt>
      <trkpt lat="40.75167" lon="17.34806">
        <ele>361.0</ele>
      </trkpt>
      <trkpt lat="40.75168" lon="17.34828">
        <ele>361.1</ele>
      </trkpt>
      <trkpt lat="40.75168" lon="17.34841">
        <ele>361.0</ele>
      </trkpt>
      <trkpt lat="40.75166" lon="17.34863">
        <ele>360.7</ele>
      </trkpt>
      <trkpt lat="40.75166" lon="17.3487">
        <ele>360.6</ele>
      </trkpt>
      <trkpt lat="40.75165" lon="17.348859">
        <ele>360.4</ele>
      </trkpt>
      <trkpt lat="40.75162" lon="17.34924">
        <ele>360.0</ele>
      </trkpt>
      <trkpt lat="40.75161" lon="17.34965">
        <ele>359.1</ele>
      </trkpt>
      <trkpt lat="40.75162" lon="17.34985">
        <ele>358.6</ele>
      </trkpt>
      <trkpt lat="40.75164" lon="17.35004">
        <ele>358.1</ele>
      </trkpt>
      <trkpt lat="40.75164" lon="17.3501">
        <ele>358.0</ele>
      </trkpt>
      <trkpt lat="40.75166" lon="17.35026">
        <ele>357.7</ele>
      </trkpt>
      <trkpt lat="40.75169" lon="17.35049">
        <ele>357.5</ele>
      </trkpt>
      <trkpt lat="40.7517" lon="17.35078">
        <ele>357.1</ele>
      </trkpt>
      <trkpt lat="40.75172" lon="17.35105">
        <ele>357.1</ele>
      </trkpt>
      <trkpt lat="40.75172" lon="17.35116">
        <ele>357.0</ele>
      </trkpt>
      <trkpt lat="40.75173" lon="17.35128">
        <ele>357.0</ele>
      </trkpt>
      <trkpt lat="40.75175" lon="17.35156">
        <ele>356.9</ele>
      </trkpt>
      <trkpt lat="40.75176" lon="17.35187">
        <ele>356.2</ele>
      </trkpt>
      <trkpt lat="40.75179" lon="17.352429">
        <ele>354.5</ele>
      </trkpt>
      <trkpt lat="40.75179" lon="17.35246">
        <ele>354.4</ele>
      </trkpt>
      <trkpt lat="40.75181" lon="17.35309">
        <ele>351.4</ele>
      </trkpt>
      <trkpt lat="40.75182" lon="17.35317">
        <ele>351.0</ele>
      </trkpt>
      <trkpt lat="40.75183" lon="17.35364">
        <ele>349.6</ele>
      </trkpt>
      <trkpt lat="40.75183" lon="17.3537">
        <ele>349.4</ele>
      </trkpt>
      <trkpt lat="40.75184" lon="17.35404">
        <ele>348.6</ele>
      </trkpt>
      <trkpt lat="40.75183" lon="17.35412">
        <ele>348.5</ele>
      </trkpt>
      <trkpt lat="40.75183" lon="17.35414">
        <ele>348.5</ele>
      </trkpt>
      <trkpt lat="40.75182" lon="17.35427">
        <ele>348.5</ele>
      </trkpt>
      <trkpt lat="40.75179" lon="17.354489">
        <ele>348.8</ele>
      </trkpt>
      <trkpt lat="40.751779" lon="17.35459">
        <ele>349.0</ele>
      </trkpt>
      <trkpt lat="40.75172" lon="17.35493">
        <ele>349.6</ele>
      </trkpt>
      <trkpt lat="40.75168" lon="17.355149">
        <ele>349.6</ele>
      </trkpt>
      <trkpt lat="40.75164" lon="17.35531">
        <ele>349.4</ele>
      </trkpt>
      <trkpt lat="40.7516" lon="17.35553">
        <ele>349.1</ele>
      </trkpt>
      <trkpt lat="40.75157" lon="17.3558">
        <ele>348.7</ele>
      </trkpt>
      <trkpt lat="40.75156" lon="17.35584">
        <ele>348.6</ele>
      </trkpt>
      <trkpt lat="40.75156" lon="17.35603">
        <ele>348.3</ele>
      </trkpt>
      <trkpt lat="40.75157" lon="17.35631">
        <ele>347.9</ele>
      </trkpt>
      <trkpt lat="40.75158" lon="17.35635">
        <ele>347.8</ele>
      </trkpt>
      <trkpt lat="40.7516" lon="17.35664">
        <ele>347.3</ele>
      </trkpt>
      <trkpt lat="40.75165" lon="17.35691">
        <ele>346.2</ele>
      </trkpt>
      <trkpt lat="40.75167" lon="17.35709">
        <ele>345.5</ele>
      </trkpt>
      <trkpt lat="40.75167" lon="17.3571">
        <ele>345.4</ele>
      </trkpt>
      <trkpt lat="40.75167" lon="17.35732">
        <ele>344.6</ele>
      </trkpt>
      <trkpt lat="40.75164" lon="17.35753">
        <ele>344.0</ele>
      </trkpt>
      <trkpt lat="40.75159" lon="17.35773">
        <ele>343.2</ele>
      </trkpt>
      <trkpt lat="40.75157" lon="17.3578">
        <ele>342.9</ele>
      </trkpt>
      <trkpt lat="40.75155" lon="17.35784">
        <ele>342.8</ele>
      </trkpt>
      <trkpt lat="40.75142" lon="17.35823">
        <ele>341.6</ele>
      </trkpt>
      <trkpt lat="40.75137" lon="17.35838">
        <ele>341.2</ele>
      </trkpt>
      <trkpt lat="40.751309" lon="17.35856">
        <ele>340.9</ele>
      </trkpt>
      <trkpt lat="40.75129" lon="17.35868">
        <ele>340.5</ele>
      </trkpt>
      <trkpt lat="40.75128" lon="17.35875">
        <ele>340.3</ele>
      </trkpt>
      <trkpt lat="40.75126" lon="17.35892">
        <ele>339.8</ele>
      </trkpt>
      <trkpt lat="40.75125" lon="17.35927">
        <ele>338.9</ele>
      </trkpt>
      <trkpt lat="40.75124" lon="17.35943">
        <ele>338.9</ele>
      </trkpt>
      <trkpt lat="40.75123" lon="17.35966">
        <ele>338.8</ele>
      </trkpt>
      <trkpt lat="40.75119" lon="17.36032">
        <ele>338.5</ele>
      </trkpt>
      <trkpt lat="40.75133" lon="17.36116">
        <ele>339.1</ele>
      </trkpt>
      <trkpt lat="40.75135" lon="17.36183">
        <ele>340.2</ele>
      </trkpt>
      <trkpt lat="40.75132" lon="17.362189">
        <ele>340.9</ele>
      </trkpt>
      <trkpt lat="40.75107" lon="17.36281">
        <ele>341.1</ele>
      </trkpt>
      <trkpt lat="40.750749" lon="17.36349">
        <ele>340.2</ele>
      </trkpt>
      <trkpt lat="40.75043" lon="17.364159">
        <ele>337.5</ele>
      </trkpt>
      <trkpt lat="40.75031" lon="17.36449">
        <ele>336.7</ele>
      </trkpt>
      <trkpt lat="40.75027" lon="17.36476">
        <ele>336.2</ele>
      </trkpt>
      <trkpt lat="40.75038" lon="17.36551">
        <ele>333.1</ele>
      </trkpt>
      <trkpt lat="40.75039" lon="17.36583">
        <ele>331.5</ele>
      </trkpt>
      <trkpt lat="40.75017" lon="17.36667">
        <ele>329.2</ele>
      </trkpt>
      <trkpt lat="40.74995" lon="17.3675">
        <ele>328.1</ele>
      </trkpt>
      <trkpt lat="40.74984" lon="17.36821">
        <ele>327.3</ele>
      </trkpt>
      <trkpt lat="40.74973" lon="17.36893">
        <ele>328.8</ele>
      </trkpt>
      <trkpt lat="40.74969" lon="17.36963">
        <ele>331.5</ele>
      </trkpt>
      <trkpt lat="40.74971" lon="17.370729">
        <ele>335.1</ele>
      </trkpt>
      <trkpt lat="40.7497" lon="17.37084">
        <ele>335.3</ele>
      </trkpt>
      <trkpt lat="40.74967" lon="17.37094">
        <ele>335.6</ele>
      </trkpt>
      <trkpt lat="40.74954" lon="17.37112">
        <ele>335.9</ele>
      </trkpt>
      <trkpt lat="40.74918" lon="17.371759">
        <ele>337.4</ele>
      </trkpt>
      <trkpt lat="40.74882" lon="17.3724">
        <ele>338.9</ele>
      </trkpt>
      <trkpt lat="40.74859" lon="17.37299">
        <ele>341.8</ele>
      </trkpt>
      <trkpt lat="40.74837" lon="17.37357">
        <ele>345.4</ele>
      </trkpt>
      <trkpt lat="40.74779" lon="17.37446">
        <ele>349.3</ele>
      </trkpt>
      <trkpt lat="40.747369" lon="17.37483">
        <ele>351.2</ele>
      </trkpt>
      <trkpt lat="40.747079" lon="17.37519">
        <ele>352.0</ele>
      </trkpt>
      <trkpt lat="40.74669" lon="17.37602">
        <ele>354.3</ele>
      </trkpt>
      <trkpt lat="40.74665" lon="17.37668">
        <ele>354.7</ele>
      </trkpt>
      <trkpt lat="40.746429" lon="17.37699">
        <ele>351.4</ele>
      </trkpt>
      <trkpt lat="40.74633" lon="17.37741">
        <ele>349.9</ele>
      </trkpt>
      <trkpt lat="40.74615" lon="17.37777">
        <ele>347.5</ele>
      </trkpt>
      <trkpt lat="40.74595" lon="17.37803">
        <ele>345.8</ele>
      </trkpt>
      <trkpt lat="40.74585" lon="17.3781">
        <ele>345.1</ele>
      </trkpt>
      <trkpt lat="40.74552" lon="17.37825">
        <ele>344.2</ele>
      </trkpt>
      <trkpt lat="40.74537" lon="17.37835">
        <ele>343.9</ele>
      </trkpt>
      <trkpt lat="40.74508" lon="17.37875">
        <ele>342.7</ele>
      </trkpt>
      <trkpt lat="40.7447" lon="17.37931">
        <ele>340.9</ele>
      </trkpt>
      <trkpt lat="40.74431" lon="17.37987">
        <ele>339.9</ele>
      </trkpt>
      <trkpt lat="40.74413" lon="17.38008">
        <ele>339.7</ele>
      </trkpt>
      <trkpt lat="40.74397" lon="17.38012">
        <ele>339.4</ele>
      </trkpt>
      <trkpt lat="40.74341" lon="17.38047">
        <ele>338.4</ele>
      </trkpt>
      <trkpt lat="40.74285" lon="17.38082">
        <ele>335.1</ele>
      </trkpt>
      <trkpt lat="40.74237" lon="17.380669">
        <ele>331.7</ele>
      </trkpt>
      <trkpt lat="40.74223" lon="17.38112">
        <ele>330.8</ele>
      </trkpt>
      <trkpt lat="40.742109" lon="17.38136">
        <ele>329.9</ele>
      </trkpt>
      <trkpt lat="40.74206" lon="17.3814">
        <ele>329.5</ele>
      </trkpt>
      <trkpt lat="40.74168" lon="17.381799">
        <ele>326.4</ele>
      </trkpt>
      <trkpt lat="40.74133" lon="17.38213">
        <ele>324.1</ele>
      </trkpt>
      <trkpt lat="40.74084" lon="17.3826">
        <ele>324.1</ele>
      </trkpt>
      <trkpt lat="40.74036" lon="17.38308">
        <ele>330.9</ele>
      </trkpt>
      <trkpt lat="40.73988" lon="17.38355">
        <ele>336.0</ele>
      </trkpt>
      <trkpt lat="40.73947" lon="17.38389">
        <ele>336.8</ele>
      </trkpt>
      <trkpt lat="40.73907" lon="17.38423">
        <ele>337.9</ele>
      </trkpt>
      <trkpt lat="40.73834" lon="17.38488">
        <ele>335.3</ele>
      </trkpt>
      <trkpt lat="40.73812" lon="17.38512">
        <ele>334.4</ele>
      </trkpt>
      <trkpt lat="40.73781" lon="17.385649">
        <ele>332.8</ele>
      </trkpt>
      <trkpt lat="40.73749" lon="17.38617">
        <ele>332.6</ele>
      </trkpt>
      <trkpt lat="40.73738" lon="17.38633">
        <ele>333.3</ele>
      </trkpt>
      <trkpt lat="40.73693" lon="17.38726">
        <ele>336.5</ele>
      </trkpt>
      <trkpt lat="40.73648" lon="17.3882">
        <ele>336.7</ele>
      </trkpt>
      <trkpt lat="40.73602" lon="17.38914">
        <ele>334.9</ele>
      </trkpt>
      <trkpt lat="40.73587" lon="17.38934">
        <ele>334.0</ele>
      </trkpt>
      <trkpt lat="40.73575" lon="17.38941">
        <ele>333.7</ele>
      </trkpt>
      <trkpt lat="40.73559" lon="17.38942">
        <ele>333.7</ele>
      </trkpt>
      <trkpt lat="40.735" lon="17.38929">
        <ele>334.4</ele>
      </trkpt>
      <trkpt lat="40.734409" lon="17.38916">
        <ele>334.3</ele>
      </trkpt>
      <trkpt lat="40.73358" lon="17.38902">
        <ele>332.1</ele>
      </trkpt>
      <trkpt lat="40.73275" lon="17.38887">
        <ele>332.9</ele>
      </trkpt>
      <trkpt lat="40.73256" lon="17.38888">
        <ele>333.3</ele>
      </trkpt>
      <trkpt lat="40.73245" lon="17.38892">
        <ele>333.5</ele>
      </trkpt>
      <trkpt lat="40.73231" lon="17.38901">
        <ele>333.8</ele>
      </trkpt>
      <trkpt lat="40.73166" lon="17.38949">
        <ele>334.7</ele>
      </trkpt>
      <trkpt lat="40.73113" lon="17.39004">
        <ele>336.4</ele>
      </trkpt>
      <trkpt lat="40.73089" lon="17.39024">
        <ele>336.6</ele>
      </trkpt>
      <trkpt lat="40.73055" lon="17.39067">
        <ele>334.2</ele>
      </trkpt>
      <trkpt lat="40.7302" lon="17.391089">
        <ele>334.8</ele>
      </trkpt>
      <trkpt lat="40.72962" lon="17.39162">
        <ele>336.8</ele>
      </trkpt>
      <trkpt lat="40.72904" lon="17.39215">
        <ele>341.3</ele>
      </trkpt>
      <trkpt lat="40.72845" lon="17.39268">
        <ele>342.9</ele>
      </trkpt>
      <trkpt lat="40.72787" lon="17.39321">
        <ele>342.7</ele>
      </trkpt>
      <trkpt lat="40.72724" lon="17.39376">
        <ele>341.3</ele>
      </trkpt>
      <trkpt lat="40.7266" lon="17.3943">
        <ele>340.8</ele>
      </trkpt>
      <trkpt lat="40.7261" lon="17.39476">
        <ele>340.1</ele>
      </trkpt>
      <trkpt lat="40.725589" lon="17.39521">
        <ele>338.9</ele>
      </trkpt>
      <trkpt lat="40.72517" lon="17.39563">
        <ele>336.9</ele>
      </trkpt>
      <trkpt lat="40.72474" lon="17.39605">
        <ele>334.4</ele>
      </trkpt>
      <trkpt lat="40.723999" lon="17.39611">
        <ele>333.5</ele>
      </trkpt>
      <trkpt lat="40.72326" lon="17.39617">
        <ele>334.1</ele>
      </trkpt>
      <trkpt lat="40.72282" lon="17.39652">
        <ele>334.2</ele>
      </trkpt>
      <trkpt lat="40.72244" lon="17.39686">
        <ele>334.4</ele>
      </trkpt>
      <trkpt lat="40.72235" lon="17.39697">
        <ele>334.8</ele>
      </trkpt>
      <trkpt lat="40.72207" lon="17.39739">
        <ele>335.5</ele>
      </trkpt>
      <trkpt lat="40.72153" lon="17.39821">
        <ele>336.9</ele>
      </trkpt>
      <trkpt lat="40.72099" lon="17.39903">
        <ele>339.0</ele>
      </trkpt>
      <trkpt lat="40.72045" lon="17.39985">
        <ele>340.7</ele>
      </trkpt>
      <trkpt lat="40.71991" lon="17.400659">
        <ele>341.5</ele>
      </trkpt>
      <trkpt lat="40.71937" lon="17.40148">
        <ele>341.0</ele>
      </trkpt>
      <trkpt lat="40.718829" lon="17.4023">
        <ele>340.0</ele>
      </trkpt>
      <trkpt lat="40.71828" lon="17.40312">
        <ele>337.2</ele>
      </trkpt>
      <trkpt lat="40.71814" lon="17.4034">
        <ele>337.0</ele>
      </trkpt>
      <trkpt lat="40.717799" lon="17.40416">
        <ele>336.1</ele>
      </trkpt>
      <trkpt lat="40.71769" lon="17.404319">
        <ele>335.2</ele>
      </trkpt>
      <trkpt lat="40.71734" lon="17.40472">
        <ele>332.5</ele>
      </trkpt>
      <trkpt lat="40.71699" lon="17.40512">
        <ele>331.3</ele>
      </trkpt>
      <trkpt lat="40.7166" lon="17.40557">
        <ele>332.3</ele>
      </trkpt>
      <trkpt lat="40.71622" lon="17.40582">
        <ele>334.1</ele>
      </trkpt>
      <trkpt lat="40.71569" lon="17.40626">
        <ele>335.8</ele>
      </trkpt>
      <trkpt lat="40.71556" lon="17.40634">
        <ele>336.1</ele>
      </trkpt>
      <trkpt lat="40.71479" lon="17.40693">
        <ele>338.5</ele>
      </trkpt>
      <trkpt lat="40.71403" lon="17.40752">
        <ele>337.7</ele>
      </trkpt>
      <trkpt lat="40.71363" lon="17.4078">
        <ele>337.9</ele>
      </trkpt>
      <trkpt lat="40.71305" lon="17.40826">
        <ele>338.0</ele>
      </trkpt>
      <trkpt lat="40.71247" lon="17.40871">
        <ele>336.7</ele>
      </trkpt>
      <trkpt lat="40.7119" lon="17.40916">
        <ele>335.4</ele>
      </trkpt>
      <trkpt lat="40.71164" lon="17.40936">
        <ele>334.4</ele>
      </trkpt>
      <trkpt lat="40.71108" lon="17.40983">
        <ele>334.7</ele>
      </trkpt>
      <trkpt lat="40.7106" lon="17.41018">
        <ele>334.4</ele>
      </trkpt>
      <trkpt lat="40.71019" lon="17.4105">
        <ele>333.6</ele>
      </trkpt>
      <trkpt lat="40.70979" lon="17.41082">
        <ele>333.2</ele>
      </trkpt>
      <trkpt lat="40.70908" lon="17.41134">
        <ele>332.5</ele>
      </trkpt>
      <trkpt lat="40.708889" lon="17.41151">
        <ele>332.4</ele>
      </trkpt>
      <trkpt lat="40.70874" lon="17.41153">
        <ele>332.0</ele>
      </trkpt>
      <trkpt lat="40.70801" lon="17.41179">
        <ele>331.2</ele>
      </trkpt>
      <trkpt lat="40.70728" lon="17.41205">
        <ele>330.7</ele>
      </trkpt>
      <trkpt lat="40.707099" lon="17.41219">
        <ele>330.6</ele>
      </trkpt>
      <trkpt lat="40.70695" lon="17.41238">
        <ele>330.7</ele>
      </trkpt>
      <trkpt lat="40.70676" lon="17.41274">
        <ele>331.2</ele>
      </trkpt>
      <trkpt lat="40.70631" lon="17.413709">
        <ele>330.5</ele>
      </trkpt>
      <trkpt lat="40.70605" lon="17.41443">
        <ele>328.4</ele>
      </trkpt>
      <trkpt lat="40.70579" lon="17.41515">
        <ele>326.8</ele>
      </trkpt>
      <trkpt lat="40.70552" lon="17.41587">
        <ele>330.4</ele>
      </trkpt>
      <trkpt lat="40.70526" lon="17.41676">
        <ele>332.9</ele>
      </trkpt>
      <trkpt lat="40.7052" lon="17.41725">
        <ele>332.2</ele>
      </trkpt>
      <trkpt lat="40.70508" lon="17.41767">
        <ele>331.6</ele>
      </trkpt>
      <trkpt lat="40.70498" lon="17.41789">
        <ele>331.4</ele>
      </trkpt>
      <trkpt lat="40.70484" lon="17.41811">
        <ele>331.3</ele>
      </trkpt>
      <trkpt lat="40.704569" lon="17.41861">
        <ele>331.4</ele>
      </trkpt>
      <trkpt lat="40.70427" lon="17.41947">
        <ele>332.0</ele>
      </trkpt>
      <trkpt lat="40.70397" lon="17.42033">
        <ele>332.1</ele>
      </trkpt>
      <trkpt lat="40.70366" lon="17.4212">
        <ele>332.0</ele>
      </trkpt>
      <trkpt lat="40.70347" lon="17.42176">
        <ele>331.3</ele>
      </trkpt>
      <trkpt lat="40.7033" lon="17.42191">
        <ele>330.6</ele>
      </trkpt>
      <trkpt lat="40.70318" lon="17.42197">
        <ele>330.1</ele>
      </trkpt>
      <trkpt lat="40.702889" lon="17.42202">
        <ele>329.0</ele>
      </trkpt>
      <trkpt lat="40.70208" lon="17.42223">
        <ele>329.0</ele>
      </trkpt>
      <trkpt lat="40.70198" lon="17.42231">
        <ele>329.4</ele>
      </trkpt>
      <trkpt lat="40.70189" lon="17.42241">
        <ele>329.9</ele>
      </trkpt>
      <trkpt lat="40.70154" lon="17.42295">
        <ele>329.9</ele>
      </trkpt>
      <trkpt lat="40.7014" lon="17.42308">
        <ele>329.7</ele>
      </trkpt>
      <trkpt lat="40.70125" lon="17.42311">
        <ele>329.8</ele>
      </trkpt>
      <trkpt lat="40.70041" lon="17.42287">
        <ele>329.4</ele>
      </trkpt>
      <trkpt lat="40.69957" lon="17.42263">
        <ele>327.1</ele>
      </trkpt>
      <trkpt lat="40.69874" lon="17.42238">
        <ele>324.5</ele>
      </trkpt>
      <trkpt lat="40.69842" lon="17.42229">
        <ele>323.3</ele>
      </trkpt>
      <trkpt lat="40.69823" lon="17.42227">
        <ele>323.2</ele>
      </trkpt>
      <trkpt lat="40.69806" lon="17.42229">
        <ele>323.2</ele>
      </trkpt>
      <trkpt lat="40.69789" lon="17.42232">
        <ele>323.1</ele>
      </trkpt>
      <trkpt lat="40.697339" lon="17.42245">
        <ele>323.0</ele>
      </trkpt>
      <trkpt lat="40.696779" lon="17.42258">
        <ele>322.8</ele>
      </trkpt>
      <trkpt lat="40.69594" lon="17.42289">
        <ele>323.3</ele>
      </trkpt>
      <trkpt lat="40.69582" lon="17.42294">
        <ele>323.5</ele>
      </trkpt>
      <trkpt lat="40.69545" lon="17.42321">
        <ele>324.2</ele>
      </trkpt>
      <trkpt lat="40.69489" lon="17.42361">
        <ele>325.2</ele>
      </trkpt>
      <trkpt lat="40.69433" lon="17.42402">
        <ele>326.3</ele>
      </trkpt>
      <trkpt lat="40.69359" lon="17.42456">
        <ele>327.8</ele>
      </trkpt>
      <trkpt lat="40.69344" lon="17.42467">
        <ele>328.0</ele>
      </trkpt>
      <trkpt lat="40.692839" lon="17.42508">
        <ele>328.3</ele>
      </trkpt>
      <trkpt lat="40.69207" lon="17.42568">
        <ele>330.1</ele>
      </trkpt>
      <trkpt lat="40.6913" lon="17.426279">
        <ele>334.0</ele>
      </trkpt>
      <trkpt lat="40.69077" lon="17.42681">
        <ele>337.1</ele>
      </trkpt>
      <trkpt lat="40.69071" lon="17.42692">
        <ele>337.3</ele>
      </trkpt>
      <trkpt lat="40.6907" lon="17.42708">
        <ele>337.1</ele>
      </trkpt>
      <trkpt lat="40.69062" lon="17.42717">
        <ele>337.4</ele>
      </trkpt>
      <trkpt lat="40.69058" lon="17.42724">
        <ele>337.5</ele>
      </trkpt>
      <trkpt lat="40.69028" lon="17.42744">
        <ele>338.7</ele>
      </trkpt>
      <trkpt lat="40.69009" lon="17.42779">
        <ele>339.6</ele>
      </trkpt>
      <trkpt lat="40.68966" lon="17.428349">
        <ele>342.0</ele>
      </trkpt>
      <trkpt lat="40.68923" lon="17.428909">
        <ele>343.3</ele>
      </trkpt>
      <trkpt lat="40.68882" lon="17.42923">
        <ele>343.5</ele>
      </trkpt>
      <trkpt lat="40.68842" lon="17.42955">
        <ele>343.3</ele>
      </trkpt>
      <trkpt lat="40.688049" lon="17.42984">
        <ele>342.6</ele>
      </trkpt>
      <trkpt lat="40.68785" lon="17.43005">
        <ele>341.7</ele>
      </trkpt>
      <trkpt lat="40.68751" lon="17.43045">
        <ele>339.3</ele>
      </trkpt>
      <trkpt lat="40.68736" lon="17.43054">
        <ele>339.2</ele>
      </trkpt>
      <trkpt lat="40.68668" lon="17.43076">
        <ele>340.3</ele>
      </trkpt>
      <trkpt lat="40.68601" lon="17.43098">
        <ele>337.2</ele>
      </trkpt>
      <trkpt lat="40.68584" lon="17.43102">
        <ele>336.3</ele>
      </trkpt>
      <trkpt lat="40.68565" lon="17.43096">
        <ele>337.3</ele>
      </trkpt>
      <trkpt lat="40.68556" lon="17.43097">
        <ele>337.3</ele>
      </trkpt>
      <trkpt lat="40.68509" lon="17.43124">
        <ele>333.2</ele>
      </trkpt>
      <trkpt lat="40.68501" lon="17.43131">
        <ele>332.0</ele>
      </trkpt>
      <trkpt lat="40.68493" lon="17.43143">
        <ele>330.4</ele>
      </trkpt>
      <trkpt lat="40.68484" lon="17.43151">
        <ele>329.7</ele>
      </trkpt>
      <trkpt lat="40.68474" lon="17.43152">
        <ele>330.2</ele>
      </trkpt>
      <trkpt lat="40.68456" lon="17.43142">
        <ele>333.0</ele>
      </trkpt>
      <trkpt lat="40.68441" lon="17.431439">
        <ele>333.7</ele>
      </trkpt>
      <trkpt lat="40.68417" lon="17.43164">
        <ele>332.4</ele>
      </trkpt>
      <trkpt lat="40.68385" lon="17.43194">
        <ele>327.2</ele>
      </trkpt>
      <trkpt lat="40.68347" lon="17.43214">
        <ele>325.2</ele>
      </trkpt>
      <trkpt lat="40.68338" lon="17.43212">
        <ele>325.8</ele>
      </trkpt>
      <trkpt lat="40.68328" lon="17.43195">
        <ele>328.2</ele>
      </trkpt>
      <trkpt lat="40.68322" lon="17.43159">
        <ele>332.3</ele>
      </trkpt>
      <trkpt lat="40.68319" lon="17.431539">
        <ele>332.6</ele>
      </trkpt>
      <trkpt lat="40.683169" lon="17.431539">
        <ele>332.5</ele>
      </trkpt>
      <trkpt lat="40.68304" lon="17.43155">
        <ele>332.2</ele>
      </trkpt>
      <trkpt lat="40.68268" lon="17.43161">
        <ele>330.9</ele>
      </trkpt>
      <trkpt lat="40.68229" lon="17.4318">
        <ele>328.6</ele>
      </trkpt>
      <trkpt lat="40.68183" lon="17.43198">
        <ele>326.7</ele>
      </trkpt>
      <trkpt lat="40.68171" lon="17.43198">
        <ele>326.8</ele>
      </trkpt>
      <trkpt lat="40.68155" lon="17.43189">
        <ele>327.6</ele>
      </trkpt>
      <trkpt lat="40.68099" lon="17.43122">
        <ele>329.9</ele>
      </trkpt>
      <trkpt lat="40.68088" lon="17.43111">
        <ele>329.9</ele>
      </trkpt>
      <trkpt lat="40.68074" lon="17.43105">
        <ele>329.9</ele>
      </trkpt>
      <trkpt lat="40.68004" lon="17.43114">
        <ele>330.1</ele>
      </trkpt>
      <trkpt lat="40.67997" lon="17.4312">
        <ele>330.2</ele>
      </trkpt>
      <trkpt lat="40.67994" lon="17.4313">
        <ele>330.2</ele>
      </trkpt>
      <trkpt lat="40.67993" lon="17.43199">
        <ele>330.4</ele>
      </trkpt>
      <trkpt lat="40.67993" lon="17.43268">
        <ele>332.4</ele>
      </trkpt>
      <trkpt lat="40.67982" lon="17.43334">
        <ele>334.7</ele>
      </trkpt>
      <trkpt lat="40.67973" lon="17.43367">
        <ele>334.2</ele>
      </trkpt>
      <trkpt lat="40.67973" lon="17.43375">
        <ele>333.9</ele>
      </trkpt>
      <trkpt lat="40.67976" lon="17.43385">
        <ele>333.3</ele>
      </trkpt>
      <trkpt lat="40.67976" lon="17.43396">
        <ele>332.8</ele>
      </trkpt>
      <trkpt lat="40.67973" lon="17.43419">
        <ele>332.1</ele>
      </trkpt>
      <trkpt lat="40.67975" lon="17.43481">
        <ele>327.8</ele>
      </trkpt>
      <trkpt lat="40.679699" lon="17.435">
        <ele>326.8</ele>
      </trkpt>
      <trkpt lat="40.67959" lon="17.43526">
        <ele>327.3</ele>
      </trkpt>
      <trkpt lat="40.67924" lon="17.43594">
        <ele>329.5</ele>
      </trkpt>
      <trkpt lat="40.6788" lon="17.4369">
        <ele>331.8</ele>
      </trkpt>
      <trkpt lat="40.67837" lon="17.43786">
        <ele>329.7</ele>
      </trkpt>
      <trkpt lat="40.67816" lon="17.43829">
        <ele>329.1</ele>
      </trkpt>
      <trkpt lat="40.67778" lon="17.43899">
        <ele>329.3</ele>
      </trkpt>
      <trkpt lat="40.67779" lon="17.43909">
        <ele>328.7</ele>
      </trkpt>
      <trkpt lat="40.67771" lon="17.43929">
        <ele>328.6</ele>
      </trkpt>
      <trkpt lat="40.67759" lon="17.43947">
        <ele>329.1</ele>
      </trkpt>
      <trkpt lat="40.67714" lon="17.44035">
        <ele>330.2</ele>
      </trkpt>
      <trkpt lat="40.67711" lon="17.44037">
        <ele>330.3</ele>
      </trkpt>
      <trkpt lat="40.67702" lon="17.44029">
        <ele>331.2</ele>
      </trkpt>
      <trkpt lat="40.67697" lon="17.44029">
        <ele>331.5</ele>
      </trkpt>
      <trkpt lat="40.6765" lon="17.44088">
        <ele>331.3</ele>
      </trkpt>
      <trkpt lat="40.67612" lon="17.44124">
        <ele>332.2</ele>
      </trkpt>
      <trkpt lat="40.67575" lon="17.4416">
        <ele>332.0</ele>
      </trkpt>
      <trkpt lat="40.67563" lon="17.44175">
        <ele>331.5</ele>
      </trkpt>
      <trkpt lat="40.6754" lon="17.44247">
        <ele>329.3</ele>
      </trkpt>
      <trkpt lat="40.67512" lon="17.44319">
        <ele>328.3</ele>
      </trkpt>
      <trkpt lat="40.67429" lon="17.44358">
        <ele>330.7</ele>
      </trkpt>
      <trkpt lat="40.67416" lon="17.44362">
        <ele>330.9</ele>
      </trkpt>
      <trkpt lat="40.67359" lon="17.44397">
        <ele>328.9</ele>
      </trkpt>
      <trkpt lat="40.67328" lon="17.44414">
        <ele>328.0</ele>
      </trkpt>
      <trkpt lat="40.67315" lon="17.44414">
        <ele>327.5</ele>
      </trkpt>
      <trkpt lat="40.67301" lon="17.44408">
        <ele>327.4</ele>
      </trkpt>
      <trkpt lat="40.67292" lon="17.44392">
        <ele>328.0</ele>
      </trkpt>
      <trkpt lat="40.672759" lon="17.44356">
        <ele>329.6</ele>
      </trkpt>
      <trkpt lat="40.67263" lon="17.44346">
        <ele>329.7</ele>
      </trkpt>
      <trkpt lat="40.672469" lon="17.44341">
        <ele>329.6</ele>
      </trkpt>
      <trkpt lat="40.6718" lon="17.44334">
        <ele>330.8</ele>
      </trkpt>
      <trkpt lat="40.67112" lon="17.443269">
        <ele>330.2</ele>
      </trkpt>
      <trkpt lat="40.67067" lon="17.44324">
        <ele>330.3</ele>
      </trkpt>
      <trkpt lat="40.67056" lon="17.44326">
        <ele>330.5</ele>
      </trkpt>
      <trkpt lat="40.67025" lon="17.44361">
        <ele>329.9</ele>
      </trkpt>
      <trkpt lat="40.66982" lon="17.44412">
        <ele>329.1</ele>
      </trkpt>
      <trkpt lat="40.66946" lon="17.44455">
        <ele>328.5</ele>
      </trkpt>
      <trkpt lat="40.6691" lon="17.44498">
        <ele>329.3</ele>
      </trkpt>
      <trkpt lat="40.66894" lon="17.44513">
        <ele>329.4</ele>
      </trkpt>
      <trkpt lat="40.6687" lon="17.4453">
        <ele>329.8</ele>
      </trkpt>
      <trkpt lat="40.66838" lon="17.445519">
        <ele>330.5</ele>
      </trkpt>
      <trkpt lat="40.66778" lon="17.44591">
        <ele>331.1</ele>
      </trkpt>
      <trkpt lat="40.66717" lon="17.4463">
        <ele>330.6</ele>
      </trkpt>
      <trkpt lat="40.66671" lon="17.44664">
        <ele>328.3</ele>
      </trkpt>
      <trkpt lat="40.66658" lon="17.44675">
        <ele>328.4</ele>
      </trkpt>
      <trkpt lat="40.66621" lon="17.44717">
        <ele>329.8</ele>
      </trkpt>
      <trkpt lat="40.66569" lon="17.44785">
        <ele>330.9</ele>
      </trkpt>
      <trkpt lat="40.66517" lon="17.44853">
        <ele>330.3</ele>
      </trkpt>
      <trkpt lat="40.66504" lon="17.44865">
        <ele>330.0</ele>
      </trkpt>
      <trkpt lat="40.66491" lon="17.44873">
        <ele>329.8</ele>
      </trkpt>
      <trkpt lat="40.66477" lon="17.44876">
        <ele>329.9</ele>
      </trkpt>
      <trkpt lat="40.66423" lon="17.44881">
        <ele>330.5</ele>
      </trkpt>
      <trkpt lat="40.66369" lon="17.44886">
        <ele>330.1</ele>
      </trkpt>
      <trkpt lat="40.66355" lon="17.44889">
        <ele>330.0</ele>
      </trkpt>
      <trkpt lat="40.66348" lon="17.44893">
        <ele>329.8</ele>
      </trkpt>
      <trkpt lat="40.66344" lon="17.44904">
        <ele>329.4</ele>
      </trkpt>
      <trkpt lat="40.66337" lon="17.44962">
        <ele>326.8</ele>
      </trkpt>
      <trkpt lat="40.6633" lon="17.450209">
        <ele>324.1</ele>
      </trkpt>
      <trkpt lat="40.66328" lon="17.450489">
        <ele>322.8</ele>
      </trkpt>
      <trkpt lat="40.66323" lon="17.45048">
        <ele>323.1</ele>
      </trkpt>
      <trkpt lat="40.66289" lon="17.45046">
        <ele>324.4</ele>
      </trkpt>
      <trkpt lat="40.66245" lon="17.45034">
        <ele>326.6</ele>
      </trkpt>
      <trkpt lat="40.662" lon="17.45023">
        <ele>329.1</ele>
      </trkpt>
      <trkpt lat="40.66154" lon="17.450119">
        <ele>331.0</ele>
      </trkpt>
      <trkpt lat="40.66108" lon="17.45002">
        <ele>330.5</ele>
      </trkpt>
      <trkpt lat="40.66035" lon="17.44997">
        <ele>333.0</ele>
      </trkpt>
      <trkpt lat="40.65982" lon="17.44994">
        <ele>335.3</ele>
      </trkpt>
      <trkpt lat="40.65929" lon="17.44991">
        <ele>335.9</ele>
      </trkpt>
      <trkpt lat="40.659239" lon="17.44988">
        <ele>335.9</ele>
      </trkpt>
      <trkpt lat="40.65875" lon="17.44941">
        <ele>335.1</ele>
      </trkpt>
      <trkpt lat="40.65826" lon="17.44894">
        <ele>334.4</ele>
      </trkpt>
      <trkpt lat="40.65777" lon="17.44846">
        <ele>333.2</ele>
      </trkpt>
      <trkpt lat="40.65777" lon="17.44846">
        <ele>333.2</ele>
      </trkpt>
      <trkpt lat="40.65731" lon="17.44802">
        <ele>333.5</ele>
      </trkpt>
      <trkpt lat="40.65697" lon="17.44754">
        <ele>334.0</ele>
      </trkpt>
      <trkpt lat="40.65664" lon="17.44705">
        <ele>333.9</ele>
      </trkpt>
      <trkpt lat="40.65655" lon="17.4466">
        <ele>335.5</ele>
      </trkpt>
      <trkpt lat="40.65644" lon="17.44577">
        <ele>336.0</ele>
      </trkpt>
      <trkpt lat="40.65636" lon="17.44558">
        <ele>335.7</ele>
      </trkpt>
      <trkpt lat="40.65628" lon="17.44551">
        <ele>335.0</ele>
      </trkpt>
      <trkpt lat="40.6558" lon="17.44531">
        <ele>332.9</ele>
      </trkpt>
      <trkpt lat="40.65542" lon="17.44512">
        <ele>331.2</ele>
      </trkpt>
      <trkpt lat="40.65523" lon="17.44503">
        <ele>330.4</ele>
      </trkpt>
      <trkpt lat="40.65486" lon="17.44491">
        <ele>330.2</ele>
      </trkpt>
      <trkpt lat="40.6546" lon="17.44492">
        <ele>329.8</ele>
      </trkpt>
      <trkpt lat="40.6544" lon="17.44497">
        <ele>329.4</ele>
      </trkpt>
      <trkpt lat="40.65386" lon="17.445049">
        <ele>329.1</ele>
      </trkpt>
      <trkpt lat="40.65386" lon="17.445049">
        <ele>329.1</ele>
      </trkpt>
      <trkpt lat="40.652736" lon="17.445283">
        <ele>328.8</ele>
      </trkpt>
      <trkpt lat="40.651612" lon="17.445516">
        <ele>328.7</ele>
      </trkpt>
      <trkpt lat="40.651081" lon="17.445619">
        <ele>329.4</ele>
      </trkpt>
      <trkpt lat="40.650129" lon="17.446328">
        <ele>331.4</ele>
      </trkpt>
      <trkpt lat="40.649178" lon="17.447037">
        <ele>334.0</ele>
      </trkpt>
      <trkpt lat="40.648226" lon="17.447747">
        <ele>336.8</ele>
      </trkpt>
      <trkpt lat="40.648226" lon="17.447747">
        <ele>336.8</ele>
      </trkpt>
      <trkpt lat="40.646828" lon="17.449093">
        <ele>333.6</ele>
      </trkpt>
      <trkpt lat="40.64681" lon="17.4491">
        <ele>333.6</ele>
      </trkpt>
      <trkpt lat="40.64682" lon="17.44912">
        <ele>333.5</ele>
      </trkpt>
      <trkpt lat="40.64667" lon="17.44924">
        <ele>332.9</ele>
      </trkpt>
      <trkpt lat="40.64658" lon="17.44925">
        <ele>332.9</ele>
      </trkpt>
      <trkpt lat="40.64616" lon="17.44962">
        <ele>331.8</ele>
      </trkpt>
      <trkpt lat="40.64574" lon="17.45003">
        <ele>330.2</ele>
      </trkpt>
      <trkpt lat="40.64532" lon="17.45043">
        <ele>330.8</ele>
      </trkpt>
      <trkpt lat="40.64492" lon="17.45064">
        <ele>330.7</ele>
      </trkpt>
      <trkpt lat="40.64464" lon="17.450959">
        <ele>330.6</ele>
      </trkpt>
      <trkpt lat="40.644419" lon="17.451149">
        <ele>330.3</ele>
      </trkpt>
      <trkpt lat="40.64416" lon="17.45146">
        <ele>329.0</ele>
      </trkpt>
      <trkpt lat="40.6439" lon="17.451809">
        <ele>328.8</ele>
      </trkpt>
      <trkpt lat="40.64367" lon="17.45217">
        <ele>328.1</ele>
      </trkpt>
      <trkpt lat="40.64343" lon="17.4525">
        <ele>326.9</ele>
      </trkpt>
      <trkpt lat="40.64334" lon="17.45258">
        <ele>326.5</ele>
      </trkpt>
      <trkpt lat="40.64324" lon="17.45263">
        <ele>326.4</ele>
      </trkpt>
      <trkpt lat="40.64313" lon="17.45264">
        <ele>326.5</ele>
      </trkpt>
      <trkpt lat="40.64248" lon="17.45246">
        <ele>328.3</ele>
      </trkpt>
      <trkpt lat="40.64237" lon="17.45248">
        <ele>328.6</ele>
      </trkpt>
      <trkpt lat="40.64192" lon="17.4526">
        <ele>329.6</ele>
      </trkpt>
      <trkpt lat="40.64147" lon="17.45272">
        <ele>329.7</ele>
      </trkpt>
      <trkpt lat="40.64138" lon="17.45269">
        <ele>329.9</ele>
      </trkpt>
      <trkpt lat="40.64115" lon="17.4528">
        <ele>329.2</ele>
      </trkpt>
      <trkpt lat="40.64105" lon="17.4528">
        <ele>329.2</ele>
      </trkpt>
      <trkpt lat="40.64094" lon="17.45283">
        <ele>329.0</ele>
      </trkpt>
      <trkpt lat="40.64075" lon="17.45292">
        <ele>328.5</ele>
      </trkpt>
      <trkpt lat="40.64011" lon="17.45311">
        <ele>327.6</ele>
      </trkpt>
      <trkpt lat="40.63947" lon="17.4533">
        <ele>329.4</ele>
      </trkpt>
      <trkpt lat="40.6389" lon="17.45344">
        <ele>331.8</ele>
      </trkpt>
      <trkpt lat="40.63817" lon="17.45349">
        <ele>333.4</ele>
      </trkpt>
      <trkpt lat="40.63744" lon="17.45355">
        <ele>334.4</ele>
      </trkpt>
      <trkpt lat="40.6373" lon="17.45358">
        <ele>334.2</ele>
      </trkpt>
      <trkpt lat="40.63724" lon="17.45357">
        <ele>334.1</ele>
      </trkpt>
      <trkpt lat="40.6364" lon="17.45398">
        <ele>332.5</ele>
      </trkpt>
      <trkpt lat="40.63584" lon="17.45426">
        <ele>331.0</ele>
      </trkpt>
      <trkpt lat="40.6354" lon="17.45446">
        <ele>331.2</ele>
      </trkpt>
      <trkpt lat="40.63495" lon="17.45466">
        <ele>330.8</ele>
      </trkpt>
      <trkpt lat="40.63438" lon="17.454809">
        <ele>329.5</ele>
      </trkpt>
      <trkpt lat="40.6338" lon="17.45494">
        <ele>328.4</ele>
      </trkpt>
      <trkpt lat="40.63322" lon="17.45506">
        <ele>328.1</ele>
      </trkpt>
      <trkpt lat="40.633" lon="17.45502">
        <ele>328.7</ele>
      </trkpt>
      <trkpt lat="40.63277" lon="17.45492">
        <ele>329.6</ele>
      </trkpt>
      <trkpt lat="40.63219" lon="17.45457">
        <ele>331.8</ele>
      </trkpt>
      <trkpt lat="40.63161" lon="17.45422">
        <ele>333.9</ele>
      </trkpt>
      <trkpt lat="40.63094" lon="17.45381">
        <ele>336.0</ele>
      </trkpt>
      <trkpt lat="40.63026" lon="17.45341">
        <ele>337.4</ele>
      </trkpt>
      <trkpt lat="40.62959" lon="17.453">
        <ele>336.3</ele>
      </trkpt>
      <trkpt lat="40.62879" lon="17.45252">
        <ele>335.0</ele>
      </trkpt>
      <trkpt lat="40.62798" lon="17.45204">
        <ele>334.6</ele>
      </trkpt>
      <trkpt lat="40.62718" lon="17.45155">
        <ele>333.6</ele>
      </trkpt>
      <trkpt lat="40.62638" lon="17.45107">
        <ele>329.7</ele>
      </trkpt>
      <trkpt lat="40.62583" lon="17.45074">
        <ele>326.1</ele>
      </trkpt>
      <trkpt lat="40.6257" lon="17.450679">
        <ele>326.4</ele>
      </trkpt>
      <trkpt lat="40.62554" lon="17.45067">
        <ele>326.7</ele>
      </trkpt>
      <trkpt lat="40.62509" lon="17.45067">
        <ele>327.8</ele>
      </trkpt>
      <trkpt lat="40.62463" lon="17.450679">
        <ele>328.8</ele>
      </trkpt>
      <trkpt lat="40.62379" lon="17.45069">
        <ele>330.8</ele>
      </trkpt>
      <trkpt lat="40.62294" lon="17.4507">
        <ele>336.5</ele>
      </trkpt>
      <trkpt lat="40.6221" lon="17.45071">
        <ele>337.8</ele>
      </trkpt>
      <trkpt lat="40.62138" lon="17.45072">
        <ele>337.0</ele>
      </trkpt>
      <trkpt lat="40.62065" lon="17.45073">
        <ele>336.2</ele>
      </trkpt>
      <trkpt lat="40.619929" lon="17.45074">
        <ele>336.2</ele>
      </trkpt>
      <trkpt lat="40.6192" lon="17.45074">
        <ele>336.9</ele>
      </trkpt>
      <trkpt lat="40.61858" lon="17.45078">
        <ele>334.2</ele>
      </trkpt>
      <trkpt lat="40.617959" lon="17.45081">
        <ele>332.2</ele>
      </trkpt>
      <trkpt lat="40.61734" lon="17.45084">
        <ele>330.8</ele>
      </trkpt>
      <trkpt lat="40.61712" lon="17.4508">
        <ele>330.6</ele>
      </trkpt>
      <trkpt lat="40.61712" lon="17.4508">
        <ele>330.6</ele>
      </trkpt>
      <trkpt lat="40.61648" lon="17.45071">
        <ele>329.8</ele>
      </trkpt>
      <trkpt lat="40.615989" lon="17.45057">
        <ele>328.8</ele>
      </trkpt>
      <trkpt lat="40.61551" lon="17.45043">
        <ele>327.9</ele>
      </trkpt>
      <trkpt lat="40.61539" lon="17.45042">
        <ele>327.7</ele>
      </trkpt>
      <trkpt lat="40.61527" lon="17.45045">
        <ele>327.4</ele>
      </trkpt>
      <trkpt lat="40.61517" lon="17.45052">
        <ele>327.1</ele>
      </trkpt>
      <trkpt lat="40.61494" lon="17.45103">
        <ele>325.7</ele>
      </trkpt>
      <trkpt lat="40.614849" lon="17.45114">
        <ele>325.7</ele>
      </trkpt>
      <trkpt lat="40.61432" lon="17.4516">
        <ele>325.1</ele>
      </trkpt>
      <trkpt lat="40.61378" lon="17.45207">
        <ele>326.1</ele>
      </trkpt>
      <trkpt lat="40.61325" lon="17.45253">
        <ele>325.9</ele>
      </trkpt>
      <trkpt lat="40.61318" lon="17.45254">
        <ele>326.0</ele>
      </trkpt>
      <trkpt lat="40.61291" lon="17.45255">
        <ele>326.2</ele>
      </trkpt>
      <trkpt lat="40.61211" lon="17.45227">
        <ele>327.6</ele>
      </trkpt>
      <trkpt lat="40.61131" lon="17.45199">
        <ele>325.7</ele>
      </trkpt>
      <trkpt lat="40.61107" lon="17.45195">
        <ele>325.5</ele>
      </trkpt>
      <trkpt lat="40.61055" lon="17.45186">
        <ele>325.2</ele>
      </trkpt>
      <trkpt lat="40.610259" lon="17.4518">
        <ele>325.1</ele>
      </trkpt>
      <trkpt lat="40.61008" lon="17.45189">
        <ele>325.8</ele>
      </trkpt>
      <trkpt lat="40.61001" lon="17.45199">
        <ele>325.8</ele>
      </trkpt>
      <trkpt lat="40.60971" lon="17.45301">
        <ele>325.6</ele>
      </trkpt>
      <trkpt lat="40.6094" lon="17.45403">
        <ele>326.3</ele>
      </trkpt>
      <trkpt lat="40.6091" lon="17.45505">
        <ele>326.2</ele>
      </trkpt>
      <trkpt lat="40.60888" lon="17.45582">
        <ele>324.1</ele>
      </trkpt>
      <trkpt lat="40.60865" lon="17.456589">
        <ele>322.9</ele>
      </trkpt>
      <trkpt lat="40.60842" lon="17.45736">
        <ele>322.4</ele>
      </trkpt>
      <trkpt lat="40.60828" lon="17.45779">
        <ele>322.3</ele>
      </trkpt>
      <trkpt lat="40.60821" lon="17.45787">
        <ele>322.4</ele>
      </trkpt>
      <trkpt lat="40.60821" lon="17.45787">
        <ele>322.4</ele>
      </trkpt>
      <trkpt lat="40.60808" lon="17.457999">
        <ele>322.7</ele>
      </trkpt>
      <trkpt lat="40.607259" lon="17.458279">
        <ele>325.7</ele>
      </trkpt>
      <trkpt lat="40.606699" lon="17.45832">
        <ele>327.0</ele>
      </trkpt>
      <trkpt lat="40.60614" lon="17.45836">
        <ele>326.9</ele>
      </trkpt>
      <trkpt lat="40.60569" lon="17.45851">
        <ele>326.3</ele>
      </trkpt>
      <trkpt lat="40.60524" lon="17.45867">
        <ele>325.5</ele>
      </trkpt>
      <trkpt lat="40.60468" lon="17.45882">
        <ele>326.4</ele>
      </trkpt>
      <trkpt lat="40.60458" lon="17.45884">
        <ele>326.8</ele>
      </trkpt>
      <trkpt lat="40.60401" lon="17.45916">
        <ele>327.8</ele>
      </trkpt>
      <trkpt lat="40.60343" lon="17.45947">
        <ele>327.6</ele>
      </trkpt>
      <trkpt lat="40.60322" lon="17.45957">
        <ele>327.6</ele>
      </trkpt>
      <trkpt lat="40.60308" lon="17.45962">
        <ele>327.8</ele>
      </trkpt>
      <trkpt lat="40.6028" lon="17.45958">
        <ele>329.3</ele>
      </trkpt>
      <trkpt lat="40.60225" lon="17.45942">
        <ele>330.8</ele>
      </trkpt>
      <trkpt lat="40.60171" lon="17.45926">
        <ele>330.1</ele>
      </trkpt>
      <trkpt lat="40.60117" lon="17.4591">
        <ele>328.3</ele>
      </trkpt>
      <trkpt lat="40.60062" lon="17.458939">
        <ele>327.0</ele>
      </trkpt>
      <trkpt lat="40.60007" lon="17.45878">
        <ele>326.9</ele>
      </trkpt>
      <trkpt lat="40.59988" lon="17.45879">
        <ele>327.0</ele>
      </trkpt>
      <trkpt lat="40.59964" lon="17.4589">
        <ele>326.7</ele>
      </trkpt>
      <trkpt lat="40.59924" lon="17.4592">
        <ele>325.8</ele>
      </trkpt>
      <trkpt lat="40.59904" lon="17.45931">
        <ele>325.4</ele>
      </trkpt>
      <trkpt lat="40.598941" lon="17.459381">
        <ele>325.1</ele>
      </trkpt>
      <trkpt lat="40.59894" lon="17.45938">
        <ele>325.1</ele>
      </trkpt>
      <trkpt lat="40.59882" lon="17.45945">
        <ele>324.7</ele>
      </trkpt>
      <trkpt lat="40.59873" lon="17.459409">
        <ele>324.8</ele>
      </trkpt>
      <trkpt lat="40.59846" lon="17.45931">
        <ele>325.2</ele>
      </trkpt>
      <trkpt lat="40.59846" lon="17.45931">
        <ele>325.2</ele>
      </trkpt>
      <trkpt lat="40.59846" lon="17.45931">
        <ele>325.2</ele>
      </trkpt>
      <trkpt lat="40.59813" lon="17.45923">
        <ele>325.9</ele>
      </trkpt>
      <trkpt lat="40.598" lon="17.4592">
        <ele>326.2</ele>
      </trkpt>
      <trkpt lat="40.59779" lon="17.45923">
        <ele>326.3</ele>
      </trkpt>
      <trkpt lat="40.59701" lon="17.45959">
        <ele>326.1</ele>
      </trkpt>
      <trkpt lat="40.59622" lon="17.45995">
        <ele>327.8</ele>
      </trkpt>
      <trkpt lat="40.59579" lon="17.46027">
        <ele>329.1</ele>
      </trkpt>
      <trkpt lat="40.59535" lon="17.46058">
        <ele>328.7</ele>
      </trkpt>
      <trkpt lat="40.59535" lon="17.46058">
        <ele>328.7</ele>
      </trkpt>
      <trkpt lat="40.59469" lon="17.46105">
        <ele>328.3</ele>
      </trkpt>
      <trkpt lat="40.594029" lon="17.46153">
        <ele>327.4</ele>
      </trkpt>
      <trkpt lat="40.593359" lon="17.46201">
        <ele>324.9</ele>
      </trkpt>
      <trkpt lat="40.5927" lon="17.46248">
        <ele>323.7</ele>
      </trkpt>
      <trkpt lat="40.59261" lon="17.46255">
        <ele>323.4</ele>
      </trkpt>
      <trkpt lat="40.59251" lon="17.46274">
        <ele>323.3</ele>
      </trkpt>
      <trkpt lat="40.592329" lon="17.4629">
        <ele>323.3</ele>
      </trkpt>
      <trkpt lat="40.59225" lon="17.46293">
        <ele>323.2</ele>
      </trkpt>
      <trkpt lat="40.5922" lon="17.46295">
        <ele>323.2</ele>
      </trkpt>
      <trkpt lat="40.59216" lon="17.463">
        <ele>323.2</ele>
      </trkpt>
      <trkpt lat="40.59214" lon="17.46309">
        <ele>323.3</ele>
      </trkpt>
      <trkpt lat="40.59194" lon="17.46332">
        <ele>323.3</ele>
      </trkpt>
      <trkpt lat="40.59194" lon="17.46332">
        <ele>323.3</ele>
      </trkpt>
      <trkpt lat="40.59194" lon="17.46332">
        <ele>323.3</ele>
      </trkpt>
      <trkpt lat="40.59178" lon="17.46341">
        <ele>323.0</ele>
      </trkpt>
      <trkpt lat="40.59172" lon="17.46347">
        <ele>322.7</ele>
      </trkpt>
      <trkpt lat="40.591589" lon="17.4637">
        <ele>321.6</ele>
      </trkpt>
      <trkpt lat="40.59154" lon="17.46373">
        <ele>321.2</ele>
      </trkpt>
      <trkpt lat="40.59145" lon="17.46389">
        <ele>320.4</ele>
      </trkpt>
      <trkpt lat="40.59133" lon="17.46408">
        <ele>319.5</ele>
      </trkpt>
      <trkpt lat="40.591299" lon="17.4642">
        <ele>319.1</ele>
      </trkpt>
      <trkpt lat="40.591209" lon="17.46436">
        <ele>318.2</ele>
      </trkpt>
      <trkpt lat="40.591119" lon="17.46443">
        <ele>317.5</ele>
      </trkpt>
      <trkpt lat="40.59095" lon="17.46483">
        <ele>315.3</ele>
      </trkpt>
      <trkpt lat="40.59081" lon="17.46502">
        <ele>313.7</ele>
      </trkpt>
      <trkpt lat="40.59068" lon="17.465229">
        <ele>311.9</ele>
      </trkpt>
      <trkpt lat="40.59056" lon="17.46549">
        <ele>310.0</ele>
      </trkpt>
      <trkpt lat="40.59056" lon="17.46549">
        <ele>310.0</ele>
      </trkpt>
      <trkpt lat="40.59052" lon="17.46558">
        <ele>309.3</ele>
      </trkpt>
      <trkpt lat="40.59044" lon="17.46569">
        <ele>308.2</ele>
      </trkpt>
      <trkpt lat="40.59012" lon="17.46591">
        <ele>303.9</ele>
      </trkpt>
      <trkpt lat="40.58948" lon="17.46661">
        <ele>294.9</ele>
      </trkpt>
      <trkpt lat="40.58884" lon="17.4673">
        <ele>289.1</ele>
      </trkpt>
      <trkpt lat="40.58819" lon="17.468">
        <ele>284.9</ele>
      </trkpt>
      <trkpt lat="40.58755" lon="17.468699">
        <ele>282.3</ele>
      </trkpt>
      <trkpt lat="40.58704" lon="17.46785">
        <ele>278.8</ele>
      </trkpt>
      <trkpt lat="40.58652" lon="17.467009">
        <ele>273.9</ele>
      </trkpt>
      <trkpt lat="40.58613" lon="17.46629">
        <ele>269.2</ele>
      </trkpt>
      <trkpt lat="40.58589" lon="17.46601">
        <ele>265.5</ele>
      </trkpt>
      <trkpt lat="40.5857" lon="17.46591">
        <ele>263.2</ele>
      </trkpt>
      <trkpt lat="40.58571" lon="17.46582">
        <ele>263.0</ele>
      </trkpt>
      <trkpt lat="40.58569" lon="17.46574">
        <ele>262.8</ele>
      </trkpt>
      <trkpt lat="40.58564" lon="17.46568">
        <ele>262.4</ele>
      </trkpt>
      <trkpt lat="40.58557" lon="17.46567">
        <ele>261.8</ele>
      </trkpt>
      <trkpt lat="40.58551" lon="17.46546">
        <ele>261.3</ele>
      </trkpt>
      <trkpt lat="40.58536" lon="17.46517">
        <ele>260.0</ele>
      </trkpt>
      <trkpt lat="40.585" lon="17.46459">
        <ele>257.0</ele>
      </trkpt>
      <trkpt lat="40.58463" lon="17.464009">
        <ele>254.0</ele>
      </trkpt>
      <trkpt lat="40.58425" lon="17.46341">
        <ele>250.8</ele>
      </trkpt>
      <trkpt lat="40.58387" lon="17.4628">
        <ele>247.2</ele>
      </trkpt>
      <trkpt lat="40.58364" lon="17.46298">
        <ele>244.0</ele>
      </trkpt>
      <trkpt lat="40.58298" lon="17.46355">
        <ele>235.2</ele>
      </trkpt>
      <trkpt lat="40.58232" lon="17.46413">
        <ele>227.8</ele>
      </trkpt>
      <trkpt lat="40.58167" lon="17.4647">
        <ele>221.7</ele>
      </trkpt>
      <trkpt lat="40.581359" lon="17.46425">
        <ele>220.7</ele>
      </trkpt>
      <trkpt lat="40.58106" lon="17.4638">
        <ele>219.4</ele>
      </trkpt>
      <trkpt lat="40.58084" lon="17.46346">
        <ele>218.7</ele>
      </trkpt>
      <trkpt lat="40.58082" lon="17.4634">
        <ele>218.8</ele>
      </trkpt>
      <trkpt lat="40.58083" lon="17.46336">
        <ele>218.9</ele>
      </trkpt>
      <trkpt lat="40.58099" lon="17.46319">
        <ele>220.1</ele>
      </trkpt>
      <trkpt lat="40.581" lon="17.46315">
        <ele>220.2</ele>
      </trkpt>
      <trkpt lat="40.581" lon="17.46311">
        <ele>220.3</ele>
      </trkpt>
      <trkpt lat="40.58046" lon="17.46226">
        <ele>217.9</ele>
      </trkpt>
      <trkpt lat="40.57993" lon="17.46141">
        <ele>216.0</ele>
      </trkpt>
      <trkpt lat="40.5794" lon="17.46056">
        <ele>214.4</ele>
      </trkpt>
      <trkpt lat="40.57907" lon="17.46003">
        <ele>212.7</ele>
      </trkpt>
      <trkpt lat="40.579009" lon="17.45992">
        <ele>212.4</ele>
      </trkpt>
      <trkpt lat="40.57897" lon="17.45986">
        <ele>212.2</ele>
      </trkpt>
      <trkpt lat="40.57883" lon="17.4598">
        <ele>211.8</ele>
      </trkpt>
      <trkpt lat="40.57853" lon="17.45976">
        <ele>209.7</ele>
      </trkpt>
      <trkpt lat="40.57835" lon="17.4597">
        <ele>208.5</ele>
      </trkpt>
      <trkpt lat="40.57776" lon="17.45953">
        <ele>206.8</ele>
      </trkpt>
      <trkpt lat="40.57773" lon="17.45959">
        <ele>206.7</ele>
      </trkpt>
      <trkpt lat="40.5777" lon="17.459689">
        <ele>206.5</ele>
      </trkpt>
      <trkpt lat="40.57768" lon="17.45971">
        <ele>206.4</ele>
      </trkpt>
      <trkpt lat="40.577509" lon="17.45967">
        <ele>206.0</ele>
      </trkpt>
      <trkpt lat="40.57741" lon="17.45978">
        <ele>205.6</ele>
      </trkpt>
      <trkpt lat="40.57673" lon="17.46048">
        <ele>202.3</ele>
      </trkpt>
      <trkpt lat="40.57606" lon="17.46117">
        <ele>200.2</ele>
      </trkpt>
      <trkpt lat="40.57592" lon="17.46134">
        <ele>199.9</ele>
      </trkpt>
      <trkpt lat="40.57582" lon="17.46155">
        <ele>199.8</ele>
      </trkpt>
      <trkpt lat="40.57561" lon="17.4621">
        <ele>199.7</ele>
      </trkpt>
      <trkpt lat="40.57552" lon="17.462039">
        <ele>199.3</ele>
      </trkpt>
      <trkpt lat="40.57542" lon="17.46203">
        <ele>198.9</ele>
      </trkpt>
      <trkpt lat="40.57505" lon="17.46242">
        <ele>198.1</ele>
      </trkpt>
      <trkpt lat="40.57468" lon="17.46281">
        <ele>197.6</ele>
      </trkpt>
      <trkpt lat="40.57463" lon="17.46282">
        <ele>197.5</ele>
      </trkpt>
      <trkpt lat="40.57459" lon="17.4628">
        <ele>197.4</ele>
      </trkpt>
      <trkpt lat="40.57414" lon="17.4621">
        <ele>195.9</ele>
      </trkpt>
      <trkpt lat="40.5737" lon="17.46141">
        <ele>194.7</ele>
      </trkpt>
      <trkpt lat="40.57361" lon="17.46134">
        <ele>194.5</ele>
      </trkpt>
      <trkpt lat="40.57355" lon="17.46136">
        <ele>194.4</ele>
      </trkpt>
      <trkpt lat="40.57325" lon="17.46164">
        <ele>193.7</ele>
      </trkpt>
      <trkpt lat="40.57325" lon="17.46164">
        <ele>193.7</ele>
      </trkpt>
      <trkpt lat="40.5726" lon="17.46224">
        <ele>192.6</ele>
      </trkpt>
      <trkpt lat="40.57196" lon="17.46284">
        <ele>191.3</ele>
      </trkpt>
      <trkpt lat="40.571309" lon="17.46345">
        <ele>189.2</ele>
      </trkpt>
      <trkpt lat="40.570659" lon="17.46405">
        <ele>188.7</ele>
      </trkpt>
      <trkpt lat="40.57052" lon="17.464099">
        <ele>188.8</ele>
      </trkpt>
      <trkpt lat="40.569719" lon="17.46414">
        <ele>188.9</ele>
      </trkpt>
      <trkpt lat="40.56893" lon="17.46419">
        <ele>189.3</ele>
      </trkpt>
      <trkpt lat="40.56809" lon="17.46426">
        <ele>189.8</ele>
      </trkpt>
      <trkpt lat="40.56796" lon="17.464289">
        <ele>189.8</ele>
      </trkpt>
      <trkpt lat="40.56723" lon="17.46471">
        <ele>190.5</ele>
      </trkpt>
      <trkpt lat="40.5674" lon="17.46499">
        <ele>191.7</ele>
      </trkpt>
      <trkpt lat="40.567459" lon="17.46508">
        <ele>191.8</ele>
      </trkpt>
      <trkpt lat="40.56695" lon="17.46548">
        <ele>190.5</ele>
      </trkpt>
      <trkpt lat="40.56677" lon="17.4665">
        <ele>190.0</ele>
      </trkpt>
      <trkpt lat="40.5666" lon="17.46752">
        <ele>190.7</ele>
      </trkpt>
      <trkpt lat="40.5666" lon="17.46752">
        <ele>190.7</ele>
      </trkpt>
      <trkpt lat="40.5664" lon="17.46863">
        <ele>189.2</ele>
      </trkpt>
      <trkpt lat="40.56621" lon="17.46975">
        <ele>186.8</ele>
      </trkpt>
      <trkpt lat="40.56602" lon="17.47087">
        <ele>187.8</ele>
      </trkpt>
      <trkpt lat="40.56582" lon="17.47198">
        <ele>187.9</ele>
      </trkpt>
      <trkpt lat="40.56652" lon="17.47209">
        <ele>187.5</ele>
      </trkpt>
      <trkpt lat="40.56722" lon="17.47219">
        <ele>187.9</ele>
      </trkpt>
      <trkpt lat="40.56697" lon="17.47299">
        <ele>188.2</ele>
      </trkpt>
      <trkpt lat="40.56671" lon="17.47378">
        <ele>188.0</ele>
      </trkpt>
      <trkpt lat="40.56646" lon="17.47458">
        <ele>187.5</ele>
      </trkpt>
      <trkpt lat="40.56622" lon="17.47531">
        <ele>187.6</ele>
      </trkpt>
      <trkpt lat="40.56599" lon="17.47604">
        <ele>187.1</ele>
      </trkpt>
      <trkpt lat="40.56575" lon="17.47678">
        <ele>184.2</ele>
      </trkpt>
      <trkpt lat="40.56529" lon="17.47681">
        <ele>184.5</ele>
      </trkpt>
      <trkpt lat="40.56483" lon="17.47684">
        <ele>184.6</ele>
      </trkpt>
      <trkpt lat="40.56436" lon="17.47694">
        <ele>184.3</ele>
      </trkpt>
      <trkpt lat="40.56388" lon="17.47704">
        <ele>183.6</ele>
      </trkpt>
      <trkpt lat="40.5634" lon="17.47712">
        <ele>182.6</ele>
      </trkpt>
      <trkpt lat="40.56292" lon="17.4772">
        <ele>181.7</ele>
      </trkpt>
      <trkpt lat="40.56228" lon="17.47714">
        <ele>181.8</ele>
      </trkpt>
      <trkpt lat="40.56145" lon="17.47714">
        <ele>182.8</ele>
      </trkpt>
      <trkpt lat="40.56062" lon="17.47714">
        <ele>182.0</ele>
      </trkpt>
      <trkpt lat="40.55997" lon="17.47698">
        <ele>183.4</ele>
      </trkpt>
      <trkpt lat="40.55973" lon="17.47692">
        <ele>183.3</ele>
      </trkpt>
      <trkpt lat="40.559489" lon="17.47695">
        <ele>183.4</ele>
      </trkpt>
      <trkpt lat="40.55918" lon="17.47704">
        <ele>183.8</ele>
      </trkpt>
      <trkpt lat="40.5587" lon="17.47721">
        <ele>182.2</ele>
      </trkpt>
      <trkpt lat="40.55823" lon="17.47737">
        <ele>180.2</ele>
      </trkpt>
      <trkpt lat="40.55786" lon="17.47735">
        <ele>178.6</ele>
      </trkpt>
      <trkpt lat="40.55773" lon="17.47642">
        <ele>177.8</ele>
      </trkpt>
      <trkpt lat="40.55759" lon="17.47549">
        <ele>178.1</ele>
      </trkpt>
      <trkpt lat="40.55698" lon="17.47541">
        <ele>175.5</ele>
      </trkpt>
      <trkpt lat="40.55637" lon="17.47534">
        <ele>172.2</ele>
      </trkpt>
      <trkpt lat="40.55576" lon="17.47526">
        <ele>168.9</ele>
      </trkpt>
      <trkpt lat="40.55563" lon="17.47513">
        <ele>168.6</ele>
      </trkpt>
      <trkpt lat="40.55572" lon="17.4745">
        <ele>168.2</ele>
      </trkpt>
      <trkpt lat="40.5558" lon="17.47392">
        <ele>168.7</ele>
      </trkpt>
      <trkpt lat="40.55588" lon="17.47333">
        <ele>170.1</ele>
      </trkpt>
      <trkpt lat="40.55583" lon="17.472919">
        <ele>171.0</ele>
      </trkpt>
      <trkpt lat="40.55586" lon="17.47243">
        <ele>171.9</ele>
      </trkpt>
      <trkpt lat="40.55558" lon="17.47143">
        <ele>170.1</ele>
      </trkpt>
      <trkpt lat="40.55545" lon="17.47107">
        <ele>170.6</ele>
      </trkpt>
      <trkpt lat="40.555079" lon="17.47027">
        <ele>171.6</ele>
      </trkpt>
      <trkpt lat="40.55472" lon="17.46947">
        <ele>173.0</ele>
      </trkpt>
      <trkpt lat="40.55436" lon="17.468509">
        <ele>173.3</ele>
      </trkpt>
      <trkpt lat="40.55398" lon="17.46773">
        <ele>172.6</ele>
      </trkpt>
      <trkpt lat="40.5536" lon="17.46694">
        <ele>173.1</ele>
      </trkpt>
      <trkpt lat="40.5533" lon="17.46613">
        <ele>173.6</ele>
      </trkpt>
      <trkpt lat="40.55288" lon="17.465129">
        <ele>172.0</ele>
      </trkpt>
      <trkpt lat="40.5526" lon="17.46474">
        <ele>170.4</ele>
      </trkpt>
      <trkpt lat="40.552349" lon="17.46404">
        <ele>170.1</ele>
      </trkpt>
      <trkpt lat="40.55205" lon="17.46344">
        <ele>170.4</ele>
      </trkpt>
      <trkpt lat="40.55172" lon="17.46285">
        <ele>169.0</ele>
      </trkpt>
      <trkpt lat="40.55138" lon="17.46226">
        <ele>168.8</ele>
      </trkpt>
      <trkpt lat="40.551" lon="17.46162">
        <ele>170.1</ele>
      </trkpt>
      <trkpt lat="40.55063" lon="17.46097">
        <ele>171.0</ele>
      </trkpt>
      <trkpt lat="40.55025" lon="17.46033">
        <ele>172.1</ele>
      </trkpt>
      <trkpt lat="40.54986" lon="17.45937">
        <ele>172.1</ele>
      </trkpt>
      <trkpt lat="40.54947" lon="17.45842">
        <ele>173.9</ele>
      </trkpt>
      <trkpt lat="40.54925" lon="17.45787">
        <ele>173.6</ele>
      </trkpt>
      <trkpt lat="40.54904" lon="17.45732">
        <ele>174.0</ele>
      </trkpt>
      <trkpt lat="40.54868" lon="17.45638">
        <ele>176.6</ele>
      </trkpt>
      <trkpt lat="40.548319" lon="17.45544">
        <ele>177.4</ele>
      </trkpt>
      <trkpt lat="40.54796" lon="17.4545">
        <ele>179.6</ele>
      </trkpt>
      <trkpt lat="40.54766" lon="17.45368">
        <ele>184.8</ele>
      </trkpt>
      <trkpt lat="40.54735" lon="17.45286">
        <ele>188.1</ele>
      </trkpt>
      <trkpt lat="40.54704" lon="17.45204">
        <ele>190.4</ele>
      </trkpt>
      <trkpt lat="40.54672" lon="17.45136">
        <ele>193.4</ele>
      </trkpt>
      <trkpt lat="40.54639" lon="17.450679">
        <ele>195.4</ele>
      </trkpt>
      <trkpt lat="40.54611" lon="17.45003">
        <ele>195.3</ele>
      </trkpt>
      <trkpt lat="40.54599" lon="17.44982">
        <ele>194.6</ele>
      </trkpt>
      <trkpt lat="40.54583" lon="17.44958">
        <ele>193.4</ele>
      </trkpt>
      <trkpt lat="40.545699" lon="17.44968">
        <ele>192.1</ele>
      </trkpt>
      <trkpt lat="40.54557" lon="17.44971">
        <ele>190.6</ele>
      </trkpt>
      <trkpt lat="40.54543" lon="17.44968">
        <ele>188.6</ele>
      </trkpt>
      <trkpt lat="40.54529" lon="17.44961">
        <ele>186.5</ele>
      </trkpt>
      <trkpt lat="40.5451" lon="17.44934">
        <ele>182.4</ele>
      </trkpt>
      <trkpt lat="40.54486" lon="17.44863">
        <ele>177.6</ele>
      </trkpt>
      <trkpt lat="40.54459" lon="17.448">
        <ele>174.4</ele>
      </trkpt>
      <trkpt lat="40.54425" lon="17.44707">
        <ele>170.1</ele>
      </trkpt>
      <trkpt lat="40.54392" lon="17.44615">
        <ele>166.6</ele>
      </trkpt>
      <trkpt lat="40.54358" lon="17.44522">
        <ele>163.5</ele>
      </trkpt>
      <trkpt lat="40.54325" lon="17.44429">
        <ele>163.6</ele>
      </trkpt>
      <trkpt lat="40.54291" lon="17.443359">
        <ele>161.5</ele>
      </trkpt>
      <trkpt lat="40.54242" lon="17.44264">
        <ele>162.8</ele>
      </trkpt>
      <trkpt lat="40.54192" lon="17.44192">
        <ele>160.6</ele>
      </trkpt>
      <trkpt lat="40.54142" lon="17.44119">
        <ele>154.0</ele>
      </trkpt>
      <trkpt lat="40.54114" lon="17.44072">
        <ele>151.1</ele>
      </trkpt>
      <trkpt lat="40.54086" lon="17.44026">
        <ele>150.1</ele>
      </trkpt>
      <trkpt lat="40.54056" lon="17.43983">
        <ele>148.7</ele>
      </trkpt>
      <trkpt lat="40.54057" lon="17.43981">
        <ele>148.7</ele>
      </trkpt>
      <trkpt lat="40.54041" lon="17.43962">
        <ele>148.0</ele>
      </trkpt>
      <trkpt lat="40.54031" lon="17.43948">
        <ele>147.7</ele>
      </trkpt>
      <trkpt lat="40.53998" lon="17.43905">
        <ele>146.8</ele>
      </trkpt>
      <trkpt lat="40.53998" lon="17.43905">
        <ele>146.8</ele>
      </trkpt>
      <trkpt lat="40.539589" lon="17.43855">
        <ele>144.7</ele>
      </trkpt>
      <trkpt lat="40.53949" lon="17.43842">
        <ele>144.2</ele>
      </trkpt>
      <trkpt lat="40.53922" lon="17.43805">
        <ele>143.2</ele>
      </trkpt>
      <trkpt lat="40.53917" lon="17.43798">
        <ele>143.0</ele>
      </trkpt>
      <trkpt lat="40.53892" lon="17.43765">
        <ele>142.7</ele>
      </trkpt>
      <trkpt lat="40.538849" lon="17.43753">
        <ele>142.6</ele>
      </trkpt>
      <trkpt lat="40.53851" lon="17.43711">
        <ele>142.7</ele>
      </trkpt>
      <trkpt lat="40.53826" lon="17.43675">
        <ele>142.8</ele>
      </trkpt>
      <trkpt lat="40.53771" lon="17.436">
        <ele>142.4</ele>
      </trkpt>
      <trkpt lat="40.53771" lon="17.436">
        <ele>142.4</ele>
      </trkpt>
      <trkpt lat="40.53775" lon="17.43572">
        <ele>142.5</ele>
      </trkpt>
      <trkpt lat="40.53775" lon="17.43572">
        <ele>142.5</ele>
      </trkpt>
      <trkpt lat="40.53757" lon="17.43552">
        <ele>143.2</ele>
      </trkpt>
      <trkpt lat="40.5371" lon="17.43495">
        <ele>143.9</ele>
      </trkpt>
      <trkpt lat="40.5368" lon="17.43462">
        <ele>143.1</ele>
      </trkpt>
      <trkpt lat="40.53673" lon="17.43452">
        <ele>142.8</ele>
      </trkpt>
      <trkpt lat="40.53652" lon="17.43421">
        <ele>141.6</ele>
      </trkpt>
      <trkpt lat="40.53623" lon="17.43382">
        <ele>140.4</ele>
      </trkpt>
      <trkpt lat="40.5361" lon="17.43367">
        <ele>140.2</ele>
      </trkpt>
      <trkpt lat="40.53595" lon="17.43345">
        <ele>140.0</ele>
      </trkpt>
      <trkpt lat="40.5359" lon="17.4334">
        <ele>140.0</ele>
      </trkpt>
      <trkpt lat="40.53571" lon="17.43318">
        <ele>140.1</ele>
      </trkpt>
      <trkpt lat="40.53566" lon="17.43311">
        <ele>140.2</ele>
      </trkpt>
      <trkpt lat="40.53561" lon="17.43305">
        <ele>140.3</ele>
      </trkpt>
      <trkpt lat="40.53544" lon="17.432849">
        <ele>140.5</ele>
      </trkpt>
      <trkpt lat="40.53529" lon="17.43259">
        <ele>140.7</ele>
      </trkpt>
      <trkpt lat="40.53529" lon="17.43259">
        <ele>140.7</ele>
      </trkpt>
      <trkpt lat="40.53513" lon="17.43237">
        <ele>140.5</ele>
      </trkpt>
      <trkpt lat="40.53498" lon="17.43216">
        <ele>139.7</ele>
      </trkpt>
      <trkpt lat="40.53482" lon="17.43198">
        <ele>138.0</ele>
      </trkpt>
      <trkpt lat="40.53478" lon="17.43194">
        <ele>137.7</ele>
      </trkpt>
      <trkpt lat="40.53465" lon="17.4318">
        <ele>136.4</ele>
      </trkpt>
      <trkpt lat="40.53461" lon="17.43175">
        <ele>136.0</ele>
      </trkpt>
      <trkpt lat="40.53458" lon="17.43172">
        <ele>135.7</ele>
      </trkpt>
      <trkpt lat="40.53458" lon="17.43172">
        <ele>135.7</ele>
      </trkpt>
      <trkpt lat="40.53448" lon="17.43187">
        <ele>135.6</ele>
      </trkpt>
      <trkpt lat="40.53447" lon="17.43188">
        <ele>135.6</ele>
      </trkpt>
      <trkpt lat="40.53441" lon="17.43197">
        <ele>135.6</ele>
      </trkpt>
      <trkpt lat="40.53436" lon="17.43203">
        <ele>135.5</ele>
      </trkpt>
      <trkpt lat="40.5343" lon="17.43211">
        <ele>135.4</ele>
      </trkpt>
      <trkpt lat="40.53422" lon="17.43219">
        <ele>135.2</ele>
      </trkpt>
      <trkpt lat="40.534149" lon="17.43225">
        <ele>135.0</ele>
      </trkpt>
      <trkpt lat="40.53409" lon="17.4323">
        <ele>135.0</ele>
      </trkpt>
      <trkpt lat="40.53403" lon="17.43233">
        <ele>135.0</ele>
      </trkpt>
      <trkpt lat="40.53396" lon="17.43235">
        <ele>134.9</ele>
      </trkpt>
      <trkpt lat="40.53388" lon="17.43236">
        <ele>134.7</ele>
      </trkpt>
      <trkpt lat="40.53382" lon="17.43236">
        <ele>134.6</ele>
      </trkpt>
      <trkpt lat="40.53373" lon="17.43235">
        <ele>134.3</ele>
      </trkpt>
      <trkpt lat="40.53367" lon="17.43232">
        <ele>133.9</ele>
      </trkpt>
      <trkpt lat="40.53354" lon="17.43222">
        <ele>132.5</ele>
      </trkpt>
      <trkpt lat="40.53339" lon="17.43206">
        <ele>130.0</ele>
      </trkpt>
      <trkpt lat="40.53333" lon="17.43197">
        <ele>128.6</ele>
      </trkpt>
      <trkpt lat="40.53318" lon="17.43179">
        <ele>125.7</ele>
      </trkpt>
      <trkpt lat="40.53311" lon="17.43168">
        <ele>124.1</ele>
      </trkpt>
      <trkpt lat="40.533029" lon="17.43149">
        <ele>122.9</ele>
      </trkpt>
      <trkpt lat="40.53292" lon="17.4312">
        <ele>121.1</ele>
      </trkpt>
      <trkpt lat="40.5329" lon="17.431159">
        <ele>120.7</ele>
      </trkpt>
      <trkpt lat="40.53281" lon="17.43098">
        <ele>119.1</ele>
      </trkpt>
      <trkpt lat="40.53268" lon="17.430789">
        <ele>116.8</ele>
      </trkpt>
      <trkpt lat="40.53267" lon="17.43077">
        <ele>116.7</ele>
      </trkpt>
      <trkpt lat="40.53259" lon="17.43066">
        <ele>115.5</ele>
      </trkpt>
      <trkpt lat="40.53238" lon="17.43044">
        <ele>113.6</ele>
      </trkpt>
      <trkpt lat="40.53232" lon="17.43037">
        <ele>113.1</ele>
      </trkpt>
      <trkpt lat="40.53221" lon="17.43023">
        <ele>112.3</ele>
      </trkpt>
      <trkpt lat="40.53214" lon="17.43006">
        <ele>111.4</ele>
      </trkpt>
      <trkpt lat="40.53188" lon="17.42939">
        <ele>106.6</ele>
      </trkpt>
      <trkpt lat="40.53187" lon="17.42939">
        <ele>106.5</ele>
      </trkpt>
      <trkpt lat="40.53179" lon="17.42918">
        <ele>104.8</ele>
      </trkpt>
      <trkpt lat="40.53179" lon="17.42918">
        <ele>104.8</ele>
      </trkpt>
      <trkpt lat="40.5316" lon="17.42931">
        <ele>104.5</ele>
      </trkpt>
      <trkpt lat="40.53139" lon="17.42944">
        <ele>104.3</ele>
      </trkpt>
      <trkpt lat="40.53134" lon="17.429469">
        <ele>104.3</ele>
      </trkpt>
      <trkpt lat="40.53094" lon="17.42976">
        <ele>104.1</ele>
      </trkpt>
      <trkpt lat="40.53087" lon="17.42983">
        <ele>104.2</ele>
      </trkpt>
      <trkpt lat="40.53078" lon="17.42992">
        <ele>104.2</ele>
      </trkpt>
      <trkpt lat="40.53054" lon="17.43019">
        <ele>104.2</ele>
      </trkpt>
      <trkpt lat="40.53042" lon="17.43034">
        <ele>104.2</ele>
      </trkpt>
      <trkpt lat="40.53023" lon="17.43057">
        <ele>104.1</ele>
      </trkpt>
      <trkpt lat="40.53016" lon="17.43064">
        <ele>104.0</ele>
      </trkpt>
      <trkpt lat="40.53008" lon="17.43072">
        <ele>103.9</ele>
      </trkpt>
      <trkpt lat="40.5299" lon="17.43091">
        <ele>104.1</ele>
      </trkpt>
      <trkpt lat="40.52912" lon="17.43168">
        <ele>105.8</ele>
      </trkpt>
      <trkpt lat="40.52912" lon="17.43168">
        <ele>105.8</ele>
      </trkpt>
      <trkpt lat="40.52908" lon="17.43173">
        <ele>105.9</ele>
      </trkpt>
      <trkpt lat="40.52897" lon="17.43187">
        <ele>106.2</ele>
      </trkpt>
      <trkpt lat="40.52892" lon="17.43193">
        <ele>106.3</ele>
      </trkpt>
      <trkpt lat="40.52876" lon="17.43213">
        <ele>106.9</ele>
      </trkpt>
      <trkpt lat="40.52872" lon="17.43217">
        <ele>107.0</ele>
      </trkpt>
      <trkpt lat="40.5284" lon="17.43246">
        <ele>107.9</ele>
      </trkpt>
      <trkpt lat="40.52822" lon="17.43261">
        <ele>108.4</ele>
      </trkpt>
      <trkpt lat="40.52805" lon="17.43275">
        <ele>108.9</ele>
      </trkpt>
      <trkpt lat="40.52774" lon="17.433">
        <ele>110.0</ele>
      </trkpt>
      <trkpt lat="40.527589" lon="17.43311">
        <ele>110.5</ele>
      </trkpt>
      <trkpt lat="40.52744" lon="17.4332">
        <ele>110.8</ele>
      </trkpt>
      <trkpt lat="40.52726" lon="17.433229">
        <ele>110.5</ele>
      </trkpt>
      <trkpt lat="40.527119" lon="17.43324">
        <ele>110.1</ele>
      </trkpt>
      <trkpt lat="40.527" lon="17.43322">
        <ele>109.5</ele>
      </trkpt>
      <trkpt lat="40.52689" lon="17.43319">
        <ele>109.0</ele>
      </trkpt>
      <trkpt lat="40.52686" lon="17.43318">
        <ele>108.9</ele>
      </trkpt>
      <trkpt lat="40.52686" lon="17.43318">
        <ele>108.9</ele>
      </trkpt>
      <trkpt lat="40.52676" lon="17.43315">
        <ele>108.4</ele>
      </trkpt>
      <trkpt lat="40.52661" lon="17.43305">
        <ele>107.5</ele>
      </trkpt>
      <trkpt lat="40.52642" lon="17.4329">
        <ele>106.2</ele>
      </trkpt>
      <trkpt lat="40.52588" lon="17.43233">
        <ele>102.6</ele>
      </trkpt>
      <trkpt lat="40.525799" lon="17.43225">
        <ele>102.1</ele>
      </trkpt>
      <trkpt lat="40.52572" lon="17.43216">
        <ele>101.5</ele>
      </trkpt>
      <trkpt lat="40.52561" lon="17.43208">
        <ele>100.9</ele>
      </trkpt>
      <trkpt lat="40.52551" lon="17.43202">
        <ele>100.3</ele>
      </trkpt>
      <trkpt lat="40.525419" lon="17.43198">
        <ele>99.9</ele>
      </trkpt>
      <trkpt lat="40.52531" lon="17.43194">
        <ele>99.7</ele>
      </trkpt>
      <trkpt lat="40.52521" lon="17.43192">
        <ele>99.5</ele>
      </trkpt>
      <trkpt lat="40.52503" lon="17.431909">
        <ele>99.3</ele>
      </trkpt>
      <trkpt lat="40.52444" lon="17.431909">
        <ele>96.9</ele>
      </trkpt>
      <trkpt lat="40.52427" lon="17.431909">
        <ele>96.2</ele>
      </trkpt>
      <trkpt lat="40.52408" lon="17.43192">
        <ele>95.5</ele>
      </trkpt>
      <trkpt lat="40.52362" lon="17.43192">
        <ele>94.6</ele>
      </trkpt>
      <trkpt lat="40.52319" lon="17.43193">
        <ele>93.8</ele>
      </trkpt>
      <trkpt lat="40.52297" lon="17.43193">
        <ele>93.3</ele>
      </trkpt>
      <trkpt lat="40.52295" lon="17.43193">
        <ele>93.3</ele>
      </trkpt>
      <trkpt lat="40.52284" lon="17.43194">
        <ele>93.0</ele>
      </trkpt>
      <trkpt lat="40.52277" lon="17.43194">
        <ele>92.9</ele>
      </trkpt>
      <trkpt lat="40.52268" lon="17.43193">
        <ele>92.7</ele>
      </trkpt>
      <trkpt lat="40.52228" lon="17.43193">
        <ele>91.2</ele>
      </trkpt>
      <trkpt lat="40.52209" lon="17.43193">
        <ele>90.2</ele>
      </trkpt>
      <trkpt lat="40.52197" lon="17.43194">
        <ele>89.6</ele>
      </trkpt>
      <trkpt lat="40.521859" lon="17.43198">
        <ele>89.0</ele>
      </trkpt>
      <trkpt lat="40.52166" lon="17.43204">
        <ele>88.0</ele>
      </trkpt>
      <trkpt lat="40.52158" lon="17.43206">
        <ele>87.8</ele>
      </trkpt>
      <trkpt lat="40.52146" lon="17.43217">
        <ele>87.7</ele>
      </trkpt>
      <trkpt lat="40.52132" lon="17.432289">
        <ele>87.5</ele>
      </trkpt>
      <trkpt lat="40.52124" lon="17.43236">
        <ele>87.4</ele>
      </trkpt>
      <trkpt lat="40.52124" lon="17.43236">
        <ele>87.4</ele>
      </trkpt>
      <trkpt lat="40.52108" lon="17.43215">
        <ele>87.0</ele>
      </trkpt>
      <trkpt lat="40.52097" lon="17.432">
        <ele>86.7</ele>
      </trkpt>
      <trkpt lat="40.52079" lon="17.43195">
        <ele>86.3</ele>
      </trkpt>
      <trkpt lat="40.52044" lon="17.43186">
        <ele>86.0</ele>
      </trkpt>
      <trkpt lat="40.52028" lon="17.43181">
        <ele>85.9</ele>
      </trkpt>
      <trkpt lat="40.52026" lon="17.43181">
        <ele>85.9</ele>
      </trkpt>
      <trkpt lat="40.52009" lon="17.43176">
        <ele>85.9</ele>
      </trkpt>
      <trkpt lat="40.51973" lon="17.43166">
        <ele>85.4</ele>
      </trkpt>
      <trkpt lat="40.51938" lon="17.43157">
        <ele>84.7</ele>
      </trkpt>
      <trkpt lat="40.51932" lon="17.43155">
        <ele>84.6</ele>
      </trkpt>
      <trkpt lat="40.5192" lon="17.43153">
        <ele>84.4</ele>
      </trkpt>
      <trkpt lat="40.51903" lon="17.4315">
        <ele>84.1</ele>
      </trkpt>
      <trkpt lat="40.518659" lon="17.43143">
        <ele>83.4</ele>
      </trkpt>
      <trkpt lat="40.51813" lon="17.43133">
        <ele>82.3</ele>
      </trkpt>
      <trkpt lat="40.51803" lon="17.43131">
        <ele>82.0</ele>
      </trkpt>
      <trkpt lat="40.51796" lon="17.4313">
        <ele>81.8</ele>
      </trkpt>
      <trkpt lat="40.5177" lon="17.43126">
        <ele>81.1</ele>
      </trkpt>
      <trkpt lat="40.51706" lon="17.431159">
        <ele>79.3</ele>
      </trkpt>
      <trkpt lat="40.51677" lon="17.43112">
        <ele>78.6</ele>
      </trkpt>
      <trkpt lat="40.51671" lon="17.43111">
        <ele>78.4</ele>
      </trkpt>
      <trkpt lat="40.51668" lon="17.43111">
        <ele>78.4</ele>
      </trkpt>
      <trkpt lat="40.516509" lon="17.43109">
        <ele>78.2</ele>
      </trkpt>
      <trkpt lat="40.51573" lon="17.43102">
        <ele>77.4</ele>
      </trkpt>
      <trkpt lat="40.51496" lon="17.43095">
        <ele>76.9</ele>
      </trkpt>
      <trkpt lat="40.51443" lon="17.43087">
        <ele>75.6</ele>
      </trkpt>
      <trkpt lat="40.5139" lon="17.430789">
        <ele>74.7</ele>
      </trkpt>
      <trkpt lat="40.51382" lon="17.43091">
        <ele>74.6</ele>
      </trkpt>
      <trkpt lat="40.51386" lon="17.431539">
        <ele>74.9</ele>
      </trkpt>
      <trkpt lat="40.51371" lon="17.43162">
        <ele>75.0</ele>
      </trkpt>
      <trkpt lat="40.51354" lon="17.43166">
        <ele>75.0</ele>
      </trkpt>
      <trkpt lat="40.51343" lon="17.4319">
        <ele>75.5</ele>
      </trkpt>
      <trkpt lat="40.51265" lon="17.43213">
        <ele>76.0</ele>
      </trkpt>
      <trkpt lat="40.51187" lon="17.43236">
        <ele>76.8</ele>
      </trkpt>
      <trkpt lat="40.51191" lon="17.43192">
        <ele>76.7</ele>
      </trkpt>
      <trkpt lat="40.51183" lon="17.43184">
        <ele>76.8</ele>
      </trkpt>
      <trkpt lat="40.51123" lon="17.432009">
        <ele>79.4</ele>
      </trkpt>
      <trkpt lat="40.510779" lon="17.43213">
        <ele>81.7</ele>
      </trkpt>
      <trkpt lat="40.51033" lon="17.43226">
        <ele>83.5</ele>
      </trkpt>
      <trkpt lat="40.5097" lon="17.43259">
        <ele>85.8</ele>
      </trkpt>
      <trkpt lat="40.50906" lon="17.43292">
        <ele>86.5</ele>
      </trkpt>
      <trkpt lat="40.50842" lon="17.43326">
        <ele>86.7</ele>
      </trkpt>
      <trkpt lat="40.5077" lon="17.43371">
        <ele>87.5</ele>
      </trkpt>
      <trkpt lat="40.50698" lon="17.43416">
        <ele>88.0</ele>
      </trkpt>
      <trkpt lat="40.50627" lon="17.43461">
        <ele>88.0</ele>
      </trkpt>
      <trkpt lat="40.50603" lon="17.43484">
        <ele>88.9</ele>
      </trkpt>
      <trkpt lat="40.50578" lon="17.43509">
        <ele>89.7</ele>
      </trkpt>
      <trkpt lat="40.50518" lon="17.435479">
        <ele>89.0</ele>
      </trkpt>
      <trkpt lat="40.50458" lon="17.43587">
        <ele>90.0</ele>
      </trkpt>
      <trkpt lat="40.50398" lon="17.43626">
        <ele>91.2</ele>
      </trkpt>
      <trkpt lat="40.50342" lon="17.43655">
        <ele>92.5</ele>
      </trkpt>
      <trkpt lat="40.50287" lon="17.43684">
        <ele>92.1</ele>
      </trkpt>
      <trkpt lat="40.50231" lon="17.43714">
        <ele>92.1</ele>
      </trkpt>
      <trkpt lat="40.50162" lon="17.43734">
        <ele>92.0</ele>
      </trkpt>
      <trkpt lat="40.500929" lon="17.437539">
        <ele>92.8</ele>
      </trkpt>
      <trkpt lat="40.50018" lon="17.43776">
        <ele>91.8</ele>
      </trkpt>
      <trkpt lat="40.499429" lon="17.43798">
        <ele>92.5</ele>
      </trkpt>
      <trkpt lat="40.49891" lon="17.43817">
        <ele>92.9</ele>
      </trkpt>
      <trkpt lat="40.49838" lon="17.43836">
        <ele>92.9</ele>
      </trkpt>
      <trkpt lat="40.4982" lon="17.438389">
        <ele>92.6</ele>
      </trkpt>
      <trkpt lat="40.497369" lon="17.4387">
        <ele>91.3</ele>
      </trkpt>
      <trkpt lat="40.49709" lon="17.43874">
        <ele>91.8</ele>
      </trkpt>
      <trkpt lat="40.49674" lon="17.43872">
        <ele>92.4</ele>
      </trkpt>
      <trkpt lat="40.495869" lon="17.43893">
        <ele>92.0</ele>
      </trkpt>
      <trkpt lat="40.49574" lon="17.43897">
        <ele>91.5</ele>
      </trkpt>
      <trkpt lat="40.49547" lon="17.43896">
        <ele>90.0</ele>
      </trkpt>
      <trkpt lat="40.49532" lon="17.43901">
        <ele>89.2</ele>
      </trkpt>
      <trkpt lat="40.49499" lon="17.43925">
        <ele>86.5</ele>
      </trkpt>
      <trkpt lat="40.49461" lon="17.43949">
        <ele>83.3</ele>
      </trkpt>
      <trkpt lat="40.49407" lon="17.43967">
        <ele>79.7</ele>
      </trkpt>
      <trkpt lat="40.49364" lon="17.43978">
        <ele>77.6</ele>
      </trkpt>
      <trkpt lat="40.493" lon="17.43985">
        <ele>74.8</ele>
      </trkpt>
      <trkpt lat="40.49237" lon="17.43992">
        <ele>72.6</ele>
      </trkpt>
      <trkpt lat="40.491729" lon="17.43999">
        <ele>71.2</ele>
      </trkpt>
      <trkpt lat="40.49168" lon="17.43924">
        <ele>71.0</ele>
      </trkpt>
      <trkpt lat="40.49171" lon="17.43911">
        <ele>71.0</ele>
      </trkpt>
      <trkpt lat="40.49159" lon="17.43875">
        <ele>71.3</ele>
      </trkpt>
      <trkpt lat="40.49145" lon="17.4385">
        <ele>71.6</ele>
      </trkpt>
      <trkpt lat="40.49141" lon="17.43843">
        <ele>71.6</ele>
      </trkpt>
      <trkpt lat="40.49136" lon="17.43853">
        <ele>71.7</ele>
      </trkpt>
      <trkpt lat="40.49136" lon="17.43922">
        <ele>72.4</ele>
      </trkpt>
      <trkpt lat="40.49133" lon="17.4393">
        <ele>72.6</ele>
      </trkpt>
      <trkpt lat="40.49047" lon="17.43958">
        <ele>77.3</ele>
      </trkpt>
      <trkpt lat="40.4896" lon="17.43986">
        <ele>84.3</ele>
      </trkpt>
      <trkpt lat="40.489" lon="17.44014">
        <ele>88.1</ele>
      </trkpt>
      <trkpt lat="40.488819" lon="17.44015">
        <ele>88.8</ele>
      </trkpt>
      <trkpt lat="40.48841" lon="17.44019">
        <ele>90.3</ele>
      </trkpt>
      <trkpt lat="40.48799" lon="17.4403">
        <ele>90.4</ele>
      </trkpt>
      <trkpt lat="40.48758" lon="17.44032">
        <ele>90.9</ele>
      </trkpt>
      <trkpt lat="40.48698" lon="17.44046">
        <ele>90.9</ele>
      </trkpt>
      <trkpt lat="40.48626" lon="17.4404">
        <ele>92.3</ele>
      </trkpt>
      <trkpt lat="40.48548" lon="17.4404">
        <ele>93.5</ele>
      </trkpt>
      <trkpt lat="40.48494" lon="17.44038">
        <ele>94.2</ele>
      </trkpt>
      <trkpt lat="40.484409" lon="17.440359">
        <ele>94.2</ele>
      </trkpt>
      <trkpt lat="40.48379" lon="17.44026">
        <ele>93.9</ele>
      </trkpt>
      <trkpt lat="40.48351" lon="17.44016">
        <ele>93.8</ele>
      </trkpt>
      <trkpt lat="40.48263" lon="17.44018">
        <ele>91.2</ele>
      </trkpt>
      <trkpt lat="40.48247" lon="17.44014">
        <ele>90.8</ele>
      </trkpt>
      <trkpt lat="40.48234" lon="17.43995">
        <ele>91.0</ele>
      </trkpt>
      <trkpt lat="40.4818" lon="17.44002">
        <ele>90.9</ele>
      </trkpt>
      <trkpt lat="40.48174" lon="17.44012">
        <ele>90.6</ele>
      </trkpt>
      <trkpt lat="40.48175" lon="17.44028">
        <ele>90.1</ele>
      </trkpt>
      <trkpt lat="40.4819" lon="17.44128">
        <ele>89.5</ele>
      </trkpt>
      <trkpt lat="40.4819" lon="17.44145">
        <ele>89.8</ele>
      </trkpt>
      <trkpt lat="40.48184" lon="17.44156">
        <ele>90.0</ele>
      </trkpt>
      <trkpt lat="40.48127" lon="17.44159">
        <ele>88.9</ele>
      </trkpt>
      <trkpt lat="40.4807" lon="17.44162">
        <ele>88.0</ele>
      </trkpt>
      <trkpt lat="40.48054" lon="17.44157">
        <ele>87.9</ele>
      </trkpt>
      <trkpt lat="40.480469" lon="17.44149">
        <ele>87.9</ele>
      </trkpt>
      <trkpt lat="40.48044" lon="17.44141">
        <ele>87.8</ele>
      </trkpt>
      <trkpt lat="40.48035" lon="17.44099">
        <ele>87.7</ele>
      </trkpt>
      <trkpt lat="40.48027" lon="17.44098">
        <ele>87.7</ele>
      </trkpt>
      <trkpt lat="40.47979" lon="17.44122">
        <ele>88.3</ele>
      </trkpt>
      <trkpt lat="40.47922" lon="17.44142">
        <ele>88.6</ele>
      </trkpt>
      <trkpt lat="40.47845" lon="17.44176">
        <ele>89.8</ele>
      </trkpt>
      <trkpt lat="40.47769" lon="17.44209">
        <ele>90.1</ele>
      </trkpt>
      <trkpt lat="40.4773" lon="17.4422">
        <ele>90.6</ele>
      </trkpt>
      <trkpt lat="40.47656" lon="17.4423">
        <ele>92.8</ele>
      </trkpt>
      <trkpt lat="40.47608" lon="17.44229">
        <ele>92.9</ele>
      </trkpt>
      <trkpt lat="40.47564" lon="17.44223">
        <ele>94.1</ele>
      </trkpt>
      <trkpt lat="40.47537" lon="17.44221">
        <ele>95.6</ele>
      </trkpt>
      <trkpt lat="40.47529" lon="17.4423">
        <ele>96.3</ele>
      </trkpt>
      <trkpt lat="40.47531" lon="17.44246">
        <ele>96.6</ele>
      </trkpt>
      <trkpt lat="40.47547" lon="17.443359">
        <ele>96.2</ele>
      </trkpt>
      <trkpt lat="40.47563" lon="17.44425">
        <ele>96.1</ele>
      </trkpt>
      <trkpt lat="40.47579" lon="17.44514">
        <ele>100.2</ele>
      </trkpt>
      <trkpt lat="40.47596" lon="17.44606">
        <ele>106.7</ele>
      </trkpt>
      <trkpt lat="40.47614" lon="17.44697">
        <ele>109.3</ele>
      </trkpt>
      <trkpt lat="40.47631" lon="17.44789">
        <ele>106.8</ele>
      </trkpt>
      <trkpt lat="40.4758" lon="17.44794">
        <ele>107.4</ele>
      </trkpt>
      <trkpt lat="40.4753" lon="17.448">
        <ele>106.9</ele>
      </trkpt>
      <trkpt lat="40.47473" lon="17.44812">
        <ele>106.7</ele>
      </trkpt>
      <trkpt lat="40.474089" lon="17.44828">
        <ele>107.2</ele>
      </trkpt>
      <trkpt lat="40.474089" lon="17.44828">
        <ele>107.2</ele>
      </trkpt>
      <trkpt lat="40.47375" lon="17.448429">
        <ele>107.4</ele>
      </trkpt>
      <trkpt lat="40.47359" lon="17.44854">
        <ele>107.0</ele>
      </trkpt>
      <trkpt lat="40.47347" lon="17.44865">
        <ele>106.5</ele>
      </trkpt>
      <trkpt lat="40.47329" lon="17.44877">
        <ele>106.0</ele>
      </trkpt>
      <trkpt lat="40.47307" lon="17.44887">
        <ele>106.3</ele>
      </trkpt>
      <trkpt lat="40.47276" lon="17.44891">
        <ele>107.4</ele>
      </trkpt>
      <trkpt lat="40.47266" lon="17.44889">
        <ele>108.0</ele>
      </trkpt>
      <trkpt lat="40.47248" lon="17.44868">
        <ele>109.2</ele>
      </trkpt>
      <trkpt lat="40.47229" lon="17.44856">
        <ele>109.9</ele>
      </trkpt>
      <trkpt lat="40.47185" lon="17.44859">
        <ele>110.9</ele>
      </trkpt>
      <trkpt lat="40.47126" lon="17.44859">
        <ele>111.3</ele>
      </trkpt>
      <trkpt lat="40.47104" lon="17.44857">
        <ele>111.2</ele>
      </trkpt>
      <trkpt lat="40.470619" lon="17.44944">
        <ele>113.0</ele>
      </trkpt>
      <trkpt lat="40.47026" lon="17.45022">
        <ele>111.6</ele>
      </trkpt>
      <trkpt lat="40.46989" lon="17.45099">
        <ele>111.7</ele>
      </trkpt>
      <trkpt lat="40.46952" lon="17.45177">
        <ele>111.5</ele>
      </trkpt>
      <trkpt lat="40.46915" lon="17.45254">
        <ele>111.0</ele>
      </trkpt>
      <trkpt lat="40.46844" lon="17.45254">
        <ele>110.1</ele>
      </trkpt>
      <trkpt lat="40.46773" lon="17.45253">
        <ele>109.9</ele>
      </trkpt>
      <trkpt lat="40.46702" lon="17.45252">
        <ele>110.5</ele>
      </trkpt>
      <trkpt lat="40.46631" lon="17.45251">
        <ele>110.5</ele>
      </trkpt>
      <trkpt lat="40.46567" lon="17.45318">
        <ele>107.5</ele>
      </trkpt>
      <trkpt lat="40.46504" lon="17.45385">
        <ele>107.3</ele>
      </trkpt>
      <trkpt lat="40.4644" lon="17.45452">
        <ele>106.9</ele>
      </trkpt>
      <trkpt lat="40.463769" lon="17.45519">
        <ele>108.4</ele>
      </trkpt>
      <trkpt lat="40.46313" lon="17.45586">
        <ele>108.5</ele>
      </trkpt>
      <trkpt lat="40.4625" lon="17.45653">
        <ele>110.8</ele>
      </trkpt>
      <trkpt lat="40.46187" lon="17.4572">
        <ele>109.7</ele>
      </trkpt>
      <trkpt lat="40.46123" lon="17.45788">
        <ele>110.0</ele>
      </trkpt>
      <trkpt lat="40.46121" lon="17.45897">
        <ele>111.2</ele>
      </trkpt>
      <trkpt lat="40.46116" lon="17.46006">
        <ele>112.3</ele>
      </trkpt>
      <trkpt lat="40.46115" lon="17.46012">
        <ele>112.5</ele>
      </trkpt>
      <trkpt lat="40.461509" lon="17.46106">
        <ele>112.2</ele>
      </trkpt>
      <trkpt lat="40.46187" lon="17.462">
        <ele>110.4</ele>
      </trkpt>
      <trkpt lat="40.46223" lon="17.46293">
        <ele>109.5</ele>
      </trkpt>
      <trkpt lat="40.46259" lon="17.46387">
        <ele>109.5</ele>
      </trkpt>
      <trkpt lat="40.46295" lon="17.46481">
        <ele>109.8</ele>
      </trkpt>
      <trkpt lat="40.46331" lon="17.46575">
        <ele>108.2</ele>
      </trkpt>
      <trkpt lat="40.46365" lon="17.46563">
        <ele>108.2</ele>
      </trkpt>
      <trkpt lat="40.4638" lon="17.46567">
        <ele>108.1</ele>
      </trkpt>
      <trkpt lat="40.46387" lon="17.46667">
        <ele>110.0</ele>
      </trkpt>
      <trkpt lat="40.463949" lon="17.46768">
        <ele>109.0</ele>
      </trkpt>
      <trkpt lat="40.46411" lon="17.46827">
        <ele>108.0</ele>
      </trkpt>
      <trkpt lat="40.46426" lon="17.46885">
        <ele>106.2</ele>
      </trkpt>
      <trkpt lat="40.46434" lon="17.46998">
        <ele>102.3</ele>
      </trkpt>
      <trkpt lat="40.46451" lon="17.47061">
        <ele>98.8</ele>
      </trkpt>
      <trkpt lat="40.46467" lon="17.47124">
        <ele>95.9</ele>
      </trkpt>
      <trkpt lat="40.46494" lon="17.4723">
        <ele>95.0</ele>
      </trkpt>
      <trkpt lat="40.46498" lon="17.47247">
        <ele>94.9</ele>
      </trkpt>
      <trkpt lat="40.465" lon="17.47256">
        <ele>94.8</ele>
      </trkpt>
      <trkpt lat="40.46506" lon="17.47282">
        <ele>94.7</ele>
      </trkpt>
      <trkpt lat="40.46513" lon="17.47336">
        <ele>95.9</ele>
      </trkpt>
      <trkpt lat="40.46529" lon="17.47382">
        <ele>97.4</ele>
      </trkpt>
      <trkpt lat="40.46571" lon="17.47478">
        <ele>101.8</ele>
      </trkpt>
      <trkpt lat="40.46594" lon="17.47547">
        <ele>105.2</ele>
      </trkpt>
      <trkpt lat="40.46631" lon="17.47628">
        <ele>106.1</ele>
      </trkpt>
      <trkpt lat="40.46658" lon="17.47678">
        <ele>105.1</ele>
      </trkpt>
      <trkpt lat="40.466769" lon="17.47762">
        <ele>103.5</ele>
      </trkpt>
      <trkpt lat="40.466769" lon="17.47831">
        <ele>102.9</ele>
      </trkpt>
      <trkpt lat="40.46689" lon="17.47894">
        <ele>102.9</ele>
      </trkpt>
      <trkpt lat="40.467059" lon="17.47954">
        <ele>102.3</ele>
      </trkpt>
      <trkpt lat="40.46723" lon="17.48014">
        <ele>101.2</ele>
      </trkpt>
      <trkpt lat="40.46739" lon="17.48108">
        <ele>98.1</ele>
      </trkpt>
      <trkpt lat="40.46756" lon="17.48187">
        <ele>95.9</ele>
      </trkpt>
      <trkpt lat="40.46784" lon="17.48266">
        <ele>95.9</ele>
      </trkpt>
      <trkpt lat="40.46787" lon="17.48276">
        <ele>95.9</ele>
      </trkpt>
      <trkpt lat="40.46787" lon="17.48276">
        <ele>95.9</ele>
      </trkpt>
      <trkpt lat="40.46796" lon="17.48301">
        <ele>95.9</ele>
      </trkpt>
      <trkpt lat="40.4682" lon="17.4836">
        <ele>97.2</ele>
      </trkpt>
      <trkpt lat="40.4682" lon="17.48404">
        <ele>97.7</ele>
      </trkpt>
      <trkpt lat="40.46816" lon="17.48435">
        <ele>98.0</ele>
      </trkpt>
      <trkpt lat="40.46843" lon="17.48423">
        <ele>98.0</ele>
      </trkpt>
      <trkpt lat="40.46834" lon="17.48439">
        <ele>98.3</ele>
      </trkpt>
      <trkpt lat="40.46867" lon="17.48483">
        <ele>98.4</ele>
      </trkpt>
      <trkpt lat="40.46913" lon="17.48539">
        <ele>98.9</ele>
      </trkpt>
      <trkpt lat="40.46958" lon="17.48595">
        <ele>100.1</ele>
      </trkpt>
      <trkpt lat="40.47001" lon="17.48623">
        <ele>101.4</ele>
      </trkpt>
      <trkpt lat="40.47039" lon="17.48668">
        <ele>103.6</ele>
      </trkpt>
      <trkpt lat="40.47065" lon="17.48725">
        <ele>104.6</ele>
      </trkpt>
      <trkpt lat="40.47092" lon="17.48782">
        <ele>105.2</ele>
      </trkpt>
      <trkpt lat="40.47138" lon="17.48741">
        <ele>104.3</ele>
      </trkpt>
      <trkpt lat="40.47171" lon="17.48712">
        <ele>104.0</ele>
      </trkpt>
      <trkpt lat="40.472119" lon="17.4867">
        <ele>104.0</ele>
      </trkpt>
      <trkpt lat="40.47254" lon="17.48629">
        <ele>103.5</ele>
      </trkpt>
      <trkpt lat="40.473239" lon="17.48603">
        <ele>103.2</ele>
      </trkpt>
      <trkpt lat="40.4736" lon="17.48595">
        <ele>103.7</ele>
      </trkpt>
      <trkpt lat="40.47421" lon="17.48567">
        <ele>104.5</ele>
      </trkpt>
      <trkpt lat="40.47462" lon="17.48602">
        <ele>105.8</ele>
      </trkpt>
      <trkpt lat="40.475029" lon="17.48636">
        <ele>107.2</ele>
      </trkpt>
      <trkpt lat="40.4751" lon="17.48656">
        <ele>107.7</ele>
      </trkpt>
      <trkpt lat="40.47513" lon="17.487089">
        <ele>108.1</ele>
      </trkpt>
      <trkpt lat="40.47514" lon="17.48734">
        <ele>108.1</ele>
      </trkpt>
      <trkpt lat="40.47517" lon="17.48753">
        <ele>108.2</ele>
      </trkpt>
      <trkpt lat="40.47522" lon="17.48776">
        <ele>108.3</ele>
      </trkpt>
      <trkpt lat="40.47522" lon="17.48792">
        <ele>108.4</ele>
      </trkpt>
      <trkpt lat="40.47519" lon="17.48798">
        <ele>108.4</ele>
      </trkpt>
      <trkpt lat="40.47522" lon="17.48806">
        <ele>108.4</ele>
      </trkpt>
      <trkpt lat="40.47528" lon="17.48806">
        <ele>108.6</ele>
      </trkpt>
      <trkpt lat="40.47534" lon="17.48812">
        <ele>108.7</ele>
      </trkpt>
      <trkpt lat="40.47545" lon="17.48828">
        <ele>109.0</ele>
      </trkpt>
      <trkpt lat="40.47572" lon="17.48892">
        <ele>110.4</ele>
      </trkpt>
      <trkpt lat="40.476" lon="17.48957">
        <ele>110.7</ele>
      </trkpt>
      <trkpt lat="40.47609" lon="17.489909">
        <ele>110.4</ele>
      </trkpt>
      <trkpt lat="40.47562" lon="17.490279">
        <ele>109.7</ele>
      </trkpt>
      <trkpt lat="40.47554" lon="17.49044">
        <ele>109.6</ele>
      </trkpt>
      <trkpt lat="40.47553" lon="17.49062">
        <ele>109.6</ele>
      </trkpt>
      <trkpt lat="40.47478" lon="17.49123">
        <ele>110.2</ele>
      </trkpt>
      <trkpt lat="40.47402" lon="17.49185">
        <ele>110.6</ele>
      </trkpt>
      <trkpt lat="40.47338" lon="17.49231">
        <ele>108.4</ele>
      </trkpt>
      <trkpt lat="40.47275" lon="17.49278">
        <ele>110.1</ele>
      </trkpt>
      <trkpt lat="40.47253" lon="17.492909">
        <ele>110.9</ele>
      </trkpt>
      <trkpt lat="40.47187" lon="17.493379">
        <ele>112.0</ele>
      </trkpt>
      <trkpt lat="40.47121" lon="17.49384">
        <ele>112.4</ele>
      </trkpt>
      <trkpt lat="40.47049" lon="17.49435">
        <ele>113.9</ele>
      </trkpt>
      <trkpt lat="40.46978" lon="17.49486">
        <ele>116.4</ele>
      </trkpt>
      <trkpt lat="40.46906" lon="17.49536">
        <ele>116.9</ele>
      </trkpt>
      <trkpt lat="40.46834" lon="17.49587">
        <ele>116.1</ele>
      </trkpt>
      <trkpt lat="40.467619" lon="17.496379">
        <ele>116.7</ele>
      </trkpt>
      <trkpt lat="40.4669" lon="17.49689">
        <ele>115.4</ele>
      </trkpt>
      <trkpt lat="40.46619" lon="17.49739">
        <ele>115.9</ele>
      </trkpt>
      <trkpt lat="40.46616" lon="17.49741">
        <ele>115.9</ele>
      </trkpt>
      <trkpt lat="40.46587" lon="17.49706">
        <ele>115.5</ele>
      </trkpt>
      <trkpt lat="40.46531" lon="17.49675">
        <ele>114.4</ele>
      </trkpt>
      <trkpt lat="40.46474" lon="17.49644">
        <ele>114.3</ele>
      </trkpt>
      <trkpt lat="40.4643" lon="17.49663">
        <ele>114.8</ele>
      </trkpt>
      <trkpt lat="40.46376" lon="17.49715">
        <ele>116.1</ele>
      </trkpt>
      <trkpt lat="40.463209" lon="17.49766">
        <ele>116.7</ele>
      </trkpt>
      <trkpt lat="40.46278" lon="17.49802">
        <ele>116.5</ele>
      </trkpt>
      <trkpt lat="40.46234" lon="17.49839">
        <ele>116.9</ele>
      </trkpt>
      <trkpt lat="40.46166" lon="17.4988">
        <ele>116.4</ele>
      </trkpt>
      <trkpt lat="40.46148" lon="17.49891">
        <ele>116.6</ele>
      </trkpt>
      <trkpt lat="40.46149" lon="17.498919">
        <ele>116.6</ele>
      </trkpt>
      <trkpt lat="40.46117" lon="17.49915">
        <ele>117.2</ele>
      </trkpt>
      <trkpt lat="40.46098" lon="17.49925">
        <ele>117.8</ele>
      </trkpt>
      <trkpt lat="40.46067" lon="17.49942">
        <ele>118.9</ele>
      </trkpt>
      <trkpt lat="40.46062" lon="17.49945">
        <ele>119.1</ele>
      </trkpt>
      <trkpt lat="40.46062" lon="17.49945">
        <ele>119.1</ele>
      </trkpt>
      <trkpt lat="40.46038" lon="17.49958">
        <ele>119.9</ele>
      </trkpt>
      <trkpt lat="40.46029" lon="17.49963">
        <ele>120.1</ele>
      </trkpt>
      <trkpt lat="40.460209" lon="17.49968">
        <ele>120.2</ele>
      </trkpt>
      <trkpt lat="40.46011" lon="17.49973">
        <ele>120.4</ele>
      </trkpt>
      <trkpt lat="40.45967" lon="17.4999">
        <ele>122.0</ele>
      </trkpt>
      <trkpt lat="40.45946" lon="17.49999">
        <ele>123.2</ele>
      </trkpt>
      <trkpt lat="40.45946" lon="17.49999">
        <ele>123.2</ele>
      </trkpt>
      <trkpt lat="40.45939" lon="17.49983">
        <ele>123.3</ele>
      </trkpt>
      <trkpt lat="40.459269" lon="17.49959">
        <ele>123.2</ele>
      </trkpt>
      <trkpt lat="40.45914" lon="17.499289">
        <ele>122.5</ele>
      </trkpt>
      <trkpt lat="40.45914" lon="17.499289">
        <ele>122.5</ele>
      </trkpt>
      <trkpt lat="40.45888" lon="17.49949">
        <ele>124.5</ele>
      </trkpt>
      <trkpt lat="40.45826" lon="17.49998">
        <ele>129.9</ele>
      </trkpt>
      <trkpt lat="40.45811" lon="17.5001">
        <ele>130.2</ele>
      </trkpt>
      <trkpt lat="40.45798" lon="17.5002">
        <ele>130.5</ele>
      </trkpt>
      <trkpt lat="40.45744" lon="17.50064">
        <ele>133.1</ele>
      </trkpt>
      <trkpt lat="40.45744" lon="17.50064">
        <ele>133.1</ele>
      </trkpt>
      <trkpt lat="40.45695" lon="17.50105">
        <ele>134.8</ele>
      </trkpt>
      <trkpt lat="40.45641" lon="17.50149">
        <ele>135.3</ele>
      </trkpt>
      <trkpt lat="40.45556" lon="17.502199">
        <ele>135.3</ele>
      </trkpt>
      <trkpt lat="40.45549" lon="17.50224">
        <ele>135.3</ele>
      </trkpt>
      <trkpt lat="40.4554" lon="17.50227">
        <ele>135.2</ele>
      </trkpt>
      <trkpt lat="40.4553" lon="17.50234">
        <ele>135.2</ele>
      </trkpt>
      <trkpt lat="40.45517" lon="17.50241">
        <ele>135.1</ele>
      </trkpt>
      <trkpt lat="40.45509" lon="17.50246">
        <ele>135.1</ele>
      </trkpt>
      <trkpt lat="40.45471" lon="17.50268">
        <ele>134.7</ele>
      </trkpt>
      <trkpt lat="40.45471" lon="17.50268">
        <ele>134.7</ele>
      </trkpt>
      <trkpt lat="40.45472" lon="17.5027">
        <ele>134.7</ele>
      </trkpt>
      <trkpt lat="40.45497" lon="17.50325">
        <ele>135.0</ele>
      </trkpt>
      <trkpt lat="40.45518" lon="17.50368">
        <ele>135.3</ele>
      </trkpt>
      <trkpt lat="40.45519" lon="17.503699">
        <ele>135.3</ele>
      </trkpt>
      <trkpt lat="40.45531" lon="17.50399">
        <ele>135.7</ele>
      </trkpt>
      <trkpt lat="40.45541" lon="17.5042">
        <ele>135.9</ele>
      </trkpt>
      <trkpt lat="40.45559" lon="17.50461">
        <ele>135.1</ele>
      </trkpt>
      <trkpt lat="40.45559" lon="17.50461">
        <ele>135.1</ele>
      </trkpt>
      <trkpt lat="40.45543" lon="17.50473">
        <ele>134.7</ele>
      </trkpt>
      <trkpt lat="40.45528" lon="17.50485">
        <ele>134.3</ele>
      </trkpt>
      <trkpt lat="40.45481" lon="17.5052">
        <ele>133.4</ele>
      </trkpt>
      <trkpt lat="40.45435" lon="17.50555">
        <ele>133.0</ele>
      </trkpt>
      <trkpt lat="40.453919" lon="17.5059">
        <ele>133.5</ele>
      </trkpt>
      <trkpt lat="40.45369" lon="17.50607">
        <ele>133.7</ele>
      </trkpt>
      <trkpt lat="40.45329" lon="17.50636">
        <ele>133.9</ele>
      </trkpt>
      <trkpt lat="40.45322" lon="17.50641">
        <ele>134.1</ele>
      </trkpt>
      <trkpt lat="40.452979" lon="17.50662">
        <ele>134.8</ele>
      </trkpt>
      <trkpt lat="40.45248" lon="17.507">
        <ele>135.9</ele>
      </trkpt>
      <trkpt lat="40.45248" lon="17.507">
        <ele>135.9</ele>
      </trkpt>
      <trkpt lat="40.45245" lon="17.50704">
        <ele>135.9</ele>
      </trkpt>
      <trkpt lat="40.452419" lon="17.5071">
        <ele>135.9</ele>
      </trkpt>
      <trkpt lat="40.45241" lon="17.50713">
        <ele>135.8</ele>
      </trkpt>
      <trkpt lat="40.4524" lon="17.50715">
        <ele>135.8</ele>
      </trkpt>
      <trkpt lat="40.4524" lon="17.50719">
        <ele>135.6</ele>
      </trkpt>
      <trkpt lat="40.45238" lon="17.50728">
        <ele>135.4</ele>
      </trkpt>
      <trkpt lat="40.45237" lon="17.50734">
        <ele>135.2</ele>
      </trkpt>
      <trkpt lat="40.45234" lon="17.50744">
        <ele>135.0</ele>
      </trkpt>
      <trkpt lat="40.45234" lon="17.50744">
        <ele>135.0</ele>
      </trkpt>
      <trkpt lat="40.45226" lon="17.5078">
        <ele>134.0</ele>
      </trkpt>
      <trkpt lat="40.45214" lon="17.50841">
        <ele>132.0</ele>
      </trkpt>
      <trkpt lat="40.45202" lon="17.50898">
        <ele>130.0</ele>
      </trkpt>
      <trkpt lat="40.45194" lon="17.50942">
        <ele>128.9</ele>
      </trkpt>
      <trkpt lat="40.45194" lon="17.50942">
        <ele>128.9</ele>
      </trkpt>
      <trkpt lat="40.45194" lon="17.50947">
        <ele>128.9</ele>
      </trkpt>
      <trkpt lat="40.45194" lon="17.50966">
        <ele>128.5</ele>
      </trkpt>
      <trkpt lat="40.45194" lon="17.50969">
        <ele>128.5</ele>
      </trkpt>
      <trkpt lat="40.45194" lon="17.50972">
        <ele>128.5</ele>
      </trkpt>
      <trkpt lat="40.45194" lon="17.50979">
        <ele>128.3</ele>
      </trkpt>
      <trkpt lat="40.45197" lon="17.51">
        <ele>128.0</ele>
      </trkpt>
      <trkpt lat="40.45197" lon="17.51001">
        <ele>128.0</ele>
      </trkpt>
      <trkpt lat="40.452039" lon="17.51058">
        <ele>127.6</ele>
      </trkpt>
      <trkpt lat="40.452039" lon="17.51058">
        <ele>127.6</ele>
      </trkpt>
      <trkpt lat="40.45129" lon="17.51075">
        <ele>125.9</ele>
      </trkpt>
      <trkpt lat="40.45129" lon="17.51075">
        <ele>125.9</ele>
      </trkpt>
      <trkpt lat="40.45127" lon="17.51136">
        <ele>124.3</ele>
      </trkpt>
      <trkpt lat="40.45127" lon="17.51148">
        <ele>124.0</ele>
      </trkpt>
      <trkpt lat="40.45126" lon="17.51166">
        <ele>123.5</ele>
      </trkpt>
      <trkpt lat="40.45125" lon="17.51207">
        <ele>123.3</ele>
      </trkpt>
      <trkpt lat="40.45125" lon="17.51211">
        <ele>123.2</ele>
      </trkpt>
      <trkpt lat="40.45125" lon="17.51211">
        <ele>123.2</ele>
      </trkpt>
      <trkpt lat="40.45039" lon="17.51199">
        <ele>123.0</ele>
      </trkpt>
      <trkpt lat="40.45037" lon="17.51198">
        <ele>123.0</ele>
      </trkpt>
      <trkpt lat="40.44995" lon="17.51194">
        <ele>123.1</ele>
      </trkpt>
      <trkpt lat="40.44948" lon="17.51189">
        <ele>124.1</ele>
      </trkpt>
      <trkpt lat="40.44948" lon="17.51189">
        <ele>124.1</ele>
      </trkpt>
      <trkpt lat="40.44939" lon="17.51219">
        <ele>124.0</ele>
      </trkpt>
      <trkpt lat="40.44935" lon="17.51233">
        <ele>123.9</ele>
      </trkpt>
      <trkpt lat="40.44926" lon="17.5125">
        <ele>123.9</ele>
      </trkpt>
      <trkpt lat="40.44918" lon="17.51263">
        <ele>123.7</ele>
      </trkpt>
      <trkpt lat="40.44917" lon="17.51266">
        <ele>123.6</ele>
      </trkpt>
      <trkpt lat="40.44906" lon="17.51284">
        <ele>123.4</ele>
      </trkpt>
      <trkpt lat="40.44891" lon="17.51306">
        <ele>123.2</ele>
      </trkpt>
      <trkpt lat="40.4489" lon="17.51308">
        <ele>123.2</ele>
      </trkpt>
      <trkpt lat="40.44874" lon="17.51332">
        <ele>123.0</ele>
      </trkpt>
      <trkpt lat="40.44861" lon="17.51349">
        <ele>123.1</ele>
      </trkpt>
      <trkpt lat="40.44834" lon="17.5138">
        <ele>122.9</ele>
      </trkpt>
      <trkpt lat="40.44832" lon="17.51383">
        <ele>122.8</ele>
      </trkpt>
      <trkpt lat="40.44827" lon="17.5139">
        <ele>122.8</ele>
      </trkpt>
      <trkpt lat="40.44782" lon="17.51447">
        <ele>123.0</ele>
      </trkpt>
      <trkpt lat="40.44767" lon="17.51466">
        <ele>122.9</ele>
      </trkpt>
      <trkpt lat="40.44761" lon="17.51476">
        <ele>122.7</ele>
      </trkpt>
      <trkpt lat="40.44745" lon="17.51502">
        <ele>122.2</ele>
      </trkpt>
      <trkpt lat="40.44741" lon="17.51509">
        <ele>122.3</ele>
      </trkpt>
      <trkpt lat="40.44714" lon="17.515529">
        <ele>123.3</ele>
      </trkpt>
      <trkpt lat="40.44698" lon="17.515809">
        <ele>123.9</ele>
      </trkpt>
      <trkpt lat="40.446869" lon="17.515999">
        <ele>123.7</ele>
      </trkpt>
      <trkpt lat="40.44632" lon="17.51697">
        <ele>121.7</ele>
      </trkpt>
      <trkpt lat="40.4458" lon="17.51788">
        <ele>121.5</ele>
      </trkpt>
      <trkpt lat="40.44555" lon="17.51829">
        <ele>122.3</ele>
      </trkpt>
      <trkpt lat="40.44534" lon="17.51864">
        <ele>122.4</ele>
      </trkpt>
      <trkpt lat="40.44515" lon="17.51903">
        <ele>122.7</ele>
      </trkpt>
      <trkpt lat="40.44512" lon="17.51907">
        <ele>122.7</ele>
      </trkpt>
      <trkpt lat="40.44494" lon="17.51952">
        <ele>122.1</ele>
      </trkpt>
      <trkpt lat="40.44482" lon="17.51986">
        <ele>121.4</ele>
      </trkpt>
      <trkpt lat="40.4446" lon="17.52045">
        <ele>121.2</ele>
      </trkpt>
      <trkpt lat="40.44458" lon="17.52049">
        <ele>121.2</ele>
      </trkpt>
      <trkpt lat="40.44456" lon="17.52054">
        <ele>121.2</ele>
      </trkpt>
      <trkpt lat="40.44452" lon="17.52061">
        <ele>121.2</ele>
      </trkpt>
      <trkpt lat="40.44448" lon="17.52068">
        <ele>121.1</ele>
      </trkpt>
      <trkpt lat="40.44444" lon="17.52074">
        <ele>121.1</ele>
      </trkpt>
      <trkpt lat="40.44424" lon="17.520969">
        <ele>120.7</ele>
      </trkpt>
      <trkpt lat="40.44403" lon="17.521249">
        <ele>119.8</ele>
      </trkpt>
      <trkpt lat="40.44393" lon="17.5214">
        <ele>119.5</ele>
      </trkpt>
      <trkpt lat="40.44385" lon="17.521529">
        <ele>119.2</ele>
      </trkpt>
      <trkpt lat="40.44355" lon="17.52205">
        <ele>118.9</ele>
      </trkpt>
      <trkpt lat="40.4433" lon="17.522469">
        <ele>119.0</ele>
      </trkpt>
      <trkpt lat="40.44316" lon="17.52277">
        <ele>118.9</ele>
      </trkpt>
      <trkpt lat="40.4431" lon="17.52289">
        <ele>118.8</ele>
      </trkpt>
      <trkpt lat="40.44303" lon="17.5231">
        <ele>118.6</ele>
      </trkpt>
      <trkpt lat="40.443" lon="17.52318">
        <ele>118.6</ele>
      </trkpt>
      <trkpt lat="40.44299" lon="17.5232">
        <ele>118.6</ele>
      </trkpt>
      <trkpt lat="40.442929" lon="17.523319">
        <ele>118.5</ele>
      </trkpt>
      <trkpt lat="40.44287" lon="17.52347">
        <ele>118.2</ele>
      </trkpt>
      <trkpt lat="40.44281" lon="17.52358">
        <ele>118.0</ele>
      </trkpt>
      <trkpt lat="40.44253" lon="17.52404">
        <ele>117.3</ele>
      </trkpt>
      <trkpt lat="40.44252" lon="17.52405">
        <ele>117.3</ele>
      </trkpt>
      <trkpt lat="40.44238" lon="17.5242">
        <ele>117.1</ele>
      </trkpt>
      <trkpt lat="40.44221" lon="17.52436">
        <ele>117.3</ele>
      </trkpt>
      <trkpt lat="40.44188" lon="17.52469">
        <ele>117.3</ele>
      </trkpt>
      <trkpt lat="40.44167" lon="17.5249">
        <ele>117.1</ele>
      </trkpt>
      <trkpt lat="40.44161" lon="17.52495">
        <ele>117.2</ele>
      </trkpt>
      <trkpt lat="40.44145" lon="17.52512">
        <ele>117.5</ele>
      </trkpt>
      <trkpt lat="40.4414" lon="17.52516">
        <ele>117.6</ele>
      </trkpt>
      <trkpt lat="40.44132" lon="17.52525">
        <ele>117.7</ele>
      </trkpt>
      <trkpt lat="40.44127" lon="17.52532">
        <ele>117.8</ele>
      </trkpt>
      <trkpt lat="40.4412" lon="17.52542">
        <ele>117.8</ele>
      </trkpt>
      <trkpt lat="40.4411" lon="17.5256">
        <ele>117.9</ele>
      </trkpt>
      <trkpt lat="40.44102" lon="17.52571">
        <ele>117.9</ele>
      </trkpt>
      <trkpt lat="40.44083" lon="17.52598">
        <ele>117.8</ele>
      </trkpt>
      <trkpt lat="40.44076" lon="17.52606">
        <ele>117.9</ele>
      </trkpt>
      <trkpt lat="40.44072" lon="17.52611">
        <ele>117.9</ele>
      </trkpt>
      <trkpt lat="40.4406" lon="17.52625">
        <ele>118.1</ele>
      </trkpt>
      <trkpt lat="40.43997" lon="17.526879">
        <ele>118.8</ele>
      </trkpt>
      <trkpt lat="40.43996" lon="17.52689">
        <ele>118.8</ele>
      </trkpt>
      <trkpt lat="40.439549" lon="17.52731">
        <ele>118.5</ele>
      </trkpt>
      <trkpt lat="40.439459" lon="17.5274">
        <ele>118.3</ele>
      </trkpt>
      <trkpt lat="40.43936" lon="17.52753">
        <ele>118.0</ele>
      </trkpt>
      <trkpt lat="40.43929" lon="17.52767">
        <ele>117.8</ele>
      </trkpt>
      <trkpt lat="40.43923" lon="17.52784">
        <ele>117.6</ele>
      </trkpt>
      <trkpt lat="40.43917" lon="17.528">
        <ele>117.4</ele>
      </trkpt>
      <trkpt lat="40.43913" lon="17.528099">
        <ele>117.4</ele>
      </trkpt>
      <trkpt lat="40.43912" lon="17.52813">
        <ele>117.4</ele>
      </trkpt>
      <trkpt lat="40.4391" lon="17.52816">
        <ele>117.4</ele>
      </trkpt>
      <trkpt lat="40.43904" lon="17.52825">
        <ele>117.4</ele>
      </trkpt>
      <trkpt lat="40.438989" lon="17.52832">
        <ele>117.4</ele>
      </trkpt>
      <trkpt lat="40.43897" lon="17.52835">
        <ele>117.5</ele>
      </trkpt>
      <trkpt lat="40.43893" lon="17.52839">
        <ele>117.6</ele>
      </trkpt>
      <trkpt lat="40.43879" lon="17.52853">
        <ele>118.0</ele>
      </trkpt>
      <trkpt lat="40.43866" lon="17.52864">
        <ele>118.4</ele>
      </trkpt>
      <trkpt lat="40.43846" lon="17.5289">
        <ele>118.8</ele>
      </trkpt>
      <trkpt lat="40.43838" lon="17.529">
        <ele>118.9</ele>
      </trkpt>
      <trkpt lat="40.43811" lon="17.52938">
        <ele>118.9</ele>
      </trkpt>
      <trkpt lat="40.43806" lon="17.52945">
        <ele>118.9</ele>
      </trkpt>
      <trkpt lat="40.43794" lon="17.52969">
        <ele>118.7</ele>
      </trkpt>
      <trkpt lat="40.43776" lon="17.530069">
        <ele>118.2</ele>
      </trkpt>
      <trkpt lat="40.43772" lon="17.53024">
        <ele>117.9</ele>
      </trkpt>
      <trkpt lat="40.43771" lon="17.53041">
        <ele>117.6</ele>
      </trkpt>
      <trkpt lat="40.43771" lon="17.53042">
        <ele>117.6</ele>
      </trkpt>
      <trkpt lat="40.43771" lon="17.53052">
        <ele>117.5</ele>
      </trkpt>
      <trkpt lat="40.43772" lon="17.53061">
        <ele>117.3</ele>
      </trkpt>
      <trkpt lat="40.43774" lon="17.53071">
        <ele>117.2</ele>
      </trkpt>
      <trkpt lat="40.43779" lon="17.53086">
        <ele>117.0</ele>
      </trkpt>
      <trkpt lat="40.43794" lon="17.53125">
        <ele>117.5</ele>
      </trkpt>
      <trkpt lat="40.438" lon="17.5314">
        <ele>117.7</ele>
      </trkpt>
      <trkpt lat="40.438" lon="17.53141">
        <ele>117.7</ele>
      </trkpt>
      <trkpt lat="40.43806" lon="17.53156">
        <ele>117.9</ele>
      </trkpt>
      <trkpt lat="40.43809" lon="17.53168">
        <ele>118.0</ele>
      </trkpt>
      <trkpt lat="40.43814" lon="17.53192">
        <ele>117.7</ele>
      </trkpt>
      <trkpt lat="40.43816" lon="17.53211">
        <ele>117.5</ele>
      </trkpt>
      <trkpt lat="40.43818" lon="17.53238">
        <ele>117.1</ele>
      </trkpt>
      <trkpt lat="40.43818" lon="17.53273">
        <ele>116.5</ele>
      </trkpt>
      <trkpt lat="40.43819" lon="17.532979">
        <ele>115.9</ele>
      </trkpt>
      <trkpt lat="40.4382" lon="17.53372">
        <ele>115.2</ele>
      </trkpt>
      <trkpt lat="40.4382" lon="17.53418">
        <ele>115.2</ele>
      </trkpt>
      <trkpt lat="40.4382" lon="17.53466">
        <ele>115.2</ele>
      </trkpt>
      <trkpt lat="40.43822" lon="17.53527">
        <ele>114.5</ele>
      </trkpt>
      <trkpt lat="40.43822" lon="17.53584">
        <ele>113.1</ele>
      </trkpt>
      <trkpt lat="40.43822" lon="17.53658">
        <ele>113.1</ele>
      </trkpt>
      <trkpt lat="40.438249" lon="17.53757">
        <ele>111.0</ele>
      </trkpt>
      <trkpt lat="40.438249" lon="17.537579">
        <ele>111.0</ele>
      </trkpt>
      <trkpt lat="40.438249" lon="17.53842">
        <ele>109.8</ele>
      </trkpt>
      <trkpt lat="40.438249" lon="17.53855">
        <ele>109.7</ele>
      </trkpt>
      <trkpt lat="40.438249" lon="17.538609">
        <ele>109.6</ele>
      </trkpt>
      <trkpt lat="40.43823" lon="17.53866">
        <ele>109.5</ele>
      </trkpt>
      <trkpt lat="40.43819" lon="17.53874">
        <ele>109.4</ele>
      </trkpt>
      <trkpt lat="40.43817" lon="17.53876">
        <ele>109.4</ele>
      </trkpt>
      <trkpt lat="40.43812" lon="17.53879">
        <ele>109.3</ele>
      </trkpt>
      <trkpt lat="40.43809" lon="17.53879">
        <ele>109.3</ele>
      </trkpt>
      <trkpt lat="40.43804" lon="17.538799">
        <ele>109.3</ele>
      </trkpt>
      <trkpt lat="40.43803" lon="17.53879">
        <ele>109.3</ele>
      </trkpt>
      <trkpt lat="40.43797" lon="17.53878">
        <ele>109.3</ele>
      </trkpt>
      <trkpt lat="40.4378" lon="17.53867">
        <ele>109.2</ele>
      </trkpt>
      <trkpt lat="40.43755" lon="17.53849">
        <ele>109.0</ele>
      </trkpt>
      <trkpt lat="40.43695" lon="17.538049">
        <ele>110.5</ele>
      </trkpt>
      <trkpt lat="40.43685" lon="17.53799">
        <ele>110.7</ele>
      </trkpt>
      <trkpt lat="40.43682" lon="17.53798">
        <ele>110.7</ele>
      </trkpt>
      <trkpt lat="40.4368" lon="17.53798">
        <ele>110.8</ele>
      </trkpt>
      <trkpt lat="40.43678" lon="17.53798">
        <ele>110.8</ele>
      </trkpt>
      <trkpt lat="40.43675" lon="17.53798">
        <ele>110.8</ele>
      </trkpt>
      <trkpt lat="40.43674" lon="17.53798">
        <ele>110.8</ele>
      </trkpt>
      <trkpt lat="40.43673" lon="17.53799">
        <ele>110.8</ele>
      </trkpt>
      <trkpt lat="40.43671" lon="17.53801">
        <ele>110.7</ele>
      </trkpt>
      <trkpt lat="40.43668" lon="17.53804">
        <ele>110.7</ele>
      </trkpt>
      <trkpt lat="40.43665" lon="17.53808">
        <ele>110.6</ele>
      </trkpt>
      <trkpt lat="40.43654" lon="17.53845">
        <ele>110.2</ele>
      </trkpt>
      <trkpt lat="40.43648" lon="17.53873">
        <ele>110.0</ele>
      </trkpt>
      <trkpt lat="40.43639" lon="17.5392">
        <ele>109.7</ele>
      </trkpt>
      <trkpt lat="40.43627" lon="17.53973">
        <ele>110.3</ele>
      </trkpt>
      <trkpt lat="40.43621" lon="17.53996">
        <ele>110.5</ele>
      </trkpt>
      <trkpt lat="40.4362" lon="17.54">
        <ele>110.6</ele>
      </trkpt>
      <trkpt lat="40.43619" lon="17.54004">
        <ele>110.6</ele>
      </trkpt>
      <trkpt lat="40.43617" lon="17.54007">
        <ele>110.7</ele>
      </trkpt>
      <trkpt lat="40.43615" lon="17.5401">
        <ele>110.8</ele>
      </trkpt>
      <trkpt lat="40.43612" lon="17.54014">
        <ele>110.9</ele>
      </trkpt>
      <trkpt lat="40.43611" lon="17.54015">
        <ele>110.9</ele>
      </trkpt>
      <trkpt lat="40.43609" lon="17.54016">
        <ele>110.9</ele>
      </trkpt>
      <trkpt lat="40.43606" lon="17.54018">
        <ele>111.0</ele>
      </trkpt>
      <trkpt lat="40.43604" lon="17.54018">
        <ele>111.0</ele>
      </trkpt>
      <trkpt lat="40.43601" lon="17.54018">
        <ele>111.0</ele>
      </trkpt>
      <trkpt lat="40.43596" lon="17.54018">
        <ele>111.1</ele>
      </trkpt>
      <trkpt lat="40.435609" lon="17.54016">
        <ele>111.6</ele>
      </trkpt>
      <trkpt lat="40.43531" lon="17.54013">
        <ele>112.2</ele>
      </trkpt>
      <trkpt lat="40.43523" lon="17.54012">
        <ele>112.4</ele>
      </trkpt>
      <trkpt lat="40.43522" lon="17.54012">
        <ele>112.4</ele>
      </trkpt>
      <trkpt lat="40.43519" lon="17.54012">
        <ele>112.5</ele>
      </trkpt>
      <trkpt lat="40.43516" lon="17.54012">
        <ele>112.5</ele>
      </trkpt>
      <trkpt lat="40.435139" lon="17.54013">
        <ele>112.6</ele>
      </trkpt>
      <trkpt lat="40.43512" lon="17.54015">
        <ele>112.6</ele>
      </trkpt>
      <trkpt lat="40.43508" lon="17.54019">
        <ele>112.6</ele>
      </trkpt>
      <trkpt lat="40.43498" lon="17.54034">
        <ele>112.6</ele>
      </trkpt>
      <trkpt lat="40.43495" lon="17.5404">
        <ele>112.5</ele>
      </trkpt>
      <trkpt lat="40.43459" lon="17.54099">
        <ele>111.8</ele>
      </trkpt>
      <trkpt lat="40.43422" lon="17.54159">
        <ele>111.1</ele>
      </trkpt>
      <trkpt lat="40.43394" lon="17.54204">
        <ele>110.7</ele>
      </trkpt>
      <trkpt lat="40.433929" lon="17.54206">
        <ele>110.7</ele>
      </trkpt>
      <trkpt lat="40.43376" lon="17.542369">
        <ele>110.5</ele>
      </trkpt>
      <trkpt lat="40.43362" lon="17.54263">
        <ele>110.3</ele>
      </trkpt>
      <trkpt lat="40.43353" lon="17.54281">
        <ele>110.1</ele>
      </trkpt>
      <trkpt lat="40.433369" lon="17.54314">
        <ele>110.0</ele>
      </trkpt>
      <trkpt lat="40.43307" lon="17.54374">
        <ele>109.2</ele>
      </trkpt>
      <trkpt lat="40.43303" lon="17.54382">
        <ele>109.1</ele>
      </trkpt>
      <trkpt lat="40.43293" lon="17.54401">
        <ele>108.7</ele>
      </trkpt>
      <trkpt lat="40.43262" lon="17.54466">
        <ele>108.1</ele>
      </trkpt>
      <trkpt lat="40.43247" lon="17.54496">
        <ele>108.0</ele>
      </trkpt>
      <trkpt lat="40.43221" lon="17.54549">
        <ele>107.8</ele>
      </trkpt>
      <trkpt lat="40.43197" lon="17.54598">
        <ele>107.3</ele>
      </trkpt>
      <trkpt lat="40.431959" lon="17.546">
        <ele>107.3</ele>
      </trkpt>
      <trkpt lat="40.43159" lon="17.54676">
        <ele>106.1</ele>
      </trkpt>
      <trkpt lat="40.43127" lon="17.54742">
        <ele>105.6</ele>
      </trkpt>
      <trkpt lat="40.43116" lon="17.54766">
        <ele>105.4</ele>
      </trkpt>
      <trkpt lat="40.431109" lon="17.54773">
        <ele>105.4</ele>
      </trkpt>
      <trkpt lat="40.43084" lon="17.54812">
        <ele>105.5</ele>
      </trkpt>
      <trkpt lat="40.43054" lon="17.54853">
        <ele>106.1</ele>
      </trkpt>
      <trkpt lat="40.4302" lon="17.54894">
        <ele>105.6</ele>
      </trkpt>
      <trkpt lat="40.42968" lon="17.54954">
        <ele>104.6</ele>
      </trkpt>
      <trkpt lat="40.42951" lon="17.54975">
        <ele>104.4</ele>
      </trkpt>
      <trkpt lat="40.42942" lon="17.54985">
        <ele>104.3</ele>
      </trkpt>
      <trkpt lat="40.42926" lon="17.55002">
        <ele>104.1</ele>
      </trkpt>
      <trkpt lat="40.42919" lon="17.55007">
        <ele>104.0</ele>
      </trkpt>
      <trkpt lat="40.42912" lon="17.55012">
        <ele>103.9</ele>
      </trkpt>
      <trkpt lat="40.4287" lon="17.55039">
        <ele>102.9</ele>
      </trkpt>
      <trkpt lat="40.4281" lon="17.55077">
        <ele>101.5</ele>
      </trkpt>
      <trkpt lat="40.42796" lon="17.55085">
        <ele>101.1</ele>
      </trkpt>
      <trkpt lat="40.42791" lon="17.55089">
        <ele>101.1</ele>
      </trkpt>
      <trkpt lat="40.42787" lon="17.55095">
        <ele>101.0</ele>
      </trkpt>
      <trkpt lat="40.42787" lon="17.55096">
        <ele>101.0</ele>
      </trkpt>
      <trkpt lat="40.42783" lon="17.55111">
        <ele>101.1</ele>
      </trkpt>
      <trkpt lat="40.42757" lon="17.552">
        <ele>100.8</ele>
      </trkpt>
      <trkpt lat="40.42756" lon="17.55204">
        <ele>100.7</ele>
      </trkpt>
      <trkpt lat="40.42727" lon="17.55296">
        <ele>99.5</ele>
      </trkpt>
      <trkpt lat="40.42702" lon="17.5538">
        <ele>100.1</ele>
      </trkpt>
      <trkpt lat="40.42691" lon="17.554189">
        <ele>100.3</ele>
      </trkpt>
      <trkpt lat="40.42685" lon="17.554379">
        <ele>100.1</ele>
      </trkpt>
      <trkpt lat="40.42672" lon="17.55484">
        <ele>99.4</ele>
      </trkpt>
      <trkpt lat="40.4263" lon="17.5562">
        <ele>96.9</ele>
      </trkpt>
      <trkpt lat="40.42627" lon="17.55628">
        <ele>96.8</ele>
      </trkpt>
      <trkpt lat="40.42626" lon="17.55634">
        <ele>96.7</ele>
      </trkpt>
      <trkpt lat="40.42593" lon="17.55736">
        <ele>96.9</ele>
      </trkpt>
      <trkpt lat="40.42584" lon="17.55765">
        <ele>97.0</ele>
      </trkpt>
      <trkpt lat="40.42556" lon="17.55857">
        <ele>96.2</ele>
      </trkpt>
      <trkpt lat="40.42553" lon="17.55866">
        <ele>96.0</ele>
      </trkpt>
      <trkpt lat="40.42524" lon="17.55962">
        <ele>95.1</ele>
      </trkpt>
      <trkpt lat="40.42509" lon="17.56007">
        <ele>95.2</ele>
      </trkpt>
      <trkpt lat="40.42501" lon="17.56032">
        <ele>95.8</ele>
      </trkpt>
      <trkpt lat="40.42497" lon="17.56043">
        <ele>96.0</ele>
      </trkpt>
      <trkpt lat="40.42474" lon="17.56117">
        <ele>96.7</ele>
      </trkpt>
      <trkpt lat="40.42471" lon="17.56129">
        <ele>96.7</ele>
      </trkpt>
      <trkpt lat="40.42477" lon="17.56144">
        <ele>96.7</ele>
      </trkpt>
      <trkpt lat="40.42496" lon="17.56191">
        <ele>96.7</ele>
      </trkpt>
      <trkpt lat="40.42521" lon="17.56253">
        <ele>96.8</ele>
      </trkpt>
      <trkpt lat="40.42532" lon="17.56283">
        <ele>97.5</ele>
      </trkpt>
      <trkpt lat="40.4254" lon="17.56303">
        <ele>98.1</ele>
      </trkpt>
      <trkpt lat="40.42539" lon="17.56302">
        <ele>98.0</ele>
      </trkpt>
      <trkpt lat="40.42531" lon="17.5628">
        <ele>97.5</ele>
      </trkpt>
      <trkpt lat="40.42531" lon="17.5628">
        <ele>97.5</ele>
      </trkpt>
      <trkpt lat="40.42546" lon="17.56322">
        <ele>98.5</ele>
      </trkpt>
      <trkpt lat="40.42547" lon="17.56323">
        <ele>98.6</ele>
      </trkpt>
      <trkpt lat="40.42549" lon="17.56329">
        <ele>98.7</ele>
      </trkpt>
      <trkpt lat="40.42551" lon="17.56336">
        <ele>98.9</ele>
      </trkpt>
      <trkpt lat="40.42553" lon="17.56341">
        <ele>99.2</ele>
      </trkpt>
      <trkpt lat="40.42554" lon="17.56345">
        <ele>99.4</ele>
      </trkpt>
      <trkpt lat="40.42555" lon="17.56349">
        <ele>99.5</ele>
      </trkpt>
      <trkpt lat="40.42556" lon="17.56354">
        <ele>99.8</ele>
      </trkpt>
      <trkpt lat="40.42557" lon="17.5636">
        <ele>100.0</ele>
      </trkpt>
      <trkpt lat="40.425579" lon="17.56363">
        <ele>100.2</ele>
      </trkpt>
      <trkpt lat="40.425579" lon="17.563669">
        <ele>100.3</ele>
      </trkpt>
      <trkpt lat="40.42557" lon="17.56372">
        <ele>100.4</ele>
      </trkpt>
      <trkpt lat="40.42557" lon="17.56375">
        <ele>100.6</ele>
      </trkpt>
      <trkpt lat="40.42555" lon="17.56379">
        <ele>100.6</ele>
      </trkpt>
      <trkpt lat="40.42553" lon="17.56384">
        <ele>100.7</ele>
      </trkpt>
      <trkpt lat="40.4255" lon="17.56388">
        <ele>100.8</ele>
      </trkpt>
      <trkpt lat="40.42539" lon="17.56399">
        <ele>100.8</ele>
      </trkpt>
      <trkpt lat="40.42539" lon="17.56399">
        <ele>100.8</ele>
      </trkpt>
      <trkpt lat="40.42486" lon="17.56383">
        <ele>98.4</ele>
      </trkpt>
      <trkpt lat="40.424079" lon="17.56358">
        <ele>96.6</ele>
      </trkpt>
      <trkpt lat="40.42398" lon="17.56355">
        <ele>96.4</ele>
      </trkpt>
      <trkpt lat="40.42371" lon="17.56347">
        <ele>95.9</ele>
      </trkpt>
      <trkpt lat="40.42371" lon="17.56347">
        <ele>95.9</ele>
      </trkpt>
      <trkpt lat="40.42352" lon="17.563859">
        <ele>95.8</ele>
      </trkpt>
      <trkpt lat="40.42335" lon="17.56422">
        <ele>96.0</ele>
      </trkpt>
      <trkpt lat="40.42293" lon="17.56512">
        <ele>95.2</ele>
      </trkpt>
      <trkpt lat="40.42289" lon="17.5652">
        <ele>95.2</ele>
      </trkpt>
      <trkpt lat="40.422759" lon="17.56548">
        <ele>95.2</ele>
      </trkpt>
      <trkpt lat="40.42274" lon="17.56552">
        <ele>95.2</ele>
      </trkpt>
      <trkpt lat="40.42259" lon="17.56584">
        <ele>95.2</ele>
      </trkpt>
      <trkpt lat="40.42224" lon="17.5666">
        <ele>93.7</ele>
      </trkpt>
      <trkpt lat="40.42214" lon="17.56679">
        <ele>93.7</ele>
      </trkpt>
      <trkpt lat="40.42206" lon="17.56693">
        <ele>93.6</ele>
      </trkpt>
      <trkpt lat="40.42205" lon="17.56696">
        <ele>93.6</ele>
      </trkpt>
      <trkpt lat="40.42205" lon="17.56696">
        <ele>93.6</ele>
      </trkpt>
      <trkpt lat="40.42192" lon="17.567139">
        <ele>93.5</ele>
      </trkpt>
      <trkpt lat="40.42178" lon="17.56734">
        <ele>93.2</ele>
      </trkpt>
      <trkpt lat="40.4216" lon="17.56758">
        <ele>93.1</ele>
      </trkpt>
      <trkpt lat="40.42102" lon="17.56834">
        <ele>92.7</ele>
      </trkpt>
      <trkpt lat="40.42085" lon="17.56857">
        <ele>92.3</ele>
      </trkpt>
      <trkpt lat="40.42039" lon="17.56917">
        <ele>93.0</ele>
      </trkpt>
      <trkpt lat="40.41995" lon="17.56972">
        <ele>93.6</ele>
      </trkpt>
      <trkpt lat="40.41978" lon="17.56993">
        <ele>93.4</ele>
      </trkpt>
      <trkpt lat="40.41943" lon="17.57042">
        <ele>93.3</ele>
      </trkpt>
      <trkpt lat="40.41909" lon="17.57086">
        <ele>93.9</ele>
      </trkpt>
      <trkpt lat="40.41906" lon="17.57089">
        <ele>93.9</ele>
      </trkpt>
      <trkpt lat="40.41884" lon="17.571179">
        <ele>94.2</ele>
      </trkpt>
      <trkpt lat="40.41877" lon="17.57128">
        <ele>94.3</ele>
      </trkpt>
      <trkpt lat="40.41849" lon="17.57165">
        <ele>95.0</ele>
      </trkpt>
      <trkpt lat="40.41833" lon="17.57187">
        <ele>95.2</ele>
      </trkpt>
      <trkpt lat="40.41828" lon="17.57204">
        <ele>95.4</ele>
      </trkpt>
      <trkpt lat="40.41796" lon="17.57309">
        <ele>95.1</ele>
      </trkpt>
      <trkpt lat="40.41773" lon="17.57382">
        <ele>94.4</ele>
      </trkpt>
      <trkpt lat="40.41762" lon="17.57421">
        <ele>94.2</ele>
      </trkpt>
      <trkpt lat="40.41752" lon="17.57456">
        <ele>94.5</ele>
      </trkpt>
      <trkpt lat="40.41735" lon="17.57511">
        <ele>94.7</ele>
      </trkpt>
      <trkpt lat="40.41728" lon="17.57545">
        <ele>94.6</ele>
      </trkpt>
      <trkpt lat="40.41724" lon="17.57573">
        <ele>94.6</ele>
      </trkpt>
      <trkpt lat="40.41719" lon="17.576149">
        <ele>94.2</ele>
      </trkpt>
      <trkpt lat="40.41716" lon="17.57642">
        <ele>93.9</ele>
      </trkpt>
      <trkpt lat="40.41714" lon="17.57702">
        <ele>93.0</ele>
      </trkpt>
      <trkpt lat="40.41714" lon="17.57713">
        <ele>92.8</ele>
      </trkpt>
      <trkpt lat="40.41714" lon="17.57734">
        <ele>92.5</ele>
      </trkpt>
      <trkpt lat="40.41716" lon="17.57807">
        <ele>92.6</ele>
      </trkpt>
      <trkpt lat="40.41716" lon="17.57862">
        <ele>92.6</ele>
      </trkpt>
      <trkpt lat="40.41716" lon="17.57863">
        <ele>92.6</ele>
      </trkpt>
      <trkpt lat="40.41717" lon="17.57875">
        <ele>92.6</ele>
      </trkpt>
      <trkpt lat="40.41711" lon="17.57946">
        <ele>92.5</ele>
      </trkpt>
      <trkpt lat="40.41705" lon="17.57997">
        <ele>92.5</ele>
      </trkpt>
      <trkpt lat="40.41696" lon="17.580839">
        <ele>92.0</ele>
      </trkpt>
      <trkpt lat="40.41691" lon="17.58139">
        <ele>91.0</ele>
      </trkpt>
      <trkpt lat="40.41687" lon="17.58182">
        <ele>90.9</ele>
      </trkpt>
      <trkpt lat="40.416849" lon="17.58196">
        <ele>91.1</ele>
      </trkpt>
      <trkpt lat="40.41679" lon="17.58218">
        <ele>91.5</ele>
      </trkpt>
      <trkpt lat="40.41662" lon="17.5826">
        <ele>92.1</ele>
      </trkpt>
      <trkpt lat="40.41644" lon="17.58306">
        <ele>92.4</ele>
      </trkpt>
      <trkpt lat="40.41642" lon="17.58313">
        <ele>92.5</ele>
      </trkpt>
      <trkpt lat="40.41639" lon="17.58321">
        <ele>92.5</ele>
      </trkpt>
      <trkpt lat="40.41637" lon="17.5833">
        <ele>92.6</ele>
      </trkpt>
      <trkpt lat="40.4163" lon="17.58357">
        <ele>92.4</ele>
      </trkpt>
      <trkpt lat="40.41625" lon="17.58374">
        <ele>92.3</ele>
      </trkpt>
      <trkpt lat="40.41613" lon="17.58418">
        <ele>91.7</ele>
      </trkpt>
      <trkpt lat="40.41592" lon="17.584879">
        <ele>91.0</ele>
      </trkpt>
      <trkpt lat="40.41574" lon="17.5855">
        <ele>90.9</ele>
      </trkpt>
      <trkpt lat="40.41555" lon="17.58616">
        <ele>90.4</ele>
      </trkpt>
      <trkpt lat="40.41546" lon="17.58663">
        <ele>90.0</ele>
      </trkpt>
      <trkpt lat="40.41542" lon="17.58696">
        <ele>90.2</ele>
      </trkpt>
      <trkpt lat="40.41531" lon="17.58783">
        <ele>90.5</ele>
      </trkpt>
      <trkpt lat="40.41499" lon="17.58943">
        <ele>90.0</ele>
      </trkpt>
      <trkpt lat="40.41494" lon="17.58967">
        <ele>90.0</ele>
      </trkpt>
      <trkpt lat="40.41479" lon="17.5904">
        <ele>90.6</ele>
      </trkpt>
      <trkpt lat="40.41453" lon="17.591729">
        <ele>89.4</ele>
      </trkpt>
      <trkpt lat="40.414499" lon="17.59188">
        <ele>89.5</ele>
      </trkpt>
      <trkpt lat="40.41444" lon="17.59219">
        <ele>89.5</ele>
      </trkpt>
      <trkpt lat="40.4143" lon="17.59291">
        <ele>89.9</ele>
      </trkpt>
      <trkpt lat="40.41417" lon="17.59356">
        <ele>90.0</ele>
      </trkpt>
      <trkpt lat="40.41413" lon="17.593789">
        <ele>90.0</ele>
      </trkpt>
      <trkpt lat="40.41406" lon="17.59414">
        <ele>89.9</ele>
      </trkpt>
      <trkpt lat="40.41396" lon="17.59471">
        <ele>90.1</ele>
      </trkpt>
      <trkpt lat="40.41392" lon="17.594919">
        <ele>90.1</ele>
      </trkpt>
      <trkpt lat="40.41383" lon="17.59525">
        <ele>89.7</ele>
      </trkpt>
      <trkpt lat="40.41379" lon="17.59538">
        <ele>89.6</ele>
      </trkpt>
      <trkpt lat="40.41378" lon="17.59541">
        <ele>89.6</ele>
      </trkpt>
      <trkpt lat="40.4137" lon="17.59558">
        <ele>89.4</ele>
      </trkpt>
      <trkpt lat="40.41368" lon="17.59563">
        <ele>89.4</ele>
      </trkpt>
      <trkpt lat="40.41354" lon="17.59594">
        <ele>89.4</ele>
      </trkpt>
      <trkpt lat="40.41339" lon="17.59626">
        <ele>89.6</ele>
      </trkpt>
      <trkpt lat="40.413179" lon="17.596699">
        <ele>89.8</ele>
      </trkpt>
      <trkpt lat="40.41312" lon="17.596889">
        <ele>89.3</ele>
      </trkpt>
      <trkpt lat="40.41311" lon="17.59692">
        <ele>89.3</ele>
      </trkpt>
      <trkpt lat="40.41302" lon="17.59716">
        <ele>88.9</ele>
      </trkpt>
      <trkpt lat="40.41279" lon="17.59773">
        <ele>88.8</ele>
      </trkpt>
      <trkpt lat="40.41225" lon="17.599049">
        <ele>89.4</ele>
      </trkpt>
      <trkpt lat="40.41219" lon="17.59919">
        <ele>89.4</ele>
      </trkpt>
      <trkpt lat="40.412059" lon="17.59948">
        <ele>89.7</ele>
      </trkpt>
      <trkpt lat="40.41192" lon="17.59979">
        <ele>89.9</ele>
      </trkpt>
      <trkpt lat="40.41176" lon="17.60006">
        <ele>90.1</ele>
      </trkpt>
      <trkpt lat="40.41155" lon="17.60039">
        <ele>90.5</ele>
      </trkpt>
      <trkpt lat="40.41119" lon="17.60103">
        <ele>90.9</ele>
      </trkpt>
      <trkpt lat="40.41028" lon="17.60262">
        <ele>90.3</ele>
      </trkpt>
      <trkpt lat="40.409439" lon="17.6041">
        <ele>89.8</ele>
      </trkpt>
      <trkpt lat="40.40927" lon="17.60441">
        <ele>88.9</ele>
      </trkpt>
      <trkpt lat="40.40907" lon="17.60474">
        <ele>88.6</ele>
      </trkpt>
      <trkpt lat="40.40905" lon="17.60478">
        <ele>88.6</ele>
      </trkpt>
      <trkpt lat="40.40892" lon="17.60498">
        <ele>88.9</ele>
      </trkpt>
      <trkpt lat="40.40871" lon="17.605429">
        <ele>88.7</ele>
      </trkpt>
      <trkpt lat="40.40869" lon="17.60551">
        <ele>88.6</ele>
      </trkpt>
      <trkpt lat="40.40829" lon="17.60663">
        <ele>88.1</ele>
      </trkpt>
      <trkpt lat="40.4082" lon="17.60678">
        <ele>88.5</ele>
      </trkpt>
      <trkpt lat="40.4082" lon="17.60678">
        <ele>88.5</ele>
      </trkpt>
      <trkpt lat="40.40817" lon="17.607119">
        <ele>89.2</ele>
      </trkpt>
      <trkpt lat="40.40816" lon="17.60733">
        <ele>89.5</ele>
      </trkpt>
      <trkpt lat="40.408119" lon="17.60748">
        <ele>89.7</ele>
      </trkpt>
      <trkpt lat="40.40805" lon="17.60769">
        <ele>89.6</ele>
      </trkpt>
      <trkpt lat="40.40786" lon="17.60835">
        <ele>88.8</ele>
      </trkpt>
      <trkpt lat="40.40766" lon="17.60904">
        <ele>87.2</ele>
      </trkpt>
      <trkpt lat="40.40749" lon="17.60962">
        <ele>87.5</ele>
      </trkpt>
      <trkpt lat="40.40739" lon="17.61002">
        <ele>88.0</ele>
      </trkpt>
      <trkpt lat="40.40737" lon="17.61015">
        <ele>88.2</ele>
      </trkpt>
      <trkpt lat="40.4073" lon="17.6106">
        <ele>89.1</ele>
      </trkpt>
      <trkpt lat="40.40728" lon="17.61073">
        <ele>89.3</ele>
      </trkpt>
      <trkpt lat="40.40728" lon="17.61076">
        <ele>89.4</ele>
      </trkpt>
      <trkpt lat="40.40713" lon="17.61166">
        <ele>90.0</ele>
      </trkpt>
      <trkpt lat="40.40707" lon="17.61185">
        <ele>89.7</ele>
      </trkpt>
      <trkpt lat="40.40707" lon="17.61185">
        <ele>89.7</ele>
      </trkpt>
      <trkpt lat="40.40717" lon="17.61233">
        <ele>89.1</ele>
      </trkpt>
      <trkpt lat="40.40717" lon="17.61233">
        <ele>89.1</ele>
      </trkpt>
      <trkpt lat="40.40707" lon="17.61259">
        <ele>88.3</ele>
      </trkpt>
      <trkpt lat="40.40696" lon="17.61292">
        <ele>87.5</ele>
      </trkpt>
      <trkpt lat="40.40686" lon="17.613309">
        <ele>87.0</ele>
      </trkpt>
      <trkpt lat="40.40685" lon="17.61337">
        <ele>87.0</ele>
      </trkpt>
      <trkpt lat="40.40684" lon="17.61338">
        <ele>87.0</ele>
      </trkpt>
      <trkpt lat="40.40683" lon="17.61342">
        <ele>87.0</ele>
      </trkpt>
      <trkpt lat="40.40669" lon="17.6139">
        <ele>87.0</ele>
      </trkpt>
      <trkpt lat="40.40654" lon="17.61439">
        <ele>87.0</ele>
      </trkpt>
      <trkpt lat="40.40651" lon="17.6145">
        <ele>87.0</ele>
      </trkpt>
      <trkpt lat="40.40643" lon="17.61475">
        <ele>86.9</ele>
      </trkpt>
      <trkpt lat="40.40642" lon="17.6148">
        <ele>86.8</ele>
      </trkpt>
      <trkpt lat="40.40626" lon="17.61537">
        <ele>86.5</ele>
      </trkpt>
      <trkpt lat="40.40621" lon="17.61554">
        <ele>86.4</ele>
      </trkpt>
      <trkpt lat="40.40618" lon="17.61565">
        <ele>86.4</ele>
      </trkpt>
      <trkpt lat="40.406149" lon="17.615749">
        <ele>86.3</ele>
      </trkpt>
      <trkpt lat="40.40611" lon="17.61599">
        <ele>86.3</ele>
      </trkpt>
      <trkpt lat="40.406" lon="17.61664">
        <ele>86.6</ele>
      </trkpt>
      <trkpt lat="40.40587" lon="17.61737">
        <ele>86.2</ele>
      </trkpt>
      <trkpt lat="40.40587" lon="17.61738">
        <ele>86.2</ele>
      </trkpt>
      <trkpt lat="40.4058" lon="17.61812">
        <ele>86.1</ele>
      </trkpt>
      <trkpt lat="40.40579" lon="17.61822">
        <ele>86.1</ele>
      </trkpt>
      <trkpt lat="40.40573" lon="17.61887">
        <ele>86.2</ele>
      </trkpt>
      <trkpt lat="40.40573" lon="17.61895">
        <ele>86.2</ele>
      </trkpt>
      <trkpt lat="40.40567" lon="17.61957">
        <ele>85.8</ele>
      </trkpt>
      <trkpt lat="40.40566" lon="17.61967">
        <ele>85.7</ele>
      </trkpt>
      <trkpt lat="40.40561" lon="17.6202">
        <ele>85.5</ele>
      </trkpt>
      <trkpt lat="40.40555" lon="17.620729">
        <ele>85.7</ele>
      </trkpt>
      <trkpt lat="40.40553" lon="17.62098">
        <ele>85.9</ele>
      </trkpt>
      <trkpt lat="40.40548" lon="17.62131">
        <ele>86.4</ele>
      </trkpt>
      <trkpt lat="40.4054" lon="17.62189">
        <ele>86.9</ele>
      </trkpt>
      <trkpt lat="40.40539" lon="17.621949">
        <ele>86.9</ele>
      </trkpt>
      <trkpt lat="40.40534" lon="17.6222">
        <ele>86.9</ele>
      </trkpt>
      <trkpt lat="40.40534" lon="17.62222">
        <ele>86.9</ele>
      </trkpt>
      <trkpt lat="40.40525" lon="17.62275">
        <ele>86.7</ele>
      </trkpt>
      <trkpt lat="40.40522" lon="17.62291">
        <ele>86.5</ele>
      </trkpt>
      <trkpt lat="40.40517" lon="17.62308">
        <ele>86.3</ele>
      </trkpt>
      <trkpt lat="40.40517" lon="17.62309">
        <ele>86.3</ele>
      </trkpt>
      <trkpt lat="40.40513" lon="17.62321">
        <ele>86.1</ele>
      </trkpt>
      <trkpt lat="40.4051" lon="17.62328">
        <ele>86.0</ele>
      </trkpt>
      <trkpt lat="40.4047" lon="17.62411">
        <ele>85.8</ele>
      </trkpt>
      <trkpt lat="40.40459" lon="17.62409">
        <ele>86.1</ele>
      </trkpt>
      <trkpt lat="40.40459" lon="17.62409">
        <ele>86.1</ele>
      </trkpt>
      <trkpt lat="40.40425" lon="17.624669">
        <ele>86.8</ele>
      </trkpt>
      <trkpt lat="40.40416" lon="17.62479">
        <ele>87.0</ele>
      </trkpt>
      <trkpt lat="40.40416" lon="17.62479">
        <ele>87.0</ele>
      </trkpt>
      <trkpt lat="40.4042" lon="17.62482">
        <ele>86.9</ele>
      </trkpt>
      <trkpt lat="40.40435" lon="17.624949">
        <ele>86.6</ele>
      </trkpt>
      <trkpt lat="40.40435" lon="17.624949">
        <ele>86.6</ele>
      </trkpt>
      <trkpt lat="40.40413" lon="17.62548">
        <ele>87.6</ele>
      </trkpt>
      <trkpt lat="40.403889" lon="17.62609">
        <ele>87.3</ele>
      </trkpt>
      <trkpt lat="40.40365" lon="17.62671">
        <ele>86.7</ele>
      </trkpt>
      <trkpt lat="40.40356" lon="17.62687">
        <ele>86.9</ele>
      </trkpt>
      <trkpt lat="40.40356" lon="17.62687">
        <ele>86.9</ele>
      </trkpt>
      <trkpt lat="40.40332" lon="17.62815">
        <ele>87.2</ele>
      </trkpt>
      <trkpt lat="40.403239" lon="17.62858">
        <ele>87.0</ele>
      </trkpt>
      <trkpt lat="40.4031" lon="17.62929">
        <ele>87.2</ele>
      </trkpt>
      <trkpt lat="40.40276" lon="17.62926">
        <ele>87.6</ele>
      </trkpt>
      <trkpt lat="40.40255" lon="17.63035">
        <ele>86.6</ele>
      </trkpt>
      <trkpt lat="40.40235" lon="17.63143">
        <ele>86.0</ele>
      </trkpt>
      <trkpt lat="40.40215" lon="17.63251">
        <ele>85.2</ele>
      </trkpt>
      <trkpt lat="40.40195" lon="17.63359">
        <ele>85.6</ele>
      </trkpt>
      <trkpt lat="40.4018" lon="17.63427">
        <ele>84.7</ele>
      </trkpt>
      <trkpt lat="40.40171" lon="17.63536">
        <ele>83.1</ele>
      </trkpt>
      <trkpt lat="40.40162" lon="17.63601">
        <ele>81.6</ele>
      </trkpt>
      <trkpt lat="40.40155" lon="17.63623">
        <ele>81.3</ele>
      </trkpt>
      <trkpt lat="40.40155" lon="17.63635">
        <ele>81.0</ele>
      </trkpt>
      <trkpt lat="40.40126" lon="17.63633">
        <ele>81.6</ele>
      </trkpt>
      <trkpt lat="40.40126" lon="17.63633">
        <ele>81.6</ele>
      </trkpt>
      <trkpt lat="40.40097" lon="17.63628">
        <ele>82.2</ele>
      </trkpt>
      <trkpt lat="40.40039" lon="17.63599">
        <ele>83.1</ele>
      </trkpt>
      <trkpt lat="40.39982" lon="17.63571">
        <ele>83.5</ele>
      </trkpt>
      <trkpt lat="40.39946" lon="17.63559">
        <ele>84.2</ele>
      </trkpt>
      <trkpt lat="40.3995" lon="17.63523">
        <ele>84.1</ele>
      </trkpt>
      <trkpt lat="40.39947" lon="17.63515">
        <ele>84.0</ele>
      </trkpt>
      <trkpt lat="40.399389" lon="17.63517">
        <ele>84.1</ele>
      </trkpt>
      <trkpt lat="40.39911" lon="17.6356">
        <ele>84.7</ele>
      </trkpt>
    </trkseg>
  </trk>
</gpx>
