<?xml version="1.0" encoding="UTF-8"?>
<gpx xmlns:gpxdata="http://www.cluetrust.com/XML/GPXDATA/1/0" xmlns:xsi="http://www.w3.org/2001/XMLSchema-instance" xmlns="http://www.topografix.com/GPX/1/1" version="1.1" creator="http://ridewithgps.com/" xsi:schemaLocation="http://www.topografix.com/GPX/1/1 http://www.topografix.com/GPX/1/1/gpx.xsd http://www.cluetrust.com/XML/GPXDATA/1/0 http://www.cluetrust.com/Schemas/gpxdata10.xsd">
  <metadata>
    <name>09 CICLOVIA DELL'ACQUEDOTTO - NARDO'-SANTA MARIA DI LEUCA NEW 2022</name>
    <link href="https://ridewithgps.com/routes/38548124">
      <text>09 CICLOVIA DELL'ACQUEDOTTO - NARDO'-SANTA MARIA DI LEUCA NEW 2022</text>
    </link>
    <time>2022-02-12T13:17:11Z</time>
  </metadata>
  <trk>
    <name>09 CICLOVIA DELL'ACQUEDOTTO - NARDO'-SANTA MARIA DI LEUCA NEW 2022</name>
    <trkseg>
      <trkpt lat="40.17908" lon="18.03113">
        <ele>46.4</ele>
      </trkpt>
      <trkpt lat="40.17887" lon="18.0308">
        <ele>46.0</ele>
      </trkpt>
      <trkpt lat="40.17887" lon="18.0308">
        <ele>46.0</ele>
      </trkpt>
      <trkpt lat="40.17866" lon="18.0308">
        <ele>46.0</ele>
      </trkpt>
      <trkpt lat="40.17866" lon="18.0308">
        <ele>46.0</ele>
      </trkpt>
      <trkpt lat="40.17856" lon="18.03077">
        <ele>46.0</ele>
      </trkpt>
      <trkpt lat="40.17842" lon="18.03072">
        <ele>46.0</ele>
      </trkpt>
      <trkpt lat="40.17808" lon="18.0307">
        <ele>46.4</ele>
      </trkpt>
      <trkpt lat="40.17803" lon="18.0307">
        <ele>46.4</ele>
      </trkpt>
      <trkpt lat="40.17797" lon="18.0307">
        <ele>46.5</ele>
      </trkpt>
      <trkpt lat="40.17753" lon="18.0307">
        <ele>47.1</ele>
      </trkpt>
      <trkpt lat="40.17753" lon="18.0307">
        <ele>47.1</ele>
      </trkpt>
      <trkpt lat="40.17744" lon="18.03065">
        <ele>47.2</ele>
      </trkpt>
      <trkpt lat="40.17742" lon="18.03063">
        <ele>47.2</ele>
      </trkpt>
      <trkpt lat="40.17737" lon="18.030539">
        <ele>47.3</ele>
      </trkpt>
      <trkpt lat="40.17737" lon="18.030539">
        <ele>47.3</ele>
      </trkpt>
      <trkpt lat="40.17719" lon="18.0306">
        <ele>47.0</ele>
      </trkpt>
      <trkpt lat="40.17709" lon="18.030639">
        <ele>46.9</ele>
      </trkpt>
      <trkpt lat="40.17693" lon="18.030729">
        <ele>46.5</ele>
      </trkpt>
      <trkpt lat="40.17693" lon="18.03074">
        <ele>46.5</ele>
      </trkpt>
      <trkpt lat="40.17678" lon="18.03087">
        <ele>46.1</ele>
      </trkpt>
      <trkpt lat="40.17677" lon="18.03088">
        <ele>46.1</ele>
      </trkpt>
      <trkpt lat="40.17669" lon="18.03097">
        <ele>45.9</ele>
      </trkpt>
      <trkpt lat="40.17664" lon="18.03102">
        <ele>45.7</ele>
      </trkpt>
      <trkpt lat="40.17653" lon="18.03115">
        <ele>45.5</ele>
      </trkpt>
      <trkpt lat="40.17653" lon="18.03115">
        <ele>45.5</ele>
      </trkpt>
      <trkpt lat="40.17642" lon="18.03128">
        <ele>45.2</ele>
      </trkpt>
      <trkpt lat="40.17629" lon="18.03142">
        <ele>44.8</ele>
      </trkpt>
      <trkpt lat="40.17618" lon="18.03151">
        <ele>44.6</ele>
      </trkpt>
      <trkpt lat="40.17602" lon="18.03161">
        <ele>44.3</ele>
      </trkpt>
      <trkpt lat="40.176" lon="18.03163">
        <ele>44.2</ele>
      </trkpt>
      <trkpt lat="40.17595" lon="18.03166">
        <ele>44.1</ele>
      </trkpt>
      <trkpt lat="40.17578" lon="18.03181">
        <ele>44.1</ele>
      </trkpt>
      <trkpt lat="40.17578" lon="18.03181">
        <ele>44.1</ele>
      </trkpt>
      <trkpt lat="40.17578" lon="18.0318">
        <ele>44.1</ele>
      </trkpt>
      <trkpt lat="40.17577" lon="18.03179">
        <ele>44.1</ele>
      </trkpt>
      <trkpt lat="40.17577" lon="18.03178">
        <ele>44.1</ele>
      </trkpt>
      <trkpt lat="40.17577" lon="18.03177">
        <ele>44.1</ele>
      </trkpt>
      <trkpt lat="40.175759" lon="18.03177">
        <ele>44.1</ele>
      </trkpt>
      <trkpt lat="40.175759" lon="18.031759">
        <ele>44.1</ele>
      </trkpt>
      <trkpt lat="40.17575" lon="18.031759">
        <ele>44.1</ele>
      </trkpt>
      <trkpt lat="40.17575" lon="18.03175">
        <ele>44.1</ele>
      </trkpt>
      <trkpt lat="40.17574" lon="18.03174">
        <ele>44.1</ele>
      </trkpt>
      <trkpt lat="40.17573" lon="18.03174">
        <ele>44.1</ele>
      </trkpt>
      <trkpt lat="40.17573" lon="18.03173">
        <ele>44.1</ele>
      </trkpt>
      <trkpt lat="40.17572" lon="18.03173">
        <ele>44.1</ele>
      </trkpt>
      <trkpt lat="40.17571" lon="18.03173">
        <ele>44.1</ele>
      </trkpt>
      <trkpt lat="40.1757" lon="18.03173">
        <ele>44.1</ele>
      </trkpt>
      <trkpt lat="40.1757" lon="18.03172">
        <ele>44.1</ele>
      </trkpt>
      <trkpt lat="40.17569" lon="18.03172">
        <ele>44.2</ele>
      </trkpt>
      <trkpt lat="40.17568" lon="18.03172">
        <ele>44.2</ele>
      </trkpt>
      <trkpt lat="40.17568" lon="18.03173">
        <ele>44.2</ele>
      </trkpt>
      <trkpt lat="40.175669" lon="18.03173">
        <ele>44.2</ele>
      </trkpt>
      <trkpt lat="40.17566" lon="18.03173">
        <ele>44.2</ele>
      </trkpt>
      <trkpt lat="40.17565" lon="18.03174">
        <ele>44.2</ele>
      </trkpt>
      <trkpt lat="40.17564" lon="18.03174">
        <ele>44.2</ele>
      </trkpt>
      <trkpt lat="40.17564" lon="18.03175">
        <ele>44.2</ele>
      </trkpt>
      <trkpt lat="40.17563" lon="18.03175">
        <ele>44.2</ele>
      </trkpt>
      <trkpt lat="40.17563" lon="18.031759">
        <ele>44.2</ele>
      </trkpt>
      <trkpt lat="40.17562" lon="18.031759">
        <ele>44.2</ele>
      </trkpt>
      <trkpt lat="40.17562" lon="18.03177">
        <ele>44.2</ele>
      </trkpt>
      <trkpt lat="40.17562" lon="18.03178">
        <ele>44.2</ele>
      </trkpt>
      <trkpt lat="40.17561" lon="18.03178">
        <ele>44.2</ele>
      </trkpt>
      <trkpt lat="40.17561" lon="18.03179">
        <ele>44.2</ele>
      </trkpt>
      <trkpt lat="40.17561" lon="18.0318">
        <ele>44.2</ele>
      </trkpt>
      <trkpt lat="40.17561" lon="18.03181">
        <ele>44.2</ele>
      </trkpt>
      <trkpt lat="40.1756" lon="18.03181">
        <ele>44.2</ele>
      </trkpt>
      <trkpt lat="40.1756" lon="18.03182">
        <ele>44.2</ele>
      </trkpt>
      <trkpt lat="40.1756" lon="18.03183">
        <ele>44.2</ele>
      </trkpt>
      <trkpt lat="40.1756" lon="18.03184">
        <ele>44.2</ele>
      </trkpt>
      <trkpt lat="40.1756" lon="18.03185">
        <ele>44.2</ele>
      </trkpt>
      <trkpt lat="40.1756" lon="18.03186">
        <ele>44.2</ele>
      </trkpt>
      <trkpt lat="40.17541" lon="18.03197">
        <ele>44.3</ele>
      </trkpt>
      <trkpt lat="40.17542" lon="18.03201">
        <ele>44.3</ele>
      </trkpt>
      <trkpt lat="40.17488" lon="18.03236">
        <ele>44.0</ele>
      </trkpt>
      <trkpt lat="40.17412" lon="18.03288">
        <ele>42.9</ele>
      </trkpt>
      <trkpt lat="40.17368" lon="18.03315">
        <ele>42.0</ele>
      </trkpt>
      <trkpt lat="40.173229" lon="18.03342">
        <ele>41.3</ele>
      </trkpt>
      <trkpt lat="40.17286" lon="18.0337">
        <ele>42.2</ele>
      </trkpt>
      <trkpt lat="40.17281" lon="18.0338">
        <ele>42.2</ele>
      </trkpt>
      <trkpt lat="40.17279" lon="18.0338">
        <ele>42.2</ele>
      </trkpt>
      <trkpt lat="40.17268" lon="18.03375">
        <ele>42.6</ele>
      </trkpt>
      <trkpt lat="40.17254" lon="18.03379">
        <ele>42.8</ele>
      </trkpt>
      <trkpt lat="40.17234" lon="18.03389">
        <ele>42.7</ele>
      </trkpt>
      <trkpt lat="40.17202" lon="18.0341">
        <ele>42.6</ele>
      </trkpt>
      <trkpt lat="40.17185" lon="18.03416">
        <ele>42.8</ele>
      </trkpt>
      <trkpt lat="40.17163" lon="18.03423">
        <ele>43.0</ele>
      </trkpt>
      <trkpt lat="40.171259" lon="18.03429">
        <ele>43.4</ele>
      </trkpt>
      <trkpt lat="40.17106" lon="18.0343">
        <ele>43.7</ele>
      </trkpt>
      <trkpt lat="40.17089" lon="18.03431">
        <ele>43.9</ele>
      </trkpt>
      <trkpt lat="40.17029" lon="18.03429">
        <ele>43.8</ele>
      </trkpt>
      <trkpt lat="40.169759" lon="18.03424">
        <ele>43.5</ele>
      </trkpt>
      <trkpt lat="40.16928" lon="18.03426">
        <ele>42.9</ele>
      </trkpt>
      <trkpt lat="40.1688" lon="18.03429">
        <ele>42.0</ele>
      </trkpt>
      <trkpt lat="40.168349" lon="18.03435">
        <ele>41.2</ele>
      </trkpt>
      <trkpt lat="40.16812" lon="18.03436">
        <ele>40.9</ele>
      </trkpt>
      <trkpt lat="40.1678" lon="18.03436">
        <ele>40.4</ele>
      </trkpt>
      <trkpt lat="40.16756" lon="18.03434">
        <ele>40.1</ele>
      </trkpt>
      <trkpt lat="40.16717" lon="18.03418">
        <ele>38.8</ele>
      </trkpt>
      <trkpt lat="40.166759" lon="18.03404">
        <ele>37.7</ele>
      </trkpt>
      <trkpt lat="40.16641" lon="18.03397">
        <ele>37.6</ele>
      </trkpt>
      <trkpt lat="40.16615" lon="18.03387">
        <ele>37.6</ele>
      </trkpt>
      <trkpt lat="40.16571" lon="18.03357">
        <ele>37.9</ele>
      </trkpt>
      <trkpt lat="40.165439" lon="18.03349">
        <ele>38.3</ele>
      </trkpt>
      <trkpt lat="40.16501" lon="18.03331">
        <ele>39.0</ele>
      </trkpt>
      <trkpt lat="40.16436" lon="18.03294">
        <ele>38.9</ele>
      </trkpt>
      <trkpt lat="40.16371" lon="18.03258">
        <ele>40.4</ele>
      </trkpt>
      <trkpt lat="40.16332" lon="18.03243">
        <ele>42.0</ele>
      </trkpt>
      <trkpt lat="40.16302" lon="18.03235">
        <ele>41.6</ele>
      </trkpt>
      <trkpt lat="40.162439" lon="18.03216">
        <ele>40.7</ele>
      </trkpt>
      <trkpt lat="40.16186" lon="18.03197">
        <ele>41.3</ele>
      </trkpt>
      <trkpt lat="40.16131" lon="18.03141">
        <ele>41.8</ele>
      </trkpt>
      <trkpt lat="40.16075" lon="18.03084">
        <ele>41.9</ele>
      </trkpt>
      <trkpt lat="40.16019" lon="18.03027">
        <ele>41.1</ele>
      </trkpt>
      <trkpt lat="40.15998" lon="18.03012">
        <ele>41.0</ele>
      </trkpt>
      <trkpt lat="40.15984" lon="18.03009">
        <ele>41.2</ele>
      </trkpt>
      <trkpt lat="40.15941" lon="18.030169">
        <ele>41.7</ele>
      </trkpt>
      <trkpt lat="40.15918" lon="18.03011">
        <ele>42.0</ele>
      </trkpt>
      <trkpt lat="40.158769" lon="18.030259">
        <ele>42.3</ele>
      </trkpt>
      <trkpt lat="40.15849" lon="18.03022">
        <ele>42.6</ele>
      </trkpt>
      <trkpt lat="40.15829" lon="18.03025">
        <ele>42.6</ele>
      </trkpt>
      <trkpt lat="40.158" lon="18.03034">
        <ele>42.1</ele>
      </trkpt>
      <trkpt lat="40.157739" lon="18.03039">
        <ele>41.8</ele>
      </trkpt>
      <trkpt lat="40.15748" lon="18.03041">
        <ele>41.5</ele>
      </trkpt>
      <trkpt lat="40.15681" lon="18.03047">
        <ele>41.5</ele>
      </trkpt>
      <trkpt lat="40.15614" lon="18.03052">
        <ele>42.6</ele>
      </trkpt>
      <trkpt lat="40.15534" lon="18.03071">
        <ele>43.7</ele>
      </trkpt>
      <trkpt lat="40.15453" lon="18.0309">
        <ele>44.0</ele>
      </trkpt>
      <trkpt lat="40.15393" lon="18.03126">
        <ele>44.4</ele>
      </trkpt>
      <trkpt lat="40.15358" lon="18.03137">
        <ele>44.4</ele>
      </trkpt>
      <trkpt lat="40.15316" lon="18.03141">
        <ele>44.4</ele>
      </trkpt>
      <trkpt lat="40.15269" lon="18.03143">
        <ele>44.7</ele>
      </trkpt>
      <trkpt lat="40.15242" lon="18.031389">
        <ele>44.7</ele>
      </trkpt>
      <trkpt lat="40.15231" lon="18.03146">
        <ele>44.8</ele>
      </trkpt>
      <trkpt lat="40.15187" lon="18.03162">
        <ele>44.4</ele>
      </trkpt>
      <trkpt lat="40.15149" lon="18.03171">
        <ele>45.0</ele>
      </trkpt>
      <trkpt lat="40.15095" lon="18.03165">
        <ele>48.4</ele>
      </trkpt>
      <trkpt lat="40.15081" lon="18.0316">
        <ele>49.4</ele>
      </trkpt>
      <trkpt lat="40.15021" lon="18.0315">
        <ele>53.0</ele>
      </trkpt>
      <trkpt lat="40.15006" lon="18.0315">
        <ele>53.9</ele>
      </trkpt>
      <trkpt lat="40.14979" lon="18.03163">
        <ele>54.3</ele>
      </trkpt>
      <trkpt lat="40.149679" lon="18.03169">
        <ele>54.3</ele>
      </trkpt>
      <trkpt lat="40.14918" lon="18.03171">
        <ele>54.9</ele>
      </trkpt>
      <trkpt lat="40.14863" lon="18.0317">
        <ele>55.6</ele>
      </trkpt>
      <trkpt lat="40.148269" lon="18.03157">
        <ele>56.1</ele>
      </trkpt>
      <trkpt lat="40.14783" lon="18.03137">
        <ele>56.4</ele>
      </trkpt>
      <trkpt lat="40.1477" lon="18.03134">
        <ele>56.5</ele>
      </trkpt>
      <trkpt lat="40.14708" lon="18.03122">
        <ele>58.0</ele>
      </trkpt>
      <trkpt lat="40.1464" lon="18.03111">
        <ele>59.2</ele>
      </trkpt>
      <trkpt lat="40.14578" lon="18.03105">
        <ele>59.1</ele>
      </trkpt>
      <trkpt lat="40.14518" lon="18.03094">
        <ele>60.4</ele>
      </trkpt>
      <trkpt lat="40.1443" lon="18.03081">
        <ele>62.6</ele>
      </trkpt>
      <trkpt lat="40.14378" lon="18.03072">
        <ele>61.8</ele>
      </trkpt>
      <trkpt lat="40.14325" lon="18.03063">
        <ele>60.4</ele>
      </trkpt>
      <trkpt lat="40.14268" lon="18.03055">
        <ele>59.3</ele>
      </trkpt>
      <trkpt lat="40.1421" lon="18.03046">
        <ele>58.8</ele>
      </trkpt>
      <trkpt lat="40.1421" lon="18.03046">
        <ele>58.8</ele>
      </trkpt>
      <trkpt lat="40.141979" lon="18.030449">
        <ele>58.7</ele>
      </trkpt>
      <trkpt lat="40.14165" lon="18.03047">
        <ele>58.6</ele>
      </trkpt>
      <trkpt lat="40.14175" lon="18.03086">
        <ele>59.0</ele>
      </trkpt>
      <trkpt lat="40.14175" lon="18.03123">
        <ele>59.0</ele>
      </trkpt>
      <trkpt lat="40.1418" lon="18.03204">
        <ele>59.4</ele>
      </trkpt>
      <trkpt lat="40.14173" lon="18.0324">
        <ele>59.9</ele>
      </trkpt>
      <trkpt lat="40.14176" lon="18.03263">
        <ele>60.1</ele>
      </trkpt>
      <trkpt lat="40.14183" lon="18.03276">
        <ele>60.3</ele>
      </trkpt>
      <trkpt lat="40.14197" lon="18.0329">
        <ele>60.3</ele>
      </trkpt>
      <trkpt lat="40.14215" lon="18.0331">
        <ele>60.3</ele>
      </trkpt>
      <trkpt lat="40.14231" lon="18.03338">
        <ele>60.3</ele>
      </trkpt>
      <trkpt lat="40.14243" lon="18.03363">
        <ele>60.4</ele>
      </trkpt>
      <trkpt lat="40.14275" lon="18.0346">
        <ele>61.2</ele>
      </trkpt>
      <trkpt lat="40.14307" lon="18.03558">
        <ele>60.8</ele>
      </trkpt>
      <trkpt lat="40.14321" lon="18.03642">
        <ele>60.3</ele>
      </trkpt>
      <trkpt lat="40.14338" lon="18.0371">
        <ele>59.9</ele>
      </trkpt>
      <trkpt lat="40.1434" lon="18.03733">
        <ele>59.9</ele>
      </trkpt>
      <trkpt lat="40.14338" lon="18.03797">
        <ele>58.8</ele>
      </trkpt>
      <trkpt lat="40.14341" lon="18.03838">
        <ele>57.9</ele>
      </trkpt>
      <trkpt lat="40.14347" lon="18.0386">
        <ele>57.7</ele>
      </trkpt>
      <trkpt lat="40.14367" lon="18.03915">
        <ele>57.4</ele>
      </trkpt>
      <trkpt lat="40.14387" lon="18.0397">
        <ele>57.2</ele>
      </trkpt>
      <trkpt lat="40.14401" lon="18.04038">
        <ele>57.5</ele>
      </trkpt>
      <trkpt lat="40.14415" lon="18.04106">
        <ele>57.7</ele>
      </trkpt>
      <trkpt lat="40.14432" lon="18.04167">
        <ele>56.8</ele>
      </trkpt>
      <trkpt lat="40.14456" lon="18.04219">
        <ele>56.5</ele>
      </trkpt>
      <trkpt lat="40.14461" lon="18.04303">
        <ele>56.4</ele>
      </trkpt>
      <trkpt lat="40.14472" lon="18.04391">
        <ele>55.5</ele>
      </trkpt>
      <trkpt lat="40.14473" lon="18.04423">
        <ele>55.2</ele>
      </trkpt>
      <trkpt lat="40.14479" lon="18.04491">
        <ele>54.1</ele>
      </trkpt>
      <trkpt lat="40.14473" lon="18.045369">
        <ele>53.3</ele>
      </trkpt>
      <trkpt lat="40.14471" lon="18.04578">
        <ele>52.5</ele>
      </trkpt>
      <trkpt lat="40.14476" lon="18.04616">
        <ele>52.3</ele>
      </trkpt>
      <trkpt lat="40.14493" lon="18.04686">
        <ele>52.8</ele>
      </trkpt>
      <trkpt lat="40.14509" lon="18.04756">
        <ele>55.2</ele>
      </trkpt>
      <trkpt lat="40.14529" lon="18.04825">
        <ele>57.1</ele>
      </trkpt>
      <trkpt lat="40.14548" lon="18.04894">
        <ele>57.7</ele>
      </trkpt>
      <trkpt lat="40.14559" lon="18.04924">
        <ele>58.0</ele>
      </trkpt>
      <trkpt lat="40.14593" lon="18.05024">
        <ele>59.1</ele>
      </trkpt>
      <trkpt lat="40.14628" lon="18.05123">
        <ele>60.7</ele>
      </trkpt>
      <trkpt lat="40.14647" lon="18.05172">
        <ele>61.6</ele>
      </trkpt>
      <trkpt lat="40.14662" lon="18.05219">
        <ele>59.5</ele>
      </trkpt>
      <trkpt lat="40.14678" lon="18.05279">
        <ele>57.5</ele>
      </trkpt>
      <trkpt lat="40.14694" lon="18.05339">
        <ele>56.6</ele>
      </trkpt>
      <trkpt lat="40.14714" lon="18.05407">
        <ele>55.4</ele>
      </trkpt>
      <trkpt lat="40.14719" lon="18.05441">
        <ele>55.3</ele>
      </trkpt>
      <trkpt lat="40.1472" lon="18.05465">
        <ele>55.5</ele>
      </trkpt>
      <trkpt lat="40.14716" lon="18.054939">
        <ele>55.8</ele>
      </trkpt>
      <trkpt lat="40.14693" lon="18.05572">
        <ele>55.2</ele>
      </trkpt>
      <trkpt lat="40.14688" lon="18.05601">
        <ele>55.2</ele>
      </trkpt>
      <trkpt lat="40.146859" lon="18.0562">
        <ele>55.3</ele>
      </trkpt>
      <trkpt lat="40.14697" lon="18.05698">
        <ele>54.5</ele>
      </trkpt>
      <trkpt lat="40.14705" lon="18.057289">
        <ele>53.9</ele>
      </trkpt>
      <trkpt lat="40.147239" lon="18.05808">
        <ele>52.5</ele>
      </trkpt>
      <trkpt lat="40.14721" lon="18.0582">
        <ele>52.5</ele>
      </trkpt>
      <trkpt lat="40.1471" lon="18.05905">
        <ele>53.8</ele>
      </trkpt>
      <trkpt lat="40.1471" lon="18.0597">
        <ele>55.2</ele>
      </trkpt>
      <trkpt lat="40.14713" lon="18.06033">
        <ele>56.3</ele>
      </trkpt>
      <trkpt lat="40.14707" lon="18.06083">
        <ele>57.0</ele>
      </trkpt>
      <trkpt lat="40.14699" lon="18.06124">
        <ele>57.6</ele>
      </trkpt>
      <trkpt lat="40.14687" lon="18.06165">
        <ele>58.0</ele>
      </trkpt>
      <trkpt lat="40.14688" lon="18.06234">
        <ele>57.8</ele>
      </trkpt>
      <trkpt lat="40.14689" lon="18.06304">
        <ele>58.4</ele>
      </trkpt>
      <trkpt lat="40.14691" lon="18.06326">
        <ele>58.6</ele>
      </trkpt>
      <trkpt lat="40.14694" lon="18.06349">
        <ele>58.7</ele>
      </trkpt>
      <trkpt lat="40.14691" lon="18.06368">
        <ele>58.7</ele>
      </trkpt>
      <trkpt lat="40.14653" lon="18.0644">
        <ele>58.9</ele>
      </trkpt>
      <trkpt lat="40.14647" lon="18.06445">
        <ele>59.0</ele>
      </trkpt>
      <trkpt lat="40.14614" lon="18.06507">
        <ele>59.1</ele>
      </trkpt>
      <trkpt lat="40.14582" lon="18.06568">
        <ele>57.6</ele>
      </trkpt>
      <trkpt lat="40.14535" lon="18.06654">
        <ele>59.0</ele>
      </trkpt>
      <trkpt lat="40.14506" lon="18.0671">
        <ele>59.9</ele>
      </trkpt>
      <trkpt lat="40.14479" lon="18.06774">
        <ele>61.7</ele>
      </trkpt>
      <trkpt lat="40.1445" lon="18.06825">
        <ele>63.7</ele>
      </trkpt>
      <trkpt lat="40.14446" lon="18.06833">
        <ele>63.9</ele>
      </trkpt>
      <trkpt lat="40.14528" lon="18.06858">
        <ele>61.8</ele>
      </trkpt>
      <trkpt lat="40.14538" lon="18.06886">
        <ele>62.1</ele>
      </trkpt>
      <trkpt lat="40.14548" lon="18.06906">
        <ele>62.1</ele>
      </trkpt>
      <trkpt lat="40.14597" lon="18.06988">
        <ele>60.8</ele>
      </trkpt>
      <trkpt lat="40.14623" lon="18.07022">
        <ele>60.5</ele>
      </trkpt>
      <trkpt lat="40.14627" lon="18.07026">
        <ele>60.5</ele>
      </trkpt>
      <trkpt lat="40.14683" lon="18.07045">
        <ele>60.0</ele>
      </trkpt>
      <trkpt lat="40.14683" lon="18.07045">
        <ele>60.0</ele>
      </trkpt>
      <trkpt lat="40.14703" lon="18.070519">
        <ele>59.9</ele>
      </trkpt>
      <trkpt lat="40.147039" lon="18.07059">
        <ele>59.8</ele>
      </trkpt>
      <trkpt lat="40.14706" lon="18.07062">
        <ele>59.8</ele>
      </trkpt>
      <trkpt lat="40.14701" lon="18.07074">
        <ele>59.7</ele>
      </trkpt>
      <trkpt lat="40.14662" lon="18.07102">
        <ele>60.1</ele>
      </trkpt>
      <trkpt lat="40.14632" lon="18.07141">
        <ele>60.7</ele>
      </trkpt>
      <trkpt lat="40.14596" lon="18.07203">
        <ele>61.7</ele>
      </trkpt>
      <trkpt lat="40.14559" lon="18.07265">
        <ele>62.6</ele>
      </trkpt>
      <trkpt lat="40.14556" lon="18.07265">
        <ele>62.7</ele>
      </trkpt>
      <trkpt lat="40.14532" lon="18.07306">
        <ele>62.8</ele>
      </trkpt>
      <trkpt lat="40.1452" lon="18.07327">
        <ele>62.7</ele>
      </trkpt>
      <trkpt lat="40.1452" lon="18.07327">
        <ele>62.7</ele>
      </trkpt>
      <trkpt lat="40.14575" lon="18.073899">
        <ele>61.1</ele>
      </trkpt>
      <trkpt lat="40.14575" lon="18.073899">
        <ele>61.1</ele>
      </trkpt>
      <trkpt lat="40.1456" lon="18.07407">
        <ele>61.1</ele>
      </trkpt>
      <trkpt lat="40.1454" lon="18.07428">
        <ele>61.0</ele>
      </trkpt>
      <trkpt lat="40.14424" lon="18.07547">
        <ele>61.4</ele>
      </trkpt>
      <trkpt lat="40.1441" lon="18.07565">
        <ele>62.0</ele>
      </trkpt>
      <trkpt lat="40.1441" lon="18.07565">
        <ele>62.0</ele>
      </trkpt>
      <trkpt lat="40.14408" lon="18.07589">
        <ele>62.4</ele>
      </trkpt>
      <trkpt lat="40.14406" lon="18.07608">
        <ele>62.6</ele>
      </trkpt>
      <trkpt lat="40.14402" lon="18.07623">
        <ele>62.8</ele>
      </trkpt>
      <trkpt lat="40.14398" lon="18.07636">
        <ele>62.9</ele>
      </trkpt>
      <trkpt lat="40.14392" lon="18.07647">
        <ele>63.0</ele>
      </trkpt>
      <trkpt lat="40.14373" lon="18.0768">
        <ele>62.8</ele>
      </trkpt>
      <trkpt lat="40.14363" lon="18.07696">
        <ele>62.6</ele>
      </trkpt>
      <trkpt lat="40.143479" lon="18.07729">
        <ele>62.3</ele>
      </trkpt>
      <trkpt lat="40.14333" lon="18.07755">
        <ele>62.1</ele>
      </trkpt>
      <trkpt lat="40.14333" lon="18.07755">
        <ele>62.1</ele>
      </trkpt>
      <trkpt lat="40.14296" lon="18.07779">
        <ele>63.1</ele>
      </trkpt>
      <trkpt lat="40.14288" lon="18.07785">
        <ele>63.3</ele>
      </trkpt>
      <trkpt lat="40.14258" lon="18.07804">
        <ele>63.9</ele>
      </trkpt>
      <trkpt lat="40.14248" lon="18.07811">
        <ele>64.0</ele>
      </trkpt>
      <trkpt lat="40.14211" lon="18.07835">
        <ele>63.6</ele>
      </trkpt>
      <trkpt lat="40.14161" lon="18.07864">
        <ele>63.7</ele>
      </trkpt>
      <trkpt lat="40.14149" lon="18.07871">
        <ele>63.9</ele>
      </trkpt>
      <trkpt lat="40.14136" lon="18.07877">
        <ele>64.0</ele>
      </trkpt>
      <trkpt lat="40.14126" lon="18.07883">
        <ele>64.2</ele>
      </trkpt>
      <trkpt lat="40.14117" lon="18.078869">
        <ele>64.3</ele>
      </trkpt>
      <trkpt lat="40.14097" lon="18.07897">
        <ele>64.5</ele>
      </trkpt>
      <trkpt lat="40.1409" lon="18.079">
        <ele>64.6</ele>
      </trkpt>
      <trkpt lat="40.14083" lon="18.07902">
        <ele>64.7</ele>
      </trkpt>
      <trkpt lat="40.14082" lon="18.07902">
        <ele>64.7</ele>
      </trkpt>
      <trkpt lat="40.14079" lon="18.07903">
        <ele>64.8</ele>
      </trkpt>
      <trkpt lat="40.14074" lon="18.07905">
        <ele>65.1</ele>
      </trkpt>
      <trkpt lat="40.14064" lon="18.07908">
        <ele>65.5</ele>
      </trkpt>
      <trkpt lat="40.14043" lon="18.07914">
        <ele>66.4</ele>
      </trkpt>
      <trkpt lat="40.14033" lon="18.07916">
        <ele>66.8</ele>
      </trkpt>
      <trkpt lat="40.14022" lon="18.0792">
        <ele>67.2</ele>
      </trkpt>
      <trkpt lat="40.13999" lon="18.07926">
        <ele>68.1</ele>
      </trkpt>
      <trkpt lat="40.13994" lon="18.07927">
        <ele>68.2</ele>
      </trkpt>
      <trkpt lat="40.13991" lon="18.07929">
        <ele>68.2</ele>
      </trkpt>
      <trkpt lat="40.13988" lon="18.07932">
        <ele>68.3</ele>
      </trkpt>
      <trkpt lat="40.13985" lon="18.079339">
        <ele>68.3</ele>
      </trkpt>
      <trkpt lat="40.13984" lon="18.07938">
        <ele>68.4</ele>
      </trkpt>
      <trkpt lat="40.13982" lon="18.07943">
        <ele>68.5</ele>
      </trkpt>
      <trkpt lat="40.13981" lon="18.0795">
        <ele>68.7</ele>
      </trkpt>
      <trkpt lat="40.13979" lon="18.07957">
        <ele>68.9</ele>
      </trkpt>
      <trkpt lat="40.13979" lon="18.07961">
        <ele>68.9</ele>
      </trkpt>
      <trkpt lat="40.13977" lon="18.07966">
        <ele>69.1</ele>
      </trkpt>
      <trkpt lat="40.13975" lon="18.07971">
        <ele>69.2</ele>
      </trkpt>
      <trkpt lat="40.1397" lon="18.07975">
        <ele>69.5</ele>
      </trkpt>
      <trkpt lat="40.13969" lon="18.07975">
        <ele>69.5</ele>
      </trkpt>
      <trkpt lat="40.13964" lon="18.07978">
        <ele>69.7</ele>
      </trkpt>
      <trkpt lat="40.13955" lon="18.07982">
        <ele>70.1</ele>
      </trkpt>
      <trkpt lat="40.139449" lon="18.07984">
        <ele>70.4</ele>
      </trkpt>
      <trkpt lat="40.13937" lon="18.07984">
        <ele>70.6</ele>
      </trkpt>
      <trkpt lat="40.13935" lon="18.07984">
        <ele>70.7</ele>
      </trkpt>
      <trkpt lat="40.1393" lon="18.07985">
        <ele>70.9</ele>
      </trkpt>
      <trkpt lat="40.13922" lon="18.07983">
        <ele>71.0</ele>
      </trkpt>
      <trkpt lat="40.1391" lon="18.0798">
        <ele>70.9</ele>
      </trkpt>
      <trkpt lat="40.13906" lon="18.0798">
        <ele>70.7</ele>
      </trkpt>
      <trkpt lat="40.13904" lon="18.0798">
        <ele>70.7</ele>
      </trkpt>
      <trkpt lat="40.13896" lon="18.079809">
        <ele>70.5</ele>
      </trkpt>
      <trkpt lat="40.13888" lon="18.07983">
        <ele>70.4</ele>
      </trkpt>
      <trkpt lat="40.13877" lon="18.07984">
        <ele>70.1</ele>
      </trkpt>
      <trkpt lat="40.13864" lon="18.07984">
        <ele>69.7</ele>
      </trkpt>
      <trkpt lat="40.13858" lon="18.07983">
        <ele>69.5</ele>
      </trkpt>
      <trkpt lat="40.13853" lon="18.07982">
        <ele>69.3</ele>
      </trkpt>
      <trkpt lat="40.13852" lon="18.07982">
        <ele>69.3</ele>
      </trkpt>
      <trkpt lat="40.13846" lon="18.0798">
        <ele>69.1</ele>
      </trkpt>
      <trkpt lat="40.13835" lon="18.07975">
        <ele>68.7</ele>
      </trkpt>
      <trkpt lat="40.13828" lon="18.079719">
        <ele>68.7</ele>
      </trkpt>
      <trkpt lat="40.13816" lon="18.0797">
        <ele>68.9</ele>
      </trkpt>
      <trkpt lat="40.1381" lon="18.0797">
        <ele>68.9</ele>
      </trkpt>
      <trkpt lat="40.138" lon="18.0797">
        <ele>69.1</ele>
      </trkpt>
      <trkpt lat="40.13785" lon="18.07971">
        <ele>69.3</ele>
      </trkpt>
      <trkpt lat="40.137659" lon="18.07973">
        <ele>69.5</ele>
      </trkpt>
      <trkpt lat="40.13762" lon="18.07973">
        <ele>69.5</ele>
      </trkpt>
      <trkpt lat="40.13761" lon="18.079719">
        <ele>69.5</ele>
      </trkpt>
      <trkpt lat="40.13758" lon="18.079719">
        <ele>69.6</ele>
      </trkpt>
      <trkpt lat="40.13754" lon="18.07969">
        <ele>69.7</ele>
      </trkpt>
      <trkpt lat="40.13752" lon="18.07966">
        <ele>69.8</ele>
      </trkpt>
      <trkpt lat="40.13749" lon="18.07964">
        <ele>69.9</ele>
      </trkpt>
      <trkpt lat="40.13747" lon="18.07964">
        <ele>69.9</ele>
      </trkpt>
      <trkpt lat="40.13744" lon="18.07964">
        <ele>69.9</ele>
      </trkpt>
      <trkpt lat="40.13741" lon="18.07966">
        <ele>69.9</ele>
      </trkpt>
      <trkpt lat="40.13737" lon="18.07969">
        <ele>69.9</ele>
      </trkpt>
      <trkpt lat="40.13733" lon="18.07973">
        <ele>69.9</ele>
      </trkpt>
      <trkpt lat="40.13721" lon="18.07985">
        <ele>69.9</ele>
      </trkpt>
      <trkpt lat="40.13709" lon="18.07995">
        <ele>70.0</ele>
      </trkpt>
      <trkpt lat="40.137" lon="18.079999">
        <ele>70.2</ele>
      </trkpt>
      <trkpt lat="40.13688" lon="18.08003">
        <ele>70.4</ele>
      </trkpt>
      <trkpt lat="40.13669" lon="18.08007">
        <ele>70.8</ele>
      </trkpt>
      <trkpt lat="40.13655" lon="18.080089">
        <ele>70.8</ele>
      </trkpt>
      <trkpt lat="40.13643" lon="18.08013">
        <ele>70.7</ele>
      </trkpt>
      <trkpt lat="40.13622" lon="18.08025">
        <ele>70.6</ele>
      </trkpt>
      <trkpt lat="40.13595" lon="18.0804">
        <ele>70.5</ele>
      </trkpt>
      <trkpt lat="40.13568" lon="18.080559">
        <ele>70.6</ele>
      </trkpt>
      <trkpt lat="40.1354" lon="18.08072">
        <ele>71.1</ele>
      </trkpt>
      <trkpt lat="40.1353" lon="18.08076">
        <ele>71.3</ele>
      </trkpt>
      <trkpt lat="40.13528" lon="18.08077">
        <ele>71.4</ele>
      </trkpt>
      <trkpt lat="40.1352" lon="18.08081">
        <ele>71.5</ele>
      </trkpt>
      <trkpt lat="40.13491" lon="18.08089">
        <ele>72.1</ele>
      </trkpt>
      <trkpt lat="40.13478" lon="18.08092">
        <ele>72.3</ele>
      </trkpt>
      <trkpt lat="40.13467" lon="18.08095">
        <ele>72.4</ele>
      </trkpt>
      <trkpt lat="40.13444" lon="18.08102">
        <ele>72.7</ele>
      </trkpt>
      <trkpt lat="40.1343" lon="18.08107">
        <ele>72.8</ele>
      </trkpt>
      <trkpt lat="40.13412" lon="18.08114">
        <ele>73.0</ele>
      </trkpt>
      <trkpt lat="40.13387" lon="18.08128">
        <ele>72.8</ele>
      </trkpt>
      <trkpt lat="40.13359" lon="18.08144">
        <ele>72.8</ele>
      </trkpt>
      <trkpt lat="40.13359" lon="18.08144">
        <ele>72.8</ele>
      </trkpt>
      <trkpt lat="40.1334" lon="18.08138">
        <ele>72.7</ele>
      </trkpt>
      <trkpt lat="40.13329" lon="18.08135">
        <ele>72.7</ele>
      </trkpt>
      <trkpt lat="40.133249" lon="18.08133">
        <ele>72.7</ele>
      </trkpt>
      <trkpt lat="40.13322" lon="18.08133">
        <ele>72.7</ele>
      </trkpt>
      <trkpt lat="40.13314" lon="18.08132">
        <ele>72.8</ele>
      </trkpt>
      <trkpt lat="40.13283" lon="18.08132">
        <ele>73.2</ele>
      </trkpt>
      <trkpt lat="40.13241" lon="18.08134">
        <ele>73.7</ele>
      </trkpt>
      <trkpt lat="40.1322" lon="18.08134">
        <ele>73.9</ele>
      </trkpt>
      <trkpt lat="40.13194" lon="18.08133">
        <ele>74.1</ele>
      </trkpt>
      <trkpt lat="40.1316" lon="18.0813">
        <ele>74.6</ele>
      </trkpt>
      <trkpt lat="40.13147" lon="18.08129">
        <ele>74.9</ele>
      </trkpt>
      <trkpt lat="40.13135" lon="18.08126">
        <ele>75.2</ele>
      </trkpt>
      <trkpt lat="40.13127" lon="18.081219">
        <ele>75.5</ele>
      </trkpt>
      <trkpt lat="40.13106" lon="18.08114">
        <ele>76.1</ele>
      </trkpt>
      <trkpt lat="40.13092" lon="18.08108">
        <ele>76.5</ele>
      </trkpt>
      <trkpt lat="40.13086" lon="18.08105">
        <ele>76.7</ele>
      </trkpt>
      <trkpt lat="40.13064" lon="18.08096">
        <ele>76.7</ele>
      </trkpt>
      <trkpt lat="40.13053" lon="18.08092">
        <ele>76.6</ele>
      </trkpt>
      <trkpt lat="40.13041" lon="18.08088">
        <ele>76.5</ele>
      </trkpt>
      <trkpt lat="40.13012" lon="18.08081">
        <ele>76.2</ele>
      </trkpt>
      <trkpt lat="40.12988" lon="18.08074">
        <ele>76.6</ele>
      </trkpt>
      <trkpt lat="40.12984" lon="18.08073">
        <ele>76.7</ele>
      </trkpt>
      <trkpt lat="40.12965" lon="18.08067">
        <ele>77.3</ele>
      </trkpt>
      <trkpt lat="40.12936" lon="18.080559">
        <ele>78.3</ele>
      </trkpt>
      <trkpt lat="40.12906" lon="18.08043">
        <ele>79.2</ele>
      </trkpt>
      <trkpt lat="40.1289" lon="18.08036">
        <ele>79.8</ele>
      </trkpt>
      <trkpt lat="40.12822" lon="18.08015">
        <ele>81.8</ele>
      </trkpt>
      <trkpt lat="40.12794" lon="18.08003">
        <ele>82.4</ele>
      </trkpt>
      <trkpt lat="40.12757" lon="18.07977">
        <ele>83.7</ele>
      </trkpt>
      <trkpt lat="40.126959" lon="18.07921">
        <ele>87.8</ele>
      </trkpt>
      <trkpt lat="40.12638" lon="18.07894">
        <ele>90.3</ele>
      </trkpt>
      <trkpt lat="40.12554" lon="18.07861">
        <ele>93.0</ele>
      </trkpt>
      <trkpt lat="40.12535" lon="18.07856">
        <ele>93.5</ele>
      </trkpt>
      <trkpt lat="40.12513" lon="18.07853">
        <ele>93.9</ele>
      </trkpt>
      <trkpt lat="40.12451" lon="18.07857">
        <ele>94.8</ele>
      </trkpt>
      <trkpt lat="40.12441" lon="18.07855">
        <ele>95.0</ele>
      </trkpt>
      <trkpt lat="40.1242" lon="18.07839">
        <ele>95.8</ele>
      </trkpt>
      <trkpt lat="40.12402" lon="18.07836">
        <ele>96.3</ele>
      </trkpt>
      <trkpt lat="40.12392" lon="18.07844">
        <ele>96.4</ele>
      </trkpt>
      <trkpt lat="40.12376" lon="18.07852">
        <ele>96.9</ele>
      </trkpt>
      <trkpt lat="40.12312" lon="18.07873">
        <ele>99.3</ele>
      </trkpt>
      <trkpt lat="40.12277" lon="18.07888">
        <ele>100.5</ele>
      </trkpt>
      <trkpt lat="40.12252" lon="18.07901">
        <ele>101.1</ele>
      </trkpt>
      <trkpt lat="40.121989" lon="18.07922">
        <ele>100.9</ele>
      </trkpt>
      <trkpt lat="40.1216" lon="18.07941">
        <ele>100.8</ele>
      </trkpt>
      <trkpt lat="40.12136" lon="18.0795">
        <ele>100.8</ele>
      </trkpt>
      <trkpt lat="40.12086" lon="18.07966">
        <ele>100.8</ele>
      </trkpt>
      <trkpt lat="40.12035" lon="18.079809">
        <ele>101.6</ele>
      </trkpt>
      <trkpt lat="40.12037" lon="18.07988">
        <ele>101.4</ele>
      </trkpt>
      <trkpt lat="40.12036" lon="18.07991">
        <ele>101.4</ele>
      </trkpt>
      <trkpt lat="40.12018" lon="18.08055">
        <ele>100.2</ele>
      </trkpt>
      <trkpt lat="40.1201" lon="18.08076">
        <ele>99.9</ele>
      </trkpt>
      <trkpt lat="40.12004" lon="18.08098">
        <ele>99.4</ele>
      </trkpt>
      <trkpt lat="40.120019" lon="18.08116">
        <ele>98.8</ele>
      </trkpt>
      <trkpt lat="40.120019" lon="18.08126">
        <ele>98.4</ele>
      </trkpt>
      <trkpt lat="40.12004" lon="18.0814">
        <ele>97.8</ele>
      </trkpt>
      <trkpt lat="40.12003" lon="18.08148">
        <ele>97.6</ele>
      </trkpt>
      <trkpt lat="40.11994" lon="18.08151">
        <ele>97.9</ele>
      </trkpt>
      <trkpt lat="40.11985" lon="18.08157">
        <ele>98.2</ele>
      </trkpt>
      <trkpt lat="40.11974" lon="18.08173">
        <ele>98.4</ele>
      </trkpt>
      <trkpt lat="40.11971" lon="18.08187">
        <ele>98.2</ele>
      </trkpt>
      <trkpt lat="40.1197" lon="18.08228">
        <ele>97.1</ele>
      </trkpt>
      <trkpt lat="40.11986" lon="18.08265">
        <ele>95.5</ele>
      </trkpt>
      <trkpt lat="40.119929" lon="18.08303">
        <ele>94.6</ele>
      </trkpt>
      <trkpt lat="40.12007" lon="18.08331">
        <ele>93.9</ele>
      </trkpt>
      <trkpt lat="40.12007" lon="18.08339">
        <ele>93.6</ele>
      </trkpt>
      <trkpt lat="40.1196" lon="18.08333">
        <ele>95.4</ele>
      </trkpt>
      <trkpt lat="40.11898" lon="18.08392">
        <ele>95.5</ele>
      </trkpt>
      <trkpt lat="40.11865" lon="18.08435">
        <ele>95.7</ele>
      </trkpt>
      <trkpt lat="40.11833" lon="18.08478">
        <ele>97.0</ele>
      </trkpt>
      <trkpt lat="40.1182" lon="18.08504">
        <ele>97.3</ele>
      </trkpt>
      <trkpt lat="40.11799" lon="18.08548">
        <ele>96.8</ele>
      </trkpt>
      <trkpt lat="40.11789" lon="18.08565">
        <ele>96.5</ele>
      </trkpt>
      <trkpt lat="40.1174" lon="18.08617">
        <ele>95.9</ele>
      </trkpt>
      <trkpt lat="40.11692" lon="18.08669">
        <ele>97.1</ele>
      </trkpt>
      <trkpt lat="40.11677" lon="18.08688">
        <ele>97.4</ele>
      </trkpt>
      <trkpt lat="40.11613" lon="18.08753">
        <ele>98.2</ele>
      </trkpt>
      <trkpt lat="40.11652" lon="18.088259">
        <ele>96.0</ele>
      </trkpt>
      <trkpt lat="40.11691" lon="18.08898">
        <ele>93.7</ele>
      </trkpt>
      <trkpt lat="40.11641" lon="18.08956">
        <ele>94.0</ele>
      </trkpt>
      <trkpt lat="40.11591" lon="18.09014">
        <ele>94.5</ele>
      </trkpt>
      <trkpt lat="40.11535" lon="18.09072">
        <ele>94.3</ele>
      </trkpt>
      <trkpt lat="40.1148" lon="18.0913">
        <ele>94.9</ele>
      </trkpt>
      <trkpt lat="40.11424" lon="18.09183">
        <ele>95.8</ele>
      </trkpt>
      <trkpt lat="40.11384" lon="18.09213">
        <ele>96.8</ele>
      </trkpt>
      <trkpt lat="40.11318" lon="18.092479">
        <ele>98.0</ele>
      </trkpt>
      <trkpt lat="40.11253" lon="18.09283">
        <ele>97.6</ele>
      </trkpt>
      <trkpt lat="40.11227" lon="18.092949">
        <ele>98.0</ele>
      </trkpt>
      <trkpt lat="40.11196" lon="18.09306">
        <ele>98.8</ele>
      </trkpt>
      <trkpt lat="40.11143" lon="18.09316">
        <ele>100.2</ele>
      </trkpt>
      <trkpt lat="40.11109" lon="18.09326">
        <ele>100.7</ele>
      </trkpt>
      <trkpt lat="40.11079" lon="18.0934">
        <ele>101.3</ele>
      </trkpt>
      <trkpt lat="40.11016" lon="18.09376">
        <ele>103.5</ele>
      </trkpt>
      <trkpt lat="40.10952" lon="18.09413">
        <ele>104.2</ele>
      </trkpt>
      <trkpt lat="40.109229" lon="18.0935">
        <ele>106.4</ele>
      </trkpt>
      <trkpt lat="40.10893" lon="18.09287">
        <ele>107.6</ele>
      </trkpt>
      <trkpt lat="40.10827" lon="18.09352">
        <ele>107.9</ele>
      </trkpt>
      <trkpt lat="40.1076" lon="18.094169">
        <ele>111.3</ele>
      </trkpt>
      <trkpt lat="40.10694" lon="18.09483">
        <ele>114.0</ele>
      </trkpt>
      <trkpt lat="40.10627" lon="18.095479">
        <ele>115.7</ele>
      </trkpt>
      <trkpt lat="40.10627" lon="18.09549">
        <ele>115.6</ele>
      </trkpt>
      <trkpt lat="40.10578" lon="18.09594">
        <ele>116.9</ele>
      </trkpt>
      <trkpt lat="40.10517" lon="18.09654">
        <ele>117.6</ele>
      </trkpt>
      <trkpt lat="40.10455" lon="18.09714">
        <ele>118.3</ele>
      </trkpt>
      <trkpt lat="40.10393" lon="18.09775">
        <ele>117.9</ele>
      </trkpt>
      <trkpt lat="40.10331" lon="18.09835">
        <ele>117.1</ele>
      </trkpt>
      <trkpt lat="40.10269" lon="18.09896">
        <ele>118.9</ele>
      </trkpt>
      <trkpt lat="40.10207" lon="18.09956">
        <ele>118.5</ele>
      </trkpt>
      <trkpt lat="40.10194" lon="18.09959">
        <ele>118.7</ele>
      </trkpt>
      <trkpt lat="40.1014" lon="18.09954">
        <ele>119.3</ele>
      </trkpt>
      <trkpt lat="40.10132" lon="18.09957">
        <ele>119.4</ele>
      </trkpt>
      <trkpt lat="40.10128" lon="18.0997">
        <ele>119.5</ele>
      </trkpt>
      <trkpt lat="40.10127" lon="18.09997">
        <ele>119.5</ele>
      </trkpt>
      <trkpt lat="40.10125" lon="18.10028">
        <ele>119.2</ele>
      </trkpt>
      <trkpt lat="40.10118" lon="18.10044">
        <ele>119.1</ele>
      </trkpt>
      <trkpt lat="40.100589" lon="18.101019">
        <ele>118.8</ele>
      </trkpt>
      <trkpt lat="40.09999" lon="18.10161">
        <ele>118.1</ele>
      </trkpt>
      <trkpt lat="40.0994" lon="18.10219">
        <ele>118.5</ele>
      </trkpt>
      <trkpt lat="40.09881" lon="18.10277">
        <ele>118.7</ele>
      </trkpt>
      <trkpt lat="40.098149" lon="18.10342">
        <ele>119.9</ele>
      </trkpt>
      <trkpt lat="40.09749" lon="18.10408">
        <ele>120.9</ele>
      </trkpt>
      <trkpt lat="40.09683" lon="18.10473">
        <ele>121.1</ele>
      </trkpt>
      <trkpt lat="40.096179" lon="18.10538">
        <ele>123.9</ele>
      </trkpt>
      <trkpt lat="40.09552" lon="18.10604">
        <ele>125.7</ele>
      </trkpt>
      <trkpt lat="40.09486" lon="18.10669">
        <ele>126.4</ele>
      </trkpt>
      <trkpt lat="40.09493" lon="18.10678">
        <ele>126.3</ele>
      </trkpt>
      <trkpt lat="40.09497" lon="18.1068">
        <ele>126.2</ele>
      </trkpt>
      <trkpt lat="40.09502" lon="18.10678">
        <ele>126.1</ele>
      </trkpt>
      <trkpt lat="40.09508" lon="18.10681">
        <ele>126.1</ele>
      </trkpt>
      <trkpt lat="40.09517" lon="18.10695">
        <ele>126.1</ele>
      </trkpt>
      <trkpt lat="40.09539" lon="18.10744">
        <ele>126.5</ele>
      </trkpt>
      <trkpt lat="40.09554" lon="18.108149">
        <ele>127.1</ele>
      </trkpt>
      <trkpt lat="40.09548" lon="18.10825">
        <ele>127.3</ele>
      </trkpt>
      <trkpt lat="40.09517" lon="18.1084">
        <ele>127.9</ele>
      </trkpt>
      <trkpt lat="40.09474" lon="18.1087">
        <ele>128.9</ele>
      </trkpt>
      <trkpt lat="40.09461" lon="18.10884">
        <ele>129.4</ele>
      </trkpt>
      <trkpt lat="40.09447" lon="18.10906">
        <ele>130.1</ele>
      </trkpt>
      <trkpt lat="40.09422" lon="18.1094">
        <ele>130.6</ele>
      </trkpt>
      <trkpt lat="40.09416" lon="18.10945">
        <ele>130.7</ele>
      </trkpt>
      <trkpt lat="40.09373" lon="18.10944">
        <ele>130.8</ele>
      </trkpt>
      <trkpt lat="40.09328" lon="18.10983">
        <ele>131.0</ele>
      </trkpt>
      <trkpt lat="40.09282" lon="18.11022">
        <ele>131.2</ele>
      </trkpt>
      <trkpt lat="40.092329" lon="18.11066">
        <ele>132.2</ele>
      </trkpt>
      <trkpt lat="40.0922" lon="18.11082">
        <ele>132.7</ele>
      </trkpt>
      <trkpt lat="40.09207" lon="18.11091">
        <ele>133.1</ele>
      </trkpt>
      <trkpt lat="40.09179" lon="18.11127">
        <ele>134.2</ele>
      </trkpt>
      <trkpt lat="40.09165" lon="18.1114">
        <ele>134.7</ele>
      </trkpt>
      <trkpt lat="40.09152" lon="18.11158">
        <ele>135.1</ele>
      </trkpt>
      <trkpt lat="40.09135" lon="18.11173">
        <ele>135.4</ele>
      </trkpt>
      <trkpt lat="40.09131" lon="18.11175">
        <ele>135.4</ele>
      </trkpt>
      <trkpt lat="40.09123" lon="18.11173">
        <ele>135.5</ele>
      </trkpt>
      <trkpt lat="40.09118" lon="18.11176">
        <ele>135.6</ele>
      </trkpt>
      <trkpt lat="40.09099" lon="18.11199">
        <ele>135.8</ele>
      </trkpt>
      <trkpt lat="40.09085" lon="18.11213">
        <ele>136.0</ele>
      </trkpt>
      <trkpt lat="40.09044" lon="18.11262">
        <ele>135.9</ele>
      </trkpt>
      <trkpt lat="40.09003" lon="18.11311">
        <ele>135.3</ele>
      </trkpt>
      <trkpt lat="40.08978" lon="18.11336">
        <ele>135.5</ele>
      </trkpt>
      <trkpt lat="40.0891" lon="18.11391">
        <ele>137.2</ele>
      </trkpt>
      <trkpt lat="40.08907" lon="18.11396">
        <ele>137.2</ele>
      </trkpt>
      <trkpt lat="40.08908" lon="18.11401">
        <ele>137.2</ele>
      </trkpt>
      <trkpt lat="40.08909" lon="18.11407">
        <ele>137.2</ele>
      </trkpt>
      <trkpt lat="40.08905" lon="18.11413">
        <ele>137.3</ele>
      </trkpt>
      <trkpt lat="40.08879" lon="18.11434">
        <ele>137.8</ele>
      </trkpt>
      <trkpt lat="40.08871" lon="18.11443">
        <ele>138.0</ele>
      </trkpt>
      <trkpt lat="40.08849" lon="18.11455">
        <ele>138.5</ele>
      </trkpt>
      <trkpt lat="40.087919" lon="18.11504">
        <ele>139.6</ele>
      </trkpt>
      <trkpt lat="40.08778" lon="18.11525">
        <ele>140.2</ele>
      </trkpt>
      <trkpt lat="40.087649" lon="18.11536">
        <ele>140.6</ele>
      </trkpt>
      <trkpt lat="40.08709" lon="18.11595">
        <ele>142.4</ele>
      </trkpt>
      <trkpt lat="40.08653" lon="18.11654">
        <ele>142.4</ele>
      </trkpt>
      <trkpt lat="40.086239" lon="18.11681">
        <ele>142.6</ele>
      </trkpt>
      <trkpt lat="40.086239" lon="18.11681">
        <ele>142.6</ele>
      </trkpt>
      <trkpt lat="40.086" lon="18.11706">
        <ele>142.6</ele>
      </trkpt>
      <trkpt lat="40.08566" lon="18.117439">
        <ele>142.5</ele>
      </trkpt>
      <trkpt lat="40.08545" lon="18.11764">
        <ele>143.0</ele>
      </trkpt>
      <trkpt lat="40.08533" lon="18.11779">
        <ele>143.4</ele>
      </trkpt>
      <trkpt lat="40.08523" lon="18.11785">
        <ele>143.8</ele>
      </trkpt>
      <trkpt lat="40.08502" lon="18.11811">
        <ele>144.7</ele>
      </trkpt>
      <trkpt lat="40.08491" lon="18.1182">
        <ele>144.9</ele>
      </trkpt>
      <trkpt lat="40.084739" lon="18.118379">
        <ele>145.0</ele>
      </trkpt>
      <trkpt lat="40.08469" lon="18.11841">
        <ele>144.9</ele>
      </trkpt>
      <trkpt lat="40.08439" lon="18.11818">
        <ele>145.0</ele>
      </trkpt>
      <trkpt lat="40.08431" lon="18.11812">
        <ele>145.0</ele>
      </trkpt>
      <trkpt lat="40.08429" lon="18.11805">
        <ele>144.9</ele>
      </trkpt>
      <trkpt lat="40.08394" lon="18.11755">
        <ele>145.0</ele>
      </trkpt>
      <trkpt lat="40.083419" lon="18.11689">
        <ele>144.3</ele>
      </trkpt>
      <trkpt lat="40.08325" lon="18.11679">
        <ele>144.1</ele>
      </trkpt>
      <trkpt lat="40.08313" lon="18.11664">
        <ele>143.7</ele>
      </trkpt>
      <trkpt lat="40.08303" lon="18.11657">
        <ele>143.6</ele>
      </trkpt>
      <trkpt lat="40.08283" lon="18.116499">
        <ele>143.4</ele>
      </trkpt>
      <trkpt lat="40.08264" lon="18.11623">
        <ele>143.5</ele>
      </trkpt>
      <trkpt lat="40.08246" lon="18.11587">
        <ele>143.9</ele>
      </trkpt>
      <trkpt lat="40.08212" lon="18.11508">
        <ele>140.8</ele>
      </trkpt>
      <trkpt lat="40.08206" lon="18.11542">
        <ele>142.0</ele>
      </trkpt>
      <trkpt lat="40.08206" lon="18.11542">
        <ele>142.0</ele>
      </trkpt>
      <trkpt lat="40.08191" lon="18.11623">
        <ele>142.8</ele>
      </trkpt>
      <trkpt lat="40.08176" lon="18.11705">
        <ele>143.4</ele>
      </trkpt>
      <trkpt lat="40.08168" lon="18.11737">
        <ele>144.5</ele>
      </trkpt>
      <trkpt lat="40.08164" lon="18.11785">
        <ele>146.2</ele>
      </trkpt>
      <trkpt lat="40.08162" lon="18.11865">
        <ele>148.4</ele>
      </trkpt>
      <trkpt lat="40.08161" lon="18.11945">
        <ele>149.4</ele>
      </trkpt>
      <trkpt lat="40.08166" lon="18.120069">
        <ele>149.9</ele>
      </trkpt>
      <trkpt lat="40.08176" lon="18.12092">
        <ele>148.9</ele>
      </trkpt>
      <trkpt lat="40.08187" lon="18.12178">
        <ele>149.5</ele>
      </trkpt>
      <trkpt lat="40.08194" lon="18.12255">
        <ele>150.8</ele>
      </trkpt>
      <trkpt lat="40.08202" lon="18.12363">
        <ele>152.7</ele>
      </trkpt>
      <trkpt lat="40.082009" lon="18.12449">
        <ele>153.0</ele>
      </trkpt>
      <trkpt lat="40.082009" lon="18.12535">
        <ele>153.8</ele>
      </trkpt>
      <trkpt lat="40.082099" lon="18.126449">
        <ele>155.1</ele>
      </trkpt>
      <trkpt lat="40.0822" lon="18.12704">
        <ele>155.5</ele>
      </trkpt>
      <trkpt lat="40.0822" lon="18.12722">
        <ele>155.6</ele>
      </trkpt>
      <trkpt lat="40.08216" lon="18.12757">
        <ele>155.6</ele>
      </trkpt>
      <trkpt lat="40.08211" lon="18.12774">
        <ele>155.3</ele>
      </trkpt>
      <trkpt lat="40.08204" lon="18.127859">
        <ele>155.3</ele>
      </trkpt>
      <trkpt lat="40.08184" lon="18.12805">
        <ele>155.6</ele>
      </trkpt>
      <trkpt lat="40.08125" lon="18.12853">
        <ele>156.5</ele>
      </trkpt>
      <trkpt lat="40.08067" lon="18.12901">
        <ele>157.3</ele>
      </trkpt>
      <trkpt lat="40.08008" lon="18.12949">
        <ele>159.7</ele>
      </trkpt>
      <trkpt lat="40.07953" lon="18.12995">
        <ele>160.8</ele>
      </trkpt>
      <trkpt lat="40.07898" lon="18.1304">
        <ele>161.1</ele>
      </trkpt>
      <trkpt lat="40.0788" lon="18.13054">
        <ele>161.2</ele>
      </trkpt>
      <trkpt lat="40.0781" lon="18.13089">
        <ele>162.4</ele>
      </trkpt>
      <trkpt lat="40.07764" lon="18.13111">
        <ele>163.3</ele>
      </trkpt>
      <trkpt lat="40.07718" lon="18.131329">
        <ele>165.1</ele>
      </trkpt>
      <trkpt lat="40.07635" lon="18.13172">
        <ele>168.2</ele>
      </trkpt>
      <trkpt lat="40.07553" lon="18.1321">
        <ele>169.5</ele>
      </trkpt>
      <trkpt lat="40.07542" lon="18.13216">
        <ele>169.3</ele>
      </trkpt>
      <trkpt lat="40.07531" lon="18.13226">
        <ele>169.1</ele>
      </trkpt>
      <trkpt lat="40.07526" lon="18.13239">
        <ele>168.9</ele>
      </trkpt>
      <trkpt lat="40.074979" lon="18.13329">
        <ele>166.2</ele>
      </trkpt>
      <trkpt lat="40.07471" lon="18.13419">
        <ele>167.3</ele>
      </trkpt>
      <trkpt lat="40.07443" lon="18.13509">
        <ele>165.5</ele>
      </trkpt>
      <trkpt lat="40.07416" lon="18.13599">
        <ele>165.2</ele>
      </trkpt>
      <trkpt lat="40.07388" lon="18.13689">
        <ele>166.7</ele>
      </trkpt>
      <trkpt lat="40.07382" lon="18.13695">
        <ele>166.9</ele>
      </trkpt>
      <trkpt lat="40.07326" lon="18.13739">
        <ele>169.6</ele>
      </trkpt>
      <trkpt lat="40.07269" lon="18.13782">
        <ele>170.0</ele>
      </trkpt>
      <trkpt lat="40.0721" lon="18.13828">
        <ele>172.5</ele>
      </trkpt>
      <trkpt lat="40.07152" lon="18.13873">
        <ele>173.5</ele>
      </trkpt>
      <trkpt lat="40.07147" lon="18.13875">
        <ele>173.5</ele>
      </trkpt>
      <trkpt lat="40.07134" lon="18.13866">
        <ele>174.4</ele>
      </trkpt>
      <trkpt lat="40.07065" lon="18.13794">
        <ele>179.3</ele>
      </trkpt>
      <trkpt lat="40.07052" lon="18.13783">
        <ele>179.7</ele>
      </trkpt>
      <trkpt lat="40.07049" lon="18.13783">
        <ele>179.8</ele>
      </trkpt>
      <trkpt lat="40.07044" lon="18.13786">
        <ele>179.8</ele>
      </trkpt>
      <trkpt lat="40.070099" lon="18.13808">
        <ele>180.1</ele>
      </trkpt>
      <trkpt lat="40.06956" lon="18.13843">
        <ele>180.7</ele>
      </trkpt>
      <trkpt lat="40.06912" lon="18.13876">
        <ele>180.7</ele>
      </trkpt>
      <trkpt lat="40.06868" lon="18.13909">
        <ele>182.2</ele>
      </trkpt>
      <trkpt lat="40.06807" lon="18.13949">
        <ele>183.0</ele>
      </trkpt>
      <trkpt lat="40.067459" lon="18.13988">
        <ele>182.8</ele>
      </trkpt>
      <trkpt lat="40.06698" lon="18.14018">
        <ele>182.5</ele>
      </trkpt>
      <trkpt lat="40.0665" lon="18.14048">
        <ele>183.4</ele>
      </trkpt>
      <trkpt lat="40.06594" lon="18.14087">
        <ele>184.6</ele>
      </trkpt>
      <trkpt lat="40.06538" lon="18.14126">
        <ele>185.3</ele>
      </trkpt>
      <trkpt lat="40.06483" lon="18.141649">
        <ele>186.2</ele>
      </trkpt>
      <trkpt lat="40.06439" lon="18.14195">
        <ele>187.1</ele>
      </trkpt>
      <trkpt lat="40.06372" lon="18.14239">
        <ele>192.6</ele>
      </trkpt>
      <trkpt lat="40.06304" lon="18.14283">
        <ele>197.6</ele>
      </trkpt>
      <trkpt lat="40.06237" lon="18.14327">
        <ele>198.1</ele>
      </trkpt>
      <trkpt lat="40.06169" lon="18.143719">
        <ele>196.5</ele>
      </trkpt>
      <trkpt lat="40.06102" lon="18.14417">
        <ele>195.4</ele>
      </trkpt>
      <trkpt lat="40.06036" lon="18.14463">
        <ele>193.9</ele>
      </trkpt>
      <trkpt lat="40.05969" lon="18.14508">
        <ele>192.1</ele>
      </trkpt>
      <trkpt lat="40.059019" lon="18.14554">
        <ele>189.4</ele>
      </trkpt>
      <trkpt lat="40.05836" lon="18.14599">
        <ele>184.8</ele>
      </trkpt>
      <trkpt lat="40.05769" lon="18.14645">
        <ele>181.6</ele>
      </trkpt>
      <trkpt lat="40.05765" lon="18.14647">
        <ele>181.4</ele>
      </trkpt>
      <trkpt lat="40.058079" lon="18.14745">
        <ele>180.8</ele>
      </trkpt>
      <trkpt lat="40.05826" lon="18.14776">
        <ele>180.3</ele>
      </trkpt>
      <trkpt lat="40.05841" lon="18.14793">
        <ele>180.0</ele>
      </trkpt>
      <trkpt lat="40.05863" lon="18.14812">
        <ele>179.3</ele>
      </trkpt>
      <trkpt lat="40.05874" lon="18.148219">
        <ele>178.9</ele>
      </trkpt>
      <trkpt lat="40.0588" lon="18.14831">
        <ele>178.5</ele>
      </trkpt>
      <trkpt lat="40.05881" lon="18.14838">
        <ele>178.3</ele>
      </trkpt>
      <trkpt lat="40.05908" lon="18.14839">
        <ele>177.9</ele>
      </trkpt>
      <trkpt lat="40.05914" lon="18.14838">
        <ele>177.9</ele>
      </trkpt>
      <trkpt lat="40.05917" lon="18.148879">
        <ele>176.0</ele>
      </trkpt>
      <trkpt lat="40.0592" lon="18.14949">
        <ele>172.9</ele>
      </trkpt>
      <trkpt lat="40.05924" lon="18.15011">
        <ele>169.2</ele>
      </trkpt>
      <trkpt lat="40.05885" lon="18.14995">
        <ele>171.8</ele>
      </trkpt>
      <trkpt lat="40.05862" lon="18.14986">
        <ele>173.2</ele>
      </trkpt>
      <trkpt lat="40.058549" lon="18.14983">
        <ele>173.7</ele>
      </trkpt>
      <trkpt lat="40.058549" lon="18.15008">
        <ele>172.5</ele>
      </trkpt>
      <trkpt lat="40.05862" lon="18.15073">
        <ele>168.5</ele>
      </trkpt>
      <trkpt lat="40.05862" lon="18.15073">
        <ele>168.5</ele>
      </trkpt>
      <trkpt lat="40.05866" lon="18.15139">
        <ele>166.5</ele>
      </trkpt>
      <trkpt lat="40.05871" lon="18.15204">
        <ele>164.7</ele>
      </trkpt>
      <trkpt lat="40.05849" lon="18.151879">
        <ele>165.9</ele>
      </trkpt>
      <trkpt lat="40.05816" lon="18.15165">
        <ele>167.0</ele>
      </trkpt>
      <trkpt lat="40.05781" lon="18.15134">
        <ele>168.3</ele>
      </trkpt>
      <trkpt lat="40.05756" lon="18.15109">
        <ele>169.7</ele>
      </trkpt>
      <trkpt lat="40.05724" lon="18.1509">
        <ele>170.7</ele>
      </trkpt>
      <trkpt lat="40.05687" lon="18.15059">
        <ele>172.2</ele>
      </trkpt>
      <trkpt lat="40.05681" lon="18.15059">
        <ele>172.2</ele>
      </trkpt>
      <trkpt lat="40.05613" lon="18.151">
        <ele>171.4</ele>
      </trkpt>
      <trkpt lat="40.05558" lon="18.15134">
        <ele>171.8</ele>
      </trkpt>
      <trkpt lat="40.05524" lon="18.15154">
        <ele>172.5</ele>
      </trkpt>
      <trkpt lat="40.05509" lon="18.151599">
        <ele>172.9</ele>
      </trkpt>
      <trkpt lat="40.05494" lon="18.15171">
        <ele>173.1</ele>
      </trkpt>
      <trkpt lat="40.05483" lon="18.15174">
        <ele>173.4</ele>
      </trkpt>
      <trkpt lat="40.054229" lon="18.15204">
        <ele>174.5</ele>
      </trkpt>
      <trkpt lat="40.05362" lon="18.15234">
        <ele>175.6</ele>
      </trkpt>
      <trkpt lat="40.05362" lon="18.15234">
        <ele>175.6</ele>
      </trkpt>
      <trkpt lat="40.05345" lon="18.15243">
        <ele>175.9</ele>
      </trkpt>
      <trkpt lat="40.05338" lon="18.1525">
        <ele>175.8</ele>
      </trkpt>
      <trkpt lat="40.05298" lon="18.15341">
        <ele>169.3</ele>
      </trkpt>
      <trkpt lat="40.05289" lon="18.153569">
        <ele>168.4</ele>
      </trkpt>
      <trkpt lat="40.05258" lon="18.1539">
        <ele>166.4</ele>
      </trkpt>
      <trkpt lat="40.0521" lon="18.1544">
        <ele>163.4</ele>
      </trkpt>
      <trkpt lat="40.0521" lon="18.1544">
        <ele>163.4</ele>
      </trkpt>
      <trkpt lat="40.05168" lon="18.15485">
        <ele>161.7</ele>
      </trkpt>
      <trkpt lat="40.05127" lon="18.1553">
        <ele>161.1</ele>
      </trkpt>
      <trkpt lat="40.05108" lon="18.15534">
        <ele>160.6</ele>
      </trkpt>
      <trkpt lat="40.05044" lon="18.1553">
        <ele>160.2</ele>
      </trkpt>
      <trkpt lat="40.04965" lon="18.15519">
        <ele>162.2</ele>
      </trkpt>
      <trkpt lat="40.04965" lon="18.15519">
        <ele>162.2</ele>
      </trkpt>
      <trkpt lat="40.0491" lon="18.1551">
        <ele>164.6</ele>
      </trkpt>
      <trkpt lat="40.04855" lon="18.15502">
        <ele>163.5</ele>
      </trkpt>
      <trkpt lat="40.0478" lon="18.15486">
        <ele>161.7</ele>
      </trkpt>
      <trkpt lat="40.04735" lon="18.15474">
        <ele>160.5</ele>
      </trkpt>
      <trkpt lat="40.046909" lon="18.15462">
        <ele>159.8</ele>
      </trkpt>
      <trkpt lat="40.04632" lon="18.15447">
        <ele>158.5</ele>
      </trkpt>
      <trkpt lat="40.04572" lon="18.15431">
        <ele>156.9</ele>
      </trkpt>
      <trkpt lat="40.04513" lon="18.15416">
        <ele>155.3</ele>
      </trkpt>
      <trkpt lat="40.04464" lon="18.154039">
        <ele>155.1</ele>
      </trkpt>
      <trkpt lat="40.04415" lon="18.15393">
        <ele>155.3</ele>
      </trkpt>
      <trkpt lat="40.04409" lon="18.15389">
        <ele>155.3</ele>
      </trkpt>
      <trkpt lat="40.04405" lon="18.1539">
        <ele>155.3</ele>
      </trkpt>
      <trkpt lat="40.04402" lon="18.153949">
        <ele>155.3</ele>
      </trkpt>
      <trkpt lat="40.04406" lon="18.154979">
        <ele>154.9</ele>
      </trkpt>
      <trkpt lat="40.04407" lon="18.15566">
        <ele>155.1</ele>
      </trkpt>
      <trkpt lat="40.04408" lon="18.15635">
        <ele>155.0</ele>
      </trkpt>
      <trkpt lat="40.0441" lon="18.15706">
        <ele>155.0</ele>
      </trkpt>
      <trkpt lat="40.04411" lon="18.15776">
        <ele>154.7</ele>
      </trkpt>
      <trkpt lat="40.04412" lon="18.15784">
        <ele>154.6</ele>
      </trkpt>
      <trkpt lat="40.04414" lon="18.15791">
        <ele>154.5</ele>
      </trkpt>
      <trkpt lat="40.04412" lon="18.15799">
        <ele>154.4</ele>
      </trkpt>
      <trkpt lat="40.04415" lon="18.15834">
        <ele>154.0</ele>
      </trkpt>
      <trkpt lat="40.04414" lon="18.15849">
        <ele>154.2</ele>
      </trkpt>
      <trkpt lat="40.04405" lon="18.15899">
        <ele>154.5</ele>
      </trkpt>
      <trkpt lat="40.04395" lon="18.15948">
        <ele>154.9</ele>
      </trkpt>
      <trkpt lat="40.04375" lon="18.16001">
        <ele>155.0</ele>
      </trkpt>
      <trkpt lat="40.04369" lon="18.16025">
        <ele>155.0</ele>
      </trkpt>
      <trkpt lat="40.04364" lon="18.16049">
        <ele>155.1</ele>
      </trkpt>
      <trkpt lat="40.04361" lon="18.16128">
        <ele>155.2</ele>
      </trkpt>
      <trkpt lat="40.04359" lon="18.16207">
        <ele>155.1</ele>
      </trkpt>
      <trkpt lat="40.0434" lon="18.16321">
        <ele>157.4</ele>
      </trkpt>
      <trkpt lat="40.0434" lon="18.16407">
        <ele>158.0</ele>
      </trkpt>
      <trkpt lat="40.04339" lon="18.16492">
        <ele>158.1</ele>
      </trkpt>
      <trkpt lat="40.04339" lon="18.16576">
        <ele>158.1</ele>
      </trkpt>
      <trkpt lat="40.04336" lon="18.16586">
        <ele>158.1</ele>
      </trkpt>
      <trkpt lat="40.04296" lon="18.16642">
        <ele>159.4</ele>
      </trkpt>
      <trkpt lat="40.04278" lon="18.16673">
        <ele>160.2</ele>
      </trkpt>
      <trkpt lat="40.04243" lon="18.1676">
        <ele>162.8</ele>
      </trkpt>
      <trkpt lat="40.04223" lon="18.16805">
        <ele>162.2</ele>
      </trkpt>
      <trkpt lat="40.04206" lon="18.16841">
        <ele>162.0</ele>
      </trkpt>
      <trkpt lat="40.04198" lon="18.16886">
        <ele>161.9</ele>
      </trkpt>
      <trkpt lat="40.04184" lon="18.16964">
        <ele>160.8</ele>
      </trkpt>
      <trkpt lat="40.04171" lon="18.17042">
        <ele>158.0</ele>
      </trkpt>
      <trkpt lat="40.04158" lon="18.17121">
        <ele>157.1</ele>
      </trkpt>
      <trkpt lat="40.04157" lon="18.17135">
        <ele>157.4</ele>
      </trkpt>
      <trkpt lat="40.04155" lon="18.17201">
        <ele>157.6</ele>
      </trkpt>
      <trkpt lat="40.04151" lon="18.17289">
        <ele>156.2</ele>
      </trkpt>
      <trkpt lat="40.041469" lon="18.17376">
        <ele>154.2</ele>
      </trkpt>
      <trkpt lat="40.04143" lon="18.1748">
        <ele>151.5</ele>
      </trkpt>
      <trkpt lat="40.0414" lon="18.17583">
        <ele>150.0</ele>
      </trkpt>
      <trkpt lat="40.04136" lon="18.17687">
        <ele>150.4</ele>
      </trkpt>
      <trkpt lat="40.04133" lon="18.17791">
        <ele>149.8</ele>
      </trkpt>
      <trkpt lat="40.041289" lon="18.17895">
        <ele>149.9</ele>
      </trkpt>
      <trkpt lat="40.04125" lon="18.17999">
        <ele>150.0</ele>
      </trkpt>
      <trkpt lat="40.04121" lon="18.18103">
        <ele>149.5</ele>
      </trkpt>
      <trkpt lat="40.04117" lon="18.18206">
        <ele>148.1</ele>
      </trkpt>
      <trkpt lat="40.04113" lon="18.1831">
        <ele>146.7</ele>
      </trkpt>
      <trkpt lat="40.04111" lon="18.18326">
        <ele>146.7</ele>
      </trkpt>
      <trkpt lat="40.04099" lon="18.18412">
        <ele>145.3</ele>
      </trkpt>
      <trkpt lat="40.04099" lon="18.18427">
        <ele>145.4</ele>
      </trkpt>
      <trkpt lat="40.04088" lon="18.18533">
        <ele>146.6</ele>
      </trkpt>
      <trkpt lat="40.04103" lon="18.18648">
        <ele>146.0</ele>
      </trkpt>
      <trkpt lat="40.04103" lon="18.18706">
        <ele>145.6</ele>
      </trkpt>
      <trkpt lat="40.04103" lon="18.18765">
        <ele>145.5</ele>
      </trkpt>
      <trkpt lat="40.04112" lon="18.1881">
        <ele>146.3</ele>
      </trkpt>
      <trkpt lat="40.04115" lon="18.18873">
        <ele>147.2</ele>
      </trkpt>
      <trkpt lat="40.04114" lon="18.18959">
        <ele>147.5</ele>
      </trkpt>
      <trkpt lat="40.04124" lon="18.19055">
        <ele>146.2</ele>
      </trkpt>
      <trkpt lat="40.04133" lon="18.19151">
        <ele>146.4</ele>
      </trkpt>
      <trkpt lat="40.04137" lon="18.19164">
        <ele>146.6</ele>
      </trkpt>
      <trkpt lat="40.04152" lon="18.19244">
        <ele>147.0</ele>
      </trkpt>
      <trkpt lat="40.04167" lon="18.19324">
        <ele>146.1</ele>
      </trkpt>
      <trkpt lat="40.04183" lon="18.19413">
        <ele>145.0</ele>
      </trkpt>
      <trkpt lat="40.042" lon="18.19501">
        <ele>145.0</ele>
      </trkpt>
      <trkpt lat="40.04217" lon="18.1959">
        <ele>147.5</ele>
      </trkpt>
      <trkpt lat="40.04234" lon="18.19678">
        <ele>148.4</ele>
      </trkpt>
      <trkpt lat="40.042319" lon="18.19761">
        <ele>149.5</ele>
      </trkpt>
      <trkpt lat="40.0423" lon="18.198429">
        <ele>148.1</ele>
      </trkpt>
      <trkpt lat="40.0423" lon="18.19917">
        <ele>148.8</ele>
      </trkpt>
      <trkpt lat="40.0423" lon="18.19991">
        <ele>147.6</ele>
      </trkpt>
      <trkpt lat="40.04229" lon="18.2009">
        <ele>148.8</ele>
      </trkpt>
      <trkpt lat="40.04228" lon="18.20188">
        <ele>148.8</ele>
      </trkpt>
      <trkpt lat="40.04227" lon="18.20287">
        <ele>148.6</ele>
      </trkpt>
      <trkpt lat="40.04226" lon="18.20385">
        <ele>149.4</ele>
      </trkpt>
      <trkpt lat="40.04225" lon="18.20493">
        <ele>148.8</ele>
      </trkpt>
      <trkpt lat="40.04225" lon="18.206">
        <ele>148.7</ele>
      </trkpt>
      <trkpt lat="40.04224" lon="18.20708">
        <ele>148.4</ele>
      </trkpt>
      <trkpt lat="40.04224" lon="18.20815">
        <ele>148.0</ele>
      </trkpt>
      <trkpt lat="40.04222" lon="18.20931">
        <ele>147.9</ele>
      </trkpt>
      <trkpt lat="40.04225" lon="18.2098">
        <ele>147.8</ele>
      </trkpt>
      <trkpt lat="40.04224" lon="18.21036">
        <ele>145.6</ele>
      </trkpt>
      <trkpt lat="40.04228" lon="18.21071">
        <ele>143.5</ele>
      </trkpt>
      <trkpt lat="40.04229" lon="18.21076">
        <ele>143.2</ele>
      </trkpt>
      <trkpt lat="40.04227" lon="18.21081">
        <ele>143.0</ele>
      </trkpt>
      <trkpt lat="40.04217" lon="18.21088">
        <ele>142.7</ele>
      </trkpt>
      <trkpt lat="40.041939" lon="18.2108">
        <ele>144.1</ele>
      </trkpt>
      <trkpt lat="40.04188" lon="18.210819">
        <ele>144.3</ele>
      </trkpt>
      <trkpt lat="40.04186" lon="18.21087">
        <ele>143.9</ele>
      </trkpt>
      <trkpt lat="40.04189" lon="18.211189">
        <ele>140.7</ele>
      </trkpt>
      <trkpt lat="40.04193" lon="18.21135">
        <ele>138.9</ele>
      </trkpt>
      <trkpt lat="40.04192" lon="18.21145">
        <ele>137.9</ele>
      </trkpt>
      <trkpt lat="40.04178" lon="18.21171">
        <ele>136.0</ele>
      </trkpt>
      <trkpt lat="40.04173" lon="18.211849">
        <ele>134.7</ele>
      </trkpt>
      <trkpt lat="40.04173" lon="18.21201">
        <ele>133.0</ele>
      </trkpt>
      <trkpt lat="40.04175" lon="18.212129">
        <ele>131.7</ele>
      </trkpt>
      <trkpt lat="40.04182" lon="18.21223">
        <ele>130.3</ele>
      </trkpt>
      <trkpt lat="40.04212" lon="18.2124">
        <ele>127.4</ele>
      </trkpt>
      <trkpt lat="40.04257" lon="18.21247">
        <ele>125.0</ele>
      </trkpt>
      <trkpt lat="40.04268" lon="18.21248">
        <ele>124.6</ele>
      </trkpt>
      <trkpt lat="40.0428" lon="18.21254">
        <ele>123.7</ele>
      </trkpt>
      <trkpt lat="40.04286" lon="18.212599">
        <ele>123.1</ele>
      </trkpt>
      <trkpt lat="40.04294" lon="18.21275">
        <ele>121.9</ele>
      </trkpt>
      <trkpt lat="40.043059" lon="18.21308">
        <ele>119.5</ele>
      </trkpt>
      <trkpt lat="40.04318" lon="18.2132">
        <ele>118.4</ele>
      </trkpt>
      <trkpt lat="40.04337" lon="18.2134">
        <ele>116.2</ele>
      </trkpt>
      <trkpt lat="40.043529" lon="18.213629">
        <ele>113.5</ele>
      </trkpt>
      <trkpt lat="40.04361" lon="18.21373">
        <ele>112.5</ele>
      </trkpt>
      <trkpt lat="40.04375" lon="18.2138">
        <ele>111.3</ele>
      </trkpt>
      <trkpt lat="40.04371" lon="18.21386">
        <ele>111.2</ele>
      </trkpt>
      <trkpt lat="40.04363" lon="18.21392">
        <ele>111.3</ele>
      </trkpt>
      <trkpt lat="40.04332" lon="18.21425">
        <ele>110.7</ele>
      </trkpt>
      <trkpt lat="40.043259" lon="18.2144">
        <ele>110.4</ele>
      </trkpt>
      <trkpt lat="40.04296" lon="18.21524">
        <ele>108.4</ele>
      </trkpt>
      <trkpt lat="40.04265" lon="18.216069">
        <ele>106.0</ele>
      </trkpt>
      <trkpt lat="40.04255" lon="18.21625">
        <ele>105.5</ele>
      </trkpt>
      <trkpt lat="40.04249" lon="18.21631">
        <ele>105.4</ele>
      </trkpt>
      <trkpt lat="40.04221" lon="18.21675">
        <ele>105.5</ele>
      </trkpt>
      <trkpt lat="40.042029" lon="18.21717">
        <ele>104.9</ele>
      </trkpt>
      <trkpt lat="40.042029" lon="18.21722">
        <ele>104.7</ele>
      </trkpt>
      <trkpt lat="40.04211" lon="18.21734">
        <ele>104.0</ele>
      </trkpt>
      <trkpt lat="40.04248" lon="18.21792">
        <ele>101.5</ele>
      </trkpt>
      <trkpt lat="40.04247" lon="18.21841">
        <ele>100.8</ele>
      </trkpt>
      <trkpt lat="40.04247" lon="18.21849">
        <ele>100.5</ele>
      </trkpt>
      <trkpt lat="40.042409" lon="18.21891">
        <ele>98.9</ele>
      </trkpt>
      <trkpt lat="40.04234" lon="18.21918">
        <ele>97.8</ele>
      </trkpt>
      <trkpt lat="40.04221" lon="18.21939">
        <ele>97.0</ele>
      </trkpt>
      <trkpt lat="40.04202" lon="18.21954">
        <ele>96.3</ele>
      </trkpt>
      <trkpt lat="40.04164" lon="18.21957">
        <ele>95.6</ele>
      </trkpt>
      <trkpt lat="40.041469" lon="18.21963">
        <ele>95.4</ele>
      </trkpt>
      <trkpt lat="40.04117" lon="18.21955">
        <ele>96.0</ele>
      </trkpt>
      <trkpt lat="40.040819" lon="18.21962">
        <ele>95.8</ele>
      </trkpt>
      <trkpt lat="40.04067" lon="18.21977">
        <ele>95.2</ele>
      </trkpt>
      <trkpt lat="40.04013" lon="18.22043">
        <ele>93.6</ele>
      </trkpt>
      <trkpt lat="40.0397" lon="18.221">
        <ele>93.4</ele>
      </trkpt>
      <trkpt lat="40.03921" lon="18.22159">
        <ele>93.9</ele>
      </trkpt>
      <trkpt lat="40.03871" lon="18.22218">
        <ele>94.8</ele>
      </trkpt>
      <trkpt lat="40.03862" lon="18.22233">
        <ele>95.0</ele>
      </trkpt>
      <trkpt lat="40.03822" lon="18.222829">
        <ele>95.2</ele>
      </trkpt>
      <trkpt lat="40.03765" lon="18.2235">
        <ele>94.5</ele>
      </trkpt>
      <trkpt lat="40.03708" lon="18.22418">
        <ele>95.5</ele>
      </trkpt>
      <trkpt lat="40.03665" lon="18.22468">
        <ele>95.2</ele>
      </trkpt>
      <trkpt lat="40.03622" lon="18.22517">
        <ele>95.2</ele>
      </trkpt>
      <trkpt lat="40.03576" lon="18.225739">
        <ele>94.6</ele>
      </trkpt>
      <trkpt lat="40.0353" lon="18.22632">
        <ele>95.2</ele>
      </trkpt>
      <trkpt lat="40.03507" lon="18.22646">
        <ele>95.4</ele>
      </trkpt>
      <trkpt lat="40.03481" lon="18.22667">
        <ele>95.0</ele>
      </trkpt>
      <trkpt lat="40.03436" lon="18.22708">
        <ele>94.1</ele>
      </trkpt>
      <trkpt lat="40.03392" lon="18.22749">
        <ele>92.7</ele>
      </trkpt>
      <trkpt lat="40.03356" lon="18.22783">
        <ele>92.8</ele>
      </trkpt>
      <trkpt lat="40.03343" lon="18.22798">
        <ele>93.1</ele>
      </trkpt>
      <trkpt lat="40.03326" lon="18.22824">
        <ele>93.5</ele>
      </trkpt>
      <trkpt lat="40.03311" lon="18.22849">
        <ele>93.0</ele>
      </trkpt>
      <trkpt lat="40.03287" lon="18.22853">
        <ele>92.4</ele>
      </trkpt>
      <trkpt lat="40.0324" lon="18.22854">
        <ele>91.6</ele>
      </trkpt>
      <trkpt lat="40.03178" lon="18.22844">
        <ele>91.9</ele>
      </trkpt>
      <trkpt lat="40.03116" lon="18.22834">
        <ele>92.0</ele>
      </trkpt>
      <trkpt lat="40.03053" lon="18.22824">
        <ele>91.6</ele>
      </trkpt>
      <trkpt lat="40.03043" lon="18.22821">
        <ele>91.5</ele>
      </trkpt>
      <trkpt lat="40.02982" lon="18.22811">
        <ele>90.8</ele>
      </trkpt>
      <trkpt lat="40.02922" lon="18.22801">
        <ele>90.4</ele>
      </trkpt>
      <trkpt lat="40.029" lon="18.227989">
        <ele>90.5</ele>
      </trkpt>
      <trkpt lat="40.02866" lon="18.22798">
        <ele>90.7</ele>
      </trkpt>
      <trkpt lat="40.02858" lon="18.22793">
        <ele>90.8</ele>
      </trkpt>
      <trkpt lat="40.02855" lon="18.22786">
        <ele>91.0</ele>
      </trkpt>
      <trkpt lat="40.02854" lon="18.22779">
        <ele>91.1</ele>
      </trkpt>
      <trkpt lat="40.02856" lon="18.22715">
        <ele>95.9</ele>
      </trkpt>
      <trkpt lat="40.02855" lon="18.22704">
        <ele>97.2</ele>
      </trkpt>
      <trkpt lat="40.02852" lon="18.22698">
        <ele>98.1</ele>
      </trkpt>
      <trkpt lat="40.02848" lon="18.22695">
        <ele>98.8</ele>
      </trkpt>
      <trkpt lat="40.02793" lon="18.22718">
        <ele>99.1</ele>
      </trkpt>
      <trkpt lat="40.02793" lon="18.22718">
        <ele>99.1</ele>
      </trkpt>
      <trkpt lat="40.02776" lon="18.22723">
        <ele>99.3</ele>
      </trkpt>
      <trkpt lat="40.027299" lon="18.22744">
        <ele>98.9</ele>
      </trkpt>
      <trkpt lat="40.02711" lon="18.22757">
        <ele>98.5</ele>
      </trkpt>
      <trkpt lat="40.02696" lon="18.22765">
        <ele>98.6</ele>
      </trkpt>
      <trkpt lat="40.02614" lon="18.22793">
        <ele>101.6</ele>
      </trkpt>
      <trkpt lat="40.02611" lon="18.22796">
        <ele>101.3</ele>
      </trkpt>
      <trkpt lat="40.02569" lon="18.22806">
        <ele>102.7</ele>
      </trkpt>
      <trkpt lat="40.02483" lon="18.22831">
        <ele>102.3</ele>
      </trkpt>
      <trkpt lat="40.02428" lon="18.22861">
        <ele>101.9</ele>
      </trkpt>
      <trkpt lat="40.02372" lon="18.2289">
        <ele>100.3</ele>
      </trkpt>
      <trkpt lat="40.02357" lon="18.22891">
        <ele>101.1</ele>
      </trkpt>
      <trkpt lat="40.02302" lon="18.22883">
        <ele>107.4</ele>
      </trkpt>
      <trkpt lat="40.02284" lon="18.22884">
        <ele>108.6</ele>
      </trkpt>
      <trkpt lat="40.02235" lon="18.228929">
        <ele>108.8</ele>
      </trkpt>
      <trkpt lat="40.02187" lon="18.22901">
        <ele>106.7</ele>
      </trkpt>
      <trkpt lat="40.02183" lon="18.22894">
        <ele>108.5</ele>
      </trkpt>
      <trkpt lat="40.02167" lon="18.22907">
        <ele>105.3</ele>
      </trkpt>
      <trkpt lat="40.02103" lon="18.22959">
        <ele>103.5</ele>
      </trkpt>
      <trkpt lat="40.02084" lon="18.22975">
        <ele>102.2</ele>
      </trkpt>
      <trkpt lat="40.02082" lon="18.2298">
        <ele>101.5</ele>
      </trkpt>
      <trkpt lat="40.02084" lon="18.22982">
        <ele>101.0</ele>
      </trkpt>
      <trkpt lat="40.020829" lon="18.22983">
        <ele>100.9</ele>
      </trkpt>
      <trkpt lat="40.02079" lon="18.22991">
        <ele>99.9</ele>
      </trkpt>
      <trkpt lat="40.02077" lon="18.23">
        <ele>98.5</ele>
      </trkpt>
      <trkpt lat="40.02076" lon="18.23011">
        <ele>97.8</ele>
      </trkpt>
      <trkpt lat="40.02076" lon="18.23016">
        <ele>97.5</ele>
      </trkpt>
      <trkpt lat="40.02077" lon="18.23023">
        <ele>97.0</ele>
      </trkpt>
      <trkpt lat="40.02077" lon="18.23028">
        <ele>96.6</ele>
      </trkpt>
      <trkpt lat="40.02081" lon="18.23049">
        <ele>95.1</ele>
      </trkpt>
      <trkpt lat="40.02084" lon="18.230619">
        <ele>94.3</ele>
      </trkpt>
      <trkpt lat="40.020919" lon="18.23108">
        <ele>92.2</ele>
      </trkpt>
      <trkpt lat="40.02094" lon="18.2312">
        <ele>91.9</ele>
      </trkpt>
      <trkpt lat="40.02102" lon="18.23164">
        <ele>90.8</ele>
      </trkpt>
      <trkpt lat="40.02107" lon="18.23192">
        <ele>90.8</ele>
      </trkpt>
      <trkpt lat="40.02109" lon="18.232">
        <ele>90.8</ele>
      </trkpt>
      <trkpt lat="40.02116" lon="18.23238">
        <ele>90.9</ele>
      </trkpt>
      <trkpt lat="40.02127" lon="18.23297">
        <ele>91.3</ele>
      </trkpt>
      <trkpt lat="40.02131" lon="18.23324">
        <ele>91.4</ele>
      </trkpt>
      <trkpt lat="40.02131" lon="18.23339">
        <ele>91.5</ele>
      </trkpt>
      <trkpt lat="40.021299" lon="18.23361">
        <ele>91.6</ele>
      </trkpt>
      <trkpt lat="40.02128" lon="18.233809">
        <ele>91.8</ele>
      </trkpt>
      <trkpt lat="40.02122" lon="18.2344">
        <ele>92.0</ele>
      </trkpt>
      <trkpt lat="40.02111" lon="18.23613">
        <ele>92.8</ele>
      </trkpt>
      <trkpt lat="40.021099" lon="18.23633">
        <ele>92.9</ele>
      </trkpt>
      <trkpt lat="40.02105" lon="18.23696">
        <ele>93.0</ele>
      </trkpt>
      <trkpt lat="40.02105" lon="18.23749">
        <ele>93.0</ele>
      </trkpt>
      <trkpt lat="40.02105" lon="18.23749">
        <ele>93.0</ele>
      </trkpt>
      <trkpt lat="40.02034" lon="18.2377">
        <ele>93.4</ele>
      </trkpt>
      <trkpt lat="40.01994" lon="18.23783">
        <ele>94.2</ele>
      </trkpt>
      <trkpt lat="40.01994" lon="18.23783">
        <ele>94.2</ele>
      </trkpt>
      <trkpt lat="40.01999" lon="18.23828">
        <ele>95.8</ele>
      </trkpt>
      <trkpt lat="40.02003" lon="18.23865">
        <ele>97.4</ele>
      </trkpt>
      <trkpt lat="40.020069" lon="18.23891">
        <ele>98.4</ele>
      </trkpt>
      <trkpt lat="40.02016" lon="18.2396">
        <ele>99.7</ele>
      </trkpt>
      <trkpt lat="40.02023" lon="18.24007">
        <ele>99.9</ele>
      </trkpt>
      <trkpt lat="40.02023" lon="18.24007">
        <ele>99.9</ele>
      </trkpt>
      <trkpt lat="40.02004" lon="18.2401">
        <ele>100.7</ele>
      </trkpt>
      <trkpt lat="40.02" lon="18.2401">
        <ele>100.9</ele>
      </trkpt>
      <trkpt lat="40.01982" lon="18.24012">
        <ele>101.7</ele>
      </trkpt>
      <trkpt lat="40.01979" lon="18.24013">
        <ele>101.9</ele>
      </trkpt>
      <trkpt lat="40.01946" lon="18.24013">
        <ele>103.4</ele>
      </trkpt>
      <trkpt lat="40.01927" lon="18.24015">
        <ele>104.3</ele>
      </trkpt>
      <trkpt lat="40.0191" lon="18.24018">
        <ele>104.8</ele>
      </trkpt>
      <trkpt lat="40.01908" lon="18.240189">
        <ele>104.8</ele>
      </trkpt>
      <trkpt lat="40.01903" lon="18.24018">
        <ele>104.8</ele>
      </trkpt>
      <trkpt lat="40.01877" lon="18.24022">
        <ele>104.8</ele>
      </trkpt>
      <trkpt lat="40.01875" lon="18.24023">
        <ele>104.8</ele>
      </trkpt>
      <trkpt lat="40.0183" lon="18.2403">
        <ele>105.0</ele>
      </trkpt>
      <trkpt lat="40.01787" lon="18.24039">
        <ele>104.6</ele>
      </trkpt>
      <trkpt lat="40.0178" lon="18.24041">
        <ele>104.5</ele>
      </trkpt>
      <trkpt lat="40.01746" lon="18.24049">
        <ele>104.2</ele>
      </trkpt>
      <trkpt lat="40.0173" lon="18.24054">
        <ele>103.6</ele>
      </trkpt>
      <trkpt lat="40.01691" lon="18.24063">
        <ele>102.2</ele>
      </trkpt>
      <trkpt lat="40.01664" lon="18.24071">
        <ele>101.3</ele>
      </trkpt>
      <trkpt lat="40.01648" lon="18.240749">
        <ele>101.2</ele>
      </trkpt>
      <trkpt lat="40.01592" lon="18.24089">
        <ele>100.5</ele>
      </trkpt>
      <trkpt lat="40.01581" lon="18.24092">
        <ele>100.5</ele>
      </trkpt>
      <trkpt lat="40.01533" lon="18.24102">
        <ele>101.0</ele>
      </trkpt>
      <trkpt lat="40.01481" lon="18.24114">
        <ele>101.8</ele>
      </trkpt>
      <trkpt lat="40.01409" lon="18.2413">
        <ele>103.5</ele>
      </trkpt>
      <trkpt lat="40.01409" lon="18.2413">
        <ele>103.5</ele>
      </trkpt>
      <trkpt lat="40.01403" lon="18.24088">
        <ele>101.7</ele>
      </trkpt>
      <trkpt lat="40.01399" lon="18.2406">
        <ele>99.6</ele>
      </trkpt>
      <trkpt lat="40.01393" lon="18.24016">
        <ele>96.4</ele>
      </trkpt>
      <trkpt lat="40.01391" lon="18.23994">
        <ele>95.1</ele>
      </trkpt>
      <trkpt lat="40.0139" lon="18.239909">
        <ele>95.0</ele>
      </trkpt>
      <trkpt lat="40.01388" lon="18.23974">
        <ele>94.4</ele>
      </trkpt>
      <trkpt lat="40.01384" lon="18.23941">
        <ele>93.3</ele>
      </trkpt>
      <trkpt lat="40.01376" lon="18.23891">
        <ele>92.0</ele>
      </trkpt>
      <trkpt lat="40.01368" lon="18.238409">
        <ele>91.1</ele>
      </trkpt>
      <trkpt lat="40.01365" lon="18.23825">
        <ele>91.1</ele>
      </trkpt>
      <trkpt lat="40.01362" lon="18.23798">
        <ele>91.6</ele>
      </trkpt>
      <trkpt lat="40.013599" lon="18.237839">
        <ele>91.8</ele>
      </trkpt>
      <trkpt lat="40.01353" lon="18.23765">
        <ele>92.0</ele>
      </trkpt>
      <trkpt lat="40.01338" lon="18.23734">
        <ele>92.4</ele>
      </trkpt>
      <trkpt lat="40.01331" lon="18.237089">
        <ele>93.0</ele>
      </trkpt>
      <trkpt lat="40.013219" lon="18.23667">
        <ele>94.0</ele>
      </trkpt>
      <trkpt lat="40.01321" lon="18.23645">
        <ele>93.5</ele>
      </trkpt>
      <trkpt lat="40.01327" lon="18.23603">
        <ele>92.5</ele>
      </trkpt>
      <trkpt lat="40.013129" lon="18.23534">
        <ele>92.5</ele>
      </trkpt>
      <trkpt lat="40.01309" lon="18.2352">
        <ele>92.5</ele>
      </trkpt>
      <trkpt lat="40.0125" lon="18.235399">
        <ele>92.5</ele>
      </trkpt>
      <trkpt lat="40.01195" lon="18.23568">
        <ele>93.1</ele>
      </trkpt>
      <trkpt lat="40.0114" lon="18.235969">
        <ele>93.3</ele>
      </trkpt>
      <trkpt lat="40.011339" lon="18.23602">
        <ele>93.4</ele>
      </trkpt>
      <trkpt lat="40.01119" lon="18.23623">
        <ele>93.6</ele>
      </trkpt>
      <trkpt lat="40.0111" lon="18.2363">
        <ele>93.7</ele>
      </trkpt>
      <trkpt lat="40.01096" lon="18.23638">
        <ele>93.8</ele>
      </trkpt>
      <trkpt lat="40.01062" lon="18.23655">
        <ele>93.8</ele>
      </trkpt>
      <trkpt lat="40.01019" lon="18.23649">
        <ele>93.4</ele>
      </trkpt>
      <trkpt lat="40.00973" lon="18.2367">
        <ele>93.0</ele>
      </trkpt>
      <trkpt lat="40.00893" lon="18.23713">
        <ele>92.5</ele>
      </trkpt>
      <trkpt lat="40.00874" lon="18.2372">
        <ele>92.5</ele>
      </trkpt>
      <trkpt lat="40.00858" lon="18.23722">
        <ele>92.6</ele>
      </trkpt>
      <trkpt lat="40.00828" lon="18.23721">
        <ele>92.6</ele>
      </trkpt>
      <trkpt lat="40.00786" lon="18.23725">
        <ele>92.5</ele>
      </trkpt>
      <trkpt lat="40.00771" lon="18.23724">
        <ele>92.4</ele>
      </trkpt>
      <trkpt lat="40.00757" lon="18.23713">
        <ele>92.5</ele>
      </trkpt>
      <trkpt lat="40.007399" lon="18.23687">
        <ele>93.1</ele>
      </trkpt>
      <trkpt lat="40.00721" lon="18.23676">
        <ele>93.9</ele>
      </trkpt>
      <trkpt lat="40.00681" lon="18.23671">
        <ele>95.4</ele>
      </trkpt>
      <trkpt lat="40.00659" lon="18.23671">
        <ele>95.8</ele>
      </trkpt>
      <trkpt lat="40.006279" lon="18.23678">
        <ele>95.3</ele>
      </trkpt>
      <trkpt lat="40.00597" lon="18.23697">
        <ele>94.4</ele>
      </trkpt>
      <trkpt lat="40.005899" lon="18.23699">
        <ele>94.3</ele>
      </trkpt>
      <trkpt lat="40.00565" lon="18.23698">
        <ele>94.9</ele>
      </trkpt>
      <trkpt lat="40.00559" lon="18.23696">
        <ele>95.2</ele>
      </trkpt>
      <trkpt lat="40.00545" lon="18.23691">
        <ele>96.0</ele>
      </trkpt>
      <trkpt lat="40.00526" lon="18.23693">
        <ele>96.7</ele>
      </trkpt>
      <trkpt lat="40.00489" lon="18.23702">
        <ele>97.4</ele>
      </trkpt>
      <trkpt lat="40.00413" lon="18.23732">
        <ele>96.7</ele>
      </trkpt>
      <trkpt lat="40.00406" lon="18.23742">
        <ele>95.6</ele>
      </trkpt>
      <trkpt lat="40.00399" lon="18.2376">
        <ele>94.8</ele>
      </trkpt>
      <trkpt lat="40.00394" lon="18.23765">
        <ele>94.8</ele>
      </trkpt>
      <trkpt lat="40.00389" lon="18.23766">
        <ele>94.7</ele>
      </trkpt>
      <trkpt lat="40.0037" lon="18.23764">
        <ele>94.5</ele>
      </trkpt>
      <trkpt lat="40.00348" lon="18.23767">
        <ele>94.3</ele>
      </trkpt>
      <trkpt lat="40.00276" lon="18.23802">
        <ele>94.5</ele>
      </trkpt>
      <trkpt lat="40.00217" lon="18.23816">
        <ele>94.1</ele>
      </trkpt>
      <trkpt lat="40.0018" lon="18.23823">
        <ele>93.7</ele>
      </trkpt>
      <trkpt lat="40.0012" lon="18.23846">
        <ele>94.2</ele>
      </trkpt>
      <trkpt lat="40.00059" lon="18.23868">
        <ele>95.0</ele>
      </trkpt>
      <trkpt lat="39.999989" lon="18.23891">
        <ele>95.0</ele>
      </trkpt>
      <trkpt lat="39.99988" lon="18.23903">
        <ele>95.0</ele>
      </trkpt>
      <trkpt lat="39.99972" lon="18.23937">
        <ele>95.0</ele>
      </trkpt>
      <trkpt lat="39.999609" lon="18.2396">
        <ele>97.0</ele>
      </trkpt>
      <trkpt lat="39.999519" lon="18.23968">
        <ele>94.0</ele>
      </trkpt>
      <trkpt lat="39.99928" lon="18.23976">
        <ele>94.0</ele>
      </trkpt>
      <trkpt lat="39.9987" lon="18.2399">
        <ele>93.6</ele>
      </trkpt>
      <trkpt lat="39.99851" lon="18.23996">
        <ele>93.3</ele>
      </trkpt>
      <trkpt lat="39.99844" lon="18.24002">
        <ele>93.2</ele>
      </trkpt>
      <trkpt lat="39.99821" lon="18.24076">
        <ele>93.8</ele>
      </trkpt>
      <trkpt lat="39.9981" lon="18.24093">
        <ele>94.0</ele>
      </trkpt>
      <trkpt lat="39.99796" lon="18.24109">
        <ele>94.2</ele>
      </trkpt>
      <trkpt lat="39.99796" lon="18.24109">
        <ele>94.2</ele>
      </trkpt>
      <trkpt lat="39.99742" lon="18.24167">
        <ele>94.0</ele>
      </trkpt>
      <trkpt lat="39.99722" lon="18.24195">
        <ele>94.5</ele>
      </trkpt>
      <trkpt lat="39.997169" lon="18.24201">
        <ele>94.5</ele>
      </trkpt>
      <trkpt lat="39.99666" lon="18.24236">
        <ele>94.0</ele>
      </trkpt>
      <trkpt lat="39.996519" lon="18.24243">
        <ele>94.0</ele>
      </trkpt>
      <trkpt lat="39.996" lon="18.24281">
        <ele>93.6</ele>
      </trkpt>
      <trkpt lat="39.99553" lon="18.24313">
        <ele>93.6</ele>
      </trkpt>
      <trkpt lat="39.99484" lon="18.2434">
        <ele>93.9</ele>
      </trkpt>
      <trkpt lat="39.99451" lon="18.24349">
        <ele>93.9</ele>
      </trkpt>
      <trkpt lat="39.9938" lon="18.24349">
        <ele>95.6</ele>
      </trkpt>
      <trkpt lat="39.99349" lon="18.24342">
        <ele>97.1</ele>
      </trkpt>
      <trkpt lat="39.99285" lon="18.24328">
        <ele>97.9</ele>
      </trkpt>
      <trkpt lat="39.99222" lon="18.24313">
        <ele>98.2</ele>
      </trkpt>
      <trkpt lat="39.99186" lon="18.24312">
        <ele>98.7</ele>
      </trkpt>
      <trkpt lat="39.99137" lon="18.24307">
        <ele>99.4</ele>
      </trkpt>
      <trkpt lat="39.99089" lon="18.24301">
        <ele>99.9</ele>
      </trkpt>
      <trkpt lat="39.990519" lon="18.24303">
        <ele>100.5</ele>
      </trkpt>
      <trkpt lat="39.99006" lon="18.24312">
        <ele>101.2</ele>
      </trkpt>
      <trkpt lat="39.98973" lon="18.243099">
        <ele>103.1</ele>
      </trkpt>
      <trkpt lat="39.98937" lon="18.24309">
        <ele>105.6</ele>
      </trkpt>
      <trkpt lat="39.98927" lon="18.243099">
        <ele>106.3</ele>
      </trkpt>
      <trkpt lat="39.98927" lon="18.24311">
        <ele>106.3</ele>
      </trkpt>
      <trkpt lat="39.98926" lon="18.24311">
        <ele>106.4</ele>
      </trkpt>
      <trkpt lat="39.98906" lon="18.24313">
        <ele>107.8</ele>
      </trkpt>
      <trkpt lat="39.98906" lon="18.24313">
        <ele>107.8</ele>
      </trkpt>
      <trkpt lat="39.989109" lon="18.2434">
        <ele>107.5</ele>
      </trkpt>
      <trkpt lat="39.989109" lon="18.2434">
        <ele>107.5</ele>
      </trkpt>
      <trkpt lat="39.98856" lon="18.24365">
        <ele>111.2</ele>
      </trkpt>
      <trkpt lat="39.98781" lon="18.244">
        <ele>115.8</ele>
      </trkpt>
      <trkpt lat="39.987789" lon="18.24401">
        <ele>116.0</ele>
      </trkpt>
      <trkpt lat="39.98745" lon="18.24419">
        <ele>118.2</ele>
      </trkpt>
      <trkpt lat="39.98728" lon="18.24427">
        <ele>119.0</ele>
      </trkpt>
      <trkpt lat="39.98703" lon="18.2444">
        <ele>120.1</ele>
      </trkpt>
      <trkpt lat="39.98669" lon="18.24457">
        <ele>121.9</ele>
      </trkpt>
      <trkpt lat="39.98601" lon="18.24491">
        <ele>121.2</ele>
      </trkpt>
      <trkpt lat="39.98531" lon="18.24527">
        <ele>120.2</ele>
      </trkpt>
      <trkpt lat="39.98459" lon="18.24564">
        <ele>118.8</ele>
      </trkpt>
      <trkpt lat="39.98448" lon="18.24569">
        <ele>118.6</ele>
      </trkpt>
      <trkpt lat="39.98415" lon="18.24587">
        <ele>118.1</ele>
      </trkpt>
      <trkpt lat="39.98407" lon="18.24591">
        <ele>118.2</ele>
      </trkpt>
      <trkpt lat="39.98403" lon="18.24593">
        <ele>118.2</ele>
      </trkpt>
      <trkpt lat="39.98398" lon="18.24595">
        <ele>118.3</ele>
      </trkpt>
      <trkpt lat="39.98395" lon="18.24596">
        <ele>118.3</ele>
      </trkpt>
      <trkpt lat="39.98388" lon="18.24602">
        <ele>118.4</ele>
      </trkpt>
      <trkpt lat="39.983759" lon="18.24612">
        <ele>118.7</ele>
      </trkpt>
      <trkpt lat="39.98371" lon="18.24616">
        <ele>118.8</ele>
      </trkpt>
      <trkpt lat="39.983669" lon="18.24619">
        <ele>118.9</ele>
      </trkpt>
      <trkpt lat="39.98363" lon="18.24622">
        <ele>118.9</ele>
      </trkpt>
      <trkpt lat="39.98353" lon="18.24626">
        <ele>119.0</ele>
      </trkpt>
      <trkpt lat="39.98353" lon="18.24626">
        <ele>119.0</ele>
      </trkpt>
      <trkpt lat="39.98361" lon="18.2465">
        <ele>119.6</ele>
      </trkpt>
      <trkpt lat="39.98362" lon="18.24652">
        <ele>119.6</ele>
      </trkpt>
      <trkpt lat="39.98363" lon="18.24653">
        <ele>119.7</ele>
      </trkpt>
      <trkpt lat="39.98364" lon="18.24655">
        <ele>119.7</ele>
      </trkpt>
      <trkpt lat="39.98364" lon="18.24655">
        <ele>119.7</ele>
      </trkpt>
      <trkpt lat="39.98359" lon="18.24663">
        <ele>119.9</ele>
      </trkpt>
      <trkpt lat="39.98358" lon="18.24666">
        <ele>120.0</ele>
      </trkpt>
      <trkpt lat="39.98356" lon="18.24671">
        <ele>120.0</ele>
      </trkpt>
      <trkpt lat="39.98353" lon="18.24678">
        <ele>120.1</ele>
      </trkpt>
      <trkpt lat="39.98351" lon="18.24687">
        <ele>120.1</ele>
      </trkpt>
      <trkpt lat="39.9835" lon="18.246949">
        <ele>120.1</ele>
      </trkpt>
      <trkpt lat="39.9835" lon="18.247039">
        <ele>120.2</ele>
      </trkpt>
      <trkpt lat="39.9835" lon="18.24715">
        <ele>120.2</ele>
      </trkpt>
      <trkpt lat="39.9835" lon="18.24724">
        <ele>120.3</ele>
      </trkpt>
      <trkpt lat="39.9835" lon="18.24735">
        <ele>120.3</ele>
      </trkpt>
      <trkpt lat="39.98351" lon="18.247509">
        <ele>120.4</ele>
      </trkpt>
      <trkpt lat="39.98354" lon="18.247699">
        <ele>120.5</ele>
      </trkpt>
      <trkpt lat="39.98358" lon="18.24788">
        <ele>120.7</ele>
      </trkpt>
      <trkpt lat="39.98359" lon="18.24794">
        <ele>120.7</ele>
      </trkpt>
      <trkpt lat="39.98359" lon="18.24794">
        <ele>120.7</ele>
      </trkpt>
      <trkpt lat="39.98404" lon="18.24781">
        <ele>122.6</ele>
      </trkpt>
      <trkpt lat="39.98422" lon="18.24776">
        <ele>123.2</ele>
      </trkpt>
      <trkpt lat="39.98422" lon="18.24776">
        <ele>123.2</ele>
      </trkpt>
      <trkpt lat="39.98457" lon="18.24765">
        <ele>124.8</ele>
      </trkpt>
      <trkpt lat="39.98473" lon="18.24759">
        <ele>125.6</ele>
      </trkpt>
      <trkpt lat="39.98473" lon="18.24759">
        <ele>125.6</ele>
      </trkpt>
      <trkpt lat="39.98485" lon="18.24756">
        <ele>126.2</ele>
      </trkpt>
      <trkpt lat="39.985" lon="18.247509">
        <ele>127.0</ele>
      </trkpt>
      <trkpt lat="39.985" lon="18.247509">
        <ele>127.0</ele>
      </trkpt>
      <trkpt lat="39.98529" lon="18.24741">
        <ele>126.6</ele>
      </trkpt>
      <trkpt lat="39.985639" lon="18.2473">
        <ele>126.5</ele>
      </trkpt>
      <trkpt lat="39.98572" lon="18.24727">
        <ele>126.6</ele>
      </trkpt>
      <trkpt lat="39.98581" lon="18.24724">
        <ele>126.7</ele>
      </trkpt>
      <trkpt lat="39.98581" lon="18.24724">
        <ele>126.7</ele>
      </trkpt>
      <trkpt lat="39.98579" lon="18.24717">
        <ele>126.5</ele>
      </trkpt>
      <trkpt lat="39.98568" lon="18.24679">
        <ele>125.5</ele>
      </trkpt>
      <trkpt lat="39.98568" lon="18.24678">
        <ele>125.5</ele>
      </trkpt>
      <trkpt lat="39.98558" lon="18.24634">
        <ele>123.7</ele>
      </trkpt>
      <trkpt lat="39.98553" lon="18.24616">
        <ele>122.9</ele>
      </trkpt>
      <trkpt lat="39.98537" lon="18.24549">
        <ele>120.7</ele>
      </trkpt>
      <trkpt lat="39.98531" lon="18.24527">
        <ele>120.2</ele>
      </trkpt>
      <trkpt lat="39.98531" lon="18.24527">
        <ele>120.2</ele>
      </trkpt>
      <trkpt lat="39.98459" lon="18.24564">
        <ele>118.8</ele>
      </trkpt>
      <trkpt lat="39.98448" lon="18.24569">
        <ele>118.6</ele>
      </trkpt>
      <trkpt lat="39.98415" lon="18.24587">
        <ele>118.1</ele>
      </trkpt>
      <trkpt lat="39.98407" lon="18.24591">
        <ele>118.2</ele>
      </trkpt>
      <trkpt lat="39.98403" lon="18.24593">
        <ele>118.2</ele>
      </trkpt>
      <trkpt lat="39.98398" lon="18.24595">
        <ele>118.3</ele>
      </trkpt>
      <trkpt lat="39.98395" lon="18.24596">
        <ele>118.3</ele>
      </trkpt>
      <trkpt lat="39.98362" lon="18.24581">
        <ele>118.0</ele>
      </trkpt>
      <trkpt lat="39.98362" lon="18.24581">
        <ele>118.0</ele>
      </trkpt>
      <trkpt lat="39.98353" lon="18.24577">
        <ele>117.9</ele>
      </trkpt>
      <trkpt lat="39.98348" lon="18.24575">
        <ele>117.9</ele>
      </trkpt>
      <trkpt lat="39.98339" lon="18.24571">
        <ele>117.9</ele>
      </trkpt>
      <trkpt lat="39.98327" lon="18.2457">
        <ele>118.1</ele>
      </trkpt>
      <trkpt lat="39.98307" lon="18.2458">
        <ele>118.9</ele>
      </trkpt>
      <trkpt lat="39.98256" lon="18.24602">
        <ele>120.8</ele>
      </trkpt>
      <trkpt lat="39.9824" lon="18.246099">
        <ele>120.9</ele>
      </trkpt>
      <trkpt lat="39.98221" lon="18.24623">
        <ele>120.7</ele>
      </trkpt>
      <trkpt lat="39.98207" lon="18.24635">
        <ele>120.5</ele>
      </trkpt>
      <trkpt lat="39.98196" lon="18.24645">
        <ele>120.4</ele>
      </trkpt>
      <trkpt lat="39.98176" lon="18.24662">
        <ele>120.1</ele>
      </trkpt>
      <trkpt lat="39.98176" lon="18.24662">
        <ele>120.1</ele>
      </trkpt>
      <trkpt lat="39.98127" lon="18.24705">
        <ele>119.5</ele>
      </trkpt>
      <trkpt lat="39.98101" lon="18.2473">
        <ele>119.2</ele>
      </trkpt>
      <trkpt lat="39.98101" lon="18.2473">
        <ele>119.2</ele>
      </trkpt>
      <trkpt lat="39.98057" lon="18.24761">
        <ele>119.1</ele>
      </trkpt>
      <trkpt lat="39.98026" lon="18.24776">
        <ele>119.2</ele>
      </trkpt>
      <trkpt lat="39.98025" lon="18.247789">
        <ele>119.1</ele>
      </trkpt>
      <trkpt lat="39.98025" lon="18.2478">
        <ele>119.1</ele>
      </trkpt>
      <trkpt lat="39.98025" lon="18.24782">
        <ele>119.0</ele>
      </trkpt>
      <trkpt lat="39.98025" lon="18.24788">
        <ele>118.9</ele>
      </trkpt>
      <trkpt lat="39.98025" lon="18.24788">
        <ele>118.9</ele>
      </trkpt>
      <trkpt lat="39.98008" lon="18.248">
        <ele>118.8</ele>
      </trkpt>
      <trkpt lat="39.979909" lon="18.24811">
        <ele>118.9</ele>
      </trkpt>
      <trkpt lat="39.97988" lon="18.24814">
        <ele>118.9</ele>
      </trkpt>
      <trkpt lat="39.97972" lon="18.24824">
        <ele>119.3</ele>
      </trkpt>
      <trkpt lat="39.9797" lon="18.24825">
        <ele>119.3</ele>
      </trkpt>
      <trkpt lat="39.979439" lon="18.24843">
        <ele>119.7</ele>
      </trkpt>
      <trkpt lat="39.97905" lon="18.248729">
        <ele>120.1</ele>
      </trkpt>
      <trkpt lat="39.9788" lon="18.24891">
        <ele>120.4</ele>
      </trkpt>
      <trkpt lat="39.97849" lon="18.24913">
        <ele>120.6</ele>
      </trkpt>
      <trkpt lat="39.97843" lon="18.24917">
        <ele>120.6</ele>
      </trkpt>
      <trkpt lat="39.97826" lon="18.249289">
        <ele>121.4</ele>
      </trkpt>
      <trkpt lat="39.97755" lon="18.24981">
        <ele>124.7</ele>
      </trkpt>
      <trkpt lat="39.97749" lon="18.24985">
        <ele>124.8</ele>
      </trkpt>
      <trkpt lat="39.97736" lon="18.24993">
        <ele>125.7</ele>
      </trkpt>
      <trkpt lat="39.97723" lon="18.25001">
        <ele>126.5</ele>
      </trkpt>
      <trkpt lat="39.97717" lon="18.25003">
        <ele>127.1</ele>
      </trkpt>
      <trkpt lat="39.97717" lon="18.25003">
        <ele>127.1</ele>
      </trkpt>
      <trkpt lat="39.97698" lon="18.25007">
        <ele>129.1</ele>
      </trkpt>
      <trkpt lat="39.97688" lon="18.2501">
        <ele>130.0</ele>
      </trkpt>
      <trkpt lat="39.97675" lon="18.2501">
        <ele>131.6</ele>
      </trkpt>
      <trkpt lat="39.97669" lon="18.25011">
        <ele>132.1</ele>
      </trkpt>
      <trkpt lat="39.9766" lon="18.25011">
        <ele>132.7</ele>
      </trkpt>
      <trkpt lat="39.97648" lon="18.2501">
        <ele>133.4</ele>
      </trkpt>
      <trkpt lat="39.97632" lon="18.25008">
        <ele>134.4</ele>
      </trkpt>
      <trkpt lat="39.97631" lon="18.25013">
        <ele>133.7</ele>
      </trkpt>
      <trkpt lat="39.97584" lon="18.25002">
        <ele>137.6</ele>
      </trkpt>
      <trkpt lat="39.97519" lon="18.24994">
        <ele>140.0</ele>
      </trkpt>
      <trkpt lat="39.97493" lon="18.2499">
        <ele>140.9</ele>
      </trkpt>
      <trkpt lat="39.97491" lon="18.2499">
        <ele>140.9</ele>
      </trkpt>
      <trkpt lat="39.97419" lon="18.24981">
        <ele>141.7</ele>
      </trkpt>
      <trkpt lat="39.973619" lon="18.249669">
        <ele>142.2</ele>
      </trkpt>
      <trkpt lat="39.97304" lon="18.24954">
        <ele>142.8</ele>
      </trkpt>
      <trkpt lat="39.97285" lon="18.2495">
        <ele>143.2</ele>
      </trkpt>
      <trkpt lat="39.97211" lon="18.24946">
        <ele>143.9</ele>
      </trkpt>
      <trkpt lat="39.97144" lon="18.24974">
        <ele>142.0</ele>
      </trkpt>
      <trkpt lat="39.97076" lon="18.25003">
        <ele>140.9</ele>
      </trkpt>
      <trkpt lat="39.97028" lon="18.24997">
        <ele>142.7</ele>
      </trkpt>
      <trkpt lat="39.9698" lon="18.24992">
        <ele>143.6</ele>
      </trkpt>
      <trkpt lat="39.969029" lon="18.24996">
        <ele>142.9</ele>
      </trkpt>
      <trkpt lat="39.968269" lon="18.24999">
        <ele>145.0</ele>
      </trkpt>
      <trkpt lat="39.96783" lon="18.250039">
        <ele>144.1</ele>
      </trkpt>
      <trkpt lat="39.9674" lon="18.24988">
        <ele>144.7</ele>
      </trkpt>
      <trkpt lat="39.9671" lon="18.24977">
        <ele>145.2</ele>
      </trkpt>
      <trkpt lat="39.96674" lon="18.24936">
        <ele>147.1</ele>
      </trkpt>
      <trkpt lat="39.966209" lon="18.24898">
        <ele>146.4</ele>
      </trkpt>
      <trkpt lat="39.96568" lon="18.2486">
        <ele>146.3</ele>
      </trkpt>
      <trkpt lat="39.96531" lon="18.24851">
        <ele>147.1</ele>
      </trkpt>
      <trkpt lat="39.96515" lon="18.24851">
        <ele>147.4</ele>
      </trkpt>
      <trkpt lat="39.96502" lon="18.24856">
        <ele>147.4</ele>
      </trkpt>
      <trkpt lat="39.96443" lon="18.248819">
        <ele>146.7</ele>
      </trkpt>
      <trkpt lat="39.96383" lon="18.24909">
        <ele>145.7</ele>
      </trkpt>
      <trkpt lat="39.96325" lon="18.24922">
        <ele>145.7</ele>
      </trkpt>
      <trkpt lat="39.96259" lon="18.24936">
        <ele>144.9</ele>
      </trkpt>
      <trkpt lat="39.96208" lon="18.24941">
        <ele>144.2</ele>
      </trkpt>
      <trkpt lat="39.96157" lon="18.24946">
        <ele>143.6</ele>
      </trkpt>
      <trkpt lat="39.96075" lon="18.24974">
        <ele>143.0</ele>
      </trkpt>
      <trkpt lat="39.96083" lon="18.25068">
        <ele>141.2</ele>
      </trkpt>
      <trkpt lat="39.9609" lon="18.25162">
        <ele>139.1</ele>
      </trkpt>
      <trkpt lat="39.96098" lon="18.25256">
        <ele>138.0</ele>
      </trkpt>
      <trkpt lat="39.96098" lon="18.25256">
        <ele>138.0</ele>
      </trkpt>
      <trkpt lat="39.961" lon="18.25287">
        <ele>137.3</ele>
      </trkpt>
      <trkpt lat="39.96029" lon="18.25316">
        <ele>136.0</ele>
      </trkpt>
      <trkpt lat="39.95958" lon="18.25345">
        <ele>135.0</ele>
      </trkpt>
      <trkpt lat="39.95887" lon="18.25374">
        <ele>134.0</ele>
      </trkpt>
      <trkpt lat="39.95816" lon="18.25403">
        <ele>133.8</ele>
      </trkpt>
      <trkpt lat="39.95745" lon="18.25432">
        <ele>135.1</ele>
      </trkpt>
      <trkpt lat="39.95689" lon="18.25456">
        <ele>135.0</ele>
      </trkpt>
      <trkpt lat="39.95634" lon="18.2548">
        <ele>135.5</ele>
      </trkpt>
      <trkpt lat="39.95557" lon="18.2546">
        <ele>136.3</ele>
      </trkpt>
      <trkpt lat="39.95527" lon="18.254948">
        <ele>136.7</ele>
      </trkpt>
      <trkpt lat="39.955013" lon="18.254991">
        <ele>137.0</ele>
      </trkpt>
      <trkpt lat="39.95497" lon="18.255624">
        <ele>134.8</ele>
      </trkpt>
      <trkpt lat="39.954582" lon="18.255785">
        <ele>134.6</ele>
      </trkpt>
      <trkpt lat="39.954375" lon="18.257576">
        <ele>129.5</ele>
      </trkpt>
      <trkpt lat="39.95438" lon="18.25754">
        <ele>129.5</ele>
      </trkpt>
      <trkpt lat="39.95402" lon="18.25751">
        <ele>129.8</ele>
      </trkpt>
      <trkpt lat="39.95366" lon="18.25759">
        <ele>129.5</ele>
      </trkpt>
      <trkpt lat="39.95351" lon="18.25759">
        <ele>129.3</ele>
      </trkpt>
      <trkpt lat="39.95351" lon="18.25759">
        <ele>129.3</ele>
      </trkpt>
      <trkpt lat="39.95342" lon="18.25759">
        <ele>129.2</ele>
      </trkpt>
      <trkpt lat="39.95336" lon="18.25773">
        <ele>129.3</ele>
      </trkpt>
      <trkpt lat="39.95327" lon="18.25777">
        <ele>129.5</ele>
      </trkpt>
      <trkpt lat="39.95312" lon="18.2577">
        <ele>129.9</ele>
      </trkpt>
      <trkpt lat="39.95303" lon="18.25773">
        <ele>130.2</ele>
      </trkpt>
      <trkpt lat="39.95301" lon="18.257829">
        <ele>130.3</ele>
      </trkpt>
      <trkpt lat="39.95311" lon="18.25879">
        <ele>129.7</ele>
      </trkpt>
      <trkpt lat="39.95321" lon="18.25974">
        <ele>130.5</ele>
      </trkpt>
      <trkpt lat="39.95332" lon="18.2607">
        <ele>130.2</ele>
      </trkpt>
      <trkpt lat="39.95342" lon="18.26166">
        <ele>131.1</ele>
      </trkpt>
      <trkpt lat="39.95337" lon="18.26182">
        <ele>132.0</ele>
      </trkpt>
      <trkpt lat="39.95319" lon="18.26192">
        <ele>132.5</ele>
      </trkpt>
      <trkpt lat="39.95303" lon="18.26208">
        <ele>133.3</ele>
      </trkpt>
      <trkpt lat="39.952689" lon="18.26235">
        <ele>134.0</ele>
      </trkpt>
      <trkpt lat="39.952689" lon="18.26236">
        <ele>134.0</ele>
      </trkpt>
      <trkpt lat="39.952689" lon="18.26235">
        <ele>134.0</ele>
      </trkpt>
      <trkpt lat="39.95249" lon="18.26251">
        <ele>134.1</ele>
      </trkpt>
      <trkpt lat="39.951949" lon="18.26308">
        <ele>136.8</ele>
      </trkpt>
      <trkpt lat="39.95186" lon="18.26313">
        <ele>136.8</ele>
      </trkpt>
      <trkpt lat="39.9514" lon="18.263089">
        <ele>136.1</ele>
      </trkpt>
      <trkpt lat="39.95126" lon="18.26313">
        <ele>136.3</ele>
      </trkpt>
      <trkpt lat="39.95116" lon="18.2632">
        <ele>136.5</ele>
      </trkpt>
      <trkpt lat="39.951189" lon="18.26327">
        <ele>136.8</ele>
      </trkpt>
      <trkpt lat="39.95116" lon="18.26334">
        <ele>137.0</ele>
      </trkpt>
      <trkpt lat="39.95106" lon="18.26339">
        <ele>137.4</ele>
      </trkpt>
      <trkpt lat="39.95029" lon="18.26358">
        <ele>139.0</ele>
      </trkpt>
      <trkpt lat="39.95022" lon="18.26374">
        <ele>139.9</ele>
      </trkpt>
      <trkpt lat="39.95021" lon="18.26386">
        <ele>140.6</ele>
      </trkpt>
      <trkpt lat="39.95018" lon="18.26397">
        <ele>141.2</ele>
      </trkpt>
      <trkpt lat="39.95011" lon="18.26408">
        <ele>141.7</ele>
      </trkpt>
      <trkpt lat="39.95003" lon="18.26436">
        <ele>143.2</ele>
      </trkpt>
      <trkpt lat="39.94987" lon="18.26457">
        <ele>144.6</ele>
      </trkpt>
      <trkpt lat="39.949599" lon="18.26507">
        <ele>147.3</ele>
      </trkpt>
      <trkpt lat="39.94934" lon="18.26557">
        <ele>149.1</ele>
      </trkpt>
      <trkpt lat="39.94911" lon="18.26599">
        <ele>150.7</ele>
      </trkpt>
      <trkpt lat="39.94907" lon="18.26613">
        <ele>151.3</ele>
      </trkpt>
      <trkpt lat="39.94915" lon="18.26683">
        <ele>153.8</ele>
      </trkpt>
      <trkpt lat="39.94915" lon="18.26683">
        <ele>153.8</ele>
      </trkpt>
      <trkpt lat="39.94917" lon="18.26694">
        <ele>154.3</ele>
      </trkpt>
      <trkpt lat="39.94845" lon="18.267119">
        <ele>154.3</ele>
      </trkpt>
      <trkpt lat="39.947719" lon="18.26729">
        <ele>155.4</ele>
      </trkpt>
      <trkpt lat="39.947" lon="18.26747">
        <ele>156.5</ele>
      </trkpt>
      <trkpt lat="39.94628" lon="18.26765">
        <ele>157.1</ele>
      </trkpt>
      <trkpt lat="39.94556" lon="18.26782">
        <ele>157.0</ele>
      </trkpt>
      <trkpt lat="39.94556" lon="18.26782">
        <ele>157.0</ele>
      </trkpt>
      <trkpt lat="39.94482" lon="18.268">
        <ele>157.6</ele>
      </trkpt>
      <trkpt lat="39.94408" lon="18.26819">
        <ele>159.8</ele>
      </trkpt>
      <trkpt lat="39.94333" lon="18.26837">
        <ele>161.1</ele>
      </trkpt>
      <trkpt lat="39.94259" lon="18.26856">
        <ele>162.6</ele>
      </trkpt>
      <trkpt lat="39.94251" lon="18.26848">
        <ele>162.8</ele>
      </trkpt>
      <trkpt lat="39.94236" lon="18.26828">
        <ele>163.7</ele>
      </trkpt>
      <trkpt lat="39.94227" lon="18.26821">
        <ele>164.2</ele>
      </trkpt>
      <trkpt lat="39.94218" lon="18.2682">
        <ele>164.6</ele>
      </trkpt>
      <trkpt lat="39.94209" lon="18.26823">
        <ele>165.0</ele>
      </trkpt>
      <trkpt lat="39.94177" lon="18.26841">
        <ele>166.3</ele>
      </trkpt>
      <trkpt lat="39.94132" lon="18.26867">
        <ele>167.8</ele>
      </trkpt>
      <trkpt lat="39.94112" lon="18.26875">
        <ele>168.6</ele>
      </trkpt>
      <trkpt lat="39.94106" lon="18.26874">
        <ele>168.9</ele>
      </trkpt>
      <trkpt lat="39.94043" lon="18.26915">
        <ele>171.0</ele>
      </trkpt>
      <trkpt lat="39.93981" lon="18.269559">
        <ele>172.3</ele>
      </trkpt>
      <trkpt lat="39.939549" lon="18.26977">
        <ele>172.9</ele>
      </trkpt>
      <trkpt lat="39.9391" lon="18.2702">
        <ele>174.0</ele>
      </trkpt>
      <trkpt lat="39.93865" lon="18.27064">
        <ele>175.0</ele>
      </trkpt>
      <trkpt lat="39.9385" lon="18.27077">
        <ele>175.5</ele>
      </trkpt>
      <trkpt lat="39.93839" lon="18.27081">
        <ele>175.8</ele>
      </trkpt>
      <trkpt lat="39.93827" lon="18.27082">
        <ele>175.9</ele>
      </trkpt>
      <trkpt lat="39.93798" lon="18.27072">
        <ele>175.3</ele>
      </trkpt>
      <trkpt lat="39.937869" lon="18.27072">
        <ele>175.2</ele>
      </trkpt>
      <trkpt lat="39.93773" lon="18.27077">
        <ele>175.1</ele>
      </trkpt>
      <trkpt lat="39.93747" lon="18.27101">
        <ele>175.5</ele>
      </trkpt>
      <trkpt lat="39.937019" lon="18.27142">
        <ele>177.0</ele>
      </trkpt>
      <trkpt lat="39.93658" lon="18.27182">
        <ele>178.3</ele>
      </trkpt>
      <trkpt lat="39.93626" lon="18.27214">
        <ele>178.8</ele>
      </trkpt>
      <trkpt lat="39.93621" lon="18.27221">
        <ele>178.8</ele>
      </trkpt>
      <trkpt lat="39.93621" lon="18.27231">
        <ele>178.9</ele>
      </trkpt>
      <trkpt lat="39.93623" lon="18.27248">
        <ele>179.0</ele>
      </trkpt>
      <trkpt lat="39.93609" lon="18.27291">
        <ele>179.0</ele>
      </trkpt>
      <trkpt lat="39.93606" lon="18.27298">
        <ele>179.1</ele>
      </trkpt>
      <trkpt lat="39.93586" lon="18.27343">
        <ele>179.8</ele>
      </trkpt>
      <trkpt lat="39.93579" lon="18.27361">
        <ele>179.8</ele>
      </trkpt>
      <trkpt lat="39.93574" lon="18.273689">
        <ele>180.0</ele>
      </trkpt>
      <trkpt lat="39.935339" lon="18.273879">
        <ele>181.5</ele>
      </trkpt>
      <trkpt lat="39.93531" lon="18.27391">
        <ele>181.6</ele>
      </trkpt>
      <trkpt lat="39.9353" lon="18.27398">
        <ele>181.6</ele>
      </trkpt>
      <trkpt lat="39.93524" lon="18.27403">
        <ele>181.9</ele>
      </trkpt>
      <trkpt lat="39.93453" lon="18.27433">
        <ele>181.7</ele>
      </trkpt>
      <trkpt lat="39.93438" lon="18.27437">
        <ele>181.4</ele>
      </trkpt>
      <trkpt lat="39.93434" lon="18.274439">
        <ele>181.3</ele>
      </trkpt>
      <trkpt lat="39.93434" lon="18.2746">
        <ele>181.2</ele>
      </trkpt>
      <trkpt lat="39.93439" lon="18.274909">
        <ele>181.1</ele>
      </trkpt>
      <trkpt lat="39.93444" lon="18.27503">
        <ele>180.9</ele>
      </trkpt>
      <trkpt lat="39.93432" lon="18.27504">
        <ele>180.9</ele>
      </trkpt>
      <trkpt lat="39.93377" lon="18.27509">
        <ele>181.4</ele>
      </trkpt>
      <trkpt lat="39.93357" lon="18.27513">
        <ele>181.6</ele>
      </trkpt>
      <trkpt lat="39.93342" lon="18.27522">
        <ele>181.6</ele>
      </trkpt>
      <trkpt lat="39.93357" lon="18.27551">
        <ele>181.1</ele>
      </trkpt>
      <trkpt lat="39.93356" lon="18.27559">
        <ele>181.0</ele>
      </trkpt>
      <trkpt lat="39.93349" lon="18.27567">
        <ele>181.0</ele>
      </trkpt>
      <trkpt lat="39.93298" lon="18.276129">
        <ele>180.8</ele>
      </trkpt>
      <trkpt lat="39.93247" lon="18.27659">
        <ele>180.2</ele>
      </trkpt>
      <trkpt lat="39.93238" lon="18.27662">
        <ele>180.3</ele>
      </trkpt>
      <trkpt lat="39.9323" lon="18.27659">
        <ele>180.5</ele>
      </trkpt>
      <trkpt lat="39.93225" lon="18.27652">
        <ele>180.6</ele>
      </trkpt>
      <trkpt lat="39.93203" lon="18.27591">
        <ele>180.5</ele>
      </trkpt>
      <trkpt lat="39.93198" lon="18.27591">
        <ele>180.5</ele>
      </trkpt>
      <trkpt lat="39.93161" lon="18.27607">
        <ele>180.6</ele>
      </trkpt>
      <trkpt lat="39.93137" lon="18.27546">
        <ele>179.4</ele>
      </trkpt>
      <trkpt lat="39.93132" lon="18.27543">
        <ele>179.3</ele>
      </trkpt>
      <trkpt lat="39.931199" lon="18.27547">
        <ele>179.3</ele>
      </trkpt>
      <trkpt lat="39.93094" lon="18.27561">
        <ele>179.5</ele>
      </trkpt>
      <trkpt lat="39.93058" lon="18.27564">
        <ele>178.9</ele>
      </trkpt>
      <trkpt lat="39.93025" lon="18.27562">
        <ele>178.1</ele>
      </trkpt>
      <trkpt lat="39.92987" lon="18.27535">
        <ele>176.8</ele>
      </trkpt>
      <trkpt lat="39.92962" lon="18.27527">
        <ele>176.6</ele>
      </trkpt>
      <trkpt lat="39.92933" lon="18.2752">
        <ele>176.5</ele>
      </trkpt>
      <trkpt lat="39.92888" lon="18.27517">
        <ele>175.8</ele>
      </trkpt>
      <trkpt lat="39.92879" lon="18.275189">
        <ele>175.7</ele>
      </trkpt>
      <trkpt lat="39.92844" lon="18.2754">
        <ele>175.6</ele>
      </trkpt>
      <trkpt lat="39.92827" lon="18.27539">
        <ele>175.4</ele>
      </trkpt>
      <trkpt lat="39.9281" lon="18.27526">
        <ele>175.0</ele>
      </trkpt>
      <trkpt lat="39.92796" lon="18.27522">
        <ele>175.0</ele>
      </trkpt>
      <trkpt lat="39.92771" lon="18.27524">
        <ele>175.2</ele>
      </trkpt>
      <trkpt lat="39.92759" lon="18.27525">
        <ele>175.3</ele>
      </trkpt>
      <trkpt lat="39.92749" lon="18.275289">
        <ele>175.3</ele>
      </trkpt>
      <trkpt lat="39.92718" lon="18.2758">
        <ele>175.2</ele>
      </trkpt>
      <trkpt lat="39.92688" lon="18.2763">
        <ele>174.1</ele>
      </trkpt>
      <trkpt lat="39.92643" lon="18.27693">
        <ele>172.9</ele>
      </trkpt>
      <trkpt lat="39.92598" lon="18.27757">
        <ele>171.9</ele>
      </trkpt>
      <trkpt lat="39.92554" lon="18.27815">
        <ele>172.4</ele>
      </trkpt>
      <trkpt lat="39.925109" lon="18.27874">
        <ele>173.0</ele>
      </trkpt>
      <trkpt lat="39.924639" lon="18.27849">
        <ele>171.9</ele>
      </trkpt>
      <trkpt lat="39.924169" lon="18.27824">
        <ele>171.0</ele>
      </trkpt>
      <trkpt lat="39.92374" lon="18.278">
        <ele>169.8</ele>
      </trkpt>
      <trkpt lat="39.92336" lon="18.27764">
        <ele>168.3</ele>
      </trkpt>
      <trkpt lat="39.92297" lon="18.27728">
        <ele>167.3</ele>
      </trkpt>
      <trkpt lat="39.92254" lon="18.276879">
        <ele>167.0</ele>
      </trkpt>
      <trkpt lat="39.922469" lon="18.27684">
        <ele>166.9</ele>
      </trkpt>
      <trkpt lat="39.922379" lon="18.27685">
        <ele>166.7</ele>
      </trkpt>
      <trkpt lat="39.92174" lon="18.27733">
        <ele>165.2</ele>
      </trkpt>
      <trkpt lat="39.92109" lon="18.2778">
        <ele>165.6</ele>
      </trkpt>
      <trkpt lat="39.92044" lon="18.27828">
        <ele>166.0</ele>
      </trkpt>
      <trkpt lat="39.92039" lon="18.278289">
        <ele>165.9</ele>
      </trkpt>
      <trkpt lat="39.92034" lon="18.27824">
        <ele>165.7</ele>
      </trkpt>
      <trkpt lat="39.92027" lon="18.27808">
        <ele>165.5</ele>
      </trkpt>
      <trkpt lat="39.92019" lon="18.27786">
        <ele>165.2</ele>
      </trkpt>
      <trkpt lat="39.92012" lon="18.27709">
        <ele>164.0</ele>
      </trkpt>
      <trkpt lat="39.9198" lon="18.27713">
        <ele>164.2</ele>
      </trkpt>
      <trkpt lat="39.91974" lon="18.27822">
        <ele>165.0</ele>
      </trkpt>
      <trkpt lat="39.91974" lon="18.27935">
        <ele>166.3</ele>
      </trkpt>
      <trkpt lat="39.91972" lon="18.28001">
        <ele>165.0</ele>
      </trkpt>
      <trkpt lat="39.91971" lon="18.280259">
        <ele>165.0</ele>
      </trkpt>
      <trkpt lat="39.92002" lon="18.28102">
        <ele>165.5</ele>
      </trkpt>
      <trkpt lat="39.920319" lon="18.28157">
        <ele>167.6</ele>
      </trkpt>
      <trkpt lat="39.92007" lon="18.28191">
        <ele>167.5</ele>
      </trkpt>
      <trkpt lat="39.92025" lon="18.2823">
        <ele>168.4</ele>
      </trkpt>
      <trkpt lat="39.92063" lon="18.28301">
        <ele>169.5</ele>
      </trkpt>
      <trkpt lat="39.921" lon="18.28372">
        <ele>170.1</ele>
      </trkpt>
      <trkpt lat="39.92066" lon="18.28412">
        <ele>169.8</ele>
      </trkpt>
      <trkpt lat="39.92052" lon="18.28418">
        <ele>169.6</ele>
      </trkpt>
      <trkpt lat="39.92018" lon="18.2844">
        <ele>169.4</ele>
      </trkpt>
      <trkpt lat="39.91988" lon="18.28471">
        <ele>169.5</ele>
      </trkpt>
      <trkpt lat="39.91958" lon="18.28496">
        <ele>169.4</ele>
      </trkpt>
      <trkpt lat="39.91933" lon="18.28557">
        <ele>168.5</ele>
      </trkpt>
      <trkpt lat="39.91907" lon="18.286169">
        <ele>168.4</ele>
      </trkpt>
      <trkpt lat="39.91898" lon="18.28614">
        <ele>168.4</ele>
      </trkpt>
      <trkpt lat="39.91894" lon="18.28612">
        <ele>168.3</ele>
      </trkpt>
      <trkpt lat="39.918729" lon="18.28587">
        <ele>168.0</ele>
      </trkpt>
      <trkpt lat="39.91829" lon="18.28563">
        <ele>168.2</ele>
      </trkpt>
      <trkpt lat="39.91761" lon="18.2853">
        <ele>170.6</ele>
      </trkpt>
      <trkpt lat="39.916759" lon="18.2853">
        <ele>170.1</ele>
      </trkpt>
      <trkpt lat="39.91664" lon="18.28526">
        <ele>169.9</ele>
      </trkpt>
      <trkpt lat="39.916289" lon="18.28515">
        <ele>169.1</ele>
      </trkpt>
      <trkpt lat="39.91615" lon="18.28624">
        <ele>169.4</ele>
      </trkpt>
      <trkpt lat="39.91607" lon="18.28632">
        <ele>169.4</ele>
      </trkpt>
      <trkpt lat="39.91549" lon="18.2863">
        <ele>168.0</ele>
      </trkpt>
      <trkpt lat="39.91541" lon="18.28625">
        <ele>167.7</ele>
      </trkpt>
      <trkpt lat="39.91531" lon="18.28591">
        <ele>167.4</ele>
      </trkpt>
      <trkpt lat="39.91526" lon="18.28586">
        <ele>167.3</ele>
      </trkpt>
      <trkpt lat="39.9151" lon="18.28579">
        <ele>167.1</ele>
      </trkpt>
      <trkpt lat="39.9146" lon="18.28564">
        <ele>165.8</ele>
      </trkpt>
      <trkpt lat="39.91376" lon="18.2856">
        <ele>165.0</ele>
      </trkpt>
      <trkpt lat="39.91343" lon="18.28548">
        <ele>165.3</ele>
      </trkpt>
      <trkpt lat="39.91333" lon="18.28591">
        <ele>165.1</ele>
      </trkpt>
      <trkpt lat="39.91316" lon="18.28665">
        <ele>166.2</ele>
      </trkpt>
      <trkpt lat="39.91292" lon="18.287299">
        <ele>166.9</ele>
      </trkpt>
      <trkpt lat="39.91268" lon="18.28795">
        <ele>166.2</ele>
      </trkpt>
      <trkpt lat="39.91259" lon="18.28834">
        <ele>165.0</ele>
      </trkpt>
      <trkpt lat="39.91252" lon="18.28848">
        <ele>165.0</ele>
      </trkpt>
      <trkpt lat="39.9124" lon="18.28862">
        <ele>165.2</ele>
      </trkpt>
      <trkpt lat="39.91232" lon="18.28868">
        <ele>165.4</ele>
      </trkpt>
      <trkpt lat="39.912149" lon="18.28873">
        <ele>165.8</ele>
      </trkpt>
      <trkpt lat="39.91179" lon="18.28894">
        <ele>166.7</ele>
      </trkpt>
      <trkpt lat="39.911679" lon="18.28905">
        <ele>167.0</ele>
      </trkpt>
      <trkpt lat="39.91153" lon="18.28926">
        <ele>167.0</ele>
      </trkpt>
      <trkpt lat="39.91145" lon="18.28941">
        <ele>167.0</ele>
      </trkpt>
      <trkpt lat="39.91156" lon="18.28975">
        <ele>167.0</ele>
      </trkpt>
      <trkpt lat="39.91195" lon="18.29063">
        <ele>166.8</ele>
      </trkpt>
      <trkpt lat="39.91202" lon="18.29075">
        <ele>166.9</ele>
      </trkpt>
      <trkpt lat="39.91231" lon="18.29153">
        <ele>166.9</ele>
      </trkpt>
      <trkpt lat="39.91259" lon="18.29231">
        <ele>167.1</ele>
      </trkpt>
      <trkpt lat="39.91264" lon="18.29262">
        <ele>167.2</ele>
      </trkpt>
      <trkpt lat="39.91273" lon="18.29324">
        <ele>167.5</ele>
      </trkpt>
      <trkpt lat="39.91283" lon="18.29386">
        <ele>168.4</ele>
      </trkpt>
      <trkpt lat="39.91284" lon="18.29411">
        <ele>168.7</ele>
      </trkpt>
      <trkpt lat="39.91289" lon="18.2943">
        <ele>169.0</ele>
      </trkpt>
      <trkpt lat="39.91306" lon="18.29473">
        <ele>169.6</ele>
      </trkpt>
      <trkpt lat="39.91307" lon="18.29479">
        <ele>169.6</ele>
      </trkpt>
      <trkpt lat="39.91306" lon="18.29487">
        <ele>169.6</ele>
      </trkpt>
      <trkpt lat="39.91303" lon="18.294899">
        <ele>169.6</ele>
      </trkpt>
      <trkpt lat="39.91274" lon="18.29506">
        <ele>169.3</ele>
      </trkpt>
      <trkpt lat="39.9127" lon="18.2951">
        <ele>169.3</ele>
      </trkpt>
      <trkpt lat="39.91267" lon="18.29516">
        <ele>169.4</ele>
      </trkpt>
      <trkpt lat="39.91266" lon="18.29527">
        <ele>169.5</ele>
      </trkpt>
      <trkpt lat="39.91272" lon="18.2962">
        <ele>170.6</ele>
      </trkpt>
      <trkpt lat="39.91238" lon="18.296309">
        <ele>170.3</ele>
      </trkpt>
      <trkpt lat="39.91177" lon="18.29661">
        <ele>169.2</ele>
      </trkpt>
      <trkpt lat="39.911209" lon="18.29674">
        <ele>168.6</ele>
      </trkpt>
      <trkpt lat="39.91117" lon="18.2968">
        <ele>168.7</ele>
      </trkpt>
      <trkpt lat="39.91116" lon="18.29726">
        <ele>169.7</ele>
      </trkpt>
      <trkpt lat="39.91114" lon="18.29768">
        <ele>170.2</ele>
      </trkpt>
      <trkpt lat="39.91115" lon="18.298369">
        <ele>170.8</ele>
      </trkpt>
      <trkpt lat="39.91114" lon="18.29849">
        <ele>170.9</ele>
      </trkpt>
      <trkpt lat="39.91048" lon="18.29857">
        <ele>169.7</ele>
      </trkpt>
      <trkpt lat="39.90981" lon="18.29866">
        <ele>169.1</ele>
      </trkpt>
      <trkpt lat="39.909149" lon="18.29874">
        <ele>169.5</ele>
      </trkpt>
      <trkpt lat="39.90865" lon="18.298469">
        <ele>168.9</ele>
      </trkpt>
      <trkpt lat="39.90811" lon="18.29834">
        <ele>168.0</ele>
      </trkpt>
      <trkpt lat="39.907739" lon="18.29925">
        <ele>169.4</ele>
      </trkpt>
      <trkpt lat="39.9072" lon="18.30007">
        <ele>169.8</ele>
      </trkpt>
      <trkpt lat="39.90717" lon="18.30019">
        <ele>169.9</ele>
      </trkpt>
      <trkpt lat="39.9069" lon="18.30127">
        <ele>171.9</ele>
      </trkpt>
      <trkpt lat="39.90672" lon="18.30165">
        <ele>172.9</ele>
      </trkpt>
      <trkpt lat="39.90626" lon="18.3024">
        <ele>173.8</ele>
      </trkpt>
      <trkpt lat="39.90601" lon="18.30326">
        <ele>174.9</ele>
      </trkpt>
      <trkpt lat="39.906" lon="18.30396">
        <ele>175.9</ele>
      </trkpt>
      <trkpt lat="39.906" lon="18.304659">
        <ele>177.1</ele>
      </trkpt>
      <trkpt lat="39.90572" lon="18.30507">
        <ele>177.9</ele>
      </trkpt>
      <trkpt lat="39.90541" lon="18.3054">
        <ele>178.0</ele>
      </trkpt>
      <trkpt lat="39.90478" lon="18.30558">
        <ele>177.7</ele>
      </trkpt>
      <trkpt lat="39.9043" lon="18.305689">
        <ele>177.8</ele>
      </trkpt>
      <trkpt lat="39.903889" lon="18.30591">
        <ele>176.9</ele>
      </trkpt>
      <trkpt lat="39.90325" lon="18.30631">
        <ele>176.0</ele>
      </trkpt>
      <trkpt lat="39.90262" lon="18.30672">
        <ele>175.3</ele>
      </trkpt>
      <trkpt lat="39.90224" lon="18.30724">
        <ele>174.1</ele>
      </trkpt>
      <trkpt lat="39.90187" lon="18.30777">
        <ele>172.6</ele>
      </trkpt>
      <trkpt lat="39.9014" lon="18.3079">
        <ele>172.3</ele>
      </trkpt>
      <trkpt lat="39.90093" lon="18.30803">
        <ele>172.9</ele>
      </trkpt>
      <trkpt lat="39.90078" lon="18.30807">
        <ele>172.9</ele>
      </trkpt>
      <trkpt lat="39.90009" lon="18.30826">
        <ele>172.0</ele>
      </trkpt>
      <trkpt lat="39.89941" lon="18.30845">
        <ele>171.2</ele>
      </trkpt>
      <trkpt lat="39.89872" lon="18.30864">
        <ele>171.0</ele>
      </trkpt>
      <trkpt lat="39.89813" lon="18.30893">
        <ele>171.2</ele>
      </trkpt>
      <trkpt lat="39.89748" lon="18.30937">
        <ele>170.0</ele>
      </trkpt>
      <trkpt lat="39.89683" lon="18.30981">
        <ele>169.0</ele>
      </trkpt>
      <trkpt lat="39.89618" lon="18.31025">
        <ele>168.3</ele>
      </trkpt>
      <trkpt lat="39.89553" lon="18.31069">
        <ele>168.7</ele>
      </trkpt>
      <trkpt lat="39.89503" lon="18.31106">
        <ele>169.5</ele>
      </trkpt>
      <trkpt lat="39.894509" lon="18.31152">
        <ele>169.5</ele>
      </trkpt>
      <trkpt lat="39.89428" lon="18.31231">
        <ele>170.0</ele>
      </trkpt>
      <trkpt lat="39.89393" lon="18.31303">
        <ele>170.0</ele>
      </trkpt>
      <trkpt lat="39.89373" lon="18.31335">
        <ele>170.5</ele>
      </trkpt>
      <trkpt lat="39.89367" lon="18.31357">
        <ele>170.9</ele>
      </trkpt>
      <trkpt lat="39.89356" lon="18.31469">
        <ele>171.4</ele>
      </trkpt>
      <trkpt lat="39.89349" lon="18.31509">
        <ele>171.1</ele>
      </trkpt>
      <trkpt lat="39.89344" lon="18.31523">
        <ele>171.1</ele>
      </trkpt>
      <trkpt lat="39.893009" lon="18.31596">
        <ele>171.1</ele>
      </trkpt>
      <trkpt lat="39.89257" lon="18.31669">
        <ele>171.9</ele>
      </trkpt>
      <trkpt lat="39.89215" lon="18.31749">
        <ele>171.2</ele>
      </trkpt>
      <trkpt lat="39.89185" lon="18.31797">
        <ele>170.9</ele>
      </trkpt>
      <trkpt lat="39.89156" lon="18.31846">
        <ele>171.0</ele>
      </trkpt>
      <trkpt lat="39.89127" lon="18.31898">
        <ele>170.6</ele>
      </trkpt>
      <trkpt lat="39.89097" lon="18.3195">
        <ele>169.7</ele>
      </trkpt>
      <trkpt lat="39.8909" lon="18.31967">
        <ele>169.4</ele>
      </trkpt>
      <trkpt lat="39.89085" lon="18.32001">
        <ele>169.0</ele>
      </trkpt>
      <trkpt lat="39.89085" lon="18.32035">
        <ele>169.0</ele>
      </trkpt>
      <trkpt lat="39.89079" lon="18.32122">
        <ele>169.9</ele>
      </trkpt>
      <trkpt lat="39.89076" lon="18.32143">
        <ele>170.3</ele>
      </trkpt>
      <trkpt lat="39.89068" lon="18.32157">
        <ele>170.4</ele>
      </trkpt>
      <trkpt lat="39.89007" lon="18.3221">
        <ele>168.4</ele>
      </trkpt>
      <trkpt lat="39.88937" lon="18.32246">
        <ele>168.0</ele>
      </trkpt>
      <trkpt lat="39.88926" lon="18.32255">
        <ele>168.0</ele>
      </trkpt>
      <trkpt lat="39.88894" lon="18.32293">
        <ele>168.1</ele>
      </trkpt>
      <trkpt lat="39.888509" lon="18.32335">
        <ele>168.7</ele>
      </trkpt>
      <trkpt lat="39.88807" lon="18.32378">
        <ele>168.4</ele>
      </trkpt>
      <trkpt lat="39.88777" lon="18.3242">
        <ele>168.2</ele>
      </trkpt>
      <trkpt lat="39.88745" lon="18.324739">
        <ele>167.0</ele>
      </trkpt>
      <trkpt lat="39.88713" lon="18.32529">
        <ele>167.2</ele>
      </trkpt>
      <trkpt lat="39.88665" lon="18.3261">
        <ele>168.0</ele>
      </trkpt>
      <trkpt lat="39.886159" lon="18.326899">
        <ele>168.7</ele>
      </trkpt>
      <trkpt lat="39.88568" lon="18.32771">
        <ele>168.1</ele>
      </trkpt>
      <trkpt lat="39.88526" lon="18.32819">
        <ele>167.8</ele>
      </trkpt>
      <trkpt lat="39.88485" lon="18.32867">
        <ele>166.1</ele>
      </trkpt>
      <trkpt lat="39.88468" lon="18.328869">
        <ele>165.2</ele>
      </trkpt>
      <trkpt lat="39.884569" lon="18.32896">
        <ele>165.2</ele>
      </trkpt>
      <trkpt lat="39.8845" lon="18.329">
        <ele>165.4</ele>
      </trkpt>
      <trkpt lat="39.88446" lon="18.32904">
        <ele>165.4</ele>
      </trkpt>
      <trkpt lat="39.88414" lon="18.32885">
        <ele>167.4</ele>
      </trkpt>
      <trkpt lat="39.88344" lon="18.32874">
        <ele>167.5</ele>
      </trkpt>
      <trkpt lat="39.88273" lon="18.32852">
        <ele>167.6</ele>
      </trkpt>
      <trkpt lat="39.88224" lon="18.32828">
        <ele>167.9</ele>
      </trkpt>
      <trkpt lat="39.88208" lon="18.32821">
        <ele>167.8</ele>
      </trkpt>
      <trkpt lat="39.88199" lon="18.32863">
        <ele>167.9</ele>
      </trkpt>
      <trkpt lat="39.881749" lon="18.32947">
        <ele>168.2</ele>
      </trkpt>
      <trkpt lat="39.881839" lon="18.33019">
        <ele>168.4</ele>
      </trkpt>
      <trkpt lat="39.88174" lon="18.33069">
        <ele>168.5</ele>
      </trkpt>
      <trkpt lat="39.88135" lon="18.33127">
        <ele>168.0</ele>
      </trkpt>
      <trkpt lat="39.88127" lon="18.33132">
        <ele>167.9</ele>
      </trkpt>
      <trkpt lat="39.880719" lon="18.33193">
        <ele>167.5</ele>
      </trkpt>
      <trkpt lat="39.88037" lon="18.33228">
        <ele>166.3</ele>
      </trkpt>
      <trkpt lat="39.88007" lon="18.33261">
        <ele>165.0</ele>
      </trkpt>
      <trkpt lat="39.87974" lon="18.33314">
        <ele>163.6</ele>
      </trkpt>
      <trkpt lat="39.87961" lon="18.3334">
        <ele>163.0</ele>
      </trkpt>
      <trkpt lat="39.8795" lon="18.33362">
        <ele>162.7</ele>
      </trkpt>
      <trkpt lat="39.879309" lon="18.33383">
        <ele>162.6</ele>
      </trkpt>
      <trkpt lat="39.87907" lon="18.33424">
        <ele>162.6</ele>
      </trkpt>
      <trkpt lat="39.87894" lon="18.33439">
        <ele>162.2</ele>
      </trkpt>
      <trkpt lat="39.87845" lon="18.33491">
        <ele>162.6</ele>
      </trkpt>
      <trkpt lat="39.87843" lon="18.33496">
        <ele>162.8</ele>
      </trkpt>
      <trkpt lat="39.87844" lon="18.33505">
        <ele>162.9</ele>
      </trkpt>
      <trkpt lat="39.8786" lon="18.33545">
        <ele>162.9</ele>
      </trkpt>
      <trkpt lat="39.87864" lon="18.33622">
        <ele>163.8</ele>
      </trkpt>
      <trkpt lat="39.87857" lon="18.33683">
        <ele>165.1</ele>
      </trkpt>
      <trkpt lat="39.87856" lon="18.336939">
        <ele>165.4</ele>
      </trkpt>
      <trkpt lat="39.87813" lon="18.33722">
        <ele>167.1</ele>
      </trkpt>
      <trkpt lat="39.8777" lon="18.33751">
        <ele>168.8</ele>
      </trkpt>
      <trkpt lat="39.87742" lon="18.33774">
        <ele>170.7</ele>
      </trkpt>
      <trkpt lat="39.87721" lon="18.338">
        <ele>172.5</ele>
      </trkpt>
      <trkpt lat="39.87726" lon="18.33812">
        <ele>173.4</ele>
      </trkpt>
      <trkpt lat="39.87726" lon="18.33812">
        <ele>173.4</ele>
      </trkpt>
      <trkpt lat="39.87732" lon="18.33828">
        <ele>174.6</ele>
      </trkpt>
      <trkpt lat="39.877" lon="18.3385">
        <ele>176.0</ele>
      </trkpt>
      <trkpt lat="39.87661" lon="18.33884">
        <ele>177.8</ele>
      </trkpt>
      <trkpt lat="39.87641" lon="18.33913">
        <ele>178.6</ele>
      </trkpt>
      <trkpt lat="39.87635" lon="18.33933">
        <ele>178.9</ele>
      </trkpt>
      <trkpt lat="39.8763" lon="18.33954">
        <ele>179.1</ele>
      </trkpt>
      <trkpt lat="39.87628" lon="18.33993">
        <ele>180.0</ele>
      </trkpt>
      <trkpt lat="39.87622" lon="18.34019">
        <ele>180.0</ele>
      </trkpt>
      <trkpt lat="39.87609" lon="18.34031">
        <ele>179.6</ele>
      </trkpt>
      <trkpt lat="39.87561" lon="18.34049">
        <ele>178.9</ele>
      </trkpt>
      <trkpt lat="39.87561" lon="18.34049">
        <ele>178.9</ele>
      </trkpt>
      <trkpt lat="39.87527" lon="18.34063">
        <ele>178.8</ele>
      </trkpt>
      <trkpt lat="39.87521" lon="18.34052">
        <ele>178.5</ele>
      </trkpt>
      <trkpt lat="39.87489" lon="18.34038">
        <ele>177.7</ele>
      </trkpt>
      <trkpt lat="39.874809" lon="18.34029">
        <ele>177.4</ele>
      </trkpt>
      <trkpt lat="39.87457" lon="18.33999">
        <ele>176.5</ele>
      </trkpt>
      <trkpt lat="39.87382" lon="18.34026">
        <ele>175.8</ele>
      </trkpt>
      <trkpt lat="39.87306" lon="18.34054">
        <ele>174.4</ele>
      </trkpt>
      <trkpt lat="39.8723" lon="18.34081">
        <ele>173.5</ele>
      </trkpt>
      <trkpt lat="39.87155" lon="18.34108">
        <ele>171.2</ele>
      </trkpt>
      <trkpt lat="39.87139" lon="18.34111">
        <ele>170.6</ele>
      </trkpt>
      <trkpt lat="39.87112" lon="18.3411">
        <ele>169.5</ele>
      </trkpt>
      <trkpt lat="39.87071" lon="18.34102">
        <ele>167.4</ele>
      </trkpt>
      <trkpt lat="39.87016" lon="18.34076">
        <ele>163.7</ele>
      </trkpt>
      <trkpt lat="39.87006" lon="18.34077">
        <ele>163.1</ele>
      </trkpt>
      <trkpt lat="39.86978" lon="18.34087">
        <ele>161.1</ele>
      </trkpt>
      <trkpt lat="39.86967" lon="18.34089">
        <ele>160.2</ele>
      </trkpt>
      <trkpt lat="39.86956" lon="18.34088">
        <ele>159.3</ele>
      </trkpt>
      <trkpt lat="39.86939" lon="18.34075">
        <ele>157.6</ele>
      </trkpt>
      <trkpt lat="39.86927" lon="18.34077">
        <ele>156.6</ele>
      </trkpt>
      <trkpt lat="39.86878" lon="18.34121">
        <ele>154.6</ele>
      </trkpt>
      <trkpt lat="39.86868" lon="18.34124">
        <ele>154.2</ele>
      </trkpt>
      <trkpt lat="39.86856" lon="18.34119">
        <ele>153.5</ele>
      </trkpt>
      <trkpt lat="39.868429" lon="18.341349">
        <ele>153.1</ele>
      </trkpt>
      <trkpt lat="39.86803" lon="18.34185">
        <ele>152.5</ele>
      </trkpt>
      <trkpt lat="39.86763" lon="18.34231">
        <ele>152.1</ele>
      </trkpt>
      <trkpt lat="39.86713" lon="18.34272">
        <ele>152.6</ele>
      </trkpt>
      <trkpt lat="39.86663" lon="18.34313">
        <ele>152.7</ele>
      </trkpt>
      <trkpt lat="39.86648" lon="18.34319">
        <ele>152.6</ele>
      </trkpt>
      <trkpt lat="39.86569" lon="18.34328">
        <ele>151.8</ele>
      </trkpt>
      <trkpt lat="39.86545" lon="18.34321">
        <ele>151.3</ele>
      </trkpt>
      <trkpt lat="39.86495" lon="18.34316">
        <ele>150.5</ele>
      </trkpt>
      <trkpt lat="39.86445" lon="18.34313">
        <ele>149.2</ele>
      </trkpt>
      <trkpt lat="39.86398" lon="18.34322">
        <ele>148.5</ele>
      </trkpt>
      <trkpt lat="39.8634" lon="18.34339">
        <ele>148.2</ele>
      </trkpt>
      <trkpt lat="39.86289" lon="18.3436">
        <ele>147.6</ele>
      </trkpt>
      <trkpt lat="39.86284" lon="18.34359">
        <ele>147.4</ele>
      </trkpt>
      <trkpt lat="39.86257" lon="18.34333">
        <ele>146.2</ele>
      </trkpt>
      <trkpt lat="39.8618" lon="18.34347">
        <ele>147.7</ele>
      </trkpt>
      <trkpt lat="39.86103" lon="18.34361">
        <ele>148.3</ele>
      </trkpt>
      <trkpt lat="39.86103" lon="18.34361">
        <ele>148.3</ele>
      </trkpt>
      <trkpt lat="39.86075" lon="18.343699">
        <ele>148.3</ele>
      </trkpt>
      <trkpt lat="39.859969" lon="18.3439">
        <ele>146.9</ele>
      </trkpt>
      <trkpt lat="39.85972" lon="18.344">
        <ele>146.2</ele>
      </trkpt>
      <trkpt lat="39.85944" lon="18.34404">
        <ele>145.5</ele>
      </trkpt>
      <trkpt lat="39.85917" lon="18.343979">
        <ele>144.6</ele>
      </trkpt>
      <trkpt lat="39.85899" lon="18.34391">
        <ele>143.7</ele>
      </trkpt>
      <trkpt lat="39.85865" lon="18.34448">
        <ele>142.9</ele>
      </trkpt>
      <trkpt lat="39.85834" lon="18.34503">
        <ele>141.0</ele>
      </trkpt>
      <trkpt lat="39.857819" lon="18.345">
        <ele>138.5</ele>
      </trkpt>
      <trkpt lat="39.8577" lon="18.34507">
        <ele>138.2</ele>
      </trkpt>
      <trkpt lat="39.8577" lon="18.34507">
        <ele>138.2</ele>
      </trkpt>
      <trkpt lat="39.85762" lon="18.34512">
        <ele>137.9</ele>
      </trkpt>
      <trkpt lat="39.857529" lon="18.34508">
        <ele>137.4</ele>
      </trkpt>
      <trkpt lat="39.85689" lon="18.34451">
        <ele>135.4</ele>
      </trkpt>
      <trkpt lat="39.85625" lon="18.34393">
        <ele>133.7</ele>
      </trkpt>
      <trkpt lat="39.85579" lon="18.34356">
        <ele>132.9</ele>
      </trkpt>
      <trkpt lat="39.85534" lon="18.34318">
        <ele>132.0</ele>
      </trkpt>
      <trkpt lat="39.855289" lon="18.34317">
        <ele>131.9</ele>
      </trkpt>
      <trkpt lat="39.85524" lon="18.34321">
        <ele>131.7</ele>
      </trkpt>
      <trkpt lat="39.85502" lon="18.34347">
        <ele>131.2</ele>
      </trkpt>
      <trkpt lat="39.85493" lon="18.34349">
        <ele>131.2</ele>
      </trkpt>
      <trkpt lat="39.85489" lon="18.34366">
        <ele>131.3</ele>
      </trkpt>
      <trkpt lat="39.85479" lon="18.3439">
        <ele>131.5</ele>
      </trkpt>
      <trkpt lat="39.85467" lon="18.34428">
        <ele>131.7</ele>
      </trkpt>
      <trkpt lat="39.85457" lon="18.34462">
        <ele>131.7</ele>
      </trkpt>
      <trkpt lat="39.85457" lon="18.34462">
        <ele>131.7</ele>
      </trkpt>
      <trkpt lat="39.85449" lon="18.34507">
        <ele>132.0</ele>
      </trkpt>
      <trkpt lat="39.85413" lon="18.34579">
        <ele>133.8</ele>
      </trkpt>
      <trkpt lat="39.85407" lon="18.34597">
        <ele>134.0</ele>
      </trkpt>
      <trkpt lat="39.8539" lon="18.34615">
        <ele>134.0</ele>
      </trkpt>
      <trkpt lat="39.85377" lon="18.346329">
        <ele>134.2</ele>
      </trkpt>
      <trkpt lat="39.85318" lon="18.34683">
        <ele>134.7</ele>
      </trkpt>
      <trkpt lat="39.8528" lon="18.3472">
        <ele>133.5</ele>
      </trkpt>
      <trkpt lat="39.85274" lon="18.34728">
        <ele>133.2</ele>
      </trkpt>
      <trkpt lat="39.85267" lon="18.34739">
        <ele>132.8</ele>
      </trkpt>
      <trkpt lat="39.85243" lon="18.34797">
        <ele>131.4</ele>
      </trkpt>
      <trkpt lat="39.85233" lon="18.34828">
        <ele>131.0</ele>
      </trkpt>
      <trkpt lat="39.85195" lon="18.34875">
        <ele>131.5</ele>
      </trkpt>
      <trkpt lat="39.85157" lon="18.34921">
        <ele>132.1</ele>
      </trkpt>
      <trkpt lat="39.85139" lon="18.34951">
        <ele>132.7</ele>
      </trkpt>
      <trkpt lat="39.85101" lon="18.349889">
        <ele>133.1</ele>
      </trkpt>
      <trkpt lat="39.85063" lon="18.350269">
        <ele>132.3</ele>
      </trkpt>
      <trkpt lat="39.85052" lon="18.35021">
        <ele>131.9</ele>
      </trkpt>
      <trkpt lat="39.85045" lon="18.35005">
        <ele>131.6</ele>
      </trkpt>
      <trkpt lat="39.85035" lon="18.35002">
        <ele>131.3</ele>
      </trkpt>
      <trkpt lat="39.85023" lon="18.35001">
        <ele>130.8</ele>
      </trkpt>
      <trkpt lat="39.8501" lon="18.35011">
        <ele>130.4</ele>
      </trkpt>
      <trkpt lat="39.84999" lon="18.35024">
        <ele>130.0</ele>
      </trkpt>
      <trkpt lat="39.849649" lon="18.35051">
        <ele>129.7</ele>
      </trkpt>
      <trkpt lat="39.84948" lon="18.35041">
        <ele>129.4</ele>
      </trkpt>
      <trkpt lat="39.849379" lon="18.35042">
        <ele>129.3</ele>
      </trkpt>
      <trkpt lat="39.8492" lon="18.35059">
        <ele>129.4</ele>
      </trkpt>
      <trkpt lat="39.848909" lon="18.35068">
        <ele>129.0</ele>
      </trkpt>
      <trkpt lat="39.84858" lon="18.350739">
        <ele>128.4</ele>
      </trkpt>
      <trkpt lat="39.84819" lon="18.35089">
        <ele>127.6</ele>
      </trkpt>
      <trkpt lat="39.84786" lon="18.35106">
        <ele>127.0</ele>
      </trkpt>
      <trkpt lat="39.8473" lon="18.35154">
        <ele>127.5</ele>
      </trkpt>
      <trkpt lat="39.84713" lon="18.35163">
        <ele>127.1</ele>
      </trkpt>
      <trkpt lat="39.84695" lon="18.35165">
        <ele>126.3</ele>
      </trkpt>
      <trkpt lat="39.84645" lon="18.35184">
        <ele>125.1</ele>
      </trkpt>
      <trkpt lat="39.84602" lon="18.35212">
        <ele>124.9</ele>
      </trkpt>
      <trkpt lat="39.8456" lon="18.3524">
        <ele>124.6</ele>
      </trkpt>
      <trkpt lat="39.84543" lon="18.35254">
        <ele>124.6</ele>
      </trkpt>
      <trkpt lat="39.84503" lon="18.35281">
        <ele>124.8</ele>
      </trkpt>
      <trkpt lat="39.84463" lon="18.35309">
        <ele>124.5</ele>
      </trkpt>
      <trkpt lat="39.84404" lon="18.35352">
        <ele>122.9</ele>
      </trkpt>
      <trkpt lat="39.84344" lon="18.35396">
        <ele>122.8</ele>
      </trkpt>
      <trkpt lat="39.84285" lon="18.354399">
        <ele>122.3</ele>
      </trkpt>
      <trkpt lat="39.84209" lon="18.35489">
        <ele>121.8</ele>
      </trkpt>
      <trkpt lat="39.84133" lon="18.35539">
        <ele>120.6</ele>
      </trkpt>
      <trkpt lat="39.84122" lon="18.35537">
        <ele>120.5</ele>
      </trkpt>
      <trkpt lat="39.84109" lon="18.35526">
        <ele>120.3</ele>
      </trkpt>
      <trkpt lat="39.8409" lon="18.35521">
        <ele>120.1</ele>
      </trkpt>
      <trkpt lat="39.84062" lon="18.35525">
        <ele>119.5</ele>
      </trkpt>
      <trkpt lat="39.84032" lon="18.35519">
        <ele>118.8</ele>
      </trkpt>
      <trkpt lat="39.84021" lon="18.35521">
        <ele>118.5</ele>
      </trkpt>
      <trkpt lat="39.840179" lon="18.355239">
        <ele>118.4</ele>
      </trkpt>
      <trkpt lat="39.84" lon="18.35539">
        <ele>118.0</ele>
      </trkpt>
      <trkpt lat="39.83983" lon="18.35546">
        <ele>117.9</ele>
      </trkpt>
      <trkpt lat="39.83906" lon="18.3556">
        <ele>117.3</ele>
      </trkpt>
      <trkpt lat="39.83882" lon="18.35561">
        <ele>117.3</ele>
      </trkpt>
      <trkpt lat="39.83879" lon="18.35556">
        <ele>117.3</ele>
      </trkpt>
      <trkpt lat="39.8385" lon="18.35474">
        <ele>117.9</ele>
      </trkpt>
      <trkpt lat="39.83811" lon="18.35489">
        <ele>117.4</ele>
      </trkpt>
      <trkpt lat="39.837919" lon="18.35493">
        <ele>117.0</ele>
      </trkpt>
      <trkpt lat="39.83726" lon="18.35499">
        <ele>115.4</ele>
      </trkpt>
      <trkpt lat="39.83661" lon="18.35511">
        <ele>114.1</ele>
      </trkpt>
      <trkpt lat="39.83621" lon="18.35526">
        <ele>114.3</ele>
      </trkpt>
      <trkpt lat="39.83558" lon="18.35595">
        <ele>115.1</ele>
      </trkpt>
      <trkpt lat="39.8351" lon="18.35644">
        <ele>116.3</ele>
      </trkpt>
      <trkpt lat="39.8351" lon="18.35644">
        <ele>116.3</ele>
      </trkpt>
      <trkpt lat="39.83456" lon="18.35696">
        <ele>117.2</ele>
      </trkpt>
      <trkpt lat="39.83437" lon="18.35707">
        <ele>117.2</ele>
      </trkpt>
      <trkpt lat="39.83413" lon="18.35713">
        <ele>117.0</ele>
      </trkpt>
      <trkpt lat="39.833889" lon="18.35725">
        <ele>116.6</ele>
      </trkpt>
      <trkpt lat="39.83386" lon="18.35724">
        <ele>116.5</ele>
      </trkpt>
      <trkpt lat="39.83326" lon="18.35762">
        <ele>116.3</ele>
      </trkpt>
      <trkpt lat="39.83294" lon="18.3579">
        <ele>116.7</ele>
      </trkpt>
      <trkpt lat="39.83293" lon="18.35801">
        <ele>116.9</ele>
      </trkpt>
      <trkpt lat="39.832949" lon="18.35819">
        <ele>117.3</ele>
      </trkpt>
      <trkpt lat="39.833" lon="18.35829">
        <ele>117.5</ele>
      </trkpt>
      <trkpt lat="39.83307" lon="18.358339">
        <ele>117.7</ele>
      </trkpt>
      <trkpt lat="39.83325" lon="18.35844">
        <ele>117.9</ele>
      </trkpt>
      <trkpt lat="39.8333" lon="18.35833">
        <ele>118.0</ele>
      </trkpt>
      <trkpt lat="39.83339" lon="18.35832">
        <ele>118.0</ele>
      </trkpt>
      <trkpt lat="39.83343" lon="18.35824">
        <ele>117.9</ele>
      </trkpt>
      <trkpt lat="39.83344" lon="18.35812">
        <ele>117.6</ele>
      </trkpt>
      <trkpt lat="39.83339" lon="18.35798">
        <ele>117.2</ele>
      </trkpt>
      <trkpt lat="39.83326" lon="18.35762">
        <ele>116.3</ele>
      </trkpt>
      <trkpt lat="39.83294" lon="18.3579">
        <ele>116.7</ele>
      </trkpt>
      <trkpt lat="39.83283" lon="18.35789">
        <ele>116.7</ele>
      </trkpt>
      <trkpt lat="39.8327" lon="18.35792">
        <ele>116.6</ele>
      </trkpt>
      <trkpt lat="39.8325" lon="18.35805">
        <ele>116.7</ele>
      </trkpt>
      <trkpt lat="39.83235" lon="18.35829">
        <ele>116.9</ele>
      </trkpt>
      <trkpt lat="39.83214" lon="18.35855">
        <ele>117.1</ele>
      </trkpt>
      <trkpt lat="39.83202" lon="18.35871">
        <ele>117.3</ele>
      </trkpt>
      <trkpt lat="39.83179" lon="18.35863">
        <ele>117.3</ele>
      </trkpt>
      <trkpt lat="39.831539" lon="18.35866">
        <ele>117.5</ele>
      </trkpt>
      <trkpt lat="39.83137" lon="18.35865">
        <ele>117.6</ele>
      </trkpt>
      <trkpt lat="39.83125" lon="18.35861">
        <ele>117.7</ele>
      </trkpt>
      <trkpt lat="39.831159" lon="18.35852">
        <ele>117.7</ele>
      </trkpt>
      <trkpt lat="39.83086" lon="18.35805">
        <ele>118.0</ele>
      </trkpt>
      <trkpt lat="39.830419" lon="18.35839">
        <ele>119.5</ele>
      </trkpt>
      <trkpt lat="39.83032" lon="18.35846">
        <ele>119.8</ele>
      </trkpt>
      <trkpt lat="39.82998" lon="18.35857">
        <ele>121.1</ele>
      </trkpt>
      <trkpt lat="39.82967" lon="18.35864">
        <ele>122.2</ele>
      </trkpt>
      <trkpt lat="39.82911" lon="18.35863">
        <ele>123.8</ele>
      </trkpt>
      <trkpt lat="39.82855" lon="18.358619">
        <ele>121.8</ele>
      </trkpt>
      <trkpt lat="39.82818" lon="18.35866">
        <ele>120.4</ele>
      </trkpt>
      <trkpt lat="39.82786" lon="18.35858">
        <ele>118.4</ele>
      </trkpt>
      <trkpt lat="39.82759" lon="18.35851">
        <ele>116.6</ele>
      </trkpt>
      <trkpt lat="39.82707" lon="18.35829">
        <ele>111.8</ele>
      </trkpt>
      <trkpt lat="39.82655" lon="18.35808">
        <ele>108.2</ele>
      </trkpt>
      <trkpt lat="39.82614" lon="18.357869">
        <ele>107.0</ele>
      </trkpt>
      <trkpt lat="39.82556" lon="18.35741">
        <ele>105.6</ele>
      </trkpt>
      <trkpt lat="39.82502" lon="18.35694">
        <ele>104.4</ele>
      </trkpt>
      <trkpt lat="39.82452" lon="18.35645">
        <ele>104.0</ele>
      </trkpt>
      <trkpt lat="39.82402" lon="18.35597">
        <ele>103.3</ele>
      </trkpt>
      <trkpt lat="39.8238" lon="18.3558">
        <ele>103.4</ele>
      </trkpt>
      <trkpt lat="39.82323" lon="18.35566">
        <ele>103.7</ele>
      </trkpt>
      <trkpt lat="39.82266" lon="18.35553">
        <ele>102.8</ele>
      </trkpt>
      <trkpt lat="39.8224" lon="18.35554">
        <ele>102.7</ele>
      </trkpt>
      <trkpt lat="39.82177" lon="18.35535">
        <ele>102.9</ele>
      </trkpt>
      <trkpt lat="39.82114" lon="18.355149">
        <ele>102.9</ele>
      </trkpt>
      <trkpt lat="39.82067" lon="18.3555">
        <ele>102.6</ele>
      </trkpt>
      <trkpt lat="39.82046" lon="18.35566">
        <ele>102.9</ele>
      </trkpt>
      <trkpt lat="39.82006" lon="18.35592">
        <ele>103.8</ele>
      </trkpt>
      <trkpt lat="39.81965" lon="18.35617">
        <ele>102.6</ele>
      </trkpt>
      <trkpt lat="39.81894" lon="18.35628">
        <ele>99.2</ele>
      </trkpt>
      <trkpt lat="39.81828" lon="18.35633">
        <ele>94.1</ele>
      </trkpt>
      <trkpt lat="39.81761" lon="18.356369">
        <ele>90.0</ele>
      </trkpt>
      <trkpt lat="39.81711" lon="18.356649">
        <ele>86.7</ele>
      </trkpt>
      <trkpt lat="39.817279" lon="18.35746">
        <ele>87.7</ele>
      </trkpt>
      <trkpt lat="39.81711" lon="18.35809">
        <ele>87.0</ele>
      </trkpt>
      <trkpt lat="39.81694" lon="18.35872">
        <ele>86.2</ele>
      </trkpt>
      <trkpt lat="39.81686" lon="18.35889">
        <ele>85.8</ele>
      </trkpt>
      <trkpt lat="39.816809" lon="18.35947">
        <ele>85.6</ele>
      </trkpt>
      <trkpt lat="39.81646" lon="18.36015">
        <ele>85.3</ele>
      </trkpt>
      <trkpt lat="39.81626" lon="18.36093">
        <ele>87.3</ele>
      </trkpt>
      <trkpt lat="39.81593" lon="18.36144">
        <ele>87.6</ele>
      </trkpt>
      <trkpt lat="39.815489" lon="18.36199">
        <ele>86.5</ele>
      </trkpt>
      <trkpt lat="39.8152" lon="18.36227">
        <ele>85.5</ele>
      </trkpt>
      <trkpt lat="39.81452" lon="18.36276">
        <ele>83.1</ele>
      </trkpt>
      <trkpt lat="39.81388" lon="18.36319">
        <ele>81.6</ele>
      </trkpt>
      <trkpt lat="39.81324" lon="18.36365">
        <ele>80.3</ele>
      </trkpt>
      <trkpt lat="39.8126" lon="18.36412">
        <ele>81.7</ele>
      </trkpt>
      <trkpt lat="39.8126" lon="18.36412">
        <ele>81.7</ele>
      </trkpt>
      <trkpt lat="39.81198" lon="18.36457">
        <ele>80.9</ele>
      </trkpt>
      <trkpt lat="39.811369" lon="18.36503">
        <ele>80.4</ele>
      </trkpt>
      <trkpt lat="39.81102" lon="18.36525">
        <ele>80.3</ele>
      </trkpt>
      <trkpt lat="39.81021" lon="18.3656">
        <ele>80.8</ele>
      </trkpt>
      <trkpt lat="39.81002" lon="18.36561">
        <ele>80.7</ele>
      </trkpt>
      <trkpt lat="39.809869" lon="18.36558">
        <ele>80.7</ele>
      </trkpt>
      <trkpt lat="39.80965" lon="18.36571">
        <ele>80.9</ele>
      </trkpt>
      <trkpt lat="39.8095" lon="18.36576">
        <ele>80.9</ele>
      </trkpt>
      <trkpt lat="39.8087" lon="18.36582">
        <ele>81.5</ele>
      </trkpt>
      <trkpt lat="39.80839" lon="18.365749">
        <ele>81.6</ele>
      </trkpt>
      <trkpt lat="39.80839" lon="18.365749">
        <ele>81.6</ele>
      </trkpt>
      <trkpt lat="39.8083" lon="18.36573">
        <ele>81.6</ele>
      </trkpt>
      <trkpt lat="39.80829" lon="18.36568">
        <ele>81.4</ele>
      </trkpt>
      <trkpt lat="39.807699" lon="18.36567">
        <ele>80.0</ele>
      </trkpt>
      <trkpt lat="39.80769" lon="18.36577">
        <ele>80.3</ele>
      </trkpt>
      <trkpt lat="39.80733" lon="18.36573">
        <ele>78.7</ele>
      </trkpt>
      <trkpt lat="39.80684" lon="18.36581">
        <ele>75.9</ele>
      </trkpt>
      <trkpt lat="39.80616" lon="18.36601">
        <ele>73.3</ele>
      </trkpt>
      <trkpt lat="39.80616" lon="18.36601">
        <ele>73.3</ele>
      </trkpt>
      <trkpt lat="39.80533" lon="18.36626">
        <ele>70.1</ele>
      </trkpt>
      <trkpt lat="39.80451" lon="18.36651">
        <ele>67.6</ele>
      </trkpt>
      <trkpt lat="39.80368" lon="18.36676">
        <ele>65.5</ele>
      </trkpt>
      <trkpt lat="39.80286" lon="18.36701">
        <ele>63.6</ele>
      </trkpt>
      <trkpt lat="39.80203" lon="18.36727">
        <ele>61.7</ele>
      </trkpt>
      <trkpt lat="39.80121" lon="18.36752">
        <ele>60.6</ele>
      </trkpt>
      <trkpt lat="39.80046" lon="18.36775">
        <ele>59.3</ele>
      </trkpt>
      <trkpt lat="39.79971" lon="18.36797">
        <ele>57.3</ele>
      </trkpt>
      <trkpt lat="39.79897" lon="18.3682">
        <ele>58.0</ele>
      </trkpt>
      <trkpt lat="39.79885" lon="18.36821">
        <ele>58.3</ele>
      </trkpt>
      <trkpt lat="39.798789" lon="18.368189">
        <ele>58.2</ele>
      </trkpt>
      <trkpt lat="39.79877" lon="18.36814">
        <ele>57.6</ele>
      </trkpt>
      <trkpt lat="39.79873" lon="18.368099">
        <ele>57.2</ele>
      </trkpt>
      <trkpt lat="39.79868" lon="18.36809">
        <ele>57.2</ele>
      </trkpt>
      <trkpt lat="39.79863" lon="18.36811">
        <ele>57.5</ele>
      </trkpt>
      <trkpt lat="39.79851" lon="18.36814">
        <ele>58.1</ele>
      </trkpt>
      <trkpt lat="39.79837" lon="18.36814">
        <ele>58.4</ele>
      </trkpt>
      <trkpt lat="39.79778" lon="18.36785">
        <ele>55.9</ele>
      </trkpt>
      <trkpt lat="39.79755" lon="18.36781">
        <ele>56.0</ele>
      </trkpt>
      <trkpt lat="39.797289" lon="18.367819">
        <ele>55.6</ele>
      </trkpt>
      <trkpt lat="39.7971" lon="18.36785">
        <ele>55.4</ele>
      </trkpt>
      <trkpt lat="39.7968" lon="18.36798">
        <ele>56.3</ele>
      </trkpt>
      <trkpt lat="39.796405" lon="18.368065">
        <ele>54.6</ele>
      </trkpt>
      <trkpt lat="39.796382" lon="18.36775">
        <ele>49.9</ele>
      </trkpt>
      <trkpt lat="39.79672" lon="18.36776">
        <ele>52.9</ele>
      </trkpt>
      <trkpt lat="39.79676" lon="18.36783">
        <ele>54.0</ele>
      </trkpt>
      <trkpt lat="39.7968" lon="18.36798">
        <ele>56.3</ele>
      </trkpt>
      <trkpt lat="39.7971" lon="18.36785">
        <ele>55.4</ele>
      </trkpt>
      <trkpt lat="39.79723" lon="18.367819">
        <ele>55.4</ele>
      </trkpt>
      <trkpt lat="39.79755" lon="18.36781">
        <ele>56.0</ele>
      </trkpt>
      <trkpt lat="39.79769" lon="18.367819">
        <ele>55.8</ele>
      </trkpt>
      <trkpt lat="39.79778" lon="18.36785">
        <ele>55.9</ele>
      </trkpt>
      <trkpt lat="39.79837" lon="18.36814">
        <ele>58.4</ele>
      </trkpt>
      <trkpt lat="39.79845" lon="18.36817">
        <ele>58.6</ele>
      </trkpt>
      <trkpt lat="39.79855" lon="18.36818">
        <ele>58.6</ele>
      </trkpt>
      <trkpt lat="39.79859" lon="18.36821">
        <ele>58.8</ele>
      </trkpt>
      <trkpt lat="39.79859" lon="18.36826">
        <ele>59.5</ele>
      </trkpt>
      <trkpt lat="39.79862" lon="18.36833">
        <ele>60.3</ele>
      </trkpt>
      <trkpt lat="39.798699" lon="18.36836">
        <ele>60.3</ele>
      </trkpt>
      <trkpt lat="39.79874" lon="18.36835">
        <ele>60.2</ele>
      </trkpt>
      <trkpt lat="39.79878" lon="18.3683">
        <ele>59.5</ele>
      </trkpt>
      <trkpt lat="39.798789" lon="18.36825">
        <ele>58.9</ele>
      </trkpt>
      <trkpt lat="39.798789" lon="18.368189">
        <ele>58.2</ele>
      </trkpt>
      <trkpt lat="39.79877" lon="18.36814">
        <ele>57.6</ele>
      </trkpt>
      <trkpt lat="39.79889" lon="18.36799">
        <ele>55.7</ele>
      </trkpt>
      <trkpt lat="39.79914" lon="18.36781">
        <ele>53.4</ele>
      </trkpt>
      <trkpt lat="39.79949" lon="18.36753">
        <ele>51.9</ele>
      </trkpt>
      <trkpt lat="39.80004" lon="18.367069">
        <ele>50.6</ele>
      </trkpt>
      <trkpt lat="39.80019" lon="18.36693">
        <ele>50.2</ele>
      </trkpt>
      <trkpt lat="39.80032" lon="18.36677">
        <ele>49.5</ele>
      </trkpt>
      <trkpt lat="39.80041" lon="18.36659">
        <ele>48.1</ele>
      </trkpt>
      <trkpt lat="39.80047" lon="18.366409">
        <ele>46.4</ele>
      </trkpt>
      <trkpt lat="39.80051" lon="18.36623">
        <ele>44.5</ele>
      </trkpt>
      <trkpt lat="39.80053" lon="18.36588">
        <ele>40.7</ele>
      </trkpt>
      <trkpt lat="39.80051" lon="18.36572">
        <ele>39.0</ele>
      </trkpt>
      <trkpt lat="39.80043" lon="18.36541">
        <ele>35.8</ele>
      </trkpt>
      <trkpt lat="39.80033" lon="18.3652">
        <ele>33.4</ele>
      </trkpt>
      <trkpt lat="39.80018" lon="18.36498">
        <ele>30.7</ele>
      </trkpt>
      <trkpt lat="39.79968" lon="18.364439">
        <ele>25.1</ele>
      </trkpt>
      <trkpt lat="39.799169" lon="18.3639">
        <ele>21.0</ele>
      </trkpt>
      <trkpt lat="39.79867" lon="18.36336">
        <ele>14.9</ele>
      </trkpt>
      <trkpt lat="39.79837" lon="18.36299">
        <ele>11.5</ele>
      </trkpt>
      <trkpt lat="39.79827" lon="18.36277">
        <ele>10.1</ele>
      </trkpt>
      <trkpt lat="39.798229" lon="18.36261">
        <ele>9.5</ele>
      </trkpt>
      <trkpt lat="39.79821" lon="18.36238">
        <ele>8.4</ele>
      </trkpt>
      <trkpt lat="39.79807" lon="18.36321">
        <ele>8.7</ele>
      </trkpt>
      <trkpt lat="39.79796" lon="18.3636">
        <ele>8.9</ele>
      </trkpt>
      <trkpt lat="39.79784" lon="18.36389">
        <ele>9.2</ele>
      </trkpt>
      <trkpt lat="39.79761" lon="18.3644">
        <ele>8.5</ele>
      </trkpt>
      <trkpt lat="39.79737" lon="18.364909">
        <ele>7.1</ele>
      </trkpt>
      <trkpt lat="39.79724" lon="18.36505">
        <ele>6.9</ele>
      </trkpt>
      <trkpt lat="39.79689" lon="18.36549">
        <ele>8.3</ele>
      </trkpt>
      <trkpt lat="39.79677" lon="18.3656">
        <ele>8.2</ele>
      </trkpt>
      <trkpt lat="39.79676" lon="18.365849">
        <ele>10.2</ele>
      </trkpt>
      <trkpt lat="39.79658" lon="18.36592">
        <ele>9.8</ele>
      </trkpt>
      <trkpt lat="39.79653" lon="18.36595">
        <ele>9.9</ele>
      </trkpt>
    </trkseg>
  </trk>
</gpx>
