<?xml version='1.0' encoding='UTF-8'?>
<gpx version="1.1" creator="https://www.komoot.de" xmlns="http://www.topografix.com/GPX/1/1" xmlns:xsi="http://www.w3.org/2001/XMLSchema-instance" xsi:schemaLocation="http://www.topografix.com/GPX/1/1 http://www.topografix.com/GPX/1/1/gpx.xsd">
  <metadata>
    <name>Stage 1: Caposele to Rionero in Vulture – Apulian Aqueduct Cycle Route</name>
    <author>
      <link href="https://www.komoot.de">
        <text>komoot</text>
        <type>text/html</type>
      </link>
    </author>
  </metadata>
  <trk>
    <name>Stage 1: Caposele to Rionero in Vulture – Apulian Aqueduct Cycle Route</name>
    <trkseg>
      <trkpt lat="40.816612" lon="15.221532">
        <ele>410.172779</ele>
        <time>2023-11-25T14:47:19.419Z</time>
      </trkpt>
      <trkpt lat="40.816718" lon="15.221658">
        <ele>410.172779</ele>
        <time>2023-11-25T14:47:21.741Z</time>
      </trkpt>
      <trkpt lat="40.816856" lon="15.221672">
        <ele>410.172779</ele>
        <time>2023-11-25T14:47:24.017Z</time>
      </trkpt>
      <trkpt lat="40.816953" lon="15.221709">
        <ele>410.172779</ele>
        <time>2023-11-25T14:47:25.724Z</time>
      </trkpt>
      <trkpt lat="40.817039" lon="15.221741">
        <ele>410.172779</ele>
        <time>2023-11-25T14:47:27.221Z</time>
      </trkpt>
      <trkpt lat="40.817029" lon="15.221800">
        <ele>410.172779</ele>
        <time>2023-11-25T14:47:27.959Z</time>
      </trkpt>
      <trkpt lat="40.817029" lon="15.221915">
        <ele>410.172779</ele>
        <time>2023-11-25T14:47:29.366Z</time>
      </trkpt>
      <trkpt lat="40.817075" lon="15.221985">
        <ele>410.172779</ele>
        <time>2023-11-25T14:47:30.481Z</time>
      </trkpt>
      <trkpt lat="40.817488" lon="15.222306">
        <ele>410.989350</ele>
        <time>2023-11-25T14:47:38.905Z</time>
      </trkpt>
      <trkpt lat="40.817647" lon="15.222315">
        <ele>411.500839</ele>
        <time>2023-11-25T14:47:42.253Z</time>
      </trkpt>
      <trkpt lat="40.818079" lon="15.222180">
        <ele>412.927570</ele>
        <time>2023-11-25T14:47:53.945Z</time>
      </trkpt>
      <trkpt lat="40.818187" lon="15.222198">
        <ele>413.277428</ele>
        <time>2023-11-25T14:47:57.841Z</time>
      </trkpt>
      <trkpt lat="40.818260" lon="15.222273">
        <ele>413.574621</ele>
        <time>2023-11-25T14:48:01.484Z</time>
      </trkpt>
      <trkpt lat="40.818301" lon="15.222333">
        <ele>413.771246</ele>
        <time>2023-11-25T14:48:03.849Z</time>
      </trkpt>
      <trkpt lat="40.818398" lon="15.222545">
        <ele>414.373806</ele>
        <time>2023-11-25T14:48:11.696Z</time>
      </trkpt>
      <trkpt lat="40.818419" lon="15.222592">
        <ele>414.506561</ele>
        <time>2023-11-25T14:48:13.741Z</time>
      </trkpt>
      <trkpt lat="40.818444" lon="15.222645">
        <ele>414.658462</ele>
        <time>2023-11-25T14:48:16.125Z</time>
      </trkpt>
      <trkpt lat="40.818486" lon="15.222712">
        <ele>414.870070</ele>
        <time>2023-11-25T14:48:19.571Z</time>
      </trkpt>
      <trkpt lat="40.818643" lon="15.222810">
        <ele>415.428129</ele>
        <time>2023-11-25T14:48:28.630Z</time>
      </trkpt>
      <trkpt lat="40.818771" lon="15.222940">
        <ele>415.946991</ele>
        <time>2023-11-25T14:48:37.794Z</time>
      </trkpt>
      <trkpt lat="40.819057" lon="15.223480">
        <ele>420.420751</ele>
        <time>2023-11-25T14:49:08.550Z</time>
      </trkpt>
      <trkpt lat="40.819221" lon="15.223715">
        <ele>422.596244</ele>
        <time>2023-11-25T14:49:24.692Z</time>
      </trkpt>
      <trkpt lat="40.819719" lon="15.223925">
        <ele>427.297121</ele>
        <time>2023-11-25T14:49:58.136Z</time>
      </trkpt>
      <trkpt lat="40.819763" lon="15.223973">
        <ele>427.810218</ele>
        <time>2023-11-25T14:50:01.473Z</time>
      </trkpt>
      <trkpt lat="40.819790" lon="15.224077">
        <ele>428.558470</ele>
        <time>2023-11-25T14:50:06.377Z</time>
      </trkpt>
      <trkpt lat="40.819778" lon="15.224150">
        <ele>429.066850</ele>
        <time>2023-11-25T14:50:09.451Z</time>
      </trkpt>
      <trkpt lat="40.819497" lon="15.224592">
        <ele>432.835437</ele>
        <time>2023-11-25T14:50:31.569Z</time>
      </trkpt>
      <trkpt lat="40.819494" lon="15.224628">
        <ele>433.036446</ele>
        <time>2023-11-25T14:50:32.958Z</time>
      </trkpt>
      <trkpt lat="40.819323" lon="15.224845">
        <ele>434.775187</ele>
        <time>2023-11-25T14:50:44.093Z</time>
      </trkpt>
      <trkpt lat="40.819187" lon="15.224932">
        <ele>435.883321</ele>
        <time>2023-11-25T14:50:50.986Z</time>
      </trkpt>
      <trkpt lat="40.819037" lon="15.224916">
        <ele>436.986975</ele>
        <time>2023-11-25T14:50:58.477Z</time>
      </trkpt>
      <trkpt lat="40.818824" lon="15.224759">
        <ele>438.775678</ele>
        <time>2023-11-25T14:51:10.646Z</time>
      </trkpt>
      <trkpt lat="40.818675" lon="15.224717">
        <ele>439.893006</ele>
        <time>2023-11-25T14:51:18.629Z</time>
      </trkpt>
      <trkpt lat="40.818569" lon="15.224755">
        <ele>440.698494</ele>
        <time>2023-11-25T14:51:24.326Z</time>
      </trkpt>
      <trkpt lat="40.818476" lon="15.224854">
        <ele>441.574335</ele>
        <time>2023-11-25T14:51:30.899Z</time>
      </trkpt>
      <trkpt lat="40.818423" lon="15.224953">
        <ele>442.247383</ele>
        <time>2023-11-25T14:51:35.938Z</time>
      </trkpt>
      <trkpt lat="40.818357" lon="15.225191">
        <ele>443.654206</ele>
        <time>2023-11-25T14:51:46.161Z</time>
      </trkpt>
      <trkpt lat="40.818321" lon="15.225463">
        <ele>445.186759</ele>
        <time>2023-11-25T14:51:57.460Z</time>
      </trkpt>
      <trkpt lat="40.818342" lon="15.225652">
        <ele>446.526577</ele>
        <time>2023-11-25T14:52:04.994Z</time>
      </trkpt>
      <trkpt lat="40.818447" lon="15.225864">
        <ele>448.356560</ele>
        <time>2023-11-25T14:52:15.085Z</time>
      </trkpt>
      <trkpt lat="40.818582" lon="15.225959">
        <ele>449.816306</ele>
        <time>2023-11-25T14:52:23.117Z</time>
      </trkpt>
      <trkpt lat="40.818801" lon="15.226008">
        <ele>451.936176</ele>
        <time>2023-11-25T14:52:34.874Z</time>
      </trkpt>
      <trkpt lat="40.818931" lon="15.226074">
        <ele>453.265310</ele>
        <time>2023-11-25T14:52:43.015Z</time>
      </trkpt>
      <trkpt lat="40.819030" lon="15.226204">
        <ele>454.597357</ele>
        <time>2023-11-25T14:52:51.530Z</time>
      </trkpt>
      <trkpt lat="40.819127" lon="15.226430">
        <ele>456.473917</ele>
        <time>2023-11-25T14:53:04.084Z</time>
      </trkpt>
      <trkpt lat="40.819136" lon="15.226546">
        <ele>457.316132</ele>
        <time>2023-11-25T14:53:09.931Z</time>
      </trkpt>
      <trkpt lat="40.819096" lon="15.226666">
        <ele>458.263197</ele>
        <time>2023-11-25T14:53:16.421Z</time>
      </trkpt>
      <trkpt lat="40.818814" lon="15.226995">
        <ele>461.853477</ele>
        <time>2023-11-25T14:53:42.263Z</time>
      </trkpt>
      <trkpt lat="40.818754" lon="15.227230">
        <ele>463.984073</ele>
        <time>2023-11-25T14:53:55.454Z</time>
      </trkpt>
      <trkpt lat="40.818759" lon="15.227391">
        <ele>465.488444</ele>
        <time>2023-11-25T14:54:03.754Z</time>
      </trkpt>
      <trkpt lat="40.818806" lon="15.227590">
        <ele>467.434694</ele>
        <time>2023-11-25T14:54:14.363Z</time>
      </trkpt>
      <trkpt lat="40.819028" lon="15.228302">
        <ele>474.624031</ele>
        <time>2023-11-25T14:54:53.865Z</time>
      </trkpt>
      <trkpt lat="40.819089" lon="15.228513">
        <ele>476.732776</ele>
        <time>2023-11-25T14:55:05.881Z</time>
      </trkpt>
      <trkpt lat="40.819191" lon="15.228741">
        <ele>479.205500</ele>
        <time>2023-11-25T14:55:20.471Z</time>
      </trkpt>
      <trkpt lat="40.819233" lon="15.228802">
        <ele>479.975428</ele>
        <time>2023-11-25T14:55:25.196Z</time>
      </trkpt>
      <trkpt lat="40.819315" lon="15.228924">
        <ele>481.498788</ele>
        <time>2023-11-25T14:55:34.720Z</time>
      </trkpt>
      <trkpt lat="40.819667" lon="15.229396">
        <ele>487.470428</ele>
        <time>2023-11-25T14:56:15.362Z</time>
      </trkpt>
      <trkpt lat="40.819906" lon="15.229752">
        <ele>491.596072</ele>
        <time>2023-11-25T14:56:43.576Z</time>
      </trkpt>
      <trkpt lat="40.820189" lon="15.230173">
        <ele>496.477738</ele>
        <time>2023-11-25T14:57:14.615Z</time>
      </trkpt>
      <trkpt lat="40.820265" lon="15.230400">
        <ele>498.629628</ele>
        <time>2023-11-25T14:57:27.042Z</time>
      </trkpt>
      <trkpt lat="40.820270" lon="15.230642">
        <ele>500.728349</ele>
        <time>2023-11-25T14:57:38.698Z</time>
      </trkpt>
      <trkpt lat="40.820164" lon="15.230824">
        <ele>502.719311</ele>
        <time>2023-11-25T14:57:48.766Z</time>
      </trkpt>
      <trkpt lat="40.819851" lon="15.230986">
        <ele>505.911320</ele>
        <time>2023-11-25T14:58:07.151Z</time>
      </trkpt>
      <trkpt lat="40.819631" lon="15.231060">
        <ele>507.185105</ele>
        <time>2023-11-25T14:58:18.471Z</time>
      </trkpt>
      <trkpt lat="40.819505" lon="15.231151">
        <ele>507.990799</ele>
        <time>2023-11-25T14:58:24.960Z</time>
      </trkpt>
      <trkpt lat="40.818927" lon="15.231896">
        <ele>512.521323</ele>
        <time>2023-11-25T14:58:57.012Z</time>
      </trkpt>
      <trkpt lat="40.818831" lon="15.232100">
        <ele>513.541386</ele>
        <time>2023-11-25T14:59:03.482Z</time>
      </trkpt>
      <trkpt lat="40.818733" lon="15.232895">
        <ele>517.869359</ele>
        <time>2023-11-25T14:59:29.438Z</time>
      </trkpt>
      <trkpt lat="40.818819" lon="15.233500">
        <ele>521.974879</ele>
        <time>2023-11-25T14:59:54.212Z</time>
      </trkpt>
      <trkpt lat="40.818968" lon="15.234093">
        <ele>526.142087</ele>
        <time>2023-11-25T15:00:23.844Z</time>
      </trkpt>
      <trkpt lat="40.819040" lon="15.234284">
        <ele>527.565213</ele>
        <time>2023-11-25T15:00:34.759Z</time>
      </trkpt>
      <trkpt lat="40.819453" lon="15.234730">
        <ele>532.213372</ele>
        <time>2023-11-25T15:01:11.467Z</time>
      </trkpt>
      <trkpt lat="40.819556" lon="15.234891">
        <ele>533.548839</ele>
        <time>2023-11-25T15:01:21.856Z</time>
      </trkpt>
      <trkpt lat="40.819789" lon="15.235599">
        <ele>538.439450</ele>
        <time>2023-11-25T15:01:57.917Z</time>
      </trkpt>
      <trkpt lat="40.819819" lon="15.235687">
        <ele>539.050843</ele>
        <time>2023-11-25T15:02:01.848Z</time>
      </trkpt>
      <trkpt lat="40.819968" lon="15.235970">
        <ele>541.234706</ele>
        <time>2023-11-25T15:02:15.824Z</time>
      </trkpt>
      <trkpt lat="40.820198" lon="15.235255">
        <ele>546.156108</ele>
        <time>2023-11-25T15:02:43.091Z</time>
      </trkpt>
      <trkpt lat="40.820246" lon="15.235034">
        <ele>547.202760</ele>
        <time>2023-11-25T15:02:50.845Z</time>
      </trkpt>
      <trkpt lat="40.820263" lon="15.234731">
        <ele>548.536522</ele>
        <time>2023-11-25T15:03:00.766Z</time>
      </trkpt>
      <trkpt lat="40.820196" lon="15.234380">
        <ele>550.125604</ele>
        <time>2023-11-25T15:03:12.190Z</time>
      </trkpt>
      <trkpt lat="40.820081" lon="15.233854">
        <ele>552.529076</ele>
        <time>2023-11-25T15:03:29.681Z</time>
      </trkpt>
      <trkpt lat="40.820065" lon="15.233561">
        <ele>553.818636</ele>
        <time>2023-11-25T15:03:39.249Z</time>
      </trkpt>
      <trkpt lat="40.820130" lon="15.233079">
        <ele>555.967860</ele>
        <time>2023-11-25T15:03:56.832Z</time>
      </trkpt>
      <trkpt lat="40.820182" lon="15.232954">
        <ele>556.594028</ele>
        <time>2023-11-25T15:04:02.400Z</time>
      </trkpt>
      <trkpt lat="40.820262" lon="15.232910">
        <ele>557.132017</ele>
        <time>2023-11-25T15:04:06.840Z</time>
      </trkpt>
      <trkpt lat="40.820400" lon="15.232925">
        <ele>558.008858</ele>
        <time>2023-11-25T15:04:13.893Z</time>
      </trkpt>
      <trkpt lat="40.820519" lon="15.233040">
        <ele>558.942446</ele>
        <time>2023-11-25T15:04:21.941Z</time>
      </trkpt>
      <trkpt lat="40.820632" lon="15.233100">
        <ele>559.713630</ele>
        <time>2023-11-25T15:04:28.527Z</time>
      </trkpt>
      <trkpt lat="40.820813" lon="15.233184">
        <ele>560.928451</ele>
        <time>2023-11-25T15:04:39.046Z</time>
      </trkpt>
      <trkpt lat="40.821027" lon="15.233187">
        <ele>562.283689</ele>
        <time>2023-11-25T15:04:50.694Z</time>
      </trkpt>
      <trkpt lat="40.821170" lon="15.233308">
        <ele>563.358982</ele>
        <time>2023-11-25T15:04:59.777Z</time>
      </trkpt>
      <trkpt lat="40.821506" lon="15.233518">
        <ele>565.712699</ele>
        <time>2023-11-25T15:05:18.685Z</time>
      </trkpt>
      <trkpt lat="40.821903" lon="15.233622">
        <ele>568.069042</ele>
        <time>2023-11-25T15:05:35.639Z</time>
      </trkpt>
      <trkpt lat="40.822029" lon="15.233701">
        <ele>567.906273</ele>
        <time>2023-11-25T15:05:40.449Z</time>
      </trkpt>
      <trkpt lat="40.822049" lon="15.233714">
        <ele>567.880259</ele>
        <time>2023-11-25T15:05:41.092Z</time>
      </trkpt>
      <trkpt lat="40.822270" lon="15.233979">
        <ele>567.531966</ele>
        <time>2023-11-25T15:05:48.814Z</time>
      </trkpt>
      <trkpt lat="40.822866" lon="15.234499">
        <ele>566.698428</ele>
        <time>2023-11-25T15:06:01.063Z</time>
      </trkpt>
      <trkpt lat="40.823236" lon="15.234730">
        <ele>566.220827</ele>
        <time>2023-11-25T15:06:07.461Z</time>
      </trkpt>
      <trkpt lat="40.823421" lon="15.234765">
        <ele>566.002709</ele>
        <time>2023-11-25T15:06:10.341Z</time>
      </trkpt>
      <trkpt lat="40.823760" lon="15.234934">
        <ele>565.928398</ele>
        <time>2023-11-25T15:06:16.069Z</time>
      </trkpt>
      <trkpt lat="40.823943" lon="15.235018">
        <ele>565.888993</ele>
        <time>2023-11-25T15:06:19.327Z</time>
      </trkpt>
      <trkpt lat="40.824580" lon="15.235126">
        <ele>565.758360</ele>
        <time>2023-11-25T15:06:31.705Z</time>
      </trkpt>
      <trkpt lat="40.824782" lon="15.235103">
        <ele>565.717119</ele>
        <time>2023-11-25T15:06:37.354Z</time>
      </trkpt>
      <trkpt lat="40.824890" lon="15.235091">
        <ele>565.695074</ele>
        <time>2023-11-25T15:06:40.810Z</time>
      </trkpt>
      <trkpt lat="40.825214" lon="15.235077">
        <ele>565.827953</ele>
        <time>2023-11-25T15:06:52.657Z</time>
      </trkpt>
      <trkpt lat="40.825508" lon="15.234988">
        <ele>567.515343</ele>
        <time>2023-11-25T15:07:06.221Z</time>
      </trkpt>
      <trkpt lat="40.825749" lon="15.234868">
        <ele>568.956151</ele>
        <time>2023-11-25T15:07:18.628Z</time>
      </trkpt>
      <trkpt lat="40.826158" lon="15.234413">
        <ele>571.947110</ele>
        <time>2023-11-25T15:07:44.726Z</time>
      </trkpt>
      <trkpt lat="40.826288" lon="15.234396">
        <ele>572.677949</ele>
        <time>2023-11-25T15:07:51.041Z</time>
      </trkpt>
      <trkpt lat="40.826535" lon="15.234525">
        <ele>574.163790</ele>
        <time>2023-11-25T15:08:03.404Z</time>
      </trkpt>
      <trkpt lat="40.826821" lon="15.234550">
        <ele>575.760883</ele>
        <time>2023-11-25T15:08:16.199Z</time>
      </trkpt>
      <trkpt lat="40.827249" lon="15.234293">
        <ele>578.144461</ele>
        <time>2023-11-25T15:08:36.147Z</time>
      </trkpt>
      <trkpt lat="40.827470" lon="15.233752">
        <ele>580.503206</ele>
        <time>2023-11-25T15:08:55.054Z</time>
      </trkpt>
      <trkpt lat="40.827522" lon="15.233435">
        <ele>581.747652</ele>
        <time>2023-11-25T15:09:05.268Z</time>
      </trkpt>
      <trkpt lat="40.827444" lon="15.233151">
        <ele>582.906794</ele>
        <time>2023-11-25T15:09:14.794Z</time>
      </trkpt>
      <trkpt lat="40.827522" lon="15.232851">
        <ele>584.123818</ele>
        <time>2023-11-25T15:09:24.981Z</time>
      </trkpt>
      <trkpt lat="40.828288" lon="15.232353">
        <ele>588.992668</ele>
        <time>2023-11-25T15:10:02.402Z</time>
      </trkpt>
      <trkpt lat="40.828678" lon="15.231890">
        <ele>592.046118</ele>
        <time>2023-11-25T15:10:26.552Z</time>
      </trkpt>
      <trkpt lat="40.828704" lon="15.231649">
        <ele>593.118985</ele>
        <time>2023-11-25T15:10:35.342Z</time>
      </trkpt>
      <trkpt lat="40.829061" lon="15.231177">
        <ele>596.152713</ele>
        <time>2023-11-25T15:10:59.355Z</time>
      </trkpt>
      <trkpt lat="40.829321" lon="15.230980">
        <ele>598.109171</ele>
        <time>2023-11-25T15:11:13.721Z</time>
      </trkpt>
      <trkpt lat="40.829646" lon="15.230516">
        <ele>601.232352</ele>
        <time>2023-11-25T15:11:37.294Z</time>
      </trkpt>
      <trkpt lat="40.829876" lon="15.229830">
        <ele>604.938601</ele>
        <time>2023-11-25T15:12:05.301Z</time>
      </trkpt>
      <trkpt lat="40.830106" lon="15.229577">
        <ele>606.892083</ele>
        <time>2023-11-25T15:12:19.715Z</time>
      </trkpt>
      <trkpt lat="40.830263" lon="15.229528">
        <ele>607.944160</ele>
        <time>2023-11-25T15:12:27.249Z</time>
      </trkpt>
      <trkpt lat="40.830503" lon="15.229718">
        <ele>609.768426</ele>
        <time>2023-11-25T15:12:40.183Z</time>
      </trkpt>
      <trkpt lat="40.830737" lon="15.229718">
        <ele>611.294278</ele>
        <time>2023-11-25T15:12:51.092Z</time>
      </trkpt>
      <trkpt lat="40.830983" lon="15.229636">
        <ele>612.948613</ele>
        <time>2023-11-25T15:13:03.064Z</time>
      </trkpt>
      <trkpt lat="40.831161" lon="15.229555">
        <ele>614.176178</ele>
        <time>2023-11-25T15:13:11.988Z</time>
      </trkpt>
      <trkpt lat="40.831432" lon="15.229092">
        <ele>617.064264</ele>
        <time>2023-11-25T15:13:33.875Z</time>
      </trkpt>
      <trkpt lat="40.831678" lon="15.228920">
        <ele>618.895220</ele>
        <time>2023-11-25T15:13:47.934Z</time>
      </trkpt>
      <trkpt lat="40.831776" lon="15.228808">
        <ele>619.859631</ele>
        <time>2023-11-25T15:13:54.366Z</time>
      </trkpt>
      <trkpt lat="40.831851" lon="15.228607">
        <ele>621.121888</ele>
        <time>2023-11-25T15:14:03.008Z</time>
      </trkpt>
      <trkpt lat="40.831970" lon="15.228480">
        <ele>622.260447</ele>
        <time>2023-11-25T15:14:10.749Z</time>
      </trkpt>
      <trkpt lat="40.831972" lon="15.228478">
        <ele>622.279116</ele>
        <time>2023-11-25T15:14:10.867Z</time>
      </trkpt>
      <trkpt lat="40.832101" lon="15.228467">
        <ele>623.241367</ele>
        <time>2023-11-25T15:14:17.548Z</time>
      </trkpt>
      <trkpt lat="40.832328" lon="15.228619">
        <ele>625.135610</ele>
        <time>2023-11-25T15:14:30.788Z</time>
      </trkpt>
      <trkpt lat="40.832756" lon="15.228563">
        <ele>628.337146</ele>
        <time>2023-11-25T15:14:54.036Z</time>
      </trkpt>
      <trkpt lat="40.832848" lon="15.228554">
        <ele>629.023852</ele>
        <time>2023-11-25T15:14:59.261Z</time>
      </trkpt>
      <trkpt lat="40.833342" lon="15.228980">
        <ele>633.063058</ele>
        <time>2023-11-25T15:15:30.830Z</time>
      </trkpt>
      <trkpt lat="40.833659" lon="15.229117">
        <ele>634.853749</ele>
        <time>2023-11-25T15:15:47.253Z</time>
      </trkpt>
      <trkpt lat="40.834005" lon="15.229105">
        <ele>636.712103</ele>
        <time>2023-11-25T15:16:03.296Z</time>
      </trkpt>
      <trkpt lat="40.834062" lon="15.229162">
        <ele>637.095869</ele>
        <time>2023-11-25T15:16:06.346Z</time>
      </trkpt>
      <trkpt lat="40.834096" lon="15.229252">
        <ele>637.504517</ele>
        <time>2023-11-25T15:16:09.718Z</time>
      </trkpt>
      <trkpt lat="40.834029" lon="15.229383">
        <ele>638.146859</ele>
        <time>2023-11-25T15:16:14.857Z</time>
      </trkpt>
      <trkpt lat="40.833744" lon="15.229461">
        <ele>639.709519</ele>
        <time>2023-11-25T15:16:26.615Z</time>
      </trkpt>
      <trkpt lat="40.833309" lon="15.229650">
        <ele>641.948677</ele>
        <time>2023-11-25T15:16:43.521Z</time>
      </trkpt>
      <trkpt lat="40.833146" lon="15.229838">
        <ele>642.397771</ele>
        <time>2023-11-25T15:16:50.655Z</time>
      </trkpt>
      <trkpt lat="40.832990" lon="15.230525">
        <ele>643.524354</ele>
        <time>2023-11-25T15:17:06.598Z</time>
      </trkpt>
      <trkpt lat="40.832932" lon="15.231315">
        <ele>644.770997</ele>
        <time>2023-11-25T15:17:22.960Z</time>
      </trkpt>
      <trkpt lat="40.832666" lon="15.231901">
        <ele>645.979339</ele>
        <time>2023-11-25T15:17:38.263Z</time>
      </trkpt>
      <trkpt lat="40.832580" lon="15.232375">
        <ele>647.089282</ele>
        <time>2023-11-25T15:17:49.768Z</time>
      </trkpt>
      <trkpt lat="40.832571" lon="15.233403">
        <ele>649.430297</ele>
        <time>2023-11-25T15:18:15.768Z</time>
      </trkpt>
      <trkpt lat="40.832628" lon="15.233768">
        <ele>650.278956</ele>
        <time>2023-11-25T15:18:26.110Z</time>
      </trkpt>
      <trkpt lat="40.832780" lon="15.233972">
        <ele>650.930914</ele>
        <time>2023-11-25T15:18:34.509Z</time>
      </trkpt>
      <trkpt lat="40.832995" lon="15.234051">
        <ele>652.275670</ele>
        <time>2023-11-25T15:18:43.680Z</time>
      </trkpt>
      <trkpt lat="40.833478" lon="15.233826">
        <ele>655.424934</ele>
        <time>2023-11-25T15:19:06.297Z</time>
      </trkpt>
      <trkpt lat="40.834047" lon="15.233772">
        <ele>658.932967</ele>
        <time>2023-11-25T15:19:34.241Z</time>
      </trkpt>
      <trkpt lat="40.834452" lon="15.233304">
        <ele>662.267544</ele>
        <time>2023-11-25T15:20:02.434Z</time>
      </trkpt>
      <trkpt lat="40.834938" lon="15.233013">
        <ele>665.936670</ele>
        <time>2023-11-25T15:20:30.494Z</time>
      </trkpt>
      <trkpt lat="40.835645" lon="15.232409">
        <ele>671.725842</ele>
        <time>2023-11-25T15:21:11.941Z</time>
      </trkpt>
      <trkpt lat="40.836066" lon="15.232281">
        <ele>674.645152</ele>
        <time>2023-11-25T15:21:32.580Z</time>
      </trkpt>
      <trkpt lat="40.836307" lon="15.232544">
        <ele>676.437188</ele>
        <time>2023-11-25T15:21:47.475Z</time>
      </trkpt>
      <trkpt lat="40.836494" lon="15.232971">
        <ele>678.577557</ele>
        <time>2023-11-25T15:22:04.942Z</time>
      </trkpt>
      <trkpt lat="40.836714" lon="15.233174">
        <ele>680.116022</ele>
        <time>2023-11-25T15:22:17.019Z</time>
      </trkpt>
      <trkpt lat="40.836781" lon="15.233194">
        <ele>680.509874</ele>
        <time>2023-11-25T15:22:20.133Z</time>
      </trkpt>
      <trkpt lat="40.836947" lon="15.233243">
        <ele>681.485162</ele>
        <time>2023-11-25T15:22:27.479Z</time>
      </trkpt>
      <trkpt lat="40.837207" lon="15.233253">
        <ele>682.976628</ele>
        <time>2023-11-25T15:22:38.565Z</time>
      </trkpt>
      <trkpt lat="40.837476" lon="15.233085">
        <ele>684.682585</ele>
        <time>2023-11-25T15:22:51.169Z</time>
      </trkpt>
      <trkpt lat="40.837930" lon="15.233248">
        <ele>687.134129</ele>
        <time>2023-11-25T15:23:11.420Z</time>
      </trkpt>
      <trkpt lat="40.838587" lon="15.233721">
        <ele>691.030115</ele>
        <time>2023-11-25T15:23:43.598Z</time>
      </trkpt>
      <trkpt lat="40.839230" lon="15.234194">
        <ele>695.048613</ele>
        <time>2023-11-25T15:24:14.810Z</time>
      </trkpt>
      <trkpt lat="40.839703" lon="15.234770">
        <ele>699.182738</ele>
        <time>2023-11-25T15:24:44.286Z</time>
      </trkpt>
      <trkpt lat="40.840223" lon="15.235557">
        <ele>704.264152</ele>
        <time>2023-11-25T15:25:24.406Z</time>
      </trkpt>
      <trkpt lat="40.840328" lon="15.235678">
        <ele>705.159587</ele>
        <time>2023-11-25T15:25:31.647Z</time>
      </trkpt>
      <trkpt lat="40.840660" lon="15.235893">
        <ele>707.155049</ele>
        <time>2023-11-25T15:25:50.650Z</time>
      </trkpt>
      <trkpt lat="40.840872" lon="15.235995">
        <ele>708.315565</ele>
        <time>2023-11-25T15:26:01.922Z</time>
      </trkpt>
      <trkpt lat="40.841053" lon="15.236052">
        <ele>709.272682</ele>
        <time>2023-11-25T15:26:11.156Z</time>
      </trkpt>
      <trkpt lat="40.841379" lon="15.236045">
        <ele>710.949837</ele>
        <time>2023-11-25T15:26:25.592Z</time>
      </trkpt>
      <trkpt lat="40.841436" lon="15.236080">
        <ele>711.273134</ele>
        <time>2023-11-25T15:26:28.155Z</time>
      </trkpt>
      <trkpt lat="40.841835" lon="15.236589">
        <ele>714.125505</ele>
        <time>2023-11-25T15:26:47.939Z</time>
      </trkpt>
      <trkpt lat="40.841940" lon="15.236675">
        <ele>714.760902</ele>
        <time>2023-11-25T15:26:52.160Z</time>
      </trkpt>
      <trkpt lat="40.842162" lon="15.236764">
        <ele>715.288493</ele>
        <time>2023-11-25T15:26:59.735Z</time>
      </trkpt>
      <trkpt lat="40.842303" lon="15.236780">
        <ele>715.564936</ele>
        <time>2023-11-25T15:27:04.593Z</time>
      </trkpt>
      <trkpt lat="40.842501" lon="15.236734">
        <ele>715.957638</ele>
        <time>2023-11-25T15:27:10.920Z</time>
      </trkpt>
      <trkpt lat="40.842957" lon="15.236424">
        <ele>716.959287</ele>
        <time>2023-11-25T15:27:27.291Z</time>
      </trkpt>
      <trkpt lat="40.843092" lon="15.236360">
        <ele>717.239443</ele>
        <time>2023-11-25T15:27:31.353Z</time>
      </trkpt>
      <trkpt lat="40.843165" lon="15.236361">
        <ele>717.382049</ele>
        <time>2023-11-25T15:27:33.389Z</time>
      </trkpt>
      <trkpt lat="40.843239" lon="15.236403">
        <ele>717.539362</ele>
        <time>2023-11-25T15:27:35.587Z</time>
      </trkpt>
      <trkpt lat="40.843330" lon="15.236497">
        <ele>717.764960</ele>
        <time>2023-11-25T15:27:38.774Z</time>
      </trkpt>
      <trkpt lat="40.843457" lon="15.236653">
        <ele>718.103616</ele>
        <time>2023-11-25T15:27:42.955Z</time>
      </trkpt>
      <trkpt lat="40.843523" lon="15.236783">
        <ele>718.334975</ele>
        <time>2023-11-25T15:27:45.986Z</time>
      </trkpt>
      <trkpt lat="40.843725" lon="15.237276">
        <ele>718.540420</ele>
        <time>2023-11-25T15:27:56.188Z</time>
      </trkpt>
      <trkpt lat="40.843786" lon="15.237382">
        <ele>718.577791</ele>
        <time>2023-11-25T15:27:58.571Z</time>
      </trkpt>
      <trkpt lat="40.843892" lon="15.237496">
        <ele>718.628478</ele>
        <time>2023-11-25T15:28:02.046Z</time>
      </trkpt>
      <trkpt lat="40.844053" lon="15.237594">
        <ele>718.694223</ele>
        <time>2023-11-25T15:28:06.955Z</time>
      </trkpt>
      <trkpt lat="40.844892" lon="15.237985">
        <ele>719.024197</ele>
        <time>2023-11-25T15:28:29.620Z</time>
      </trkpt>
      <trkpt lat="40.845297" lon="15.238086">
        <ele>718.554953</ele>
        <time>2023-11-25T15:28:37.048Z</time>
      </trkpt>
      <trkpt lat="40.845658" lon="15.238376">
        <ele>717.867981</ele>
        <time>2023-11-25T15:28:44.100Z</time>
      </trkpt>
      <trkpt lat="40.845818" lon="15.238408">
        <ele>717.604822</ele>
        <time>2023-11-25T15:28:46.815Z</time>
      </trkpt>
      <trkpt lat="40.846342" lon="15.238371">
        <ele>716.751460</ele>
        <time>2023-11-25T15:28:56.147Z</time>
      </trkpt>
      <trkpt lat="40.846707" lon="15.238006">
        <ele>716.036759</ele>
        <time>2023-11-25T15:29:04.955Z</time>
      </trkpt>
      <trkpt lat="40.846856" lon="15.237949">
        <ele>715.842199</ele>
        <time>2023-11-25T15:29:07.968Z</time>
      </trkpt>
      <trkpt lat="40.847121" lon="15.237945">
        <ele>715.509785</ele>
        <time>2023-11-25T15:29:12.962Z</time>
      </trkpt>
      <trkpt lat="40.847214" lon="15.237965">
        <ele>715.391600</ele>
        <time>2023-11-25T15:29:14.712Z</time>
      </trkpt>
      <trkpt lat="40.847340" lon="15.238063">
        <ele>715.208232</ele>
        <time>2023-11-25T15:29:17.402Z</time>
      </trkpt>
      <trkpt lat="40.847418" lon="15.238201">
        <ele>715.044780</ele>
        <time>2023-11-25T15:29:19.770Z</time>
      </trkpt>
      <trkpt lat="40.847517" lon="15.238501">
        <ele>714.734225</ele>
        <time>2023-11-25T15:29:24.290Z</time>
      </trkpt>
      <trkpt lat="40.847611" lon="15.238624">
        <ele>714.568328</ele>
        <time>2023-11-25T15:29:26.765Z</time>
      </trkpt>
      <trkpt lat="40.847718" lon="15.238707">
        <ele>714.412717</ele>
        <time>2023-11-25T15:29:29.096Z</time>
      </trkpt>
      <trkpt lat="40.847949" lon="15.238797">
        <ele>714.110650</ele>
        <time>2023-11-25T15:29:33.685Z</time>
      </trkpt>
      <trkpt lat="40.848137" lon="15.238807">
        <ele>713.868437</ele>
        <time>2023-11-25T15:29:37.393Z</time>
      </trkpt>
      <trkpt lat="40.848242" lon="15.238766">
        <ele>713.584124</ele>
        <time>2023-11-25T15:29:39.618Z</time>
      </trkpt>
      <trkpt lat="40.848557" lon="15.238447">
        <ele>712.553691</ele>
        <time>2023-11-25T15:29:47.469Z</time>
      </trkpt>
      <trkpt lat="40.848678" lon="15.238399">
        <ele>712.225632</ele>
        <time>2023-11-25T15:29:49.790Z</time>
      </trkpt>
      <trkpt lat="40.848799" lon="15.238442">
        <ele>711.900260</ele>
        <time>2023-11-25T15:29:51.893Z</time>
      </trkpt>
      <trkpt lat="40.849078" lon="15.238633">
        <ele>711.084362</ele>
        <time>2023-11-25T15:29:57.067Z</time>
      </trkpt>
      <trkpt lat="40.849498" lon="15.238614">
        <ele>709.993054</ele>
        <time>2023-11-25T15:30:03.604Z</time>
      </trkpt>
      <trkpt lat="40.849742" lon="15.238702">
        <ele>709.336271</ele>
        <time>2023-11-25T15:30:07.585Z</time>
      </trkpt>
      <trkpt lat="40.850011" lon="15.238683">
        <ele>708.475208</ele>
        <time>2023-11-25T15:30:11.864Z</time>
      </trkpt>
      <trkpt lat="40.850211" lon="15.238581">
        <ele>707.761604</ele>
        <time>2023-11-25T15:30:15.308Z</time>
      </trkpt>
      <trkpt lat="40.850649" lon="15.238193">
        <ele>706.006480</ele>
        <time>2023-11-25T15:30:24.130Z</time>
      </trkpt>
      <trkpt lat="40.850820" lon="15.238105">
        <ele>705.395631</ele>
        <time>2023-11-25T15:30:27.118Z</time>
      </trkpt>
      <trkpt lat="40.850995" lon="15.238063">
        <ele>704.803552</ele>
        <time>2023-11-25T15:30:30.073Z</time>
      </trkpt>
      <trkpt lat="40.851098" lon="15.238067">
        <ele>704.460528</ele>
        <time>2023-11-25T15:30:31.743Z</time>
      </trkpt>
      <trkpt lat="40.851236" lon="15.238135">
        <ele>703.970267</ele>
        <time>2023-11-25T15:30:34.067Z</time>
      </trkpt>
      <trkpt lat="40.851548" lon="15.238547">
        <ele>702.595439</ele>
        <time>2023-11-25T15:30:41.037Z</time>
      </trkpt>
      <trkpt lat="40.851689" lon="15.238606">
        <ele>702.166820</ele>
        <time>2023-11-25T15:30:43.396Z</time>
      </trkpt>
      <trkpt lat="40.851849" lon="15.238569">
        <ele>701.696075</ele>
        <time>2023-11-25T15:30:46.031Z</time>
      </trkpt>
      <trkpt lat="40.851995" lon="15.238489">
        <ele>701.238041</ele>
        <time>2023-11-25T15:30:48.603Z</time>
      </trkpt>
      <trkpt lat="40.852219" lon="15.238419">
        <ele>700.570966</ele>
        <time>2023-11-25T15:30:52.459Z</time>
      </trkpt>
      <trkpt lat="40.852518" lon="15.238391">
        <ele>699.702247</ele>
        <time>2023-11-25T15:30:57.613Z</time>
      </trkpt>
      <trkpt lat="40.852622" lon="15.238342">
        <ele>699.382271</ele>
        <time>2023-11-25T15:30:59.515Z</time>
      </trkpt>
      <trkpt lat="40.852696" lon="15.238250">
        <ele>699.087876</ele>
        <time>2023-11-25T15:31:01.253Z</time>
      </trkpt>
      <trkpt lat="40.852882" lon="15.237876">
        <ele>698.106676</ele>
        <time>2023-11-25T15:31:07.020Z</time>
      </trkpt>
      <trkpt lat="40.852988" lon="15.237716">
        <ele>697.751682</ele>
        <time>2023-11-25T15:31:09.743Z</time>
      </trkpt>
      <trkpt lat="40.853160" lon="15.237613">
        <ele>697.369442</ele>
        <time>2023-11-25T15:31:12.897Z</time>
      </trkpt>
      <trkpt lat="40.853470" lon="15.237590">
        <ele>696.740909</ele>
        <time>2023-11-25T15:31:18.120Z</time>
      </trkpt>
      <trkpt lat="40.853834" lon="15.237687">
        <ele>695.989229</ele>
        <time>2023-11-25T15:31:24.511Z</time>
      </trkpt>
      <trkpt lat="40.855460" lon="15.238812">
        <ele>691.931940</ele>
        <time>2023-11-25T15:31:58.422Z</time>
      </trkpt>
      <trkpt lat="40.856280" lon="15.238910">
        <ele>689.849448</ele>
        <time>2023-11-25T15:32:11.812Z</time>
      </trkpt>
      <trkpt lat="40.856350" lon="15.238998">
        <ele>689.388035</ele>
        <time>2023-11-25T15:32:13.264Z</time>
      </trkpt>
      <trkpt lat="40.856371" lon="15.239157">
        <ele>688.804872</ele>
        <time>2023-11-25T15:32:15.163Z</time>
      </trkpt>
      <trkpt lat="40.856347" lon="15.239548">
        <ele>687.387537</ele>
        <time>2023-11-25T15:32:19.682Z</time>
      </trkpt>
      <trkpt lat="40.856206" lon="15.240179">
        <ele>685.010305</ele>
        <time>2023-11-25T15:32:27.274Z</time>
      </trkpt>
      <trkpt lat="40.856217" lon="15.240695">
        <ele>683.145241</ele>
        <time>2023-11-25T15:32:33.284Z</time>
      </trkpt>
      <trkpt lat="40.856182" lon="15.240916">
        <ele>682.329446</ele>
        <time>2023-11-25T15:32:35.901Z</time>
      </trkpt>
      <trkpt lat="40.856142" lon="15.240990">
        <ele>682.000822</ele>
        <time>2023-11-25T15:32:36.934Z</time>
      </trkpt>
      <trkpt lat="40.856070" lon="15.241050">
        <ele>681.594267</ele>
        <time>2023-11-25T15:32:38.193Z</time>
      </trkpt>
      <trkpt lat="40.855615" lon="15.241204">
        <ele>678.572457</ele>
        <time>2023-11-25T15:32:44.986Z</time>
      </trkpt>
      <trkpt lat="40.855321" lon="15.241617">
        <ele>675.795014</ele>
        <time>2023-11-25T15:32:50.966Z</time>
      </trkpt>
      <trkpt lat="40.855069" lon="15.241713">
        <ele>674.097016</ele>
        <time>2023-11-25T15:32:54.654Z</time>
      </trkpt>
      <trkpt lat="40.854938" lon="15.241846">
        <ele>673.027602</ele>
        <time>2023-11-25T15:32:57.025Z</time>
      </trkpt>
      <trkpt lat="40.854887" lon="15.242019">
        <ele>672.118304</ele>
        <time>2023-11-25T15:32:59.055Z</time>
      </trkpt>
      <trkpt lat="40.854880" lon="15.242123">
        <ele>671.606979</ele>
        <time>2023-11-25T15:33:00.241Z</time>
      </trkpt>
      <trkpt lat="40.854887" lon="15.242748">
        <ele>668.885238</ele>
        <time>2023-11-25T15:33:07.387Z</time>
      </trkpt>
      <trkpt lat="40.854872" lon="15.242917">
        <ele>668.261587</ele>
        <time>2023-11-25T15:33:09.375Z</time>
      </trkpt>
      <trkpt lat="40.854805" lon="15.243102">
        <ele>667.509825</ele>
        <time>2023-11-25T15:33:11.888Z</time>
      </trkpt>
      <trkpt lat="40.854686" lon="15.243249">
        <ele>666.720661</ele>
        <time>2023-11-25T15:33:14.468Z</time>
      </trkpt>
      <trkpt lat="40.854550" lon="15.243302">
        <ele>666.033620</ele>
        <time>2023-11-25T15:33:16.760Z</time>
      </trkpt>
      <trkpt lat="40.854260" lon="15.243267">
        <ele>664.622539</ele>
        <time>2023-11-25T15:33:21.144Z</time>
      </trkpt>
      <trkpt lat="40.854098" lon="15.243306">
        <ele>663.824636</ele>
        <time>2023-11-25T15:33:23.555Z</time>
      </trkpt>
      <trkpt lat="40.854093" lon="15.243309">
        <ele>663.798030</ele>
        <time>2023-11-25T15:33:23.630Z</time>
      </trkpt>
      <trkpt lat="40.853656" lon="15.243523">
        <ele>661.539887</ele>
        <time>2023-11-25T15:33:30.545Z</time>
      </trkpt>
      <trkpt lat="40.853330" lon="15.243637">
        <ele>659.880960</ele>
        <time>2023-11-25T15:33:35.738Z</time>
      </trkpt>
      <trkpt lat="40.853264" lon="15.243686">
        <ele>659.506992</ele>
        <time>2023-11-25T15:33:37.031Z</time>
      </trkpt>
      <trkpt lat="40.853240" lon="15.243762">
        <ele>659.199227</ele>
        <time>2023-11-25T15:33:38.082Z</time>
      </trkpt>
      <trkpt lat="40.853270" lon="15.243834">
        <ele>658.892046</ele>
        <time>2023-11-25T15:33:39.027Z</time>
      </trkpt>
      <trkpt lat="40.853284" lon="15.243867">
        <ele>658.750655</ele>
        <time>2023-11-25T15:33:39.458Z</time>
      </trkpt>
      <trkpt lat="40.853351" lon="15.243888">
        <ele>658.410466</ele>
        <time>2023-11-25T15:33:40.501Z</time>
      </trkpt>
      <trkpt lat="40.854007" lon="15.243716">
        <ele>655.106382</ele>
        <time>2023-11-25T15:33:50.770Z</time>
      </trkpt>
      <trkpt lat="40.854173" lon="15.243718">
        <ele>654.286226</ele>
        <time>2023-11-25T15:33:53.280Z</time>
      </trkpt>
      <trkpt lat="40.855165" lon="15.244048">
        <ele>649.116981</ele>
        <time>2023-11-25T15:34:08.319Z</time>
      </trkpt>
      <trkpt lat="40.855365" lon="15.244060">
        <ele>648.090532</ele>
        <time>2023-11-25T15:34:11.321Z</time>
      </trkpt>
      <trkpt lat="40.855473" lon="15.243970">
        <ele>647.436007</ele>
        <time>2023-11-25T15:34:13.273Z</time>
      </trkpt>
      <trkpt lat="40.856008" lon="15.243298">
        <ele>643.652571</ele>
        <time>2023-11-25T15:34:24.554Z</time>
      </trkpt>
      <trkpt lat="40.856155" lon="15.243187">
        <ele>642.785443</ele>
        <time>2023-11-25T15:34:27.129Z</time>
      </trkpt>
      <trkpt lat="40.855878" lon="15.243755">
        <ele>640.171942</ele>
        <time>2023-11-25T15:34:34.986Z</time>
      </trkpt>
      <trkpt lat="40.855823" lon="15.243943">
        <ele>639.392439</ele>
        <time>2023-11-25T15:34:37.293Z</time>
      </trkpt>
      <trkpt lat="40.855826" lon="15.244115">
        <ele>638.727121</ele>
        <time>2023-11-25T15:34:39.270Z</time>
      </trkpt>
      <trkpt lat="40.855937" lon="15.244905">
        <ele>635.619848</ele>
        <time>2023-11-25T15:34:48.286Z</time>
      </trkpt>
      <trkpt lat="40.855894" lon="15.245069">
        <ele>634.948619</ele>
        <time>2023-11-25T15:34:50.208Z</time>
      </trkpt>
      <trkpt lat="40.855771" lon="15.245183">
        <ele>634.180615</ele>
        <time>2023-11-25T15:34:52.442Z</time>
      </trkpt>
      <trkpt lat="40.855153" lon="15.245430">
        <ele>631.014557</ele>
        <time>2023-11-25T15:35:02.129Z</time>
      </trkpt>
      <trkpt lat="40.854913" lon="15.245637">
        <ele>629.615424</ele>
        <time>2023-11-25T15:35:06.496Z</time>
      </trkpt>
      <trkpt lat="40.854613" lon="15.245941">
        <ele>627.769885</ele>
        <time>2023-11-25T15:35:12.260Z</time>
      </trkpt>
      <trkpt lat="40.854434" lon="15.246070">
        <ele>626.774488</ele>
        <time>2023-11-25T15:35:15.402Z</time>
      </trkpt>
      <trkpt lat="40.854088" lon="15.246262">
        <ele>625.017820</ele>
        <time>2023-11-25T15:35:21.132Z</time>
      </trkpt>
      <trkpt lat="40.854021" lon="15.246344">
        <ele>624.795086</ele>
        <time>2023-11-25T15:35:22.502Z</time>
      </trkpt>
      <trkpt lat="40.853903" lon="15.246676">
        <ele>624.118206</ele>
        <time>2023-11-25T15:35:26.777Z</time>
      </trkpt>
      <trkpt lat="40.853869" lon="15.246871">
        <ele>623.748949</ele>
        <time>2023-11-25T15:35:29.071Z</time>
      </trkpt>
      <trkpt lat="40.853907" lon="15.247425">
        <ele>622.722495</ele>
        <time>2023-11-25T15:35:35.874Z</time>
      </trkpt>
      <trkpt lat="40.853874" lon="15.247656">
        <ele>622.288710</ele>
        <time>2023-11-25T15:35:39.044Z</time>
      </trkpt>
      <trkpt lat="40.853614" lon="15.248306">
        <ele>620.931916</ele>
        <time>2023-11-25T15:35:49.797Z</time>
      </trkpt>
      <trkpt lat="40.853324" lon="15.248686">
        <ele>621.955336</ele>
        <time>2023-11-25T15:35:59.923Z</time>
      </trkpt>
      <trkpt lat="40.853309" lon="15.248708">
        <ele>622.044123</ele>
        <time>2023-11-25T15:36:00.482Z</time>
      </trkpt>
      <trkpt lat="40.853257" lon="15.248846">
        <ele>622.506290</ele>
        <time>2023-11-25T15:36:03.994Z</time>
      </trkpt>
      <trkpt lat="40.853238" lon="15.248995">
        <ele>622.959244</ele>
        <time>2023-11-25T15:36:07.681Z</time>
      </trkpt>
      <trkpt lat="40.853269" lon="15.249372">
        <ele>624.096020</ele>
        <time>2023-11-25T15:36:17.495Z</time>
      </trkpt>
      <trkpt lat="40.853489" lon="15.250403">
        <ele>627.307232</ele>
        <time>2023-11-25T15:36:53.321Z</time>
      </trkpt>
      <trkpt lat="40.853562" lon="15.250973">
        <ele>630.045434</ele>
        <time>2023-11-25T15:37:17.270Z</time>
      </trkpt>
      <trkpt lat="40.853572" lon="15.251086">
        <ele>630.670591</ele>
        <time>2023-11-25T15:37:22.238Z</time>
      </trkpt>
      <trkpt lat="40.853635" lon="15.251796">
        <ele>634.598709</ele>
        <time>2023-11-25T15:37:52.788Z</time>
      </trkpt>
      <trkpt lat="40.853644" lon="15.251908">
        <ele>635.217598</ele>
        <time>2023-11-25T15:37:57.128Z</time>
      </trkpt>
      <trkpt lat="40.853655" lon="15.252027">
        <ele>635.876353</ele>
        <time>2023-11-25T15:38:01.773Z</time>
      </trkpt>
      <trkpt lat="40.853688" lon="15.252374">
        <ele>637.798086</ele>
        <time>2023-11-25T15:38:14.819Z</time>
      </trkpt>
      <trkpt lat="40.853733" lon="15.252648">
        <ele>639.338763</ele>
        <time>2023-11-25T15:38:25.187Z</time>
      </trkpt>
      <trkpt lat="40.853807" lon="15.252873">
        <ele>640.686927</ele>
        <time>2023-11-25T15:38:34.259Z</time>
      </trkpt>
      <trkpt lat="40.853871" lon="15.253048">
        <ele>641.429136</ele>
        <time>2023-11-25T15:38:41.325Z</time>
      </trkpt>
      <trkpt lat="40.853885" lon="15.253152">
        <ele>641.788315</ele>
        <time>2023-11-25T15:38:45.227Z</time>
      </trkpt>
      <trkpt lat="40.853835" lon="15.253235">
        <ele>642.149103</ele>
        <time>2023-11-25T15:38:48.719Z</time>
      </trkpt>
      <trkpt lat="40.853756" lon="15.253240">
        <ele>642.504645</ele>
        <time>2023-11-25T15:38:52.561Z</time>
      </trkpt>
      <trkpt lat="40.853691" lon="15.253174">
        <ele>642.873078</ele>
        <time>2023-11-25T15:38:56.063Z</time>
      </trkpt>
      <trkpt lat="40.853291" lon="15.252682">
        <ele>645.329090</ele>
        <time>2023-11-25T15:39:18.429Z</time>
      </trkpt>
      <trkpt lat="40.853015" lon="15.252363">
        <ele>646.977098</ele>
        <time>2023-11-25T15:39:32.443Z</time>
      </trkpt>
      <trkpt lat="40.852907" lon="15.252275">
        <ele>647.547401</ele>
        <time>2023-11-25T15:39:37.172Z</time>
      </trkpt>
      <trkpt lat="40.852801" lon="15.252188">
        <ele>648.108269</ele>
        <time>2023-11-25T15:39:41.626Z</time>
      </trkpt>
      <trkpt lat="40.852121" lon="15.251715">
        <ele>651.339945</ele>
        <time>2023-11-25T15:40:06.095Z</time>
      </trkpt>
      <trkpt lat="40.852025" lon="15.251685">
        <ele>651.745107</ele>
        <time>2023-11-25T15:40:09.473Z</time>
      </trkpt>
      <trkpt lat="40.851957" lon="15.251740">
        <ele>652.072523</ele>
        <time>2023-11-25T15:40:12.459Z</time>
      </trkpt>
      <trkpt lat="40.851946" lon="15.251872">
        <ele>652.485094</ele>
        <time>2023-11-25T15:40:16.329Z</time>
      </trkpt>
      <trkpt lat="40.851986" lon="15.252140">
        <ele>653.333753</ele>
        <time>2023-11-25T15:40:24.277Z</time>
      </trkpt>
      <trkpt lat="40.852088" lon="15.252826">
        <ele>655.505757</ele>
        <time>2023-11-25T15:40:45.866Z</time>
      </trkpt>
      <trkpt lat="40.852138" lon="15.253167">
        <ele>656.753961</ele>
        <time>2023-11-25T15:40:57.647Z</time>
      </trkpt>
      <trkpt lat="40.852203" lon="15.253616">
        <ele>659.308611</ele>
        <time>2023-11-25T15:41:14.460Z</time>
      </trkpt>
      <trkpt lat="40.852229" lon="15.253784">
        <ele>660.266881</ele>
        <time>2023-11-25T15:41:21.178Z</time>
      </trkpt>
      <trkpt lat="40.852269" lon="15.253910">
        <ele>661.030495</ele>
        <time>2023-11-25T15:41:26.311Z</time>
      </trkpt>
      <trkpt lat="40.852355" lon="15.254100">
        <ele>662.267838</ele>
        <time>2023-11-25T15:41:34.753Z</time>
      </trkpt>
      <trkpt lat="40.852358" lon="15.254200">
        <ele>662.827097</ele>
        <time>2023-11-25T15:41:38.761Z</time>
      </trkpt>
      <trkpt lat="40.852143" lon="15.254539">
        <ele>665.299300</ele>
        <time>2023-11-25T15:41:56.544Z</time>
      </trkpt>
      <trkpt lat="40.851991" lon="15.254695">
        <ele>666.720925</ele>
        <time>2023-11-25T15:42:07.360Z</time>
      </trkpt>
      <trkpt lat="40.851770" lon="15.254856">
        <ele>668.585135</ele>
        <time>2023-11-25T15:42:22.517Z</time>
      </trkpt>
      <trkpt lat="40.851492" lon="15.255003">
        <ele>670.647672</ele>
        <time>2023-11-25T15:42:39.767Z</time>
      </trkpt>
      <trkpt lat="40.851250" lon="15.255061">
        <ele>672.225525</ele>
        <time>2023-11-25T15:42:52.815Z</time>
      </trkpt>
      <trkpt lat="40.851028" lon="15.255091">
        <ele>673.657183</ele>
        <time>2023-11-25T15:43:04.548Z</time>
      </trkpt>
      <trkpt lat="40.850754" lon="15.255132">
        <ele>675.426249</ele>
        <time>2023-11-25T15:43:18.215Z</time>
      </trkpt>
      <trkpt lat="40.850633" lon="15.255201">
        <ele>676.271659</ele>
        <time>2023-11-25T15:43:24.272Z</time>
      </trkpt>
      <trkpt lat="40.850599" lon="15.255252">
        <ele>676.601555</ele>
        <time>2023-11-25T15:43:26.674Z</time>
      </trkpt>
      <trkpt lat="40.850567" lon="15.255382">
        <ele>677.264980</ele>
        <time>2023-11-25T15:43:31.674Z</time>
      </trkpt>
      <trkpt lat="40.850616" lon="15.255559">
        <ele>678.179641</ele>
        <time>2023-11-25T15:43:38.045Z</time>
      </trkpt>
      <trkpt lat="40.850833" lon="15.255795">
        <ele>679.982338</ele>
        <time>2023-11-25T15:43:49.712Z</time>
      </trkpt>
      <trkpt lat="40.851283" lon="15.256031">
        <ele>682.425971</ele>
        <time>2023-11-25T15:44:08.079Z</time>
      </trkpt>
      <trkpt lat="40.851432" lon="15.256103">
        <ele>683.086686</ele>
        <time>2023-11-25T15:44:14.495Z</time>
      </trkpt>
      <trkpt lat="40.851703" lon="15.256219">
        <ele>684.273044</ele>
        <time>2023-11-25T15:44:25.177Z</time>
      </trkpt>
      <trkpt lat="40.851764" lon="15.256245">
        <ele>684.539976</ele>
        <time>2023-11-25T15:44:27.772Z</time>
      </trkpt>
      <trkpt lat="40.851925" lon="15.256227">
        <ele>685.212909</ele>
        <time>2023-11-25T15:44:33.749Z</time>
      </trkpt>
      <trkpt lat="40.852453" lon="15.255788">
        <ele>687.810673</ele>
        <time>2023-11-25T15:44:56.682Z</time>
      </trkpt>
      <trkpt lat="40.852592" lon="15.255724">
        <ele>688.423690</ele>
        <time>2023-11-25T15:45:02.196Z</time>
      </trkpt>
      <trkpt lat="40.852885" lon="15.255717">
        <ele>690.209140</ele>
        <time>2023-11-25T15:45:14.694Z</time>
      </trkpt>
      <trkpt lat="40.852978" lon="15.255763">
        <ele>690.867963</ele>
        <time>2023-11-25T15:45:18.984Z</time>
      </trkpt>
      <trkpt lat="40.853155" lon="15.255995">
        <ele>692.521695</ele>
        <time>2023-11-25T15:45:29.997Z</time>
      </trkpt>
      <trkpt lat="40.853204" lon="15.256255">
        <ele>693.866427</ele>
        <time>2023-11-25T15:45:39.802Z</time>
      </trkpt>
      <trkpt lat="40.853220" lon="15.256507">
        <ele>695.135564</ele>
        <time>2023-11-25T15:45:49.336Z</time>
      </trkpt>
      <trkpt lat="40.853223" lon="15.256617">
        <ele>695.687970</ele>
        <time>2023-11-25T15:45:53.790Z</time>
      </trkpt>
      <trkpt lat="40.853188" lon="15.256866">
        <ele>696.958998</ele>
        <time>2023-11-25T15:46:04.550Z</time>
      </trkpt>
      <trkpt lat="40.852895" lon="15.257758">
        <ele>701.939577</ele>
        <time>2023-11-25T15:46:44.402Z</time>
      </trkpt>
      <trkpt lat="40.852807" lon="15.257999">
        <ele>703.393341</ele>
        <time>2023-11-25T15:46:54.650Z</time>
      </trkpt>
      <trkpt lat="40.852783" lon="15.258262">
        <ele>704.832410</ele>
        <time>2023-11-25T15:47:05.295Z</time>
      </trkpt>
      <trkpt lat="40.852798" lon="15.258678">
        <ele>707.094835</ele>
        <time>2023-11-25T15:47:21.627Z</time>
      </trkpt>
      <trkpt lat="40.852848" lon="15.258804">
        <ele>707.867789</ele>
        <time>2023-11-25T15:47:27.088Z</time>
      </trkpt>
      <trkpt lat="40.852983" lon="15.258950">
        <ele>709.120421</ele>
        <time>2023-11-25T15:47:36.002Z</time>
      </trkpt>
      <trkpt lat="40.853274" lon="15.259075">
        <ele>711.317907</ele>
        <time>2023-11-25T15:47:51.317Z</time>
      </trkpt>
      <trkpt lat="40.853387" lon="15.259124">
        <ele>712.172002</ele>
        <time>2023-11-25T15:47:57.518Z</time>
      </trkpt>
      <trkpt lat="40.853494" lon="15.259217">
        <ele>713.091659</ele>
        <time>2023-11-25T15:48:03.848Z</time>
      </trkpt>
      <trkpt lat="40.853495" lon="15.259224">
        <ele>713.130358</ele>
        <time>2023-11-25T15:48:04.123Z</time>
      </trkpt>
      <trkpt lat="40.853523" lon="15.259356">
        <ele>713.790854</ele>
        <time>2023-11-25T15:48:09.048Z</time>
      </trkpt>
      <trkpt lat="40.853481" lon="15.259438">
        <ele>714.192256</ele>
        <time>2023-11-25T15:48:12.912Z</time>
      </trkpt>
      <trkpt lat="40.853416" lon="15.259466">
        <ele>714.558596</ele>
        <time>2023-11-25T15:48:16.308Z</time>
      </trkpt>
      <trkpt lat="40.853181" lon="15.259415">
        <ele>715.834750</ele>
        <time>2023-11-25T15:48:27.254Z</time>
      </trkpt>
      <trkpt lat="40.852294" lon="15.259215">
        <ele>720.656574</ele>
        <time>2023-11-25T15:49:03.827Z</time>
      </trkpt>
      <trkpt lat="40.852198" lon="15.259188">
        <ele>721.182524</ele>
        <time>2023-11-25T15:49:07.795Z</time>
      </trkpt>
      <trkpt lat="40.851740" lon="15.259020">
        <ele>723.669416</ele>
        <time>2023-11-25T15:49:29.479Z</time>
      </trkpt>
      <trkpt lat="40.850877" lon="15.258562">
        <ele>728.105798</ele>
        <time>2023-11-25T15:50:07.849Z</time>
      </trkpt>
      <trkpt lat="40.850837" lon="15.258545">
        <ele>728.306241</ele>
        <time>2023-11-25T15:50:09.427Z</time>
      </trkpt>
      <trkpt lat="40.850789" lon="15.258537">
        <ele>728.537043</ele>
        <time>2023-11-25T15:50:11.315Z</time>
      </trkpt>
      <trkpt lat="40.850723" lon="15.258573">
        <ele>728.877650</ele>
        <time>2023-11-25T15:50:14.188Z</time>
      </trkpt>
      <trkpt lat="40.850681" lon="15.258677">
        <ele>729.303079</ele>
        <time>2023-11-25T15:50:17.733Z</time>
      </trkpt>
      <trkpt lat="40.850685" lon="15.258746">
        <ele>729.552801</ele>
        <time>2023-11-25T15:50:19.830Z</time>
      </trkpt>
      <trkpt lat="40.850726" lon="15.258823">
        <ele>729.892601</ele>
        <time>2023-11-25T15:50:22.557Z</time>
      </trkpt>
      <trkpt lat="40.851670" lon="15.259750">
        <ele>735.964223</ele>
        <time>2023-11-25T15:51:10.961Z</time>
      </trkpt>
      <trkpt lat="40.851959" lon="15.260313">
        <ele>738.722562</ele>
        <time>2023-11-25T15:51:35.090Z</time>
      </trkpt>
      <trkpt lat="40.852151" lon="15.260708">
        <ele>740.626013</ele>
        <time>2023-11-25T15:51:51.033Z</time>
      </trkpt>
      <trkpt lat="40.852199" lon="15.260805">
        <ele>741.095923</ele>
        <time>2023-11-25T15:51:54.994Z</time>
      </trkpt>
      <trkpt lat="40.852254" lon="15.260958">
        <ele>741.800289</ele>
        <time>2023-11-25T15:52:00.819Z</time>
      </trkpt>
      <trkpt lat="40.852302" lon="15.261242">
        <ele>743.034674</ele>
        <time>2023-11-25T15:52:10.575Z</time>
      </trkpt>
      <trkpt lat="40.852312" lon="15.261857">
        <ele>745.643998</ele>
        <time>2023-11-25T15:52:31.373Z</time>
      </trkpt>
      <trkpt lat="40.852665" lon="15.263850">
        <ele>754.130806</ele>
        <time>2023-11-25T15:53:40.851Z</time>
      </trkpt>
      <trkpt lat="40.852695" lon="15.264018">
        <ele>754.812495</ele>
        <time>2023-11-25T15:53:46.033Z</time>
      </trkpt>
      <trkpt lat="40.852700" lon="15.264372">
        <ele>756.210724</ele>
        <time>2023-11-25T15:53:55.665Z</time>
      </trkpt>
      <trkpt lat="40.852608" lon="15.264642">
        <ele>757.380181</ele>
        <time>2023-11-25T15:54:03.924Z</time>
      </trkpt>
      <trkpt lat="40.852425" lon="15.264929">
        <ele>758.862561</ele>
        <time>2023-11-25T15:54:15.396Z</time>
      </trkpt>
      <trkpt lat="40.852299" lon="15.265229">
        <ele>760.217687</ele>
        <time>2023-11-25T15:54:26.662Z</time>
      </trkpt>
      <trkpt lat="40.852230" lon="15.265653">
        <ele>762.406224</ele>
        <time>2023-11-25T15:54:43.198Z</time>
      </trkpt>
      <trkpt lat="40.852149" lon="15.265905">
        <ele>763.977117</ele>
        <time>2023-11-25T15:54:54.943Z</time>
      </trkpt>
      <trkpt lat="40.851946" lon="15.266130">
        <ele>765.986371</ele>
        <time>2023-11-25T15:55:10.492Z</time>
      </trkpt>
      <trkpt lat="40.851699" lon="15.266189">
        <ele>767.890165</ele>
        <time>2023-11-25T15:55:24.798Z</time>
      </trkpt>
      <trkpt lat="40.851366" lon="15.266200">
        <ele>770.416711</ele>
        <time>2023-11-25T15:55:42.727Z</time>
      </trkpt>
      <trkpt lat="40.851082" lon="15.266334">
        <ele>772.703890</ele>
        <time>2023-11-25T15:55:58.256Z</time>
      </trkpt>
      <trkpt lat="40.850704" lon="15.266737">
        <ele>775.409047</ele>
        <time>2023-11-25T15:56:23.032Z</time>
      </trkpt>
      <trkpt lat="40.850672" lon="15.266935">
        <ele>775.961506</ele>
        <time>2023-11-25T15:56:30.961Z</time>
      </trkpt>
      <trkpt lat="40.850721" lon="15.267085">
        <ele>776.407333</ele>
        <time>2023-11-25T15:56:36.961Z</time>
      </trkpt>
      <trkpt lat="40.850838" lon="15.267284">
        <ele>777.095060</ele>
        <time>2023-11-25T15:56:46.085Z</time>
      </trkpt>
      <trkpt lat="40.851159" lon="15.267691">
        <ele>778.699464</ele>
        <time>2023-11-25T15:57:03.631Z</time>
      </trkpt>
      <trkpt lat="40.851167" lon="15.267869">
        <ele>779.186009</ele>
        <time>2023-11-25T15:57:07.763Z</time>
      </trkpt>
      <trkpt lat="40.851122" lon="15.268239">
        <ele>780.208554</ele>
        <time>2023-11-25T15:57:14.557Z</time>
      </trkpt>
      <trkpt lat="40.851175" lon="15.268593">
        <ele>780.896907</ele>
        <time>2023-11-25T15:57:19.776Z</time>
      </trkpt>
      <trkpt lat="40.851273" lon="15.268689">
        <ele>780.624328</ele>
        <time>2023-11-25T15:57:21.899Z</time>
      </trkpt>
      <trkpt lat="40.851877" lon="15.268732">
        <ele>779.272566</ele>
        <time>2023-11-25T15:57:31.966Z</time>
      </trkpt>
      <trkpt lat="40.851987" lon="15.268797">
        <ele>779.003303</ele>
        <time>2023-11-25T15:57:33.939Z</time>
      </trkpt>
      <trkpt lat="40.852047" lon="15.268968">
        <ele>778.684661</ele>
        <time>2023-11-25T15:57:36.250Z</time>
      </trkpt>
      <trkpt lat="40.852047" lon="15.269322">
        <ele>778.086263</ele>
        <time>2023-11-25T15:57:40.603Z</time>
      </trkpt>
      <trkpt lat="40.852007" lon="15.269746">
        <ele>777.363985</ele>
        <time>2023-11-25T15:57:45.856Z</time>
      </trkpt>
      <trkpt lat="40.852044" lon="15.270293">
        <ele>777.267732</ele>
        <time>2023-11-25T15:57:53.218Z</time>
      </trkpt>
      <trkpt lat="40.851946" lon="15.271060">
        <ele>777.924065</ele>
        <time>2023-11-25T15:58:07.709Z</time>
      </trkpt>
      <trkpt lat="40.851938" lon="15.271608">
        <ele>778.386534</ele>
        <time>2023-11-25T15:58:20.544Z</time>
      </trkpt>
      <trkpt lat="40.851917" lon="15.271727">
        <ele>778.489638</ele>
        <time>2023-11-25T15:58:23.557Z</time>
      </trkpt>
      <trkpt lat="40.851782" lon="15.272127">
        <ele>778.859216</ele>
        <time>2023-11-25T15:58:35.109Z</time>
      </trkpt>
      <trkpt lat="40.851759" lon="15.272534">
        <ele>779.088876</ele>
        <time>2023-11-25T15:58:46.142Z</time>
      </trkpt>
      <trkpt lat="40.851786" lon="15.273101">
        <ele>779.301984</ele>
        <time>2023-11-25T15:59:01.342Z</time>
      </trkpt>
      <trkpt lat="40.851655" lon="15.274095">
        <ele>779.680459</ele>
        <time>2023-11-25T15:59:20.807Z</time>
      </trkpt>
      <trkpt lat="40.851649" lon="15.274597">
        <ele>779.868787</ele>
        <time>2023-11-25T15:59:27.222Z</time>
      </trkpt>
      <trkpt lat="40.851699" lon="15.274848">
        <ele>779.456604</ele>
        <time>2023-11-25T15:59:30.293Z</time>
      </trkpt>
      <trkpt lat="40.851792" lon="15.275003">
        <ele>779.040490</ele>
        <time>2023-11-25T15:59:32.623Z</time>
      </trkpt>
      <trkpt lat="40.851982" lon="15.275162">
        <ele>778.415229</ele>
        <time>2023-11-25T15:59:36.028Z</time>
      </trkpt>
      <trkpt lat="40.852433" lon="15.275518">
        <ele>776.954655</ele>
        <time>2023-11-25T15:59:44.127Z</time>
      </trkpt>
      <trkpt lat="40.852532" lon="15.275639">
        <ele>776.579762</ele>
        <time>2023-11-25T15:59:46.224Z</time>
      </trkpt>
      <trkpt lat="40.852579" lon="15.275786">
        <ele>776.244100</ele>
        <time>2023-11-25T15:59:48.183Z</time>
      </trkpt>
      <trkpt lat="40.852572" lon="15.275915">
        <ele>775.972086</ele>
        <time>2023-11-25T15:59:49.815Z</time>
      </trkpt>
      <trkpt lat="40.852530" lon="15.276045">
        <ele>775.674768</ele>
        <time>2023-11-25T15:59:51.612Z</time>
      </trkpt>
      <trkpt lat="40.852458" lon="15.276163">
        <ele>775.355902</ele>
        <time>2023-11-25T15:59:53.655Z</time>
      </trkpt>
      <trkpt lat="40.852368" lon="15.276233">
        <ele>775.065553</ele>
        <time>2023-11-25T15:59:55.676Z</time>
      </trkpt>
      <trkpt lat="40.852130" lon="15.276328">
        <ele>775.376426</ele>
        <time>2023-11-25T16:00:01.260Z</time>
      </trkpt>
      <trkpt lat="40.851818" lon="15.276367">
        <ele>776.205838</ele>
        <time>2023-11-25T16:00:12.018Z</time>
      </trkpt>
      <trkpt lat="40.851516" lon="15.276332">
        <ele>777.008167</ele>
        <time>2023-11-25T16:00:23.088Z</time>
      </trkpt>
      <trkpt lat="40.850910" lon="15.276222">
        <ele>778.627034</ele>
        <time>2023-11-25T16:00:45.779Z</time>
      </trkpt>
      <trkpt lat="40.850805" lon="15.276217">
        <ele>778.905104</ele>
        <time>2023-11-25T16:00:49.449Z</time>
      </trkpt>
      <trkpt lat="40.850679" lon="15.276267">
        <ele>779.253270</ele>
        <time>2023-11-25T16:00:54.436Z</time>
      </trkpt>
      <trkpt lat="40.850574" lon="15.276405">
        <ele>779.645118</ele>
        <time>2023-11-25T16:01:00.008Z</time>
      </trkpt>
      <trkpt lat="40.850554" lon="15.276499">
        <ele>779.739310</ele>
        <time>2023-11-25T16:01:02.734Z</time>
      </trkpt>
      <trkpt lat="40.850556" lon="15.276566">
        <ele>779.802966</ele>
        <time>2023-11-25T16:01:04.715Z</time>
      </trkpt>
      <trkpt lat="40.850609" lon="15.276718">
        <ele>779.961860</ele>
        <time>2023-11-25T16:01:09.748Z</time>
      </trkpt>
      <trkpt lat="40.850724" lon="15.276934">
        <ele>780.212620</ele>
        <time>2023-11-25T16:01:17.016Z</time>
      </trkpt>
      <trkpt lat="40.851217" lon="15.277647">
        <ele>781.129686</ele>
        <time>2023-11-25T16:01:40.200Z</time>
      </trkpt>
      <trkpt lat="40.851238" lon="15.277748">
        <ele>781.229126</ele>
        <time>2023-11-25T16:01:42.045Z</time>
      </trkpt>
      <trkpt lat="40.851225" lon="15.277862">
        <ele>781.338573</ele>
        <time>2023-11-25T16:01:43.885Z</time>
      </trkpt>
      <trkpt lat="40.851177" lon="15.277958">
        <ele>781.447821</ele>
        <time>2023-11-25T16:01:45.512Z</time>
      </trkpt>
      <trkpt lat="40.850833" lon="15.278238">
        <ele>781.825277</ele>
        <time>2023-11-25T16:01:52.372Z</time>
      </trkpt>
      <trkpt lat="40.850745" lon="15.278372">
        <ele>781.552628</ele>
        <time>2023-11-25T16:01:54.565Z</time>
      </trkpt>
      <trkpt lat="40.850724" lon="15.278457">
        <ele>781.415242</ele>
        <time>2023-11-25T16:01:55.691Z</time>
      </trkpt>
      <trkpt lat="40.850731" lon="15.278681">
        <ele>781.070787</ele>
        <time>2023-11-25T16:01:58.582Z</time>
      </trkpt>
      <trkpt lat="40.850866" lon="15.279212">
        <ele>780.210092</ele>
        <time>2023-11-25T16:02:06.150Z</time>
      </trkpt>
      <trkpt lat="40.850809" lon="15.279834">
        <ele>779.247444</ele>
        <time>2023-11-25T16:02:15.323Z</time>
      </trkpt>
      <trkpt lat="40.850854" lon="15.280207">
        <ele>778.667112</ele>
        <time>2023-11-25T16:02:20.454Z</time>
      </trkpt>
      <trkpt lat="40.850907" lon="15.280358">
        <ele>778.411350</ele>
        <time>2023-11-25T16:02:22.553Z</time>
      </trkpt>
      <trkpt lat="40.850921" lon="15.280399">
        <ele>778.342236</ele>
        <time>2023-11-25T16:02:23.124Z</time>
      </trkpt>
      <trkpt lat="40.851037" lon="15.280570">
        <ele>777.724993</ele>
        <time>2023-11-25T16:02:25.946Z</time>
      </trkpt>
      <trkpt lat="40.851202" lon="15.280692">
        <ele>776.954467</ele>
        <time>2023-11-25T16:02:28.897Z</time>
      </trkpt>
      <trkpt lat="40.851595" lon="15.280916">
        <ele>775.210189</ele>
        <time>2023-11-25T16:02:35.496Z</time>
      </trkpt>
      <trkpt lat="40.851749" lon="15.281028">
        <ele>774.493825</ele>
        <time>2023-11-25T16:02:38.198Z</time>
      </trkpt>
      <trkpt lat="40.851846" lon="15.281175">
        <ele>773.892432</ele>
        <time>2023-11-25T16:02:40.442Z</time>
      </trkpt>
      <trkpt lat="40.851880" lon="15.281420">
        <ele>773.124519</ele>
        <time>2023-11-25T16:02:43.334Z</time>
      </trkpt>
      <trkpt lat="40.851845" lon="15.281664">
        <ele>772.358889</ele>
        <time>2023-11-25T16:02:46.201Z</time>
      </trkpt>
      <trkpt lat="40.851803" lon="15.281756">
        <ele>772.027610</ele>
        <time>2023-11-25T16:02:47.441Z</time>
      </trkpt>
      <trkpt lat="40.851692" lon="15.281860">
        <ele>771.473113</ele>
        <time>2023-11-25T16:02:49.540Z</time>
      </trkpt>
      <trkpt lat="40.850851" lon="15.282326">
        <ele>768.208321</ele>
        <time>2023-11-25T16:03:03.835Z</time>
      </trkpt>
      <trkpt lat="40.850665" lon="15.282387">
        <ele>767.538762</ele>
        <time>2023-11-25T16:03:06.886Z</time>
      </trkpt>
      <trkpt lat="40.850401" lon="15.282362">
        <ele>766.614016</ele>
        <time>2023-11-25T16:03:11.162Z</time>
      </trkpt>
      <trkpt lat="40.850263" lon="15.282270">
        <ele>766.074024</ele>
        <time>2023-11-25T16:03:13.706Z</time>
      </trkpt>
      <trkpt lat="40.849820" lon="15.281863">
        <ele>764.294234</ele>
        <time>2023-11-25T16:03:22.773Z</time>
      </trkpt>
      <trkpt lat="40.849534" lon="15.281497">
        <ele>763.229793</ele>
        <time>2023-11-25T16:03:29.621Z</time>
      </trkpt>
      <trkpt lat="40.849413" lon="15.281398">
        <ele>762.849265</ele>
        <time>2023-11-25T16:03:32.078Z</time>
      </trkpt>
      <trkpt lat="40.849335" lon="15.281369">
        <ele>762.632590</ele>
        <time>2023-11-25T16:03:33.489Z</time>
      </trkpt>
      <trkpt lat="40.848825" lon="15.281388">
        <ele>761.268236</ele>
        <time>2023-11-25T16:03:42.226Z</time>
      </trkpt>
      <trkpt lat="40.848227" lon="15.281306">
        <ele>759.610251</ele>
        <time>2023-11-25T16:03:52.110Z</time>
      </trkpt>
      <trkpt lat="40.848075" lon="15.281317">
        <ele>759.080351</ele>
        <time>2023-11-25T16:03:54.566Z</time>
      </trkpt>
      <trkpt lat="40.845973" lon="15.282102">
        <ele>751.754725</ele>
        <time>2023-11-25T16:04:29.476Z</time>
      </trkpt>
      <trkpt lat="40.844918" lon="15.282186">
        <ele>748.564788</ele>
        <time>2023-11-25T16:04:47.213Z</time>
      </trkpt>
      <trkpt lat="40.844258" lon="15.282196">
        <ele>746.584369</ele>
        <time>2023-11-25T16:04:58.167Z</time>
      </trkpt>
      <trkpt lat="40.844118" lon="15.282210">
        <ele>746.163787</ele>
        <time>2023-11-25T16:05:00.462Z</time>
      </trkpt>
      <trkpt lat="40.843927" lon="15.282295">
        <ele>745.560073</ele>
        <time>2023-11-25T16:05:03.741Z</time>
      </trkpt>
      <trkpt lat="40.843721" lon="15.282493">
        <ele>744.797096</ele>
        <time>2023-11-25T16:05:07.860Z</time>
      </trkpt>
      <trkpt lat="40.843532" lon="15.282770">
        <ele>743.951764</ele>
        <time>2023-11-25T16:05:12.412Z</time>
      </trkpt>
      <trkpt lat="40.843451" lon="15.282914">
        <ele>743.545112</ele>
        <time>2023-11-25T16:05:14.631Z</time>
      </trkpt>
      <trkpt lat="40.843199" lon="15.283522">
        <ele>742.456846</ele>
        <time>2023-11-25T16:05:23.412Z</time>
      </trkpt>
      <trkpt lat="40.843091" lon="15.283710">
        <ele>742.254968</ele>
        <time>2023-11-25T16:05:26.494Z</time>
      </trkpt>
      <trkpt lat="40.842700" lon="15.284120">
        <ele>741.690775</ele>
        <time>2023-11-25T16:05:35.402Z</time>
      </trkpt>
      <trkpt lat="40.842564" lon="15.284575">
        <ele>741.272387</ele>
        <time>2023-11-25T16:05:42.657Z</time>
      </trkpt>
      <trkpt lat="40.842506" lon="15.284996">
        <ele>740.906426</ele>
        <time>2023-11-25T16:05:49.903Z</time>
      </trkpt>
      <trkpt lat="40.842584" lon="15.286317">
        <ele>740.672906</ele>
        <time>2023-11-25T16:06:16.941Z</time>
      </trkpt>
      <trkpt lat="40.842556" lon="15.286616">
        <ele>740.661079</ele>
        <time>2023-11-25T16:06:22.444Z</time>
      </trkpt>
      <trkpt lat="40.842481" lon="15.286810">
        <ele>740.652527</ele>
        <time>2023-11-25T16:06:25.984Z</time>
      </trkpt>
      <trkpt lat="40.842075" lon="15.287470">
        <ele>740.446093</ele>
        <time>2023-11-25T16:06:37.865Z</time>
      </trkpt>
      <trkpt lat="40.842022" lon="15.287636">
        <ele>740.110207</ele>
        <time>2023-11-25T16:06:40.246Z</time>
      </trkpt>
      <trkpt lat="40.842061" lon="15.287867">
        <ele>739.668986</ele>
        <time>2023-11-25T16:06:43.547Z</time>
      </trkpt>
      <trkpt lat="40.842321" lon="15.288628">
        <ele>738.112376</ele>
        <time>2023-11-25T16:06:54.558Z</time>
      </trkpt>
      <trkpt lat="40.842330" lon="15.288796">
        <ele>737.798409</ele>
        <time>2023-11-25T16:06:56.722Z</time>
      </trkpt>
      <trkpt lat="40.842327" lon="15.288811">
        <ele>737.769486</ele>
        <time>2023-11-25T16:06:56.908Z</time>
      </trkpt>
      <trkpt lat="40.842305" lon="15.288920">
        <ele>737.559183</ele>
        <time>2023-11-25T16:06:58.267Z</time>
      </trkpt>
      <trkpt lat="40.842260" lon="15.289032">
        <ele>737.322774</ele>
        <time>2023-11-25T16:06:59.844Z</time>
      </trkpt>
      <trkpt lat="40.842192" lon="15.289099">
        <ele>737.113782</ele>
        <time>2023-11-25T16:07:01.282Z</time>
      </trkpt>
      <trkpt lat="40.842042" lon="15.289110">
        <ele>736.743587</ele>
        <time>2023-11-25T16:07:03.658Z</time>
      </trkpt>
      <trkpt lat="40.841692" lon="15.289011">
        <ele>735.830348</ele>
        <time>2023-11-25T16:07:09.298Z</time>
      </trkpt>
      <trkpt lat="40.841478" lon="15.289085">
        <ele>735.233506</ele>
        <time>2023-11-25T16:07:12.787Z</time>
      </trkpt>
      <trkpt lat="40.839971" lon="15.290300">
        <ele>731.134908</ele>
        <time>2023-11-25T16:07:42.896Z</time>
      </trkpt>
      <trkpt lat="40.839879" lon="15.290387">
        <ele>731.063547</ele>
        <time>2023-11-25T16:07:44.876Z</time>
      </trkpt>
      <trkpt lat="40.839674" lon="15.290704">
        <ele>730.864516</ele>
        <time>2023-11-25T16:07:50.630Z</time>
      </trkpt>
      <trkpt lat="40.839159" lon="15.292186">
        <ele>730.533404</ele>
        <time>2023-11-25T16:08:18.680Z</time>
      </trkpt>
      <trkpt lat="40.839058" lon="15.292597">
        <ele>731.117066</ele>
        <time>2023-11-25T16:08:29.013Z</time>
      </trkpt>
      <trkpt lat="40.839063" lon="15.292742">
        <ele>731.313111</ele>
        <time>2023-11-25T16:08:32.676Z</time>
      </trkpt>
      <trkpt lat="40.839099" lon="15.292879">
        <ele>731.508992</ele>
        <time>2023-11-25T16:08:36.286Z</time>
      </trkpt>
      <trkpt lat="40.839350" lon="15.293261">
        <ele>732.192359</ele>
        <time>2023-11-25T16:08:48.586Z</time>
      </trkpt>
      <trkpt lat="40.839455" lon="15.293536">
        <ele>732.608404</ele>
        <time>2023-11-25T16:08:55.993Z</time>
      </trkpt>
      <trkpt lat="40.839502" lon="15.294157">
        <ele>733.409578</ele>
        <time>2023-11-25T16:09:10.032Z</time>
      </trkpt>
      <trkpt lat="40.839481" lon="15.294460">
        <ele>733.361061</ele>
        <time>2023-11-25T16:09:16.459Z</time>
      </trkpt>
      <trkpt lat="40.839442" lon="15.294626">
        <ele>733.333344</ele>
        <time>2023-11-25T16:09:20.091Z</time>
      </trkpt>
      <trkpt lat="40.839143" lon="15.295391">
        <ele>733.196042</ele>
        <time>2023-11-25T16:09:36.456Z</time>
      </trkpt>
      <trkpt lat="40.838999" lon="15.295607">
        <ele>733.150135</ele>
        <time>2023-11-25T16:09:41.012Z</time>
      </trkpt>
      <trkpt lat="40.838831" lon="15.295771">
        <ele>733.106115</ele>
        <time>2023-11-25T16:09:44.910Z</time>
      </trkpt>
      <trkpt lat="40.838733" lon="15.295903">
        <ele>733.076625</ele>
        <time>2023-11-25T16:09:47.335Z</time>
      </trkpt>
      <trkpt lat="40.838383" lon="15.296532">
        <ele>731.819086</ele>
        <time>2023-11-25T16:09:57.020Z</time>
      </trkpt>
      <trkpt lat="40.838362" lon="15.296648">
        <ele>731.539710</ele>
        <time>2023-11-25T16:09:58.466Z</time>
      </trkpt>
      <trkpt lat="40.838361" lon="15.297263">
        <ele>730.099195</ele>
        <time>2023-11-25T16:10:05.833Z</time>
      </trkpt>
      <trkpt lat="40.838391" lon="15.297486">
        <ele>729.568669</ele>
        <time>2023-11-25T16:10:08.483Z</time>
      </trkpt>
      <trkpt lat="40.838472" lon="15.297615">
        <ele>729.176004</ele>
        <time>2023-11-25T16:10:10.541Z</time>
      </trkpt>
      <trkpt lat="40.838550" lon="15.297653">
        <ele>728.918636</ele>
        <time>2023-11-25T16:10:11.918Z</time>
      </trkpt>
      <trkpt lat="40.839248" lon="15.297808">
        <ele>726.865753</ele>
        <time>2023-11-25T16:10:23.798Z</time>
      </trkpt>
      <trkpt lat="40.839607" lon="15.297939">
        <ele>725.928677</ele>
        <time>2023-11-25T16:10:30.319Z</time>
      </trkpt>
      <trkpt lat="40.839653" lon="15.298037">
        <ele>725.709140</ele>
        <time>2023-11-25T16:10:31.789Z</time>
      </trkpt>
      <trkpt lat="40.839639" lon="15.298113">
        <ele>725.560243</ele>
        <time>2023-11-25T16:10:32.804Z</time>
      </trkpt>
      <trkpt lat="40.839595" lon="15.298165">
        <ele>725.411736</ele>
        <time>2023-11-25T16:10:33.825Z</time>
      </trkpt>
      <trkpt lat="40.839143" lon="15.298324">
        <ele>724.234863</ele>
        <time>2023-11-25T16:10:42.133Z</time>
      </trkpt>
      <trkpt lat="40.839020" lon="15.298392">
        <ele>723.899401</ele>
        <time>2023-11-25T16:10:44.474Z</time>
      </trkpt>
      <trkpt lat="40.838868" lon="15.298524">
        <ele>723.441792</ele>
        <time>2023-11-25T16:10:47.587Z</time>
      </trkpt>
      <trkpt lat="40.838716" lon="15.298776">
        <ele>722.646264</ele>
        <time>2023-11-25T16:10:51.659Z</time>
      </trkpt>
      <trkpt lat="40.838707" lon="15.298986">
        <ele>721.597487</ele>
        <time>2023-11-25T16:10:54.238Z</time>
      </trkpt>
      <trkpt lat="40.838768" lon="15.299211">
        <ele>720.405738</ele>
        <time>2023-11-25T16:10:57.112Z</time>
      </trkpt>
      <trkpt lat="40.839027" lon="15.299712">
        <ele>717.380158</ele>
        <time>2023-11-25T16:11:03.894Z</time>
      </trkpt>
      <trkpt lat="40.839059" lon="15.299872">
        <ele>716.554967</ele>
        <time>2023-11-25T16:11:05.678Z</time>
      </trkpt>
      <trkpt lat="40.839050" lon="15.299970">
        <ele>716.062737</ele>
        <time>2023-11-25T16:11:06.721Z</time>
      </trkpt>
      <trkpt lat="40.838734" lon="15.300648">
        <ele>712.092092</ele>
        <time>2023-11-25T16:11:15.052Z</time>
      </trkpt>
      <trkpt lat="40.838683" lon="15.301054">
        <ele>710.104105</ele>
        <time>2023-11-25T16:11:19.300Z</time>
      </trkpt>
      <trkpt lat="40.838609" lon="15.301327">
        <ele>708.746738</ele>
        <time>2023-11-25T16:11:22.308Z</time>
      </trkpt>
      <trkpt lat="40.838445" lon="15.301603">
        <ele>707.104049</ele>
        <time>2023-11-25T16:11:26.011Z</time>
      </trkpt>
      <trkpt lat="40.838364" lon="15.301893">
        <ele>705.657094</ele>
        <time>2023-11-25T16:11:29.322Z</time>
      </trkpt>
      <trkpt lat="40.838351" lon="15.302096">
        <ele>704.703513</ele>
        <time>2023-11-25T16:11:31.501Z</time>
      </trkpt>
      <trkpt lat="40.838352" lon="15.302606">
        <ele>702.316346</ele>
        <time>2023-11-25T16:11:37.217Z</time>
      </trkpt>
      <trkpt lat="40.838390" lon="15.302987">
        <ele>700.517569</ele>
        <time>2023-11-25T16:11:41.821Z</time>
      </trkpt>
      <trkpt lat="40.838527" lon="15.303402">
        <ele>700.352542</ele>
        <time>2023-11-25T16:11:48.068Z</time>
      </trkpt>
      <trkpt lat="40.839047" lon="15.304734">
        <ele>702.124109</ele>
        <time>2023-11-25T16:12:25.115Z</time>
      </trkpt>
      <trkpt lat="40.839633" lon="15.305686">
        <ele>703.784233</ele>
        <time>2023-11-25T16:12:57.307Z</time>
      </trkpt>
      <trkpt lat="40.839755" lon="15.305933">
        <ele>704.223498</ele>
        <time>2023-11-25T16:13:04.207Z</time>
      </trkpt>
      <trkpt lat="40.839827" lon="15.306214">
        <ele>704.665289</ele>
        <time>2023-11-25T16:13:10.901Z</time>
      </trkpt>
      <trkpt lat="40.840052" lon="15.307574">
        <ele>706.329214</ele>
        <time>2023-11-25T16:13:40.214Z</time>
      </trkpt>
      <trkpt lat="40.840051" lon="15.308244">
        <ele>706.376617</ele>
        <time>2023-11-25T16:13:52.581Z</time>
      </trkpt>
      <trkpt lat="40.840097" lon="15.308571">
        <ele>706.400150</ele>
        <time>2023-11-25T16:13:58.250Z</time>
      </trkpt>
      <trkpt lat="40.840173" lon="15.308813">
        <ele>706.418688</ele>
        <time>2023-11-25T16:14:02.587Z</time>
      </trkpt>
      <trkpt lat="40.840388" lon="15.309269">
        <ele>706.456703</ele>
        <time>2023-11-25T16:14:10.929Z</time>
      </trkpt>
      <trkpt lat="40.840625" lon="15.309659">
        <ele>706.308824</ele>
        <time>2023-11-25T16:14:18.251Z</time>
      </trkpt>
      <trkpt lat="40.841329" lon="15.310380">
        <ele>705.380000</ele>
        <time>2023-11-25T16:14:35.064Z</time>
      </trkpt>
      <trkpt lat="40.841455" lon="15.310601">
        <ele>705.161657</ele>
        <time>2023-11-25T16:14:39.016Z</time>
      </trkpt>
      <trkpt lat="40.841507" lon="15.310882">
        <ele>704.933410</ele>
        <time>2023-11-25T16:14:43.179Z</time>
      </trkpt>
      <trkpt lat="40.841491" lon="15.311127">
        <ele>704.739384</ele>
        <time>2023-11-25T16:14:46.677Z</time>
      </trkpt>
      <trkpt lat="40.841387" lon="15.311433">
        <ele>704.557894</ele>
        <time>2023-11-25T16:14:51.478Z</time>
      </trkpt>
      <trkpt lat="40.840960" lon="15.312332">
        <ele>704.271428</ele>
        <time>2023-11-25T16:15:08.201Z</time>
      </trkpt>
      <trkpt lat="40.840899" lon="15.312527">
        <ele>704.214482</ele>
        <time>2023-11-25T16:15:12.055Z</time>
      </trkpt>
      <trkpt lat="40.840806" lon="15.314655">
        <ele>703.150046</ele>
        <time>2023-11-25T16:15:46.911Z</time>
      </trkpt>
      <trkpt lat="40.841254" lon="15.315985">
        <ele>701.933347</ele>
        <time>2023-11-25T16:16:07.017Z</time>
      </trkpt>
      <trkpt lat="40.841189" lon="15.316938">
        <ele>700.473531</ele>
        <time>2023-11-25T16:16:19.672Z</time>
      </trkpt>
      <trkpt lat="40.840915" lon="15.317967">
        <ele>698.809256</ele>
        <time>2023-11-25T16:16:34.047Z</time>
      </trkpt>
      <trkpt lat="40.840910" lon="15.318324">
        <ele>698.239031</ele>
        <time>2023-11-25T16:16:38.748Z</time>
      </trkpt>
      <trkpt lat="40.840998" lon="15.318693">
        <ele>697.615058</ele>
        <time>2023-11-25T16:16:43.775Z</time>
      </trkpt>
      <trkpt lat="40.841501" lon="15.320348">
        <ele>694.851055</ele>
        <time>2023-11-25T16:17:07.026Z</time>
      </trkpt>
      <trkpt lat="40.841538" lon="15.320551">
        <ele>694.789053</ele>
        <time>2023-11-25T16:17:09.972Z</time>
      </trkpt>
      <trkpt lat="40.841515" lon="15.320748">
        <ele>694.729866</ele>
        <time>2023-11-25T16:17:12.777Z</time>
      </trkpt>
      <trkpt lat="40.841290" lon="15.321022">
        <ele>694.609790</ele>
        <time>2023-11-25T16:17:18.712Z</time>
      </trkpt>
      <trkpt lat="40.840668" lon="15.321388">
        <ele>694.342563</ele>
        <time>2023-11-25T16:17:33.101Z</time>
      </trkpt>
      <trkpt lat="40.840500" lon="15.321517">
        <ele>694.266306</ele>
        <time>2023-11-25T16:17:37.735Z</time>
      </trkpt>
      <trkpt lat="40.840323" lon="15.321862">
        <ele>694.280556</ele>
        <time>2023-11-25T16:17:45.769Z</time>
      </trkpt>
      <trkpt lat="40.840193" lon="15.322317">
        <ele>694.849562</ele>
        <time>2023-11-25T16:17:56.521Z</time>
      </trkpt>
      <trkpt lat="40.840030" lon="15.323105">
        <ele>695.805294</ele>
        <time>2023-11-25T16:18:15.772Z</time>
      </trkpt>
      <trkpt lat="40.839919" lon="15.323388">
        <ele>696.178232</ele>
        <time>2023-11-25T16:18:23.204Z</time>
      </trkpt>
      <trkpt lat="40.838834" lon="15.324680">
        <ele>697.579779</ele>
        <time>2023-11-25T16:19:01.759Z</time>
      </trkpt>
      <trkpt lat="40.838769" lon="15.324840">
        <ele>697.669636</ele>
        <time>2023-11-25T16:19:04.972Z</time>
      </trkpt>
      <trkpt lat="40.838806" lon="15.325037">
        <ele>697.770067</ele>
        <time>2023-11-25T16:19:08.641Z</time>
      </trkpt>
      <trkpt lat="40.839188" lon="15.325997">
        <ele>698.138230</ele>
        <time>2023-11-25T16:19:27.484Z</time>
      </trkpt>
      <trkpt lat="40.839192" lon="15.326176">
        <ele>698.143201</ele>
        <time>2023-11-25T16:19:30.446Z</time>
      </trkpt>
      <trkpt lat="40.838910" lon="15.326740">
        <ele>698.161966</ele>
        <time>2023-11-25T16:19:41.409Z</time>
      </trkpt>
      <trkpt lat="40.838513" lon="15.327455">
        <ele>698.186585</ele>
        <time>2023-11-25T16:19:56.255Z</time>
      </trkpt>
      <trkpt lat="40.838377" lon="15.327874">
        <ele>698.211409</ele>
        <time>2023-11-25T16:20:04.331Z</time>
      </trkpt>
      <trkpt lat="40.838280" lon="15.328877">
        <ele>698.307317</ele>
        <time>2023-11-25T16:20:22.406Z</time>
      </trkpt>
      <trkpt lat="40.838312" lon="15.329240">
        <ele>698.341980</ele>
        <time>2023-11-25T16:20:28.762Z</time>
      </trkpt>
      <trkpt lat="40.838620" lon="15.330280">
        <ele>698.450029</ele>
        <time>2023-11-25T16:20:47.254Z</time>
      </trkpt>
      <trkpt lat="40.838620" lon="15.330508">
        <ele>698.473277</ele>
        <time>2023-11-25T16:20:50.955Z</time>
      </trkpt>
      <trkpt lat="40.838573" lon="15.330692">
        <ele>698.493080</ele>
        <time>2023-11-25T16:20:54.117Z</time>
      </trkpt>
      <trkpt lat="40.838424" lon="15.331031">
        <ele>698.533056</ele>
        <time>2023-11-25T16:21:00.435Z</time>
      </trkpt>
      <trkpt lat="40.838410" lon="15.331246">
        <ele>698.555060</ele>
        <time>2023-11-25T16:21:04.007Z</time>
      </trkpt>
      <trkpt lat="40.839020" lon="15.332452">
        <ele>698.649967</ele>
        <time>2023-11-25T16:21:30.462Z</time>
      </trkpt>
      <trkpt lat="40.839108" lon="15.332895">
        <ele>698.636080</ele>
        <time>2023-11-25T16:21:38.901Z</time>
      </trkpt>
      <trkpt lat="40.839099" lon="15.334336">
        <ele>698.592387</ele>
        <time>2023-11-25T16:22:02.375Z</time>
      </trkpt>
      <trkpt lat="40.839599" lon="15.335537">
        <ele>697.432286</ele>
        <time>2023-11-25T16:22:22.493Z</time>
      </trkpt>
      <trkpt lat="40.839670" lon="15.336456">
        <ele>696.605292</ele>
        <time>2023-11-25T16:22:35.226Z</time>
      </trkpt>
      <trkpt lat="40.841262" lon="15.339543">
        <ele>691.856915</ele>
        <time>2023-11-25T16:23:26.101Z</time>
      </trkpt>
      <trkpt lat="40.840570" lon="15.341446">
        <ele>689.962902</ele>
        <time>2023-11-25T16:23:55.050Z</time>
      </trkpt>
      <trkpt lat="40.839566" lon="15.344305">
        <ele>689.216482</ele>
        <time>2023-11-25T16:24:49.341Z</time>
      </trkpt>
      <trkpt lat="40.839496" lon="15.344584">
        <ele>689.195623</ele>
        <time>2023-11-25T16:24:54.428Z</time>
      </trkpt>
      <trkpt lat="40.839535" lon="15.344894">
        <ele>689.173321</ele>
        <time>2023-11-25T16:24:59.255Z</time>
      </trkpt>
      <trkpt lat="40.839784" lon="15.345560">
        <ele>688.158198</ele>
        <time>2023-11-25T16:25:10.115Z</time>
      </trkpt>
      <trkpt lat="40.839782" lon="15.345709">
        <ele>687.936765</ele>
        <time>2023-11-25T16:25:12.109Z</time>
      </trkpt>
      <trkpt lat="40.839686" lon="15.346174">
        <ele>687.220560</ele>
        <time>2023-11-25T16:25:18.549Z</time>
      </trkpt>
      <trkpt lat="40.839692" lon="15.346334">
        <ele>686.982525</ele>
        <time>2023-11-25T16:25:20.682Z</time>
      </trkpt>
      <trkpt lat="40.839741" lon="15.346450">
        <ele>686.785114</ele>
        <time>2023-11-25T16:25:22.410Z</time>
      </trkpt>
      <trkpt lat="40.840012" lon="15.346732">
        <ele>686.107708</ele>
        <time>2023-11-25T16:25:28.182Z</time>
      </trkpt>
      <trkpt lat="40.840150" lon="15.346968">
        <ele>685.664502</ele>
        <time>2023-11-25T16:25:31.876Z</time>
      </trkpt>
      <trkpt lat="40.840403" lon="15.348373">
        <ele>682.182963</ele>
        <time>2023-11-25T16:25:49.495Z</time>
      </trkpt>
      <trkpt lat="40.840416" lon="15.348553">
        <ele>681.744848</ele>
        <time>2023-11-25T16:25:51.694Z</time>
      </trkpt>
      <trkpt lat="40.840366" lon="15.349121">
        <ele>680.359321</ele>
        <time>2023-11-25T16:25:58.829Z</time>
      </trkpt>
      <trkpt lat="40.840265" lon="15.349728">
        <ele>678.999400</ele>
        <time>2023-11-25T16:26:06.590Z</time>
      </trkpt>
      <trkpt lat="40.840188" lon="15.349928">
        <ele>678.533307</ele>
        <time>2023-11-25T16:26:09.382Z</time>
      </trkpt>
      <trkpt lat="40.840112" lon="15.350050">
        <ele>678.205065</ele>
        <time>2023-11-25T16:26:11.332Z</time>
      </trkpt>
      <trkpt lat="40.839901" lon="15.350282">
        <ele>677.451570</ele>
        <time>2023-11-25T16:26:15.854Z</time>
      </trkpt>
      <trkpt lat="40.839860" lon="15.350376">
        <ele>677.226208</ele>
        <time>2023-11-25T16:26:17.198Z</time>
      </trkpt>
      <trkpt lat="40.839853" lon="15.350533">
        <ele>676.899553</ele>
        <time>2023-11-25T16:26:19.158Z</time>
      </trkpt>
      <trkpt lat="40.839911" lon="15.350680">
        <ele>676.555206</ele>
        <time>2023-11-25T16:26:21.243Z</time>
      </trkpt>
      <trkpt lat="40.839976" lon="15.350764">
        <ele>676.305640</ele>
        <time>2023-11-25T16:26:22.785Z</time>
      </trkpt>
      <trkpt lat="40.840584" lon="15.351235">
        <ele>674.571584</ele>
        <time>2023-11-25T16:26:34.924Z</time>
      </trkpt>
      <trkpt lat="40.840789" lon="15.351444">
        <ele>674.112472</ele>
        <time>2023-11-25T16:26:39.425Z</time>
      </trkpt>
      <trkpt lat="40.840871" lon="15.351568">
        <ele>673.891517</ele>
        <time>2023-11-25T16:26:41.664Z</time>
      </trkpt>
      <trkpt lat="40.840906" lon="15.351741">
        <ele>673.651263</ele>
        <time>2023-11-25T16:26:44.058Z</time>
      </trkpt>
      <trkpt lat="40.840891" lon="15.351918">
        <ele>673.412314</ele>
        <time>2023-11-25T16:26:46.458Z</time>
      </trkpt>
      <trkpt lat="40.840627" lon="15.353226">
        <ele>671.629782</ele>
        <time>2023-11-25T16:27:05.257Z</time>
      </trkpt>
      <trkpt lat="40.840570" lon="15.353325">
        <ele>671.499858</ele>
        <time>2023-11-25T16:27:07.026Z</time>
      </trkpt>
      <trkpt lat="40.840199" lon="15.353705">
        <ele>670.851961</ele>
        <time>2023-11-25T16:27:15.749Z</time>
      </trkpt>
      <trkpt lat="40.840138" lon="15.353840">
        <ele>670.687743</ele>
        <time>2023-11-25T16:27:17.965Z</time>
      </trkpt>
      <trkpt lat="40.840128" lon="15.353969">
        <ele>670.552318</ele>
        <time>2023-11-25T16:27:19.805Z</time>
      </trkpt>
      <trkpt lat="40.840155" lon="15.354127">
        <ele>670.383155</ele>
        <time>2023-11-25T16:27:22.114Z</time>
      </trkpt>
      <trkpt lat="40.840405" lon="15.354667">
        <ele>669.721999</ele>
        <time>2023-11-25T16:27:31.069Z</time>
      </trkpt>
      <trkpt lat="40.840551" lon="15.355096">
        <ele>669.220676</ele>
        <time>2023-11-25T16:27:37.719Z</time>
      </trkpt>
      <trkpt lat="40.840608" lon="15.355371">
        <ele>668.835922</ele>
        <time>2023-11-25T16:27:41.633Z</time>
      </trkpt>
      <trkpt lat="40.841105" lon="15.358665">
        <ele>664.459740</ele>
        <time>2023-11-25T16:28:26.771Z</time>
      </trkpt>
      <trkpt lat="40.841084" lon="15.358977">
        <ele>664.074721</ele>
        <time>2023-11-25T16:28:31.080Z</time>
      </trkpt>
      <trkpt lat="40.840929" lon="15.359388">
        <ele>663.510237</ele>
        <time>2023-11-25T16:28:37.461Z</time>
      </trkpt>
      <trkpt lat="40.840910" lon="15.359601">
        <ele>663.246607</ele>
        <time>2023-11-25T16:28:40.577Z</time>
      </trkpt>
      <trkpt lat="40.840971" lon="15.360475">
        <ele>662.557400</ele>
        <time>2023-11-25T16:28:53.440Z</time>
      </trkpt>
      <trkpt lat="40.840932" lon="15.361076">
        <ele>662.114743</ele>
        <time>2023-11-25T16:29:02.381Z</time>
      </trkpt>
      <trkpt lat="40.840873" lon="15.361214">
        <ele>661.998421</ele>
        <time>2023-11-25T16:29:04.684Z</time>
      </trkpt>
      <trkpt lat="40.840604" lon="15.361535">
        <ele>661.646887</ele>
        <time>2023-11-25T16:29:11.695Z</time>
      </trkpt>
      <trkpt lat="40.840508" lon="15.361724">
        <ele>661.479829</ele>
        <time>2023-11-25T16:29:15.037Z</time>
      </trkpt>
      <trkpt lat="40.840443" lon="15.361895">
        <ele>661.350479</ele>
        <time>2023-11-25T16:29:17.873Z</time>
      </trkpt>
      <trkpt lat="40.840378" lon="15.362107">
        <ele>661.219407</ele>
        <time>2023-11-25T16:29:21.176Z</time>
      </trkpt>
      <trkpt lat="40.840302" lon="15.362360">
        <ele>661.063430</ele>
        <time>2023-11-25T16:29:25.267Z</time>
      </trkpt>
      <trkpt lat="40.839770" lon="15.364171">
        <ele>660.060603</ele>
        <time>2023-11-25T16:29:54.176Z</time>
      </trkpt>
      <trkpt lat="40.839774" lon="15.364308">
        <ele>660.093988</ele>
        <time>2023-11-25T16:29:56.618Z</time>
      </trkpt>
      <trkpt lat="40.839835" lon="15.364568">
        <ele>660.160274</ele>
        <time>2023-11-25T16:30:01.077Z</time>
      </trkpt>
      <trkpt lat="40.840397" lon="15.365726">
        <ele>660.495285</ele>
        <time>2023-11-25T16:30:24.300Z</time>
      </trkpt>
      <trkpt lat="40.840472" lon="15.365851">
        <ele>660.534133</ele>
        <time>2023-11-25T16:30:27.353Z</time>
      </trkpt>
      <trkpt lat="40.840608" lon="15.365985">
        <ele>660.588730</ele>
        <time>2023-11-25T16:30:31.787Z</time>
      </trkpt>
      <trkpt lat="40.840773" lon="15.366034">
        <ele>660.894353</ele>
        <time>2023-11-25T16:30:36.858Z</time>
      </trkpt>
      <trkpt lat="40.840858" lon="15.366024">
        <ele>661.110606</ele>
        <time>2023-11-25T16:30:39.759Z</time>
      </trkpt>
      <trkpt lat="40.841458" lon="15.365740">
        <ele>662.725626</ele>
        <time>2023-11-25T16:31:01.372Z</time>
      </trkpt>
      <trkpt lat="40.841640" lon="15.365654">
        <ele>663.215420</ele>
        <time>2023-11-25T16:31:08.266Z</time>
      </trkpt>
      <trkpt lat="40.841772" lon="15.365650">
        <ele>663.550013</ele>
        <time>2023-11-25T16:31:12.886Z</time>
      </trkpt>
      <trkpt lat="40.841908" lon="15.365690">
        <ele>663.903082</ele>
        <time>2023-11-25T16:31:17.932Z</time>
      </trkpt>
      <trkpt lat="40.841979" lon="15.365761">
        <ele>664.128692</ele>
        <time>2023-11-25T16:31:21.101Z</time>
      </trkpt>
      <trkpt lat="40.842062" lon="15.365920">
        <ele>664.499036</ele>
        <time>2023-11-25T16:31:25.714Z</time>
      </trkpt>
      <trkpt lat="40.842106" lon="15.366241">
        <ele>665.124446</ele>
        <time>2023-11-25T16:31:33.610Z</time>
      </trkpt>
      <trkpt lat="40.842124" lon="15.366531">
        <ele>665.782318</ele>
        <time>2023-11-25T16:31:40.220Z</time>
      </trkpt>
      <trkpt lat="40.842130" lon="15.366592">
        <ele>665.923036</ele>
        <time>2023-11-25T16:31:41.902Z</time>
      </trkpt>
      <trkpt lat="40.842161" lon="15.366906">
        <ele>666.647432</ele>
        <time>2023-11-25T16:31:49.765Z</time>
      </trkpt>
      <trkpt lat="40.842213" lon="15.367314">
        <ele>667.593924</ele>
        <time>2023-11-25T16:32:01.188Z</time>
      </trkpt>
      <trkpt lat="40.842324" lon="15.367463">
        <ele>668.072296</ele>
        <time>2023-11-25T16:32:07.457Z</time>
      </trkpt>
      <trkpt lat="40.842398" lon="15.367487">
        <ele>668.302699</ele>
        <time>2023-11-25T16:32:10.576Z</time>
      </trkpt>
      <trkpt lat="40.842725" lon="15.367449">
        <ele>669.295317</ele>
        <time>2023-11-25T16:32:23.034Z</time>
      </trkpt>
      <trkpt lat="40.842834" lon="15.367435">
        <ele>669.626471</ele>
        <time>2023-11-25T16:32:26.803Z</time>
      </trkpt>
      <trkpt lat="40.842987" lon="15.367468">
        <ele>670.095241</ele>
        <time>2023-11-25T16:32:32.023Z</time>
      </trkpt>
      <trkpt lat="40.843177" lon="15.367623">
        <ele>670.698808</ele>
        <time>2023-11-25T16:32:39.648Z</time>
      </trkpt>
      <trkpt lat="40.843397" lon="15.367869">
        <ele>671.196535</ele>
        <time>2023-11-25T16:32:49.777Z</time>
      </trkpt>
      <trkpt lat="40.843419" lon="15.367894">
        <ele>671.246646</ele>
        <time>2023-11-25T16:32:50.677Z</time>
      </trkpt>
      <trkpt lat="40.843544" lon="15.368081">
        <ele>671.572723</ele>
        <time>2023-11-25T16:32:56.964Z</time>
      </trkpt>
      <trkpt lat="40.843675" lon="15.368350">
        <ele>671.990757</ele>
        <time>2023-11-25T16:33:04.437Z</time>
      </trkpt>
      <trkpt lat="40.843926" lon="15.369075">
        <ele>673.032600</ele>
        <time>2023-11-25T16:33:21.794Z</time>
      </trkpt>
      <trkpt lat="40.843993" lon="15.369285">
        <ele>673.330409</ele>
        <time>2023-11-25T16:33:26.516Z</time>
      </trkpt>
      <trkpt lat="40.843997" lon="15.369297">
        <ele>673.347544</ele>
        <time>2023-11-25T16:33:26.795Z</time>
      </trkpt>
      <trkpt lat="40.844069" lon="15.369535">
        <ele>673.682480</ele>
        <time>2023-11-25T16:33:32.094Z</time>
      </trkpt>
      <trkpt lat="40.844124" lon="15.369658">
        <ele>673.587069</ele>
        <time>2023-11-25T16:33:34.808Z</time>
      </trkpt>
      <trkpt lat="40.844228" lon="15.369892">
        <ele>673.312233</ele>
        <time>2023-11-25T16:33:40.033Z</time>
      </trkpt>
      <trkpt lat="40.844237" lon="15.369906">
        <ele>673.293628</ele>
        <time>2023-11-25T16:33:40.367Z</time>
      </trkpt>
      <trkpt lat="40.844243" lon="15.369917">
        <ele>673.279895</ele>
        <time>2023-11-25T16:33:40.623Z</time>
      </trkpt>
      <trkpt lat="40.844321" lon="15.370024">
        <ele>673.129418</ele>
        <time>2023-11-25T16:33:43.261Z</time>
      </trkpt>
      <trkpt lat="40.844321" lon="15.370025">
        <ele>673.128406</ele>
        <time>2023-11-25T16:33:43.269Z</time>
      </trkpt>
      <trkpt lat="40.844553" lon="15.370239">
        <ele>672.749704</ele>
        <time>2023-11-25T16:33:49.502Z</time>
      </trkpt>
      <trkpt lat="40.844868" lon="15.370625">
        <ele>672.174725</ele>
        <time>2023-11-25T16:33:57.960Z</time>
      </trkpt>
      <trkpt lat="40.844946" lon="15.370767">
        <ele>671.997016</ele>
        <time>2023-11-25T16:34:00.387Z</time>
      </trkpt>
      <trkpt lat="40.844956" lon="15.370787">
        <ele>671.972739</ele>
        <time>2023-11-25T16:34:00.712Z</time>
      </trkpt>
      <trkpt lat="40.845030" lon="15.370932">
        <ele>671.795613</ele>
        <time>2023-11-25T16:34:03.040Z</time>
      </trkpt>
      <trkpt lat="40.845086" lon="15.371043">
        <ele>671.660504</ele>
        <time>2023-11-25T16:34:04.785Z</time>
      </trkpt>
      <trkpt lat="40.845266" lon="15.371377">
        <ele>671.139278</ele>
        <time>2023-11-25T16:34:09.964Z</time>
      </trkpt>
      <trkpt lat="40.845359" lon="15.371526">
        <ele>670.581827</ele>
        <time>2023-11-25T16:34:12.357Z</time>
      </trkpt>
      <trkpt lat="40.845786" lon="15.372159">
        <ele>668.134336</ele>
        <time>2023-11-25T16:34:22.801Z</time>
      </trkpt>
      <trkpt lat="40.845938" lon="15.372427">
        <ele>667.167717</ele>
        <time>2023-11-25T16:34:26.987Z</time>
      </trkpt>
      <trkpt lat="40.846046" lon="15.372655">
        <ele>666.391414</ele>
        <time>2023-11-25T16:34:30.360Z</time>
      </trkpt>
      <trkpt lat="40.846183" lon="15.372971">
        <ele>665.340365</ele>
        <time>2023-11-25T16:34:34.949Z</time>
      </trkpt>
      <trkpt lat="40.846556" lon="15.373898">
        <ele>663.114612</ele>
        <time>2023-11-25T16:34:48.172Z</time>
      </trkpt>
      <trkpt lat="40.847746" lon="15.376896">
        <ele>658.062691</ele>
        <time>2023-11-25T16:35:34.251Z</time>
      </trkpt>
      <trkpt lat="40.848317" lon="15.378456">
        <ele>656.057299</ele>
        <time>2023-11-25T16:35:58.753Z</time>
      </trkpt>
      <trkpt lat="40.848590" lon="15.379384">
        <ele>654.933230</ele>
        <time>2023-11-25T16:36:12.369Z</time>
      </trkpt>
      <trkpt lat="40.848617" lon="15.379479">
        <ele>654.818664</ele>
        <time>2023-11-25T16:36:13.795Z</time>
      </trkpt>
      <trkpt lat="40.848769" lon="15.379960">
        <ele>654.233750</ele>
        <time>2023-11-25T16:36:20.928Z</time>
      </trkpt>
      <trkpt lat="40.849307" lon="15.381379">
        <ele>652.458435</ele>
        <time>2023-11-25T16:36:43.059Z</time>
      </trkpt>
      <trkpt lat="40.849675" lon="15.382349">
        <ele>651.275392</ele>
        <time>2023-11-25T16:36:58.315Z</time>
      </trkpt>
      <trkpt lat="40.850320" lon="15.384049">
        <ele>649.202092</ele>
        <time>2023-11-25T16:37:25.063Z</time>
      </trkpt>
      <trkpt lat="40.850734" lon="15.385142">
        <ele>647.607297</ele>
        <time>2023-11-25T16:37:41.665Z</time>
      </trkpt>
      <trkpt lat="40.851011" lon="15.385950">
        <ele>646.449918</ele>
        <time>2023-11-25T16:37:53.457Z</time>
      </trkpt>
      <trkpt lat="40.851343" lon="15.387378">
        <ele>644.766929</ele>
        <time>2023-11-25T16:38:13.831Z</time>
      </trkpt>
      <trkpt lat="40.851357" lon="15.387437">
        <ele>644.698121</ele>
        <time>2023-11-25T16:38:14.718Z</time>
      </trkpt>
      <trkpt lat="40.852050" lon="15.390419">
        <ele>641.800921</ele>
        <time>2023-11-25T16:38:59.997Z</time>
      </trkpt>
      <trkpt lat="40.852145" lon="15.390698">
        <ele>641.449464</ele>
        <time>2023-11-25T16:39:04.481Z</time>
      </trkpt>
      <trkpt lat="40.852267" lon="15.390884">
        <ele>641.050074</ele>
        <time>2023-11-25T16:39:08.066Z</time>
      </trkpt>
      <trkpt lat="40.853425" lon="15.391952">
        <ele>638.021874</ele>
        <time>2023-11-25T16:39:32.403Z</time>
      </trkpt>
      <trkpt lat="40.853581" lon="15.392149">
        <ele>637.501523</ele>
        <time>2023-11-25T16:39:35.917Z</time>
      </trkpt>
      <trkpt lat="40.853724" lon="15.392386">
        <ele>636.883320</ele>
        <time>2023-11-25T16:39:39.636Z</time>
      </trkpt>
      <trkpt lat="40.853823" lon="15.392642">
        <ele>636.297031</ele>
        <time>2023-11-25T16:39:43.180Z</time>
      </trkpt>
      <trkpt lat="40.853870" lon="15.392767">
        <ele>636.012384</ele>
        <time>2023-11-25T16:39:44.915Z</time>
      </trkpt>
      <trkpt lat="40.854002" lon="15.393638">
        <ele>634.201008</ele>
        <time>2023-11-25T16:39:56.007Z</time>
      </trkpt>
      <trkpt lat="40.854445" lon="15.397176">
        <ele>628.591935</ele>
        <time>2023-11-25T16:40:43.813Z</time>
      </trkpt>
      <trkpt lat="40.854494" lon="15.397789">
        <ele>627.801958</ele>
        <time>2023-11-25T16:40:51.818Z</time>
      </trkpt>
      <trkpt lat="40.854484" lon="15.398186">
        <ele>627.292893</ele>
        <time>2023-11-25T16:40:57.467Z</time>
      </trkpt>
      <trkpt lat="40.854425" lon="15.398610">
        <ele>626.740389</ele>
        <time>2023-11-25T16:41:03.971Z</time>
      </trkpt>
      <trkpt lat="40.854226" lon="15.399267">
        <ele>625.654416</ele>
        <time>2023-11-25T16:41:13.888Z</time>
      </trkpt>
      <trkpt lat="40.854183" lon="15.399488">
        <ele>625.249029</ele>
        <time>2023-11-25T16:41:16.921Z</time>
      </trkpt>
      <trkpt lat="40.854193" lon="15.399781">
        <ele>624.727987</ele>
        <time>2023-11-25T16:41:20.845Z</time>
      </trkpt>
      <trkpt lat="40.854241" lon="15.400051">
        <ele>624.235263</ele>
        <time>2023-11-25T16:41:24.612Z</time>
      </trkpt>
      <trkpt lat="40.854289" lon="15.400169">
        <ele>623.997244</ele>
        <time>2023-11-25T16:41:26.420Z</time>
      </trkpt>
      <trkpt lat="40.854449" lon="15.400380">
        <ele>623.466468</ele>
        <time>2023-11-25T16:41:30.376Z</time>
      </trkpt>
      <trkpt lat="40.854639" lon="15.400490">
        <ele>622.979307</ele>
        <time>2023-11-25T16:41:33.898Z</time>
      </trkpt>
      <trkpt lat="40.855608" lon="15.400812">
        <ele>618.458908</ele>
        <time>2023-11-25T16:41:49.707Z</time>
      </trkpt>
      <trkpt lat="40.855849" lon="15.400858">
        <ele>617.023548</ele>
        <time>2023-11-25T16:41:53.222Z</time>
      </trkpt>
      <trkpt lat="40.856727" lon="15.400845">
        <ele>611.847642</ele>
        <time>2023-11-25T16:42:05.658Z</time>
      </trkpt>
      <trkpt lat="40.857231" lon="15.400876">
        <ele>608.786012</ele>
        <time>2023-11-25T16:42:12.915Z</time>
      </trkpt>
      <trkpt lat="40.857956" lon="15.401015">
        <ele>604.322148</ele>
        <time>2023-11-25T16:42:23.701Z</time>
      </trkpt>
      <trkpt lat="40.858123" lon="15.401076">
        <ele>603.266444</ele>
        <time>2023-11-25T16:42:26.287Z</time>
      </trkpt>
      <trkpt lat="40.858282" lon="15.401178">
        <ele>602.189588</ele>
        <time>2023-11-25T16:42:28.885Z</time>
      </trkpt>
      <trkpt lat="40.858798" lon="15.401647">
        <ele>598.572464</ele>
        <time>2023-11-25T16:42:38.183Z</time>
      </trkpt>
      <trkpt lat="40.859033" lon="15.401818">
        <ele>597.089737</ele>
        <time>2023-11-25T16:42:42.142Z</time>
      </trkpt>
      <trkpt lat="40.859529" lon="15.402153">
        <ele>594.011023</ele>
        <time>2023-11-25T16:42:50.415Z</time>
      </trkpt>
      <trkpt lat="40.859651" lon="15.402576">
        <ele>592.118387</ele>
        <time>2023-11-25T16:42:55.608Z</time>
      </trkpt>
      <trkpt lat="40.859708" lon="15.403546">
        <ele>587.596040</ele>
        <time>2023-11-25T16:43:06.504Z</time>
      </trkpt>
      <trkpt lat="40.859538" lon="15.404252">
        <ele>583.938686</ele>
        <time>2023-11-25T16:43:14.726Z</time>
      </trkpt>
      <trkpt lat="40.859679" lon="15.405419">
        <ele>577.834395</ele>
        <time>2023-11-25T16:43:27.477Z</time>
      </trkpt>
      <trkpt lat="40.859642" lon="15.406257">
        <ele>572.140953</ele>
        <time>2023-11-25T16:43:36.241Z</time>
      </trkpt>
      <trkpt lat="40.860668" lon="15.407791">
        <ele>559.277087</ele>
        <time>2023-11-25T16:43:57.440Z</time>
      </trkpt>
      <trkpt lat="40.861016" lon="15.407932">
        <ele>556.765627</ele>
        <time>2023-11-25T16:44:02.528Z</time>
      </trkpt>
      <trkpt lat="40.861666" lon="15.407923">
        <ele>552.280288</ele>
        <time>2023-11-25T16:44:11.924Z</time>
      </trkpt>
      <trkpt lat="40.862190" lon="15.407538">
        <ele>549.446394</ele>
        <time>2023-11-25T16:44:21.745Z</time>
      </trkpt>
      <trkpt lat="40.862263" lon="15.407430">
        <ele>549.149750</ele>
        <time>2023-11-25T16:44:23.839Z</time>
      </trkpt>
      <trkpt lat="40.862351" lon="15.407124">
        <ele>548.479297</ele>
        <time>2023-11-25T16:44:28.565Z</time>
      </trkpt>
      <trkpt lat="40.862414" lon="15.407039">
        <ele>548.235562</ele>
        <time>2023-11-25T16:44:30.275Z</time>
      </trkpt>
      <trkpt lat="40.862532" lon="15.407038">
        <ele>547.916021</ele>
        <time>2023-11-25T16:44:32.461Z</time>
      </trkpt>
      <trkpt lat="40.862618" lon="15.407142">
        <ele>547.600430</ele>
        <time>2023-11-25T16:44:34.606Z</time>
      </trkpt>
      <trkpt lat="40.862682" lon="15.407326">
        <ele>547.185665</ele>
        <time>2023-11-25T16:44:37.358Z</time>
      </trkpt>
      <trkpt lat="40.862711" lon="15.407518">
        <ele>546.784694</ele>
        <time>2023-11-25T16:44:39.960Z</time>
      </trkpt>
      <trkpt lat="40.862548" lon="15.408292">
        <ele>544.821094</ele>
        <time>2023-11-25T16:44:49.953Z</time>
      </trkpt>
      <trkpt lat="40.862566" lon="15.408474">
        <ele>544.014752</ele>
        <time>2023-11-25T16:44:52.120Z</time>
      </trkpt>
      <trkpt lat="40.862910" lon="15.409550">
        <ele>538.882847</ele>
        <time>2023-11-25T16:45:05.156Z</time>
      </trkpt>
      <trkpt lat="40.862974" lon="15.409678">
        <ele>538.208760</ele>
        <time>2023-11-25T16:45:06.808Z</time>
      </trkpt>
      <trkpt lat="40.863355" lon="15.410040">
        <ele>535.483525</ele>
        <time>2023-11-25T16:45:13.474Z</time>
      </trkpt>
      <trkpt lat="40.863473" lon="15.410210">
        <ele>534.398420</ele>
        <time>2023-11-25T16:45:15.967Z</time>
      </trkpt>
      <trkpt lat="40.863504" lon="15.410491">
        <ele>532.972508</ele>
        <time>2023-11-25T16:45:19.019Z</time>
      </trkpt>
      <trkpt lat="40.863477" lon="15.410660">
        <ele>532.105184</ele>
        <time>2023-11-25T16:45:20.914Z</time>
      </trkpt>
      <trkpt lat="40.863386" lon="15.410821">
        <ele>531.095923</ele>
        <time>2023-11-25T16:45:23.090Z</time>
      </trkpt>
      <trkpt lat="40.863063" lon="15.411131">
        <ele>528.445984</ele>
        <time>2023-11-25T16:45:28.825Z</time>
      </trkpt>
      <trkpt lat="40.862198" lon="15.411634">
        <ele>522.100163</ele>
        <time>2023-11-25T16:45:42.532Z</time>
      </trkpt>
      <trkpt lat="40.862098" lon="15.411773">
        <ele>521.055978</ele>
        <time>2023-11-25T16:45:44.664Z</time>
      </trkpt>
      <trkpt lat="40.862062" lon="15.411961">
        <ele>520.000429</ele>
        <time>2023-11-25T16:45:46.881Z</time>
      </trkpt>
      <trkpt lat="40.862052" lon="15.412140">
        <ele>519.023501</ele>
        <time>2023-11-25T16:45:48.884Z</time>
      </trkpt>
      <trkpt lat="40.862109" lon="15.412357">
        <ele>517.773189</ele>
        <time>2023-11-25T16:45:51.454Z</time>
      </trkpt>
      <trkpt lat="40.862217" lon="15.412614">
        <ele>516.172936</ele>
        <time>2023-11-25T16:45:54.683Z</time>
      </trkpt>
      <trkpt lat="40.862440" lon="15.412993">
        <ele>513.559321</ele>
        <time>2023-11-25T16:45:59.842Z</time>
      </trkpt>
      <trkpt lat="40.862479" lon="15.413111">
        <ele>512.858414</ele>
        <time>2023-11-25T16:46:01.204Z</time>
      </trkpt>
      <trkpt lat="40.862481" lon="15.413204">
        <ele>512.352026</ele>
        <time>2023-11-25T16:46:02.186Z</time>
      </trkpt>
      <trkpt lat="40.862447" lon="15.413300">
        <ele>511.775058</ele>
        <time>2023-11-25T16:46:03.296Z</time>
      </trkpt>
      <trkpt lat="40.862139" lon="15.413626">
        <ele>508.963545</ele>
        <time>2023-11-25T16:46:08.701Z</time>
      </trkpt>
      <trkpt lat="40.862087" lon="15.413735">
        <ele>508.279114</ele>
        <time>2023-11-25T16:46:10.032Z</time>
      </trkpt>
      <trkpt lat="40.862045" lon="15.414043">
        <ele>506.616996</ele>
        <time>2023-11-25T16:46:13.256Z</time>
      </trkpt>
      <trkpt lat="40.862060" lon="15.414316">
        <ele>505.163313</ele>
        <time>2023-11-25T16:46:16.065Z</time>
      </trkpt>
      <trkpt lat="40.862529" lon="15.417079">
        <ele>495.534217</ele>
        <time>2023-11-25T16:46:47.996Z</time>
      </trkpt>
      <trkpt lat="40.862561" lon="15.417184">
        <ele>495.376864</ele>
        <time>2023-11-25T16:46:50.466Z</time>
      </trkpt>
      <trkpt lat="40.862678" lon="15.417349">
        <ele>495.062474</ele>
        <time>2023-11-25T16:46:55.427Z</time>
      </trkpt>
      <trkpt lat="40.862797" lon="15.417411">
        <ele>494.827395</ele>
        <time>2023-11-25T16:46:59.301Z</time>
      </trkpt>
      <trkpt lat="40.863083" lon="15.417470">
        <ele>494.295391</ele>
        <time>2023-11-25T16:47:09.398Z</time>
      </trkpt>
      <trkpt lat="40.863164" lon="15.417529">
        <ele>494.185638</ele>
        <time>2023-11-25T16:47:12.929Z</time>
      </trkpt>
      <trkpt lat="40.863244" lon="15.417661">
        <ele>494.628922</ele>
        <time>2023-11-25T16:47:18.074Z</time>
      </trkpt>
      <trkpt lat="40.863536" lon="15.418511">
        <ele>497.075428</ele>
        <time>2023-11-25T16:47:47.171Z</time>
      </trkpt>
      <trkpt lat="40.863689" lon="15.418725">
        <ele>497.847155</ele>
        <time>2023-11-25T16:47:56.533Z</time>
      </trkpt>
      <trkpt lat="40.863851" lon="15.418777">
        <ele>498.424804</ele>
        <time>2023-11-25T16:48:03.250Z</time>
      </trkpt>
      <trkpt lat="40.864125" lon="15.418726">
        <ele>499.383601</ele>
        <time>2023-11-25T16:48:13.386Z</time>
      </trkpt>
      <trkpt lat="40.864323" lon="15.418736">
        <ele>500.070191</ele>
        <time>2023-11-25T16:48:19.966Z</time>
      </trkpt>
      <trkpt lat="40.865490" lon="15.418995">
        <ele>498.881759</ele>
        <time>2023-11-25T16:48:45.821Z</time>
      </trkpt>
      <trkpt lat="40.865695" lon="15.419091">
        <ele>498.584243</ele>
        <time>2023-11-25T16:48:49.484Z</time>
      </trkpt>
      <trkpt lat="40.865898" lon="15.419277">
        <ele>498.246376</ele>
        <time>2023-11-25T16:48:53.457Z</time>
      </trkpt>
      <trkpt lat="40.866010" lon="15.419475">
        <ele>497.990566</ele>
        <time>2023-11-25T16:48:56.354Z</time>
      </trkpt>
      <trkpt lat="40.866137" lon="15.419774">
        <ele>496.551874</ele>
        <time>2023-11-25T16:49:00.274Z</time>
      </trkpt>
      <trkpt lat="40.866168" lon="15.419967">
        <ele>495.564187</ele>
        <time>2023-11-25T16:49:02.471Z</time>
      </trkpt>
      <trkpt lat="40.866153" lon="15.420179">
        <ele>494.498304</ele>
        <time>2023-11-25T16:49:04.810Z</time>
      </trkpt>
      <trkpt lat="40.866028" lon="15.420946">
        <ele>490.570640</ele>
        <time>2023-11-25T16:49:13.217Z</time>
      </trkpt>
      <trkpt lat="40.866028" lon="15.421089">
        <ele>489.854797</ele>
        <time>2023-11-25T16:49:14.722Z</time>
      </trkpt>
      <trkpt lat="40.866045" lon="15.421249">
        <ele>489.045987</ele>
        <time>2023-11-25T16:49:16.454Z</time>
      </trkpt>
      <trkpt lat="40.866184" lon="15.421889">
        <ele>485.728395</ele>
        <time>2023-11-25T16:49:23.614Z</time>
      </trkpt>
      <trkpt lat="40.866316" lon="15.422168">
        <ele>484.167246</ele>
        <time>2023-11-25T16:49:27.181Z</time>
      </trkpt>
      <trkpt lat="40.866414" lon="15.422299">
        <ele>483.293146</ele>
        <time>2023-11-25T16:49:29.182Z</time>
      </trkpt>
      <trkpt lat="40.866520" lon="15.422373">
        <ele>482.541266</ele>
        <time>2023-11-25T16:49:30.897Z</time>
      </trkpt>
      <trkpt lat="40.866797" lon="15.422482">
        <ele>480.728424</ele>
        <time>2023-11-25T16:49:35.109Z</time>
      </trkpt>
      <trkpt lat="40.867175" lon="15.422546">
        <ele>478.337983</ele>
        <time>2023-11-25T16:49:40.667Z</time>
      </trkpt>
      <trkpt lat="40.867727" lon="15.422900">
        <ele>474.549748</ele>
        <time>2023-11-25T16:49:49.720Z</time>
      </trkpt>
      <trkpt lat="40.867891" lon="15.422977">
        <ele>473.731015</ele>
        <time>2023-11-25T16:49:52.314Z</time>
      </trkpt>
      <trkpt lat="40.868340" lon="15.423119">
        <ele>471.559110</ele>
        <time>2023-11-25T16:49:59.324Z</time>
      </trkpt>
      <trkpt lat="40.868552" lon="15.423250">
        <ele>470.458233</ele>
        <time>2023-11-25T16:50:02.911Z</time>
      </trkpt>
      <trkpt lat="40.868587" lon="15.423308">
        <ele>470.194245</ele>
        <time>2023-11-25T16:50:03.777Z</time>
      </trkpt>
      <trkpt lat="40.868650" lon="15.423551">
        <ele>469.280347</ele>
        <time>2023-11-25T16:50:06.778Z</time>
      </trkpt>
      <trkpt lat="40.868701" lon="15.423911">
        <ele>467.977323</ele>
        <time>2023-11-25T16:50:11.045Z</time>
      </trkpt>
      <trkpt lat="40.868797" lon="15.424278">
        <ele>466.595772</ele>
        <time>2023-11-25T16:50:15.599Z</time>
      </trkpt>
      <trkpt lat="40.868991" lon="15.424560">
        <ele>465.474247</ele>
        <time>2023-11-25T16:50:20.098Z</time>
      </trkpt>
      <trkpt lat="40.869126" lon="15.424652">
        <ele>464.922840</ele>
        <time>2023-11-25T16:50:22.467Z</time>
      </trkpt>
      <trkpt lat="40.869717" lon="15.424899">
        <ele>462.672464</ele>
        <time>2023-11-25T16:50:32.270Z</time>
      </trkpt>
      <trkpt lat="40.870193" lon="15.424890">
        <ele>460.944059</ele>
        <time>2023-11-25T16:50:40.111Z</time>
      </trkpt>
      <trkpt lat="40.870582" lon="15.424955">
        <ele>459.448514</ele>
        <time>2023-11-25T16:50:46.568Z</time>
      </trkpt>
      <trkpt lat="40.871215" lon="15.425483">
        <ele>455.830723</ele>
        <time>2023-11-25T16:50:58.423Z</time>
      </trkpt>
      <trkpt lat="40.871907" lon="15.425901">
        <ele>452.153130</ele>
        <time>2023-11-25T16:51:09.830Z</time>
      </trkpt>
      <trkpt lat="40.872034" lon="15.425973">
        <ele>451.485172</ele>
        <time>2023-11-25T16:51:11.808Z</time>
      </trkpt>
      <trkpt lat="40.872264" lon="15.426048">
        <ele>450.052743</ele>
        <time>2023-11-25T16:51:15.235Z</time>
      </trkpt>
      <trkpt lat="40.872858" lon="15.426020">
        <ele>446.005030</ele>
        <time>2023-11-25T16:51:23.668Z</time>
      </trkpt>
      <trkpt lat="40.873023" lon="15.426047">
        <ele>444.872809</ele>
        <time>2023-11-25T16:51:26.037Z</time>
      </trkpt>
      <trkpt lat="40.873361" lon="15.426172">
        <ele>442.482719</ele>
        <time>2023-11-25T16:51:31.050Z</time>
      </trkpt>
      <trkpt lat="40.873475" lon="15.426238">
        <ele>441.635246</ele>
        <time>2023-11-25T16:51:32.846Z</time>
      </trkpt>
      <trkpt lat="40.873960" lon="15.426746">
        <ele>437.510530</ele>
        <time>2023-11-25T16:51:41.835Z</time>
      </trkpt>
      <trkpt lat="40.875007" lon="15.427406">
        <ele>430.121752</ele>
        <time>2023-11-25T16:51:58.647Z</time>
      </trkpt>
      <trkpt lat="40.875978" lon="15.427580">
        <ele>423.907049</ele>
        <time>2023-11-25T16:52:12.982Z</time>
      </trkpt>
      <trkpt lat="40.876094" lon="15.427580">
        <ele>423.173960</ele>
        <time>2023-11-25T16:52:14.653Z</time>
      </trkpt>
      <trkpt lat="40.876669" lon="15.427425">
        <ele>419.465400</ele>
        <time>2023-11-25T16:52:23.128Z</time>
      </trkpt>
      <trkpt lat="40.876903" lon="15.427462">
        <ele>417.976051</ele>
        <time>2023-11-25T16:52:26.566Z</time>
      </trkpt>
      <trkpt lat="40.877583" lon="15.427743">
        <ele>413.553433</ele>
        <time>2023-11-25T16:52:36.966Z</time>
      </trkpt>
      <trkpt lat="40.877855" lon="15.427816">
        <ele>411.855443</ele>
        <time>2023-11-25T16:52:41.021Z</time>
      </trkpt>
      <trkpt lat="40.879185" lon="15.427958">
        <ele>403.752670</ele>
        <time>2023-11-25T16:53:00.493Z</time>
      </trkpt>
      <trkpt lat="40.879252" lon="15.427948">
        <ele>403.359781</ele>
        <time>2023-11-25T16:53:01.501Z</time>
      </trkpt>
      <trkpt lat="40.879585" lon="15.427791">
        <ele>401.299777</ele>
        <time>2023-11-25T16:53:06.769Z</time>
      </trkpt>
      <trkpt lat="40.879885" lon="15.427894">
        <ele>399.493727</ele>
        <time>2023-11-25T16:53:11.377Z</time>
      </trkpt>
      <trkpt lat="40.880296" lon="15.427917">
        <ele>397.096673</ele>
        <time>2023-11-25T16:53:17.437Z</time>
      </trkpt>
      <trkpt lat="40.881481" lon="15.428070">
        <ele>390.478071</ele>
        <time>2023-11-25T16:53:34.900Z</time>
      </trkpt>
      <trkpt lat="40.882129" lon="15.428282">
        <ele>386.875446</ele>
        <time>2023-11-25T16:53:44.962Z</time>
      </trkpt>
      <trkpt lat="40.882962" lon="15.428420">
        <ele>382.791015</ele>
        <time>2023-11-25T16:53:57.683Z</time>
      </trkpt>
      <trkpt lat="40.883513" lon="15.428465">
        <ele>380.358342</ele>
        <time>2023-11-25T16:54:06.181Z</time>
      </trkpt>
      <trkpt lat="40.884439" lon="15.428572">
        <ele>376.370522</ele>
        <time>2023-11-25T16:54:20.760Z</time>
      </trkpt>
      <trkpt lat="40.885870" lon="15.428847">
        <ele>371.169695</ele>
        <time>2023-11-25T16:54:43.583Z</time>
      </trkpt>
      <trkpt lat="40.886045" lon="15.428937">
        <ele>370.494383</ele>
        <time>2023-11-25T16:54:46.740Z</time>
      </trkpt>
      <trkpt lat="40.886190" lon="15.429092">
        <ele>370.024067</ele>
        <time>2023-11-25T16:54:49.899Z</time>
      </trkpt>
      <trkpt lat="40.886687" lon="15.429849">
        <ele>368.275537</ele>
        <time>2023-11-25T16:55:03.007Z</time>
      </trkpt>
      <trkpt lat="40.886815" lon="15.429953">
        <ele>367.929008</ele>
        <time>2023-11-25T16:55:05.601Z</time>
      </trkpt>
      <trkpt lat="40.886938" lon="15.429955">
        <ele>367.645247</ele>
        <time>2023-11-25T16:55:07.747Z</time>
      </trkpt>
      <trkpt lat="40.887285" lon="15.429835">
        <ele>366.817873</ele>
        <time>2023-11-25T16:55:13.956Z</time>
      </trkpt>
      <trkpt lat="40.887641" lon="15.429917">
        <ele>366.218873</ele>
        <time>2023-11-25T16:55:20.269Z</time>
      </trkpt>
      <trkpt lat="40.887903" lon="15.429977">
        <ele>366.184071</ele>
        <time>2023-11-25T16:55:24.980Z</time>
      </trkpt>
      <trkpt lat="40.887960" lon="15.429990">
        <ele>366.176501</ele>
        <time>2023-11-25T16:55:26.009Z</time>
      </trkpt>
      <trkpt lat="40.888172" lon="15.430040">
        <ele>366.148316</ele>
        <time>2023-11-25T16:55:29.837Z</time>
      </trkpt>
      <trkpt lat="40.889114" lon="15.430285">
        <ele>366.022664</ele>
        <time>2023-11-25T16:55:52.103Z</time>
      </trkpt>
      <trkpt lat="40.889709" lon="15.430439">
        <ele>367.669037</ele>
        <time>2023-11-25T16:56:11.158Z</time>
      </trkpt>
      <trkpt lat="40.889868" lon="15.430468">
        <ele>368.316164</ele>
        <time>2023-11-25T16:56:17.863Z</time>
      </trkpt>
      <trkpt lat="40.889984" lon="15.430449">
        <ele>368.787429</ele>
        <time>2023-11-25T16:56:22.605Z</time>
      </trkpt>
      <trkpt lat="40.890766" lon="15.429903">
        <ele>372.352566</ele>
        <time>2023-11-25T16:56:59.776Z</time>
      </trkpt>
      <trkpt lat="40.890906" lon="15.429869">
        <ele>372.926457</ele>
        <time>2023-11-25T16:57:05.661Z</time>
      </trkpt>
      <trkpt lat="40.891048" lon="15.429891">
        <ele>373.578924</ele>
        <time>2023-11-25T16:57:10.990Z</time>
      </trkpt>
      <trkpt lat="40.891382" lon="15.430048">
        <ele>375.436719</ele>
        <time>2023-11-25T16:57:26.112Z</time>
      </trkpt>
      <trkpt lat="40.891425" lon="15.430094">
        <ele>375.726563</ele>
        <time>2023-11-25T16:57:28.532Z</time>
      </trkpt>
      <trkpt lat="40.891445" lon="15.430167">
        <ele>376.034205</ele>
        <time>2023-11-25T16:57:31.175Z</time>
      </trkpt>
      <trkpt lat="40.891395" lon="15.430241">
        <ele>376.427446</ele>
        <time>2023-11-25T16:57:34.372Z</time>
      </trkpt>
      <trkpt lat="40.890758" lon="15.430518">
        <ele>379.941852</ele>
        <time>2023-11-25T16:58:03.279Z</time>
      </trkpt>
      <trkpt lat="40.890601" lon="15.430671">
        <ele>380.963907</ele>
        <time>2023-11-25T16:58:11.666Z</time>
      </trkpt>
      <trkpt lat="40.890503" lon="15.430930">
        <ele>382.111469</ele>
        <time>2023-11-25T16:58:21.862Z</time>
      </trkpt>
      <trkpt lat="40.890513" lon="15.431009">
        <ele>382.428836</ele>
        <time>2023-11-25T16:58:24.482Z</time>
      </trkpt>
      <trkpt lat="40.890557" lon="15.431083">
        <ele>382.805613</ele>
        <time>2023-11-25T16:58:27.520Z</time>
      </trkpt>
      <trkpt lat="40.890682" lon="15.431113">
        <ele>383.491375</ele>
        <time>2023-11-25T16:58:33.185Z</time>
      </trkpt>
      <trkpt lat="40.891446" lon="15.430909">
        <ele>387.698602</ele>
        <time>2023-11-25T16:59:07.664Z</time>
      </trkpt>
      <trkpt lat="40.891548" lon="15.430909">
        <ele>388.249195</ele>
        <time>2023-11-25T16:59:12.721Z</time>
      </trkpt>
      <trkpt lat="40.891634" lon="15.430936">
        <ele>388.726316</ele>
        <time>2023-11-25T16:59:17.134Z</time>
      </trkpt>
      <trkpt lat="40.891919" lon="15.431155">
        <ele>390.505459</ele>
        <time>2023-11-25T16:59:33.216Z</time>
      </trkpt>
      <trkpt lat="40.892133" lon="15.432223">
        <ele>391.441872</ele>
        <time>2023-11-25T17:00:07.030Z</time>
      </trkpt>
      <trkpt lat="40.892121" lon="15.432619">
        <ele>390.861322</ele>
        <time>2023-11-25T17:00:14.177Z</time>
      </trkpt>
      <trkpt lat="40.891777" lon="15.433142">
        <ele>389.845793</ele>
        <time>2023-11-25T17:00:23.151Z</time>
      </trkpt>
      <trkpt lat="40.891664" lon="15.433463">
        <ele>389.327085</ele>
        <time>2023-11-25T17:00:27.247Z</time>
      </trkpt>
      <trkpt lat="40.891560" lon="15.433676">
        <ele>388.955643</ele>
        <time>2023-11-25T17:00:30.069Z</time>
      </trkpt>
      <trkpt lat="40.891447" lon="15.433827">
        <ele>387.530547</ele>
        <time>2023-11-25T17:00:32.397Z</time>
      </trkpt>
      <trkpt lat="40.891314" lon="15.433892">
        <ele>386.058893</ele>
        <time>2023-11-25T17:00:34.417Z</time>
      </trkpt>
      <trkpt lat="40.890577" lon="15.433803">
        <ele>378.377500</ele>
        <time>2023-11-25T17:00:44.750Z</time>
      </trkpt>
      <trkpt lat="40.890335" lon="15.433967">
        <ele>375.555260</ele>
        <time>2023-11-25T17:00:48.549Z</time>
      </trkpt>
      <trkpt lat="40.890022" lon="15.434359">
        <ele>371.081462</ele>
        <time>2023-11-25T17:00:54.612Z</time>
      </trkpt>
      <trkpt lat="40.889838" lon="15.434546">
        <ele>369.268355</ele>
        <time>2023-11-25T17:00:57.896Z</time>
      </trkpt>
      <trkpt lat="40.889669" lon="15.434799">
        <ele>367.631243</ele>
        <time>2023-11-25T17:01:01.575Z</time>
      </trkpt>
      <trkpt lat="40.889615" lon="15.434964">
        <ele>366.759397</ele>
        <time>2023-11-25T17:01:03.552Z</time>
      </trkpt>
      <trkpt lat="40.889372" lon="15.437065">
        <ele>357.927421</ele>
        <time>2023-11-25T17:01:29.103Z</time>
      </trkpt>
      <trkpt lat="40.889330" lon="15.437293">
        <ele>357.538066</ele>
        <time>2023-11-25T17:01:32.427Z</time>
      </trkpt>
      <trkpt lat="40.889260" lon="15.437379">
        <ele>357.328396</ele>
        <time>2023-11-25T17:01:34.243Z</time>
      </trkpt>
      <trkpt lat="40.889031" lon="15.437521">
        <ele>356.773325</ele>
        <time>2023-11-25T17:01:39.027Z</time>
      </trkpt>
      <trkpt lat="40.889000" lon="15.437637">
        <ele>356.569191</ele>
        <time>2023-11-25T17:01:40.817Z</time>
      </trkpt>
      <trkpt lat="40.889003" lon="15.437876">
        <ele>356.172597</ele>
        <time>2023-11-25T17:01:44.263Z</time>
      </trkpt>
      <trkpt lat="40.888777" lon="15.439190">
        <ele>354.474631</ele>
        <time>2023-11-25T17:02:04.548Z</time>
      </trkpt>
      <trkpt lat="40.888878" lon="15.440549">
        <ele>353.713415</ele>
        <time>2023-11-25T17:02:26.444Z</time>
      </trkpt>
      <trkpt lat="40.888936" lon="15.440722">
        <ele>353.607919</ele>
        <time>2023-11-25T17:02:29.500Z</time>
      </trkpt>
      <trkpt lat="40.889446" lon="15.441695">
        <ele>352.946807</ele>
        <time>2023-11-25T17:02:48.268Z</time>
      </trkpt>
      <trkpt lat="40.889559" lon="15.441941">
        <ele>352.785971</ele>
        <time>2023-11-25T17:02:52.806Z</time>
      </trkpt>
      <trkpt lat="40.889581" lon="15.442046">
        <ele>352.725092</ele>
        <time>2023-11-25T17:02:54.525Z</time>
      </trkpt>
      <trkpt lat="40.889505" lon="15.442202">
        <ele>352.621396</ele>
        <time>2023-11-25T17:02:57.462Z</time>
      </trkpt>
      <trkpt lat="40.888952" lon="15.442998">
        <ele>352.018869</ele>
        <time>2023-11-25T17:03:14.407Z</time>
      </trkpt>
      <trkpt lat="40.888972" lon="15.443113">
        <ele>351.954289</ele>
        <time>2023-11-25T17:03:16.251Z</time>
      </trkpt>
      <trkpt lat="40.888918" lon="15.443296">
        <ele>351.846780</ele>
        <time>2023-11-25T17:03:19.289Z</time>
      </trkpt>
      <trkpt lat="40.888904" lon="15.443498">
        <ele>351.735768</ele>
        <time>2023-11-25T17:03:22.402Z</time>
      </trkpt>
      <trkpt lat="40.888905" lon="15.443740">
        <ele>351.603326</ele>
        <time>2023-11-25T17:03:26.133Z</time>
      </trkpt>
      <trkpt lat="40.888907" lon="15.444521">
        <ele>351.175906</ele>
        <time>2023-11-25T17:03:38.186Z</time>
      </trkpt>
      <trkpt lat="40.888935" lon="15.444618">
        <ele>351.119083</ele>
        <time>2023-11-25T17:03:39.805Z</time>
      </trkpt>
      <trkpt lat="40.889821" lon="15.446299">
        <ele>350.733447</ele>
        <time>2023-11-25T17:04:13.908Z</time>
      </trkpt>
      <trkpt lat="40.889524" lon="15.446576">
        <ele>350.714964</ele>
        <time>2023-11-25T17:04:22.638Z</time>
      </trkpt>
      <trkpt lat="40.889311" lon="15.446692">
        <ele>350.703248</ele>
        <time>2023-11-25T17:04:28.366Z</time>
      </trkpt>
      <trkpt lat="40.888751" lon="15.446981">
        <ele>351.003232</ele>
        <time>2023-11-25T17:04:43.609Z</time>
      </trkpt>
      <trkpt lat="40.887783" lon="15.447671">
        <ele>351.689888</ele>
        <time>2023-11-25T17:05:12.204Z</time>
      </trkpt>
      <trkpt lat="40.887352" lon="15.447882">
        <ele>351.963186</ele>
        <time>2023-11-25T17:05:23.968Z</time>
      </trkpt>
      <trkpt lat="40.887174" lon="15.447923">
        <ele>352.066121</ele>
        <time>2023-11-25T17:05:28.542Z</time>
      </trkpt>
      <trkpt lat="40.887158" lon="15.447848">
        <ele>352.099686</ele>
        <time>2023-11-25T17:05:30.046Z</time>
      </trkpt>
      <trkpt lat="40.887086" lon="15.447786">
        <ele>352.148631</ele>
        <time>2023-11-25T17:05:32.227Z</time>
      </trkpt>
      <trkpt lat="40.887147" lon="15.447621">
        <ele>352.227740</ele>
        <time>2023-11-25T17:05:35.734Z</time>
      </trkpt>
      <trkpt lat="40.887404" lon="15.447211">
        <ele>352.457134</ele>
        <time>2023-11-25T17:05:45.850Z</time>
      </trkpt>
      <trkpt lat="40.887443" lon="15.446968">
        <ele>352.564127</ele>
        <time>2023-11-25T17:05:50.567Z</time>
      </trkpt>
      <trkpt lat="40.887435" lon="15.446783">
        <ele>352.643938</ele>
        <time>2023-11-25T17:05:54.072Z</time>
      </trkpt>
      <trkpt lat="40.887382" lon="15.446552">
        <ele>352.747911</ele>
        <time>2023-11-25T17:05:58.641Z</time>
      </trkpt>
      <trkpt lat="40.887038" lon="15.445659">
        <ele>353.301367</ele>
        <time>2023-11-25T17:06:18.165Z</time>
      </trkpt>
      <trkpt lat="40.886871" lon="15.444854">
        <ele>353.791950</ele>
        <time>2023-11-25T17:06:34.833Z</time>
      </trkpt>
      <trkpt lat="40.886804" lon="15.444165">
        <ele>354.200209</ele>
        <time>2023-11-25T17:06:48.954Z</time>
      </trkpt>
      <trkpt lat="40.886811" lon="15.443399">
        <ele>354.902973</ele>
        <time>2023-11-25T17:07:04.607Z</time>
      </trkpt>
      <trkpt lat="40.886879" lon="15.442792">
        <ele>355.487525</ele>
        <time>2023-11-25T17:07:17.212Z</time>
      </trkpt>
      <trkpt lat="40.884530" lon="15.442553">
        <ele>360.454973</ele>
        <time>2023-11-25T17:08:26.890Z</time>
      </trkpt>
      <trkpt lat="40.884426" lon="15.442490">
        <ele>360.747152</ele>
        <time>2023-11-25T17:08:31.839Z</time>
      </trkpt>
      <trkpt lat="40.884323" lon="15.442351">
        <ele>361.163236</ele>
        <time>2023-11-25T17:08:37.780Z</time>
      </trkpt>
      <trkpt lat="40.884286" lon="15.442256">
        <ele>361.813945</ele>
        <time>2023-11-25T17:08:41.102Z</time>
      </trkpt>
      <trkpt lat="40.884266" lon="15.442071">
        <ele>362.951886</ele>
        <time>2023-11-25T17:08:48.129Z</time>
      </trkpt>
      <trkpt lat="40.884322" lon="15.441635">
        <ele>365.644767</ele>
        <time>2023-11-25T17:09:06.194Z</time>
      </trkpt>
      <trkpt lat="40.884266" lon="15.441390">
        <ele>367.203282</ele>
        <time>2023-11-25T17:09:17.795Z</time>
      </trkpt>
      <trkpt lat="40.884110" lon="15.441204">
        <ele>368.894826</ele>
        <time>2023-11-25T17:09:32.147Z</time>
      </trkpt>
      <trkpt lat="40.884002" lon="15.441154">
        <ele>369.816401</ele>
        <time>2023-11-25T17:09:39.236Z</time>
      </trkpt>
      <trkpt lat="40.883897" lon="15.441159">
        <ele>370.662619</ele>
        <time>2023-11-25T17:09:45.829Z</time>
      </trkpt>
      <trkpt lat="40.883697" lon="15.441213">
        <ele>372.306637</ele>
        <time>2023-11-25T17:09:58.634Z</time>
      </trkpt>
      <trkpt lat="40.883364" lon="15.441322">
        <ele>375.069524</ele>
        <time>2023-11-25T17:10:17.655Z</time>
      </trkpt>
      <trkpt lat="40.883194" lon="15.441424">
        <ele>376.092766</ele>
        <time>2023-11-25T17:10:27.428Z</time>
      </trkpt>
      <trkpt lat="40.883082" lon="15.441559">
        <ele>376.716610</ele>
        <time>2023-11-25T17:10:35.411Z</time>
      </trkpt>
      <trkpt lat="40.883014" lon="15.441747">
        <ele>377.365299</ele>
        <time>2023-11-25T17:10:42.925Z</time>
      </trkpt>
      <trkpt lat="40.883006" lon="15.441984">
        <ele>378.103722</ele>
        <time>2023-11-25T17:10:52.062Z</time>
      </trkpt>
      <trkpt lat="40.883040" lon="15.442277">
        <ele>379.026396</ele>
        <time>2023-11-25T17:11:02.773Z</time>
      </trkpt>
      <trkpt lat="40.883249" lon="15.442881">
        <ele>381.093957</ele>
        <time>2023-11-25T17:11:23.493Z</time>
      </trkpt>
      <trkpt lat="40.883535" lon="15.443869">
        <ele>381.536299</ele>
        <time>2023-11-25T17:11:39.085Z</time>
      </trkpt>
      <trkpt lat="40.883610" lon="15.444127">
        <ele>380.633988</ele>
        <time>2023-11-25T17:11:42.239Z</time>
      </trkpt>
      <trkpt lat="40.884169" lon="15.445388">
        <ele>375.862255</ele>
        <time>2023-11-25T17:11:58.574Z</time>
      </trkpt>
      <trkpt lat="40.884824" lon="15.446864">
        <ele>369.850028</ele>
        <time>2023-11-25T17:12:17.815Z</time>
      </trkpt>
      <trkpt lat="40.884867" lon="15.446972">
        <ele>369.417369</ele>
        <time>2023-11-25T17:12:19.214Z</time>
      </trkpt>
      <trkpt lat="40.884914" lon="15.447131">
        <ele>368.812229</ele>
        <time>2023-11-25T17:12:21.182Z</time>
      </trkpt>
      <trkpt lat="40.885602" lon="15.449269">
        <ele>363.634054</ele>
        <time>2023-11-25T17:12:50.655Z</time>
      </trkpt>
      <trkpt lat="40.886063" lon="15.450765">
        <ele>361.572604</ele>
        <time>2023-11-25T17:13:13.290Z</time>
      </trkpt>
      <trkpt lat="40.886137" lon="15.451068">
        <ele>361.271731</ele>
        <time>2023-11-25T17:13:17.844Z</time>
      </trkpt>
      <trkpt lat="40.886241" lon="15.451642">
        <ele>360.714000</ele>
        <time>2023-11-25T17:13:26.441Z</time>
      </trkpt>
      <trkpt lat="40.886270" lon="15.452110">
        <ele>360.270305</ele>
        <time>2023-11-25T17:13:33.085Z</time>
      </trkpt>
      <trkpt lat="40.886202" lon="15.453978">
        <ele>359.780686</ele>
        <time>2023-11-25T17:14:00.499Z</time>
      </trkpt>
      <trkpt lat="40.885853" lon="15.460083">
        <ele>365.935525</ele>
        <time>2023-11-25T17:16:10.753Z</time>
      </trkpt>
      <trkpt lat="40.885927" lon="15.460448">
        <ele>366.452243</ele>
        <time>2023-11-25T17:16:20.062Z</time>
      </trkpt>
      <trkpt lat="40.886720" lon="15.462848">
        <ele>369.236242</ele>
        <time>2023-11-25T17:17:18.716Z</time>
      </trkpt>
      <trkpt lat="40.886807" lon="15.463243">
        <ele>369.574676</ele>
        <time>2023-11-25T17:17:26.697Z</time>
      </trkpt>
      <trkpt lat="40.886774" lon="15.463592">
        <ele>369.863999</ele>
        <time>2023-11-25T17:17:32.809Z</time>
      </trkpt>
      <trkpt lat="40.886687" lon="15.463861">
        <ele>369.781473</ele>
        <time>2023-11-25T17:17:37.521Z</time>
      </trkpt>
      <trkpt lat="40.886121" lon="15.464964">
        <ele>367.807717</ele>
        <time>2023-11-25T17:17:55.797Z</time>
      </trkpt>
      <trkpt lat="40.885421" lon="15.466351">
        <ele>365.259930</ele>
        <time>2023-11-25T17:18:16.319Z</time>
      </trkpt>
      <trkpt lat="40.885402" lon="15.466558">
        <ele>364.929669</ele>
        <time>2023-11-25T17:18:18.775Z</time>
      </trkpt>
      <trkpt lat="40.885418" lon="15.466654">
        <ele>364.773970</ele>
        <time>2023-11-25T17:18:19.916Z</time>
      </trkpt>
      <trkpt lat="40.885444" lon="15.466750">
        <ele>364.612460</ele>
        <time>2023-11-25T17:18:21.090Z</time>
      </trkpt>
      <trkpt lat="40.885552" lon="15.466899">
        <ele>364.285530</ele>
        <time>2023-11-25T17:18:23.514Z</time>
      </trkpt>
      <trkpt lat="40.886640" lon="15.467943">
        <ele>365.998233</ele>
        <time>2023-11-25T17:18:52.793Z</time>
      </trkpt>
      <trkpt lat="40.886787" lon="15.468080">
        <ele>367.009641</ele>
        <time>2023-11-25T17:19:00.340Z</time>
      </trkpt>
      <trkpt lat="40.886930" lon="15.468327">
        <ele>368.332505</ele>
        <time>2023-11-25T17:19:11.123Z</time>
      </trkpt>
      <trkpt lat="40.886992" lon="15.468802">
        <ele>370.382139</ele>
        <time>2023-11-25T17:19:31.280Z</time>
      </trkpt>
      <trkpt lat="40.887064" lon="15.469388">
        <ele>372.965822</ele>
        <time>2023-11-25T17:20:02.190Z</time>
      </trkpt>
      <trkpt lat="40.887110" lon="15.469729">
        <ele>375.392219</ele>
        <time>2023-11-25T17:20:19.860Z</time>
      </trkpt>
      <trkpt lat="40.887286" lon="15.470416">
        <ele>380.473376</ele>
        <time>2023-11-25T17:20:55.568Z</time>
      </trkpt>
      <trkpt lat="40.887266" lon="15.470569">
        <ele>381.561025</ele>
        <time>2023-11-25T17:21:02.182Z</time>
      </trkpt>
      <trkpt lat="40.887170" lon="15.470785">
        <ele>383.316177</ele>
        <time>2023-11-25T17:21:12.762Z</time>
      </trkpt>
      <trkpt lat="40.887085" lon="15.471016">
        <ele>385.115798</ele>
        <time>2023-11-25T17:21:23.572Z</time>
      </trkpt>
      <trkpt lat="40.887083" lon="15.471179">
        <ele>386.257746</ele>
        <time>2023-11-25T17:21:30.601Z</time>
      </trkpt>
      <trkpt lat="40.887126" lon="15.471335">
        <ele>387.420878</ele>
        <time>2023-11-25T17:21:37.252Z</time>
      </trkpt>
      <trkpt lat="40.887214" lon="15.471455">
        <ele>388.591961</ele>
        <time>2023-11-25T17:21:44.577Z</time>
      </trkpt>
      <trkpt lat="40.887583" lon="15.471621">
        <ele>390.683482</ele>
        <time>2023-11-25T17:22:04.957Z</time>
      </trkpt>
      <trkpt lat="40.887657" lon="15.471679">
        <ele>391.035561</ele>
        <time>2023-11-25T17:22:09.356Z</time>
      </trkpt>
      <trkpt lat="40.887741" lon="15.471800">
        <ele>391.543907</ele>
        <time>2023-11-25T17:22:14.404Z</time>
      </trkpt>
      <trkpt lat="40.887767" lon="15.471882">
        <ele>391.819065</ele>
        <time>2023-11-25T17:22:17.372Z</time>
      </trkpt>
      <trkpt lat="40.887763" lon="15.472158">
        <ele>392.673288</ele>
        <time>2023-11-25T17:22:25.970Z</time>
      </trkpt>
      <trkpt lat="40.887735" lon="15.472252">
        <ele>392.985930</ele>
        <time>2023-11-25T17:22:28.539Z</time>
      </trkpt>
      <trkpt lat="40.887632" lon="15.472419">
        <ele>393.652864</ele>
        <time>2023-11-25T17:22:33.936Z</time>
      </trkpt>
      <trkpt lat="40.887270" lon="15.472736">
        <ele>395.429888</ele>
        <time>2023-11-25T17:22:44.897Z</time>
      </trkpt>
      <trkpt lat="40.887137" lon="15.472964">
        <ele>396.321040</ele>
        <time>2023-11-25T17:22:50.737Z</time>
      </trkpt>
      <trkpt lat="40.887115" lon="15.473118">
        <ele>396.806023</ele>
        <time>2023-11-25T17:22:54.677Z</time>
      </trkpt>
      <trkpt lat="40.887137" lon="15.473270">
        <ele>397.280476</ele>
        <time>2023-11-25T17:22:58.427Z</time>
      </trkpt>
      <trkpt lat="40.887200" lon="15.473365">
        <ele>397.667588</ele>
        <time>2023-11-25T17:23:02.015Z</time>
      </trkpt>
      <trkpt lat="40.887469" lon="15.473640">
        <ele>399.045169</ele>
        <time>2023-11-25T17:23:16.354Z</time>
      </trkpt>
      <trkpt lat="40.887509" lon="15.473797">
        <ele>399.552684</ele>
        <time>2023-11-25T17:23:22.168Z</time>
      </trkpt>
      <trkpt lat="40.887476" lon="15.473938">
        <ele>400.004834</ele>
        <time>2023-11-25T17:23:27.347Z</time>
      </trkpt>
      <trkpt lat="40.887224" lon="15.474426">
        <ele>401.815183</ele>
        <time>2023-11-25T17:23:45.697Z</time>
      </trkpt>
      <trkpt lat="40.887077" lon="15.474609">
        <ele>402.633138</ele>
        <time>2023-11-25T17:23:52.978Z</time>
      </trkpt>
      <trkpt lat="40.886950" lon="15.474710">
        <ele>403.233590</ele>
        <time>2023-11-25T17:23:58.268Z</time>
      </trkpt>
      <trkpt lat="40.886819" lon="15.474823">
        <ele>403.867298</ele>
        <time>2023-11-25T17:24:04.016Z</time>
      </trkpt>
      <trkpt lat="40.886781" lon="15.474858">
        <ele>404.054926</ele>
        <time>2023-11-25T17:24:05.569Z</time>
      </trkpt>
      <trkpt lat="40.886710" lon="15.474922">
        <ele>404.434280</ele>
        <time>2023-11-25T17:24:08.699Z</time>
      </trkpt>
      <trkpt lat="40.886226" lon="15.475370">
        <ele>407.102637</ele>
        <time>2023-11-25T17:24:32.769Z</time>
      </trkpt>
      <trkpt lat="40.886163" lon="15.475441">
        <ele>407.476492</ele>
        <time>2023-11-25T17:24:36.321Z</time>
      </trkpt>
      <trkpt lat="40.886113" lon="15.475565">
        <ele>407.956406</ele>
        <time>2023-11-25T17:24:41.011Z</time>
      </trkpt>
      <trkpt lat="40.886136" lon="15.475798">
        <ele>408.758835</ele>
        <time>2023-11-25T17:24:49.148Z</time>
      </trkpt>
      <trkpt lat="40.886231" lon="15.476144">
        <ele>410.015904</ele>
        <time>2023-11-25T17:25:01.560Z</time>
      </trkpt>
      <trkpt lat="40.886269" lon="15.476386">
        <ele>410.859949</ele>
        <time>2023-11-25T17:25:09.468Z</time>
      </trkpt>
      <trkpt lat="40.886244" lon="15.476616">
        <ele>411.653454</ele>
        <time>2023-11-25T17:25:16.155Z</time>
      </trkpt>
      <trkpt lat="40.886119" lon="15.476767">
        <ele>412.447973</ele>
        <time>2023-11-25T17:25:22.622Z</time>
      </trkpt>
      <trkpt lat="40.885553" lon="15.477051">
        <ele>415.684806</ele>
        <time>2023-11-25T17:25:45.830Z</time>
      </trkpt>
      <trkpt lat="40.885504" lon="15.477151">
        <ele>416.166529</ele>
        <time>2023-11-25T17:25:49.607Z</time>
      </trkpt>
      <trkpt lat="40.885508" lon="15.477271">
        <ele>416.652092</ele>
        <time>2023-11-25T17:25:53.587Z</time>
      </trkpt>
      <trkpt lat="40.885532" lon="15.477316">
        <ele>416.874710</ele>
        <time>2023-11-25T17:25:55.345Z</time>
      </trkpt>
      <trkpt lat="40.885756" lon="15.477573">
        <ele>418.460227</ele>
        <time>2023-11-25T17:26:09.007Z</time>
      </trkpt>
      <trkpt lat="40.885821" lon="15.477705">
        <ele>419.097033</ele>
        <time>2023-11-25T17:26:14.631Z</time>
      </trkpt>
      <trkpt lat="40.885827" lon="15.477882">
        <ele>419.813258</ele>
        <time>2023-11-25T17:26:21.257Z</time>
      </trkpt>
      <trkpt lat="40.885796" lon="15.478096">
        <ele>420.694070</ele>
        <time>2023-11-25T17:26:29.888Z</time>
      </trkpt>
      <trkpt lat="40.885712" lon="15.478533">
        <ele>422.607752</ele>
        <time>2023-11-25T17:26:47.401Z</time>
      </trkpt>
      <trkpt lat="40.885666" lon="15.478752">
        <ele>423.656348</ele>
        <time>2023-11-25T17:26:55.977Z</time>
      </trkpt>
      <trkpt lat="40.885603" lon="15.478899">
        <ele>424.435900</ele>
        <time>2023-11-25T17:27:02.448Z</time>
      </trkpt>
      <trkpt lat="40.885482" lon="15.479059">
        <ele>425.479948</ele>
        <time>2023-11-25T17:27:10.827Z</time>
      </trkpt>
      <trkpt lat="40.885170" lon="15.479384">
        <ele>427.903342</ele>
        <time>2023-11-25T17:27:30.553Z</time>
      </trkpt>
      <trkpt lat="40.885096" lon="15.479513">
        <ele>428.650395</ele>
        <time>2023-11-25T17:27:36.780Z</time>
      </trkpt>
      <trkpt lat="40.885064" lon="15.479697">
        <ele>429.521432</ele>
        <time>2023-11-25T17:27:44.189Z</time>
      </trkpt>
      <trkpt lat="40.885107" lon="15.479889">
        <ele>430.445255</ele>
        <time>2023-11-25T17:27:51.876Z</time>
      </trkpt>
      <trkpt lat="40.885631" lon="15.481487">
        <ele>434.199470</ele>
        <time>2023-11-25T17:28:44.373Z</time>
      </trkpt>
      <trkpt lat="40.885677" lon="15.481804">
        <ele>434.556620</ele>
        <time>2023-11-25T17:28:50.109Z</time>
      </trkpt>
      <trkpt lat="40.885685" lon="15.482391">
        <ele>435.206217</ele>
        <time>2023-11-25T17:28:58.311Z</time>
      </trkpt>
      <trkpt lat="40.885666" lon="15.482567">
        <ele>435.402929</ele>
        <time>2023-11-25T17:29:00.600Z</time>
      </trkpt>
      <trkpt lat="40.885628" lon="15.482681">
        <ele>435.476712</ele>
        <time>2023-11-25T17:29:02.329Z</time>
      </trkpt>
      <trkpt lat="40.885245" lon="15.483535">
        <ele>435.398215</ele>
        <time>2023-11-25T17:29:15.962Z</time>
      </trkpt>
      <trkpt lat="40.885109" lon="15.483748">
        <ele>435.376175</ele>
        <time>2023-11-25T17:29:19.983Z</time>
      </trkpt>
      <trkpt lat="40.885007" lon="15.483823">
        <ele>435.363972</ele>
        <time>2023-11-25T17:29:22.574Z</time>
      </trkpt>
      <trkpt lat="40.884854" lon="15.483817">
        <ele>435.347966</ele>
        <time>2023-11-25T17:29:25.789Z</time>
      </trkpt>
      <trkpt lat="40.884733" lon="15.483713">
        <ele>435.332877</ele>
        <time>2023-11-25T17:29:29.246Z</time>
      </trkpt>
      <trkpt lat="40.884627" lon="15.483513">
        <ele>435.313568</ele>
        <time>2023-11-25T17:29:34.189Z</time>
      </trkpt>
      <trkpt lat="40.883711" lon="15.481214">
        <ele>445.170724</ele>
        <time>2023-11-25T17:31:03.135Z</time>
      </trkpt>
      <trkpt lat="40.883630" lon="15.481072">
        <ele>446.205947</ele>
        <time>2023-11-25T17:31:11.012Z</time>
      </trkpt>
      <trkpt lat="40.883541" lon="15.480981">
        <ele>447.144403</ele>
        <time>2023-11-25T17:31:17.595Z</time>
      </trkpt>
      <trkpt lat="40.883440" lon="15.480928">
        <ele>448.050878</ele>
        <time>2023-11-25T17:31:24.006Z</time>
      </trkpt>
      <trkpt lat="40.882454" lon="15.480669">
        <ele>456.437167</ele>
        <time>2023-11-25T17:32:25.221Z</time>
      </trkpt>
      <trkpt lat="40.882273" lon="15.480671">
        <ele>457.947201</ele>
        <time>2023-11-25T17:32:35.744Z</time>
      </trkpt>
      <trkpt lat="40.882144" lon="15.480729">
        <ele>459.083855</ele>
        <time>2023-11-25T17:32:43.124Z</time>
      </trkpt>
      <trkpt lat="40.881864" lon="15.480994">
        <ele>461.441757</ele>
        <time>2023-11-25T17:33:01.128Z</time>
      </trkpt>
      <trkpt lat="40.881529" lon="15.481260">
        <ele>463.656218</ele>
        <time>2023-11-25T17:33:20.455Z</time>
      </trkpt>
      <trkpt lat="40.881416" lon="15.481370">
        <ele>464.451398</ele>
        <time>2023-11-25T17:33:27.177Z</time>
      </trkpt>
      <trkpt lat="40.881360" lon="15.481492">
        <ele>465.062966</ele>
        <time>2023-11-25T17:33:32.506Z</time>
      </trkpt>
      <trkpt lat="40.881355" lon="15.481655">
        <ele>465.761993</ele>
        <time>2023-11-25T17:33:37.947Z</time>
      </trkpt>
      <trkpt lat="40.881464" lon="15.482003">
        <ele>467.376062</ele>
        <time>2023-11-25T17:33:50.877Z</time>
      </trkpt>
      <trkpt lat="40.881506" lon="15.482255">
        <ele>468.481801</ele>
        <time>2023-11-25T17:33:59.155Z</time>
      </trkpt>
      <trkpt lat="40.881492" lon="15.482598">
        <ele>469.953687</ele>
        <time>2023-11-25T17:34:09.883Z</time>
      </trkpt>
      <trkpt lat="40.881122" lon="15.485278">
        <ele>475.964519</ele>
        <time>2023-11-25T17:35:21.320Z</time>
      </trkpt>
      <trkpt lat="40.881112" lon="15.486645">
        <ele>476.919615</ele>
        <time>2023-11-25T17:35:50.740Z</time>
      </trkpt>
      <trkpt lat="40.881065" lon="15.486849">
        <ele>477.068609</ele>
        <time>2023-11-25T17:35:54.745Z</time>
      </trkpt>
      <trkpt lat="40.880991" lon="15.487022">
        <ele>477.207477</ele>
        <time>2023-11-25T17:35:58.693Z</time>
      </trkpt>
      <trkpt lat="40.880793" lon="15.487378">
        <ele>477.363719</ele>
        <time>2023-11-25T17:36:06.279Z</time>
      </trkpt>
      <trkpt lat="40.880850" lon="15.487501">
        <ele>477.018345</ele>
        <time>2023-11-25T17:36:09.605Z</time>
      </trkpt>
      <trkpt lat="40.880811" lon="15.487674">
        <ele>476.586163</ele>
        <time>2023-11-25T17:36:14.067Z</time>
      </trkpt>
      <trkpt lat="40.880455" lon="15.488110">
        <ele>475.049885</ele>
        <time>2023-11-25T17:36:29.035Z</time>
      </trkpt>
      <trkpt lat="40.880304" lon="15.488453">
        <ele>474.099680</ele>
        <time>2023-11-25T17:36:37.754Z</time>
      </trkpt>
      <trkpt lat="40.880129" lon="15.488715">
        <ele>473.262739</ele>
        <time>2023-11-25T17:36:45.208Z</time>
      </trkpt>
      <trkpt lat="40.880102" lon="15.488873">
        <ele>472.874940</ele>
        <time>2023-11-25T17:36:48.808Z</time>
      </trkpt>
      <trkpt lat="40.880109" lon="15.488930">
        <ele>472.736692</ele>
        <time>2023-11-25T17:36:50.016Z</time>
      </trkpt>
      <trkpt lat="40.880166" lon="15.489028">
        <ele>472.440687</ele>
        <time>2023-11-25T17:36:52.481Z</time>
      </trkpt>
      <trkpt lat="40.880181" lon="15.489084">
        <ele>472.298456</ele>
        <time>2023-11-25T17:36:53.727Z</time>
      </trkpt>
      <trkpt lat="40.880277" lon="15.489218">
        <ele>471.856515</ele>
        <time>2023-11-25T17:36:57.596Z</time>
      </trkpt>
      <trkpt lat="40.880309" lon="15.489336">
        <ele>471.383725</ele>
        <time>2023-11-25T17:37:00.237Z</time>
      </trkpt>
      <trkpt lat="40.880329" lon="15.489572">
        <ele>470.388756</ele>
        <time>2023-11-25T17:37:05.104Z</time>
      </trkpt>
      <trkpt lat="40.880305" lon="15.489813">
        <ele>469.370308</ele>
        <time>2023-11-25T17:37:10.061Z</time>
      </trkpt>
      <trkpt lat="40.880212" lon="15.490023">
        <ele>468.350644</ele>
        <time>2023-11-25T17:37:14.900Z</time>
      </trkpt>
      <trkpt lat="40.879948" lon="15.490401">
        <ele>466.194639</ele>
        <time>2023-11-25T17:37:25.134Z</time>
      </trkpt>
      <trkpt lat="40.879897" lon="15.490513">
        <ele>465.646854</ele>
        <time>2023-11-25T17:37:27.779Z</time>
      </trkpt>
      <trkpt lat="40.879859" lon="15.490645">
        <ele>465.055074</ele>
        <time>2023-11-25T17:37:30.599Z</time>
      </trkpt>
      <trkpt lat="40.879841" lon="15.490961">
        <ele>463.727355</ele>
        <time>2023-11-25T17:37:37.009Z</time>
      </trkpt>
      <trkpt lat="40.879794" lon="15.491286">
        <ele>462.340997</ele>
        <time>2023-11-25T17:37:43.868Z</time>
      </trkpt>
      <trkpt lat="40.879802" lon="15.491396">
        <ele>461.877995</ele>
        <time>2023-11-25T17:37:46.236Z</time>
      </trkpt>
      <trkpt lat="40.879772" lon="15.491551">
        <ele>461.314861</ele>
        <time>2023-11-25T17:37:49.661Z</time>
      </trkpt>
      <trkpt lat="40.879709" lon="15.491707">
        <ele>460.703696</ele>
        <time>2023-11-25T17:37:53.423Z</time>
      </trkpt>
      <trkpt lat="40.879565" lon="15.491884">
        <ele>459.805207</ele>
        <time>2023-11-25T17:37:58.946Z</time>
      </trkpt>
      <trkpt lat="40.879506" lon="15.492136">
        <ele>458.893579</ele>
        <time>2023-11-25T17:38:04.498Z</time>
      </trkpt>
      <trkpt lat="40.879457" lon="15.492246">
        <ele>458.452386</ele>
        <time>2023-11-25T17:38:07.169Z</time>
      </trkpt>
      <trkpt lat="40.879342" lon="15.492316">
        <ele>457.873787</ele>
        <time>2023-11-25T17:38:10.674Z</time>
      </trkpt>
      <trkpt lat="40.878796" lon="15.492530">
        <ele>455.271032</ele>
        <time>2023-11-25T17:38:26.321Z</time>
      </trkpt>
      <trkpt lat="40.878766" lon="15.492600">
        <ele>454.992973</ele>
        <time>2023-11-25T17:38:28.014Z</time>
      </trkpt>
      <trkpt lat="40.878800" lon="15.492807">
        <ele>454.260954</ele>
        <time>2023-11-25T17:38:32.526Z</time>
      </trkpt>
      <trkpt lat="40.878782" lon="15.493147">
        <ele>453.152137</ele>
        <time>2023-11-25T17:38:39.968Z</time>
      </trkpt>
      <trkpt lat="40.878687" lon="15.493370">
        <ele>452.385946</ele>
        <time>2023-11-25T17:38:45.594Z</time>
      </trkpt>
      <trkpt lat="40.878518" lon="15.493628">
        <ele>451.364133</ele>
        <time>2023-11-25T17:38:53.195Z</time>
      </trkpt>
      <trkpt lat="40.878350" lon="15.494043">
        <ele>449.955020</ele>
        <time>2023-11-25T17:39:03.540Z</time>
      </trkpt>
      <trkpt lat="40.878269" lon="15.494167">
        <ele>449.464497</ele>
        <time>2023-11-25T17:39:07.082Z</time>
      </trkpt>
      <trkpt lat="40.878182" lon="15.494228">
        <ele>449.074654</ele>
        <time>2023-11-25T17:39:09.890Z</time>
      </trkpt>
      <trkpt lat="40.877598" lon="15.494452">
        <ele>446.667322</ele>
        <time>2023-11-25T17:39:26.853Z</time>
      </trkpt>
      <trkpt lat="40.877255" lon="15.494646">
        <ele>445.338756</ele>
        <time>2023-11-25T17:39:37.433Z</time>
      </trkpt>
      <trkpt lat="40.877171" lon="15.494726">
        <ele>444.976158</ele>
        <time>2023-11-25T17:39:40.436Z</time>
      </trkpt>
      <trkpt lat="40.877038" lon="15.495066">
        <ele>443.962252</ele>
        <time>2023-11-25T17:39:48.969Z</time>
      </trkpt>
      <trkpt lat="40.876893" lon="15.495788">
        <ele>441.983643</ele>
        <time>2023-11-25T17:40:05.767Z</time>
      </trkpt>
      <trkpt lat="40.876821" lon="15.495993">
        <ele>441.384958</ele>
        <time>2023-11-25T17:40:10.876Z</time>
      </trkpt>
      <trkpt lat="40.876691" lon="15.496111">
        <ele>440.832643</ele>
        <time>2023-11-25T17:40:15.492Z</time>
      </trkpt>
      <trkpt lat="40.876438" lon="15.496194">
        <ele>439.945122</ele>
        <time>2023-11-25T17:40:23.060Z</time>
      </trkpt>
      <trkpt lat="40.876344" lon="15.496270">
        <ele>439.597451</ele>
        <time>2023-11-25T17:40:26.226Z</time>
      </trkpt>
      <trkpt lat="40.876303" lon="15.496389">
        <ele>439.285421</ele>
        <time>2023-11-25T17:40:29.100Z</time>
      </trkpt>
      <trkpt lat="40.876233" lon="15.496920">
        <ele>437.999305</ele>
        <time>2023-11-25T17:40:40.806Z</time>
      </trkpt>
      <trkpt lat="40.876164" lon="15.497069">
        <ele>437.582401</ele>
        <time>2023-11-25T17:40:44.581Z</time>
      </trkpt>
      <trkpt lat="40.876060" lon="15.497211">
        <ele>437.110693</ele>
        <time>2023-11-25T17:40:48.977Z</time>
      </trkpt>
      <trkpt lat="40.875824" lon="15.497509">
        <ele>436.081020</ele>
        <time>2023-11-25T17:40:58.628Z</time>
      </trkpt>
      <trkpt lat="40.875817" lon="15.497517">
        <ele>436.051825</ele>
        <time>2023-11-25T17:40:58.917Z</time>
      </trkpt>
      <trkpt lat="40.875605" lon="15.497928">
        <ele>434.864685</ele>
        <time>2023-11-25T17:41:10.129Z</time>
      </trkpt>
      <trkpt lat="40.875525" lon="15.498067">
        <ele>434.471768</ele>
        <time>2023-11-25T17:41:14.244Z</time>
      </trkpt>
      <trkpt lat="40.875154" lon="15.498697">
        <ele>433.413107</ele>
        <time>2023-11-25T17:41:33.491Z</time>
      </trkpt>
      <trkpt lat="40.874838" lon="15.499264">
        <ele>432.479265</ele>
        <time>2023-11-25T17:41:50.502Z</time>
      </trkpt>
      <trkpt lat="40.874721" lon="15.499507">
        <ele>432.097331</ele>
        <time>2023-11-25T17:41:57.548Z</time>
      </trkpt>
      <trkpt lat="40.874491" lon="15.499868">
        <ele>431.471476</ele>
        <time>2023-11-25T17:42:04.564Z</time>
      </trkpt>
      <trkpt lat="40.874524" lon="15.500030">
        <ele>431.206030</ele>
        <time>2023-11-25T17:42:07.087Z</time>
      </trkpt>
      <trkpt lat="40.874642" lon="15.500245">
        <ele>430.700718</ele>
        <time>2023-11-25T17:42:11.072Z</time>
      </trkpt>
      <trkpt lat="40.874809" lon="15.500397">
        <ele>430.190761</ele>
        <time>2023-11-25T17:42:15.132Z</time>
      </trkpt>
      <trkpt lat="40.875232" lon="15.500645">
        <ele>429.026845</ele>
        <time>2023-11-25T17:42:23.847Z</time>
      </trkpt>
      <trkpt lat="40.875315" lon="15.500726">
        <ele>428.767371</ele>
        <time>2023-11-25T17:42:25.688Z</time>
      </trkpt>
      <trkpt lat="40.875364" lon="15.500835">
        <ele>428.526176</ele>
        <time>2023-11-25T17:42:27.372Z</time>
      </trkpt>
      <trkpt lat="40.875376" lon="15.501265">
        <ele>427.707743</ele>
        <time>2023-11-25T17:42:32.926Z</time>
      </trkpt>
      <trkpt lat="40.875428" lon="15.501426">
        <ele>427.374749</ele>
        <time>2023-11-25T17:42:35.071Z</time>
      </trkpt>
      <trkpt lat="40.875724" lon="15.501775">
        <ele>426.217311</ele>
        <time>2023-11-25T17:42:41.452Z</time>
      </trkpt>
      <trkpt lat="40.876353" lon="15.502274">
        <ele>423.711145</ele>
        <time>2023-11-25T17:42:53.428Z</time>
      </trkpt>
      <trkpt lat="40.876466" lon="15.502429">
        <ele>423.154884</ele>
        <time>2023-11-25T17:42:56.140Z</time>
      </trkpt>
      <trkpt lat="40.876492" lon="15.502527">
        <ele>422.886567</ele>
        <time>2023-11-25T17:42:57.498Z</time>
      </trkpt>
      <trkpt lat="40.876475" lon="15.502666">
        <ele>422.522792</ele>
        <time>2023-11-25T17:42:59.322Z</time>
      </trkpt>
      <trkpt lat="40.876413" lon="15.502803">
        <ele>422.110299</ele>
        <time>2023-11-25T17:43:01.359Z</time>
      </trkpt>
      <trkpt lat="40.875957" lon="15.503411">
        <ele>420.545859</ele>
        <time>2023-11-25T17:43:13.016Z</time>
      </trkpt>
      <trkpt lat="40.875269" lon="15.504060">
        <ele>420.056857</ele>
        <time>2023-11-25T17:43:30.378Z</time>
      </trkpt>
      <trkpt lat="40.875166" lon="15.504219">
        <ele>419.965249</ele>
        <time>2023-11-25T17:43:34.166Z</time>
      </trkpt>
      <trkpt lat="40.875013" lon="15.504626">
        <ele>419.766378</ele>
        <time>2023-11-25T17:43:42.053Z</time>
      </trkpt>
      <trkpt lat="40.874641" lon="15.505418">
        <ele>419.886711</ele>
        <time>2023-11-25T17:44:02.259Z</time>
      </trkpt>
      <trkpt lat="40.874403" lon="15.506367">
        <ele>420.278281</ele>
        <time>2023-11-25T17:44:22.209Z</time>
      </trkpt>
      <trkpt lat="40.874321" lon="15.506461">
        <ele>420.334486</ele>
        <time>2023-11-25T17:44:24.641Z</time>
      </trkpt>
      <trkpt lat="40.874158" lon="15.506532">
        <ele>420.423371</ele>
        <time>2023-11-25T17:44:28.735Z</time>
      </trkpt>
      <trkpt lat="40.873873" lon="15.506526">
        <ele>420.565454</ele>
        <time>2023-11-25T17:44:35.151Z</time>
      </trkpt>
      <trkpt lat="40.873821" lon="15.506560">
        <ele>420.520540</ele>
        <time>2023-11-25T17:44:36.348Z</time>
      </trkpt>
      <trkpt lat="40.873832" lon="15.507098">
        <ele>420.205449</ele>
        <time>2023-11-25T17:44:44.968Z</time>
      </trkpt>
      <trkpt lat="40.873811" lon="15.507307">
        <ele>420.082013</ele>
        <time>2023-11-25T17:44:48.361Z</time>
      </trkpt>
      <trkpt lat="40.873514" lon="15.508451">
        <ele>419.373872</ele>
        <time>2023-11-25T17:45:07.795Z</time>
      </trkpt>
      <trkpt lat="40.873234" lon="15.509162">
        <ele>418.966027</ele>
        <time>2023-11-25T17:45:19.169Z</time>
      </trkpt>
      <trkpt lat="40.873089" lon="15.509571">
        <ele>418.761428</ele>
        <time>2023-11-25T17:45:25.250Z</time>
      </trkpt>
      <trkpt lat="40.872641" lon="15.510127">
        <ele>418.393422</ele>
        <time>2023-11-25T17:45:39.949Z</time>
      </trkpt>
      <trkpt lat="40.872504" lon="15.510382">
        <ele>418.251739</ele>
        <time>2023-11-25T17:45:47.234Z</time>
      </trkpt>
      <trkpt lat="40.872406" lon="15.510721">
        <ele>418.051031</ele>
        <time>2023-11-25T17:45:54.179Z</time>
      </trkpt>
      <trkpt lat="40.872459" lon="15.511240">
        <ele>417.060747</ele>
        <time>2023-11-25T17:46:07.445Z</time>
      </trkpt>
      <trkpt lat="40.872442" lon="15.511704">
        <ele>416.182342</ele>
        <time>2023-11-25T17:46:18.360Z</time>
      </trkpt>
      <trkpt lat="40.872428" lon="15.512132">
        <ele>415.372282</ele>
        <time>2023-11-25T17:46:27.965Z</time>
      </trkpt>
      <trkpt lat="40.872530" lon="15.512222">
        <ele>415.065657</ele>
        <time>2023-11-25T17:46:31.448Z</time>
      </trkpt>
      <trkpt lat="40.872679" lon="15.512159">
        <ele>414.674483</ele>
        <time>2023-11-25T17:46:35.877Z</time>
      </trkpt>
      <trkpt lat="40.872757" lon="15.512105">
        <ele>414.454323</ele>
        <time>2023-11-25T17:46:38.297Z</time>
      </trkpt>
      <trkpt lat="40.872825" lon="15.512094">
        <ele>414.283013</ele>
        <time>2023-11-25T17:46:40.169Z</time>
      </trkpt>
      <trkpt lat="40.872988" lon="15.512112">
        <ele>413.873992</ele>
        <time>2023-11-25T17:46:44.989Z</time>
      </trkpt>
      <trkpt lat="40.873137" lon="15.512021">
        <ele>413.437501</ele>
        <time>2023-11-25T17:46:49.594Z</time>
      </trkpt>
      <trkpt lat="40.873209" lon="15.512013">
        <ele>413.222541</ele>
        <time>2023-11-25T17:46:51.910Z</time>
      </trkpt>
      <trkpt lat="40.873522" lon="15.511999">
        <ele>412.290808</ele>
        <time>2023-11-25T17:47:01.338Z</time>
      </trkpt>
      <trkpt lat="40.873991" lon="15.512090">
        <ele>410.880557</ele>
        <time>2023-11-25T17:47:14.536Z</time>
      </trkpt>
      <trkpt lat="40.874233" lon="15.512259">
        <ele>410.066373</ele>
        <time>2023-11-25T17:47:21.904Z</time>
      </trkpt>
      <trkpt lat="40.874225" lon="15.512369">
        <ele>409.817775</ele>
        <time>2023-11-25T17:47:24.379Z</time>
      </trkpt>
      <trkpt lat="40.874278" lon="15.512656">
        <ele>409.153164</ele>
        <time>2023-11-25T17:47:31.037Z</time>
      </trkpt>
      <trkpt lat="40.874278" lon="15.512826">
        <ele>408.770732</ele>
        <time>2023-11-25T17:47:35.238Z</time>
      </trkpt>
      <trkpt lat="40.874188" lon="15.513234">
        <ele>408.962620</ele>
        <time>2023-11-25T17:47:47.256Z</time>
      </trkpt>
      <trkpt lat="40.874201" lon="15.513771">
        <ele>410.941367</ele>
        <time>2023-11-25T17:48:06.522Z</time>
      </trkpt>
      <trkpt lat="40.874164" lon="15.514310">
        <ele>412.934631</ele>
        <time>2023-11-25T17:48:30.634Z</time>
      </trkpt>
      <trkpt lat="40.874199" lon="15.514494">
        <ele>413.633403</ele>
        <time>2023-11-25T17:48:39.999Z</time>
      </trkpt>
      <trkpt lat="40.874111" lon="15.514855">
        <ele>415.030323</ele>
        <time>2023-11-25T17:48:59.417Z</time>
      </trkpt>
      <trkpt lat="40.874083" lon="15.515088">
        <ele>415.899217</ele>
        <time>2023-11-25T17:49:11.815Z</time>
      </trkpt>
      <trkpt lat="40.874117" lon="15.515431">
        <ele>417.174569</ele>
        <time>2023-11-25T17:49:30.121Z</time>
      </trkpt>
      <trkpt lat="40.874111" lon="15.515608">
        <ele>417.832304</ele>
        <time>2023-11-25T17:49:39.406Z</time>
      </trkpt>
      <trkpt lat="40.874040" lon="15.516043">
        <ele>419.484343</ele>
        <time>2023-11-25T17:50:01.948Z</time>
      </trkpt>
      <trkpt lat="40.874050" lon="15.516491">
        <ele>421.148175</ele>
        <time>2023-11-25T17:50:22.758Z</time>
      </trkpt>
      <trkpt lat="40.874069" lon="15.516635">
        <ele>421.690823</ele>
        <time>2023-11-25T17:50:29.190Z</time>
      </trkpt>
      <trkpt lat="40.874140" lon="15.516839">
        <ele>422.524499</ele>
        <time>2023-11-25T17:50:38.408Z</time>
      </trkpt>
      <trkpt lat="40.874152" lon="15.517029">
        <ele>423.232290</ele>
        <time>2023-11-25T17:50:45.680Z</time>
      </trkpt>
      <trkpt lat="40.874119" lon="15.517121">
        <ele>423.610299</ele>
        <time>2023-11-25T17:50:49.672Z</time>
      </trkpt>
      <trkpt lat="40.873770" lon="15.517515">
        <ele>425.843387</ele>
        <time>2023-11-25T17:51:10.964Z</time>
      </trkpt>
      <trkpt lat="40.873432" lon="15.517816">
        <ele>426.069057</ele>
        <time>2023-11-25T17:51:28.333Z</time>
      </trkpt>
      <trkpt lat="40.873116" lon="15.518161">
        <ele>426.295990</ele>
        <time>2023-11-25T17:51:44.173Z</time>
      </trkpt>
      <trkpt lat="40.872962" lon="15.518478">
        <ele>426.453775</ele>
        <time>2023-11-25T17:51:54.535Z</time>
      </trkpt>
      <trkpt lat="40.872763" lon="15.518728">
        <ele>426.605782</ele>
        <time>2023-11-25T17:52:04.094Z</time>
      </trkpt>
      <trkpt lat="40.872718" lon="15.518880">
        <ele>426.674139</ele>
        <time>2023-11-25T17:52:08.428Z</time>
      </trkpt>
      <trkpt lat="40.872644" lon="15.519569">
        <ele>427.312558</ele>
        <time>2023-11-25T17:52:27.567Z</time>
      </trkpt>
      <trkpt lat="40.872445" lon="15.520073">
        <ele>428.193176</ele>
        <time>2023-11-25T17:52:45.779Z</time>
      </trkpt>
      <trkpt lat="40.872363" lon="15.520238">
        <ele>428.498985</ele>
        <time>2023-11-25T17:52:52.746Z</time>
      </trkpt>
      <trkpt lat="40.872109" lon="15.520632">
        <ele>429.300895</ele>
        <time>2023-11-25T17:53:12.089Z</time>
      </trkpt>
      <trkpt lat="40.872000" lon="15.520865">
        <ele>429.725252</ele>
        <time>2023-11-25T17:53:22.701Z</time>
      </trkpt>
      <trkpt lat="40.871688" lon="15.521329">
        <ele>430.682368</ele>
        <time>2023-11-25T17:53:46.362Z</time>
      </trkpt>
      <trkpt lat="40.871218" lon="15.522103">
        <ele>432.177377</ele>
        <time>2023-11-25T17:54:21.207Z</time>
      </trkpt>
      <trkpt lat="40.871181" lon="15.522225">
        <ele>432.375342</ele>
        <time>2023-11-25T17:54:25.559Z</time>
      </trkpt>
      <trkpt lat="40.871167" lon="15.522543">
        <ele>432.855078</ele>
        <time>2023-11-25T17:54:35.786Z</time>
      </trkpt>
      <trkpt lat="40.871123" lon="15.522654">
        <ele>433.043827</ele>
        <time>2023-11-25T17:54:39.878Z</time>
      </trkpt>
      <trkpt lat="40.870734" lon="15.522858">
        <ele>433.877275</ele>
        <time>2023-11-25T17:54:57.680Z</time>
      </trkpt>
      <trkpt lat="40.870538" lon="15.523058">
        <ele>434.373826</ele>
        <time>2023-11-25T17:55:08.199Z</time>
      </trkpt>
      <trkpt lat="40.870291" lon="15.523238">
        <ele>434.942848</ele>
        <time>2023-11-25T17:55:20.162Z</time>
      </trkpt>
      <trkpt lat="40.870180" lon="15.523432">
        <ele>435.314022</ele>
        <time>2023-11-25T17:55:28.159Z</time>
      </trkpt>
      <trkpt lat="40.870101" lon="15.523521">
        <ele>435.523416</ele>
        <time>2023-11-25T17:55:32.546Z</time>
      </trkpt>
      <trkpt lat="40.869636" lon="15.523895">
        <ele>436.621530</ele>
        <time>2023-11-25T17:55:56.561Z</time>
      </trkpt>
      <trkpt lat="40.869272" lon="15.523941">
        <ele>437.359303</ele>
        <time>2023-11-25T17:56:13.347Z</time>
      </trkpt>
      <trkpt lat="40.869205" lon="15.523967">
        <ele>437.500186</ele>
        <time>2023-11-25T17:56:16.682Z</time>
      </trkpt>
      <trkpt lat="40.869114" lon="15.524055">
        <ele>437.727648</ele>
        <time>2023-11-25T17:56:22.171Z</time>
      </trkpt>
      <trkpt lat="40.868705" lon="15.524574">
        <ele>440.282282</ele>
        <time>2023-11-25T17:56:51.886Z</time>
      </trkpt>
      <trkpt lat="40.868328" lon="15.525287">
        <ele>443.254111</ele>
        <time>2023-11-25T17:57:29.765Z</time>
      </trkpt>
      <trkpt lat="40.867711" lon="15.526094">
        <ele>446.801568</ele>
        <time>2023-11-25T17:58:20.835Z</time>
      </trkpt>
      <trkpt lat="40.867077" lon="15.526739">
        <ele>449.392796</ele>
        <time>2023-11-25T17:59:02.278Z</time>
      </trkpt>
      <trkpt lat="40.866840" lon="15.526901">
        <ele>450.257029</ele>
        <time>2023-11-25T17:59:14.707Z</time>
      </trkpt>
      <trkpt lat="40.866409" lon="15.527133">
        <ele>451.718805</ele>
        <time>2023-11-25T17:59:34.694Z</time>
      </trkpt>
      <trkpt lat="40.866167" lon="15.527316">
        <ele>452.113012</ele>
        <time>2023-11-25T17:59:45.986Z</time>
      </trkpt>
      <trkpt lat="40.865856" lon="15.527668">
        <ele>452.691883</ele>
        <time>2023-11-25T18:00:02.960Z</time>
      </trkpt>
      <trkpt lat="40.865562" lon="15.528049">
        <ele>453.273980</ele>
        <time>2023-11-25T18:00:20.028Z</time>
      </trkpt>
      <trkpt lat="40.865289" lon="15.528520">
        <ele>453.908581</ele>
        <time>2023-11-25T18:00:39.125Z</time>
      </trkpt>
      <trkpt lat="40.865089" lon="15.528954">
        <ele>454.557843</ele>
        <time>2023-11-25T18:00:56.303Z</time>
      </trkpt>
      <trkpt lat="40.865077" lon="15.529165">
        <ele>454.890384</ele>
        <time>2023-11-25T18:01:03.991Z</time>
      </trkpt>
      <trkpt lat="40.865044" lon="15.529202">
        <ele>454.980296</ele>
        <time>2023-11-25T18:01:05.279Z</time>
      </trkpt>
      <trkpt lat="40.864823" lon="15.529415">
        <ele>455.548612</ele>
        <time>2023-11-25T18:01:14.326Z</time>
      </trkpt>
      <trkpt lat="40.864429" lon="15.529556">
        <ele>456.396850</ele>
        <time>2023-11-25T18:01:27.698Z</time>
      </trkpt>
      <trkpt lat="40.864165" lon="15.529732">
        <ele>457.011259</ele>
        <time>2023-11-25T18:01:37.237Z</time>
      </trkpt>
      <trkpt lat="40.863455" lon="15.530448">
        <ele>458.999731</ele>
        <time>2023-11-25T18:02:03.971Z</time>
      </trkpt>
      <trkpt lat="40.862619" lon="15.531195">
        <ele>461.405325</ele>
        <time>2023-11-25T18:02:36.036Z</time>
      </trkpt>
      <trkpt lat="40.862413" lon="15.531288">
        <ele>461.924303</ele>
        <time>2023-11-25T18:02:43.910Z</time>
      </trkpt>
      <trkpt lat="40.862092" lon="15.531303">
        <ele>462.995876</ele>
        <time>2023-11-25T18:02:55.636Z</time>
      </trkpt>
      <trkpt lat="40.861422" lon="15.531396">
        <ele>465.725480</ele>
        <time>2023-11-25T18:03:21.585Z</time>
      </trkpt>
      <trkpt lat="40.860971" lon="15.531506">
        <ele>467.583657</ele>
        <time>2023-11-25T18:03:40.129Z</time>
      </trkpt>
      <trkpt lat="40.860045" lon="15.531966">
        <ele>471.638965</ele>
        <time>2023-11-25T18:04:22.022Z</time>
      </trkpt>
      <trkpt lat="40.859863" lon="15.532026">
        <ele>472.416493</ele>
        <time>2023-11-25T18:04:29.442Z</time>
      </trkpt>
      <trkpt lat="40.859607" lon="15.532234">
        <ele>473.662017</ele>
        <time>2023-11-25T18:04:41.644Z</time>
      </trkpt>
      <trkpt lat="40.858730" lon="15.533175">
        <ele>478.552503</ele>
        <time>2023-11-25T18:05:24.122Z</time>
      </trkpt>
      <trkpt lat="40.858310" lon="15.533619">
        <ele>481.126810</ele>
        <time>2023-11-25T18:05:45.201Z</time>
      </trkpt>
      <trkpt lat="40.858195" lon="15.533787">
        <ele>481.947234</ele>
        <time>2023-11-25T18:05:52.139Z</time>
      </trkpt>
      <trkpt lat="40.858120" lon="15.534001">
        <ele>482.801217</ele>
        <time>2023-11-25T18:05:59.970Z</time>
      </trkpt>
      <trkpt lat="40.858080" lon="15.534240">
        <ele>483.687508</ele>
        <time>2023-11-25T18:06:07.950Z</time>
      </trkpt>
      <trkpt lat="40.858010" lon="15.534418">
        <ele>484.413916</ele>
        <time>2023-11-25T18:06:15.076Z</time>
      </trkpt>
      <trkpt lat="40.857866" lon="15.534561">
        <ele>485.276067</ele>
        <time>2023-11-25T18:06:23.237Z</time>
      </trkpt>
      <trkpt lat="40.857763" lon="15.534606">
        <ele>485.971224</ele>
        <time>2023-11-25T18:06:28.669Z</time>
      </trkpt>
      <trkpt lat="40.857369" lon="15.534663">
        <ele>489.639382</ele>
        <time>2023-11-25T18:06:48.841Z</time>
      </trkpt>
      <trkpt lat="40.856744" lon="15.535134">
        <ele>496.297253</ele>
        <time>2023-11-25T18:07:30.188Z</time>
      </trkpt>
      <trkpt lat="40.856553" lon="15.535387">
        <ele>498.799446</ele>
        <time>2023-11-25T18:07:47.867Z</time>
      </trkpt>
      <trkpt lat="40.856320" lon="15.536242">
        <ele>506.128296</ele>
        <time>2023-11-25T18:08:38.902Z</time>
      </trkpt>
      <trkpt lat="40.856124" lon="15.536588">
        <ele>510.160821</ele>
        <time>2023-11-25T18:09:04.002Z</time>
      </trkpt>
      <trkpt lat="40.855945" lon="15.536999">
        <ele>514.585008</ele>
        <time>2023-11-25T18:09:31.476Z</time>
      </trkpt>
      <trkpt lat="40.855874" lon="15.537235">
        <ele>516.954292</ele>
        <time>2023-11-25T18:09:46.158Z</time>
      </trkpt>
      <trkpt lat="40.855805" lon="15.537645">
        <ele>520.872507</ele>
        <time>2023-11-25T18:10:09.516Z</time>
      </trkpt>
      <trkpt lat="40.855657" lon="15.538281">
        <ele>526.334784</ele>
        <time>2023-11-25T18:10:43.392Z</time>
      </trkpt>
      <trkpt lat="40.855586" lon="15.538474">
        <ele>527.772518</ele>
        <time>2023-11-25T18:10:53.356Z</time>
      </trkpt>
      <trkpt lat="40.855221" lon="15.538959">
        <ele>532.355886</ele>
        <time>2023-11-25T18:11:23.339Z</time>
      </trkpt>
      <trkpt lat="40.855028" lon="15.539295">
        <ele>535.182291</ele>
        <time>2023-11-25T18:11:41.059Z</time>
      </trkpt>
      <trkpt lat="40.855010" lon="15.539437">
        <ele>536.146832</ele>
        <time>2023-11-25T18:11:46.919Z</time>
      </trkpt>
      <trkpt lat="40.855044" lon="15.539633">
        <ele>537.493948</ele>
        <time>2023-11-25T18:11:55.203Z</time>
      </trkpt>
      <trkpt lat="40.855151" lon="15.539869">
        <ele>539.337219</ele>
        <time>2023-11-25T18:12:06.917Z</time>
      </trkpt>
      <trkpt lat="40.855227" lon="15.540105">
        <ele>540.858151</ele>
        <time>2023-11-25T18:12:17.871Z</time>
      </trkpt>
      <trkpt lat="40.855229" lon="15.540263">
        <ele>541.613278</ele>
        <time>2023-11-25T18:12:24.728Z</time>
      </trkpt>
      <trkpt lat="40.855186" lon="15.540418">
        <ele>542.402212</ele>
        <time>2023-11-25T18:12:31.080Z</time>
      </trkpt>
      <trkpt lat="40.854677" lon="15.541204">
        <ele>547.346795</ele>
        <time>2023-11-25T18:13:09.046Z</time>
      </trkpt>
      <trkpt lat="40.854468" lon="15.541473">
        <ele>549.189605</ele>
        <time>2023-11-25T18:13:22.113Z</time>
      </trkpt>
      <trkpt lat="40.854420" lon="15.541502">
        <ele>549.523026</ele>
        <time>2023-11-25T18:13:24.464Z</time>
      </trkpt>
      <trkpt lat="40.854279" lon="15.541561">
        <ele>550.457397</ele>
        <time>2023-11-25T18:13:31.423Z</time>
      </trkpt>
      <trkpt lat="40.854196" lon="15.541564">
        <ele>550.981976</ele>
        <time>2023-11-25T18:13:35.142Z</time>
      </trkpt>
      <trkpt lat="40.854058" lon="15.541483">
        <ele>551.868989</ele>
        <time>2023-11-25T18:13:41.748Z</time>
      </trkpt>
      <trkpt lat="40.853983" lon="15.541387">
        <ele>552.313573</ele>
        <time>2023-11-25T18:13:46.700Z</time>
      </trkpt>
      <trkpt lat="40.853942" lon="15.541258">
        <ele>552.764314</ele>
        <time>2023-11-25T18:13:51.428Z</time>
      </trkpt>
      <trkpt lat="40.853922" lon="15.541089">
        <ele>553.315334</ele>
        <time>2023-11-25T18:13:56.809Z</time>
      </trkpt>
      <trkpt lat="40.853934" lon="15.540660">
        <ele>554.698210</ele>
        <time>2023-11-25T18:14:10.366Z</time>
      </trkpt>
      <trkpt lat="40.853969" lon="15.540461">
        <ele>555.356348</ele>
        <time>2023-11-25T18:14:16.693Z</time>
      </trkpt>
      <trkpt lat="40.854040" lon="15.540196">
        <ele>556.261959</ele>
        <time>2023-11-25T18:14:24.968Z</time>
      </trkpt>
      <trkpt lat="40.854334" lon="15.539498">
        <ele>558.835528</ele>
        <time>2023-11-25T18:14:46.862Z</time>
      </trkpt>
      <trkpt lat="40.854377" lon="15.539335">
        <ele>559.392140</ele>
        <time>2023-11-25T18:14:51.472Z</time>
      </trkpt>
      <trkpt lat="40.854383" lon="15.539088">
        <ele>560.641884</ele>
        <time>2023-11-25T18:14:58.567Z</time>
      </trkpt>
      <trkpt lat="40.854336" lon="15.538906">
        <ele>561.614439</ele>
        <time>2023-11-25T18:15:04.219Z</time>
      </trkpt>
      <trkpt lat="40.854249" lon="15.538715">
        <ele>562.741968</ele>
        <time>2023-11-25T18:15:10.999Z</time>
      </trkpt>
      <trkpt lat="40.854172" lon="15.538656">
        <ele>563.336999</ele>
        <time>2023-11-25T18:15:14.808Z</time>
      </trkpt>
      <trkpt lat="40.853981" lon="15.538729">
        <ele>564.666306</ele>
        <time>2023-11-25T18:15:23.603Z</time>
      </trkpt>
      <trkpt lat="40.853871" lon="15.538891">
        <ele>565.767246</ele>
        <time>2023-11-25T18:15:31.640Z</time>
      </trkpt>
      <trkpt lat="40.853419" lon="15.539670">
        <ele>570.732379</ele>
        <time>2023-11-25T18:16:13.914Z</time>
      </trkpt>
      <trkpt lat="40.853172" lon="15.540029">
        <ele>574.022230</ele>
        <time>2023-11-25T18:16:37.742Z</time>
      </trkpt>
      <trkpt lat="40.852912" lon="15.540354">
        <ele>577.543760</ele>
        <time>2023-11-25T18:17:01.881Z</time>
      </trkpt>
      <trkpt lat="40.852446" lon="15.540643">
        <ele>582.609569</ele>
        <time>2023-11-25T18:17:35.720Z</time>
      </trkpt>
      <trkpt lat="40.852368" lon="15.540729">
        <ele>583.609154</ele>
        <time>2023-11-25T18:17:42.037Z</time>
      </trkpt>
      <trkpt lat="40.852295" lon="15.540874">
        <ele>584.905815</ele>
        <time>2023-11-25T18:17:50.243Z</time>
      </trkpt>
      <trkpt lat="40.851963" lon="15.541843">
        <ele>591.920554</ele>
        <time>2023-11-25T18:18:37.668Z</time>
      </trkpt>
      <trkpt lat="40.851966" lon="15.541937">
        <ele>592.450067</ele>
        <time>2023-11-25T18:18:41.529Z</time>
      </trkpt>
      <trkpt lat="40.852038" lon="15.542253">
        <ele>594.307485</ele>
        <time>2023-11-25T18:18:55.034Z</time>
      </trkpt>
      <trkpt lat="40.852346" lon="15.542803">
        <ele>598.158951</ele>
        <time>2023-11-25T18:19:21.878Z</time>
      </trkpt>
      <trkpt lat="40.852673" lon="15.543489">
        <ele>602.621614</ele>
        <time>2023-11-25T18:19:53.033Z</time>
      </trkpt>
      <trkpt lat="40.852727" lon="15.543674">
        <ele>603.228706</ele>
        <time>2023-11-25T18:20:00.223Z</time>
      </trkpt>
      <trkpt lat="40.852725" lon="15.543865">
        <ele>603.813513</ele>
        <time>2023-11-25T18:20:06.544Z</time>
      </trkpt>
      <trkpt lat="40.852632" lon="15.544141">
        <ele>604.738545</ele>
        <time>2023-11-25T18:20:16.638Z</time>
      </trkpt>
      <trkpt lat="40.852283" lon="15.544769">
        <ele>607.124329</ele>
        <time>2023-11-25T18:20:39.425Z</time>
      </trkpt>
      <trkpt lat="40.852198" lon="15.545185">
        <ele>608.443582</ele>
        <time>2023-11-25T18:20:49.480Z</time>
      </trkpt>
      <trkpt lat="40.852176" lon="15.545397">
        <ele>609.098710</ele>
        <time>2023-11-25T18:20:55.236Z</time>
      </trkpt>
      <trkpt lat="40.852139" lon="15.545946">
        <ele>610.035307</ele>
        <time>2023-11-25T18:21:09.615Z</time>
      </trkpt>
      <trkpt lat="40.852155" lon="15.546368">
        <ele>610.362290</ele>
        <time>2023-11-25T18:21:20.368Z</time>
      </trkpt>
      <trkpt lat="40.852143" lon="15.546681">
        <ele>610.604822</ele>
        <time>2023-11-25T18:21:27.146Z</time>
      </trkpt>
      <trkpt lat="40.852092" lon="15.546923">
        <ele>610.799231</ele>
        <time>2023-11-25T18:21:33.473Z</time>
      </trkpt>
      <trkpt lat="40.851983" lon="15.547082">
        <ele>610.965292</ele>
        <time>2023-11-25T18:21:36.846Z</time>
      </trkpt>
      <trkpt lat="40.852063" lon="15.547329">
        <ele>611.173224</ele>
        <time>2023-11-25T18:21:42.322Z</time>
      </trkpt>
      <trkpt lat="40.852079" lon="15.547379">
        <ele>611.215238</ele>
        <time>2023-11-25T18:21:43.066Z</time>
      </trkpt>
      <trkpt lat="40.852343" lon="15.547696">
        <ele>611.580111</ele>
        <time>2023-11-25T18:21:50.236Z</time>
      </trkpt>
      <trkpt lat="40.852488" lon="15.547791">
        <ele>611.287737</ele>
        <time>2023-11-25T18:21:53.297Z</time>
      </trkpt>
      <trkpt lat="40.852919" lon="15.548089">
        <ele>609.950334</ele>
        <time>2023-11-25T18:22:03.280Z</time>
      </trkpt>
      <trkpt lat="40.853172" lon="15.548346">
        <ele>609.073027</ele>
        <time>2023-11-25T18:22:09.531Z</time>
      </trkpt>
      <trkpt lat="40.854003" lon="15.549271">
        <ele>604.953416</ele>
        <time>2023-11-25T18:22:27.498Z</time>
      </trkpt>
      <trkpt lat="40.854631" lon="15.550052">
        <ele>598.030122</ele>
        <time>2023-11-25T18:22:40.076Z</time>
      </trkpt>
      <trkpt lat="40.854650" lon="15.550077">
        <ele>597.814869</ele>
        <time>2023-11-25T18:22:40.474Z</time>
      </trkpt>
      <trkpt lat="40.854614" lon="15.550240">
        <ele>596.783515</ele>
        <time>2023-11-25T18:22:42.306Z</time>
      </trkpt>
      <trkpt lat="40.854627" lon="15.550419">
        <ele>595.691323</ele>
        <time>2023-11-25T18:22:44.244Z</time>
      </trkpt>
      <trkpt lat="40.854905" lon="15.551046">
        <ele>591.206678</ele>
        <time>2023-11-25T18:22:52.118Z</time>
      </trkpt>
      <trkpt lat="40.855316" lon="15.551572">
        <ele>586.275049</ele>
        <time>2023-11-25T18:23:00.350Z</time>
      </trkpt>
      <trkpt lat="40.855333" lon="15.551687">
        <ele>585.510951</ele>
        <time>2023-11-25T18:23:01.649Z</time>
      </trkpt>
      <trkpt lat="40.855258" lon="15.551766">
        <ele>584.684217</ele>
        <time>2023-11-25T18:23:03.032Z</time>
      </trkpt>
      <trkpt lat="40.855196" lon="15.551780">
        <ele>584.141946</ele>
        <time>2023-11-25T18:23:03.950Z</time>
      </trkpt>
      <trkpt lat="40.855003" lon="15.551740">
        <ele>582.457684</ele>
        <time>2023-11-25T18:23:06.801Z</time>
      </trkpt>
      <trkpt lat="40.854462" lon="15.551433">
        <ele>577.381992</ele>
        <time>2023-11-25T18:23:15.416Z</time>
      </trkpt>
      <trkpt lat="40.853963" lon="15.550952">
        <ele>572.937182</ele>
        <time>2023-11-25T18:23:24.592Z</time>
      </trkpt>
      <trkpt lat="40.853846" lon="15.550885">
        <ele>572.044997</ele>
        <time>2023-11-25T18:23:26.509Z</time>
      </trkpt>
      <trkpt lat="40.853760" lon="15.550891">
        <ele>571.442390</ele>
        <time>2023-11-25T18:23:27.835Z</time>
      </trkpt>
      <trkpt lat="40.853648" lon="15.550970">
        <ele>570.554128</ele>
        <time>2023-11-25T18:23:29.768Z</time>
      </trkpt>
      <trkpt lat="40.853311" lon="15.551351">
        <ele>567.451400</ele>
        <time>2023-11-25T18:23:36.501Z</time>
      </trkpt>
      <trkpt lat="40.853296" lon="15.551368">
        <ele>567.313153</ele>
        <time>2023-11-25T18:23:36.797Z</time>
      </trkpt>
      <trkpt lat="40.853173" lon="15.551406">
        <ele>566.429296</ele>
        <time>2023-11-25T18:23:38.718Z</time>
      </trkpt>
      <trkpt lat="40.852989" lon="15.551322">
        <ele>565.067190</ele>
        <time>2023-11-25T18:23:41.646Z</time>
      </trkpt>
      <trkpt lat="40.852893" lon="15.551192">
        <ele>564.105423</ele>
        <time>2023-11-25T18:23:43.696Z</time>
      </trkpt>
      <trkpt lat="40.852780" lon="15.550963">
        <ele>562.650824</ele>
        <time>2023-11-25T18:23:46.787Z</time>
      </trkpt>
      <trkpt lat="40.852725" lon="15.550914">
        <ele>562.184353</ele>
        <time>2023-11-25T18:23:47.775Z</time>
      </trkpt>
      <trkpt lat="40.852645" lon="15.550897">
        <ele>561.614462</ele>
        <time>2023-11-25T18:23:48.990Z</time>
      </trkpt>
      <trkpt lat="40.852575" lon="15.550915">
        <ele>561.112900</ele>
        <time>2023-11-25T18:23:50.053Z</time>
      </trkpt>
      <trkpt lat="40.851920" lon="15.551414">
        <ele>555.795897</ele>
        <time>2023-11-25T18:24:01.511Z</time>
      </trkpt>
      <trkpt lat="40.851690" lon="15.551530">
        <ele>554.064506</ele>
        <time>2023-11-25T18:24:05.257Z</time>
      </trkpt>
      <trkpt lat="40.851489" lon="15.551514">
        <ele>552.648239</ele>
        <time>2023-11-25T18:24:08.289Z</time>
      </trkpt>
      <trkpt lat="40.851202" lon="15.551367">
        <ele>550.155360</ele>
        <time>2023-11-25T18:24:12.825Z</time>
      </trkpt>
      <trkpt lat="40.850955" lon="15.551281">
        <ele>547.772980</ele>
        <time>2023-11-25T18:24:16.529Z</time>
      </trkpt>
      <trkpt lat="40.850851" lon="15.551265">
        <ele>546.796404</ele>
        <time>2023-11-25T18:24:18.048Z</time>
      </trkpt>
      <trkpt lat="40.850730" lon="15.551294">
        <ele>545.649415</ele>
        <time>2023-11-25T18:24:19.827Z</time>
      </trkpt>
      <trkpt lat="40.850223" lon="15.551606">
        <ele>540.433290</ele>
        <time>2023-11-25T18:24:27.889Z</time>
      </trkpt>
      <trkpt lat="40.849582" lon="15.552153">
        <ele>533.142049</ele>
        <time>2023-11-25T18:24:38.701Z</time>
      </trkpt>
      <trkpt lat="40.849421" lon="15.552217">
        <ele>531.377252</ele>
        <time>2023-11-25T18:24:41.047Z</time>
      </trkpt>
      <trkpt lat="40.849164" lon="15.552232">
        <ele>528.676849</ele>
        <time>2023-11-25T18:24:44.636Z</time>
      </trkpt>
      <trkpt lat="40.849010" lon="15.552313">
        <ele>526.937033</ele>
        <time>2023-11-25T18:24:46.962Z</time>
      </trkpt>
      <trkpt lat="40.848964" lon="15.552378">
        <ele>526.230242</ele>
        <time>2023-11-25T18:24:47.915Z</time>
      </trkpt>
      <trkpt lat="40.848876" lon="15.552585">
        <ele>524.344776</ele>
        <time>2023-11-25T18:24:50.418Z</time>
      </trkpt>
      <trkpt lat="40.848548" lon="15.552888">
        <ele>520.144367</ele>
        <time>2023-11-25T18:24:56.082Z</time>
      </trkpt>
      <trkpt lat="40.848176" lon="15.553154">
        <ele>515.747557</ele>
        <time>2023-11-25T18:25:02.140Z</time>
      </trkpt>
      <trkpt lat="40.848004" lon="15.553312">
        <ele>514.285501</ele>
        <time>2023-11-25T18:25:05.181Z</time>
      </trkpt>
      <trkpt lat="40.847732" lon="15.553706">
        <ele>511.468867</ele>
        <time>2023-11-25T18:25:11.072Z</time>
      </trkpt>
      <trkpt lat="40.847411" lon="15.554578">
        <ele>506.348069</ele>
        <time>2023-11-25T18:25:22.177Z</time>
      </trkpt>
      <trkpt lat="40.847013" lon="15.555415">
        <ele>501.855070</ele>
        <time>2023-11-25T18:25:34.054Z</time>
      </trkpt>
      <trkpt lat="40.846948" lon="15.555649">
        <ele>500.984242</ele>
        <time>2023-11-25T18:25:37.094Z</time>
      </trkpt>
      <trkpt lat="40.846920" lon="15.556164">
        <ele>499.180496</ele>
        <time>2023-11-25T18:25:43.390Z</time>
      </trkpt>
      <trkpt lat="40.846775" lon="15.556669">
        <ele>497.293513</ele>
        <time>2023-11-25T18:25:49.935Z</time>
      </trkpt>
      <trkpt lat="40.846696" lon="15.557192">
        <ele>495.430386</ele>
        <time>2023-11-25T18:25:56.408Z</time>
      </trkpt>
      <trkpt lat="40.846604" lon="15.557585">
        <ele>494.228559</ele>
        <time>2023-11-25T18:26:01.515Z</time>
      </trkpt>
      <trkpt lat="40.846599" lon="15.557738">
        <ele>493.822363</ele>
        <time>2023-11-25T18:26:03.430Z</time>
      </trkpt>
      <trkpt lat="40.846638" lon="15.558078">
        <ele>492.910239</ele>
        <time>2023-11-25T18:26:07.810Z</time>
      </trkpt>
      <trkpt lat="40.846624" lon="15.558253">
        <ele>492.443481</ele>
        <time>2023-11-25T18:26:10.062Z</time>
      </trkpt>
      <trkpt lat="40.846577" lon="15.558428">
        <ele>491.950925</ele>
        <time>2023-11-25T18:26:12.451Z</time>
      </trkpt>
      <trkpt lat="40.846353" lon="15.559041">
        <ele>490.145238</ele>
        <time>2023-11-25T18:26:21.270Z</time>
      </trkpt>
      <trkpt lat="40.846311" lon="15.559271">
        <ele>489.517661</ele>
        <time>2023-11-25T18:26:24.349Z</time>
      </trkpt>
      <trkpt lat="40.846264" lon="15.559764">
        <ele>488.125462</ele>
        <time>2023-11-25T18:26:30.798Z</time>
      </trkpt>
      <trkpt lat="40.846229" lon="15.559871">
        <ele>487.766846</ele>
        <time>2023-11-25T18:26:32.292Z</time>
      </trkpt>
      <trkpt lat="40.845858" lon="15.560232">
        <ele>485.893472</ele>
        <time>2023-11-25T18:26:40.068Z</time>
      </trkpt>
      <trkpt lat="40.845643" lon="15.560488">
        <ele>484.716759</ele>
        <time>2023-11-25T18:26:44.939Z</time>
      </trkpt>
      <trkpt lat="40.845275" lon="15.561106">
        <ele>482.297259</ele>
        <time>2023-11-25T18:26:54.585Z</time>
      </trkpt>
      <trkpt lat="40.844826" lon="15.561797">
        <ele>478.712830</ele>
        <time>2023-11-25T18:27:05.350Z</time>
      </trkpt>
      <trkpt lat="40.844676" lon="15.562294">
        <ele>476.372501</ele>
        <time>2023-11-25T18:27:11.556Z</time>
      </trkpt>
      <trkpt lat="40.844581" lon="15.562794">
        <ele>474.117740</ele>
        <time>2023-11-25T18:27:17.500Z</time>
      </trkpt>
      <trkpt lat="40.844564" lon="15.562996">
        <ele>473.228805</ele>
        <time>2023-11-25T18:27:19.844Z</time>
      </trkpt>
      <trkpt lat="40.844531" lon="15.563681">
        <ele>470.454416</ele>
        <time>2023-11-25T18:27:27.838Z</time>
      </trkpt>
      <trkpt lat="40.844447" lon="15.564290">
        <ele>468.598351</ele>
        <time>2023-11-25T18:27:35.206Z</time>
      </trkpt>
      <trkpt lat="40.844418" lon="15.564842">
        <ele>466.939304</ele>
        <time>2023-11-25T18:27:42.078Z</time>
      </trkpt>
      <trkpt lat="40.844442" lon="15.565279">
        <ele>465.625600</ele>
        <time>2023-11-25T18:27:47.709Z</time>
      </trkpt>
      <trkpt lat="40.844785" lon="15.567848">
        <ele>460.524040</ele>
        <time>2023-11-25T18:28:23.408Z</time>
      </trkpt>
      <trkpt lat="40.844888" lon="15.568909">
        <ele>459.058753</ele>
        <time>2023-11-25T18:28:38.805Z</time>
      </trkpt>
      <trkpt lat="40.845032" lon="15.569861">
        <ele>457.869461</ele>
        <time>2023-11-25T18:28:52.625Z</time>
      </trkpt>
      <trkpt lat="40.845035" lon="15.570162">
        <ele>457.500702</ele>
        <time>2023-11-25T18:28:56.917Z</time>
      </trkpt>
      <trkpt lat="40.844927" lon="15.571983">
        <ele>455.892605</ele>
        <time>2023-11-25T18:29:24.307Z</time>
      </trkpt>
      <trkpt lat="40.844859" lon="15.572630">
        <ele>455.381980</ele>
        <time>2023-11-25T18:29:34.931Z</time>
      </trkpt>
      <trkpt lat="40.844751" lon="15.573134">
        <ele>454.788794</ele>
        <time>2023-11-25T18:29:43.384Z</time>
      </trkpt>
      <trkpt lat="40.844419" lon="15.574128">
        <ele>453.029671</ele>
        <time>2023-11-25T18:29:58.468Z</time>
      </trkpt>
      <trkpt lat="40.844335" lon="15.574489">
        <ele>452.418201</ele>
        <time>2023-11-25T18:30:03.543Z</time>
      </trkpt>
      <trkpt lat="40.844225" lon="15.574783">
        <ele>451.887190</ele>
        <time>2023-11-25T18:30:07.908Z</time>
      </trkpt>
      <trkpt lat="40.843994" lon="15.575128">
        <ele>451.043283</ele>
        <time>2023-11-25T18:30:14.073Z</time>
      </trkpt>
      <trkpt lat="40.843893" lon="15.575358">
        <ele>450.337720</ele>
        <time>2023-11-25T18:30:17.538Z</time>
      </trkpt>
      <trkpt lat="40.843690" lon="15.576345">
        <ele>447.624077</ele>
        <time>2023-11-25T18:30:30.459Z</time>
      </trkpt>
      <trkpt lat="40.843676" lon="15.577128">
        <ele>445.546132</ele>
        <time>2023-11-25T18:30:40.115Z</time>
      </trkpt>
      <trkpt lat="40.843670" lon="15.577558">
        <ele>444.500709</ele>
        <time>2023-11-25T18:30:45.672Z</time>
      </trkpt>
      <trkpt lat="40.843530" lon="15.578470">
        <ele>442.437558</ele>
        <time>2023-11-25T18:30:58.018Z</time>
      </trkpt>
      <trkpt lat="40.843532" lon="15.578687">
        <ele>441.956424</ele>
        <time>2023-11-25T18:31:00.906Z</time>
      </trkpt>
      <trkpt lat="40.844191" lon="15.581277">
        <ele>436.123375</ele>
        <time>2023-11-25T18:31:36.957Z</time>
      </trkpt>
      <trkpt lat="40.844457" lon="15.582204">
        <ele>434.111496</ele>
        <time>2023-11-25T18:31:59.817Z</time>
      </trkpt>
      <trkpt lat="40.845056" lon="15.584503">
        <ele>429.603553</ele>
        <time>2023-11-25T18:32:55.914Z</time>
      </trkpt>
      <trkpt lat="40.845429" lon="15.585431">
        <ele>428.007161</ele>
        <time>2023-11-25T18:33:20.778Z</time>
      </trkpt>
      <trkpt lat="40.846024" lon="15.586375">
        <ele>426.223088</ele>
        <time>2023-11-25T18:33:50.858Z</time>
      </trkpt>
      <trkpt lat="40.846516" lon="15.587264">
        <ele>424.861595</ele>
        <time>2023-11-25T18:34:18.011Z</time>
      </trkpt>
      <trkpt lat="40.846724" lon="15.587673">
        <ele>424.252444</ele>
        <time>2023-11-25T18:34:29.984Z</time>
      </trkpt>
      <trkpt lat="40.847012" lon="15.588366">
        <ele>423.133428</ele>
        <time>2023-11-25T18:34:48.974Z</time>
      </trkpt>
      <trkpt lat="40.847318" lon="15.589012">
        <ele>421.829922</ele>
        <time>2023-11-25T18:35:06.995Z</time>
      </trkpt>
      <trkpt lat="40.847385" lon="15.589229">
        <ele>421.429090</ele>
        <time>2023-11-25T18:35:12.458Z</time>
      </trkpt>
      <trkpt lat="40.847687" lon="15.589693">
        <ele>420.382268</ele>
        <time>2023-11-25T18:35:26.534Z</time>
      </trkpt>
      <trkpt lat="40.847827" lon="15.589814">
        <ele>420.004116</ele>
        <time>2023-11-25T18:35:31.607Z</time>
      </trkpt>
      <trkpt lat="40.847984" lon="15.589900">
        <ele>419.619908</ele>
        <time>2023-11-25T18:35:36.742Z</time>
      </trkpt>
      <trkpt lat="40.848075" lon="15.590039">
        <ele>419.672017</ele>
        <time>2023-11-25T18:35:40.997Z</time>
      </trkpt>
      <trkpt lat="40.848286" lon="15.590552">
        <ele>420.015743</ele>
        <time>2023-11-25T18:35:54.665Z</time>
      </trkpt>
      <trkpt lat="40.848349" lon="15.590782">
        <ele>420.159734</ele>
        <time>2023-11-25T18:36:00.607Z</time>
      </trkpt>
      <trkpt lat="40.848783" lon="15.591593">
        <ele>420.744504</ele>
        <time>2023-11-25T18:36:33.387Z</time>
      </trkpt>
      <trkpt lat="40.848832" lon="15.591735">
        <ele>420.836376</ele>
        <time>2023-11-25T18:36:40.388Z</time>
      </trkpt>
      <trkpt lat="40.848906" lon="15.591935">
        <ele>420.967432</ele>
        <time>2023-11-25T18:36:49.173Z</time>
      </trkpt>
      <trkpt lat="40.848901" lon="15.591988">
        <ele>421.161963</ele>
        <time>2023-11-25T18:36:51.470Z</time>
      </trkpt>
      <trkpt lat="40.848889" lon="15.592059">
        <ele>421.536574</ele>
        <time>2023-11-25T18:36:54.753Z</time>
      </trkpt>
      <trkpt lat="40.848748" lon="15.592370">
        <ele>423.403604</ele>
        <time>2023-11-25T18:37:10.494Z</time>
      </trkpt>
      <trkpt lat="40.848493" lon="15.592834">
        <ele>426.356863</ele>
        <time>2023-11-25T18:37:37.483Z</time>
      </trkpt>
      <trkpt lat="40.848359" lon="15.593226">
        <ele>428.571921</ele>
        <time>2023-11-25T18:37:58.807Z</time>
      </trkpt>
      <trkpt lat="40.848347" lon="15.593341">
        <ele>429.169697</ele>
        <time>2023-11-25T18:38:05.295Z</time>
      </trkpt>
      <trkpt lat="40.848367" lon="15.593446">
        <ele>429.727250</ele>
        <time>2023-11-25T18:38:11.004Z</time>
      </trkpt>
      <trkpt lat="40.848473" lon="15.593594">
        <ele>430.776749</ele>
        <time>2023-11-25T18:38:21.175Z</time>
      </trkpt>
      <trkpt lat="40.848669" lon="15.593867">
        <ele>432.714862</ele>
        <time>2023-11-25T18:38:42.021Z</time>
      </trkpt>
      <trkpt lat="40.848917" lon="15.594068">
        <ele>434.753113</ele>
        <time>2023-11-25T18:39:03.922Z</time>
      </trkpt>
      <trkpt lat="40.848976" lon="15.594146">
        <ele>435.343484</ele>
        <time>2023-11-25T18:39:09.878Z</time>
      </trkpt>
      <trkpt lat="40.849110" lon="15.594420">
        <ele>437.089744</ele>
        <time>2023-11-25T18:39:28.163Z</time>
      </trkpt>
      <trkpt lat="40.849519" lon="15.595050">
        <ele>441.533083</ele>
        <time>2023-11-25T18:40:09.282Z</time>
      </trkpt>
      <trkpt lat="40.849720" lon="15.595455">
        <ele>444.125549</ele>
        <time>2023-11-25T18:40:31.381Z</time>
      </trkpt>
      <trkpt lat="40.849901" lon="15.595760">
        <ele>446.095142</ele>
        <time>2023-11-25T18:40:48.608Z</time>
      </trkpt>
      <trkpt lat="40.850208" lon="15.596490">
        <ele>448.704062</ele>
        <time>2023-11-25T18:41:23.605Z</time>
      </trkpt>
      <trkpt lat="40.850361" lon="15.597177">
        <ele>450.941023</ele>
        <time>2023-11-25T18:41:51.504Z</time>
      </trkpt>
      <trkpt lat="40.850662" lon="15.597796">
        <ele>453.239555</ele>
        <time>2023-11-25T18:42:20.196Z</time>
      </trkpt>
      <trkpt lat="40.850755" lon="15.598022">
        <ele>454.072091</ele>
        <time>2023-11-25T18:42:29.948Z</time>
      </trkpt>
      <trkpt lat="40.850826" lon="15.598298">
        <ele>455.022087</ele>
        <time>2023-11-25T18:42:41.591Z</time>
      </trkpt>
      <trkpt lat="40.850897" lon="15.598446">
        <ele>455.593194</ele>
        <time>2023-11-25T18:42:48.421Z</time>
      </trkpt>
      <trkpt lat="40.851133" lon="15.598770">
        <ele>457.058958</ele>
        <time>2023-11-25T18:43:07.224Z</time>
      </trkpt>
      <trkpt lat="40.851827" lon="15.599118">
        <ele>460.256624</ele>
        <time>2023-11-25T18:43:50.570Z</time>
      </trkpt>
      <trkpt lat="40.851948" lon="15.599261">
        <ele>460.955823</ele>
        <time>2023-11-25T18:43:59.944Z</time>
      </trkpt>
      <trkpt lat="40.851991" lon="15.599362">
        <ele>461.055135</ele>
        <time>2023-11-25T18:44:04.930Z</time>
      </trkpt>
      <trkpt lat="40.852003" lon="15.599459">
        <ele>460.950325</ele>
        <time>2023-11-25T18:44:08.849Z</time>
      </trkpt>
      <trkpt lat="40.851987" lon="15.599575">
        <ele>460.824589</ele>
        <time>2023-11-25T18:44:13.636Z</time>
      </trkpt>
      <trkpt lat="40.851926" lon="15.599704">
        <ele>460.662361</ele>
        <time>2023-11-25T18:44:19.166Z</time>
      </trkpt>
      <trkpt lat="40.851697" lon="15.599902">
        <ele>460.276613</ele>
        <time>2023-11-25T18:44:30.662Z</time>
      </trkpt>
      <trkpt lat="40.851621" lon="15.600012">
        <ele>460.117746</ele>
        <time>2023-11-25T18:44:34.562Z</time>
      </trkpt>
      <trkpt lat="40.851504" lon="15.600269">
        <ele>459.797885</ele>
        <time>2023-11-25T18:44:42.132Z</time>
      </trkpt>
      <trkpt lat="40.851470" lon="15.600320">
        <ele>459.725393</ele>
        <time>2023-11-25T18:44:43.701Z</time>
      </trkpt>
      <trkpt lat="40.851429" lon="15.600321">
        <ele>459.667583</ele>
        <time>2023-11-25T18:44:44.923Z</time>
      </trkpt>
      <trkpt lat="40.851475" lon="15.600393">
        <ele>459.567083</ele>
        <time>2023-11-25T18:44:46.287Z</time>
      </trkpt>
      <trkpt lat="40.851518" lon="15.600671">
        <ele>459.264502</ele>
        <time>2023-11-25T18:44:49.933Z</time>
      </trkpt>
      <trkpt lat="40.851554" lon="15.601050">
        <ele>458.857179</ele>
        <time>2023-11-25T18:44:54.596Z</time>
      </trkpt>
      <trkpt lat="40.851540" lon="15.601401">
        <ele>457.946270</ele>
        <time>2023-11-25T18:44:58.660Z</time>
      </trkpt>
      <trkpt lat="40.851491" lon="15.601573">
        <ele>456.756580</ele>
        <time>2023-11-25T18:45:00.721Z</time>
      </trkpt>
      <trkpt lat="40.851453" lon="15.601643">
        <ele>456.198863</ele>
        <time>2023-11-25T18:45:02.354Z</time>
      </trkpt>
      <trkpt lat="40.851295" lon="15.601753">
        <ele>454.670760</ele>
        <time>2023-11-25T18:45:06.829Z</time>
      </trkpt>
      <trkpt lat="40.851114" lon="15.601788">
        <ele>453.105378</ele>
        <time>2023-11-25T18:45:11.309Z</time>
      </trkpt>
      <trkpt lat="40.850688" lon="15.601798">
        <ele>449.459323</ele>
        <time>2023-11-25T18:45:21.661Z</time>
      </trkpt>
      <trkpt lat="40.850512" lon="15.601841">
        <ele>447.927705</ele>
        <time>2023-11-25T18:45:26.039Z</time>
      </trkpt>
      <trkpt lat="40.850012" lon="15.602190">
        <ele>443.141577</ele>
        <time>2023-11-25T18:45:39.995Z</time>
      </trkpt>
      <trkpt lat="40.849915" lon="15.602408">
        <ele>442.305188</ele>
        <time>2023-11-25T18:45:45.020Z</time>
      </trkpt>
      <trkpt lat="40.849901" lon="15.602482">
        <ele>442.052936</ele>
        <time>2023-11-25T18:45:46.607Z</time>
      </trkpt>
      <trkpt lat="40.849912" lon="15.602566">
        <ele>441.771021</ele>
        <time>2023-11-25T18:45:48.356Z</time>
      </trkpt>
      <trkpt lat="40.849915" lon="15.602590">
        <ele>441.690578</ele>
        <time>2023-11-25T18:45:48.856Z</time>
      </trkpt>
      <trkpt lat="40.850053" lon="15.602785">
        <ele>440.807505</ele>
        <time>2023-11-25T18:45:54.418Z</time>
      </trkpt>
      <trkpt lat="40.850621" lon="15.603268">
        <ele>437.854982</ele>
        <time>2023-11-25T18:46:13.618Z</time>
      </trkpt>
      <trkpt lat="40.850765" lon="15.603354">
        <ele>437.164185</ele>
        <time>2023-11-25T18:46:18.291Z</time>
      </trkpt>
      <trkpt lat="40.851067" lon="15.603467">
        <ele>435.792038</ele>
        <time>2023-11-25T18:46:27.736Z</time>
      </trkpt>
      <trkpt lat="40.851406" lon="15.603738">
        <ele>435.954527</ele>
        <time>2023-11-25T18:46:40.658Z</time>
      </trkpt>
      <trkpt lat="40.851605" lon="15.604035">
        <ele>436.595237</ele>
        <time>2023-11-25T18:46:51.125Z</time>
      </trkpt>
      <trkpt lat="40.852149" lon="15.604588">
        <ele>438.060238</ele>
        <time>2023-11-25T18:47:22.804Z</time>
      </trkpt>
      <trkpt lat="40.852421" lon="15.604963">
        <ele>438.899221</ele>
        <time>2023-11-25T18:47:44.807Z</time>
      </trkpt>
      <trkpt lat="40.852553" lon="15.605363">
        <ele>441.320729</ele>
        <time>2023-11-25T18:48:05.030Z</time>
      </trkpt>
      <trkpt lat="40.852788" lon="15.605862">
        <ele>446.049943</ele>
        <time>2023-11-25T18:48:36.745Z</time>
      </trkpt>
      <trkpt lat="40.853112" lon="15.606296">
        <ele>450.955910</ele>
        <time>2023-11-25T18:49:15.251Z</time>
      </trkpt>
      <trkpt lat="40.853697" lon="15.606879">
        <ele>458.855220</ele>
        <time>2023-11-25T18:50:23.168Z</time>
      </trkpt>
      <trkpt lat="40.853747" lon="15.606997">
        <ele>460.205989</ele>
        <time>2023-11-25T18:50:32.696Z</time>
      </trkpt>
      <trkpt lat="40.853772" lon="15.607209">
        <ele>462.348781</ele>
        <time>2023-11-25T18:50:47.215Z</time>
      </trkpt>
      <trkpt lat="40.853750" lon="15.607319">
        <ele>463.485091</ele>
        <time>2023-11-25T18:50:55.043Z</time>
      </trkpt>
      <trkpt lat="40.853723" lon="15.607343">
        <ele>463.914668</ele>
        <time>2023-11-25T18:50:58.075Z</time>
      </trkpt>
      <trkpt lat="40.853630" lon="15.607362">
        <ele>465.157166</ele>
        <time>2023-11-25T18:51:06.378Z</time>
      </trkpt>
      <trkpt lat="40.853496" lon="15.607311">
        <ele>466.998285</ele>
        <time>2023-11-25T18:51:18.663Z</time>
      </trkpt>
      <trkpt lat="40.853372" lon="15.607300">
        <ele>468.639197</ele>
        <time>2023-11-25T18:51:30.068Z</time>
      </trkpt>
      <trkpt lat="40.853265" lon="15.607375">
        <ele>470.238246</ele>
        <time>2023-11-25T18:51:40.577Z</time>
      </trkpt>
      <trkpt lat="40.853218" lon="15.607520">
        <ele>471.813718</ele>
        <time>2023-11-25T18:51:51.240Z</time>
      </trkpt>
      <trkpt lat="40.853244" lon="15.607614">
        <ele>472.813289</ele>
        <time>2023-11-25T18:51:58.102Z</time>
      </trkpt>
      <trkpt lat="40.853306" lon="15.607716">
        <ele>474.120123</ele>
        <time>2023-11-25T18:52:07.342Z</time>
      </trkpt>
      <trkpt lat="40.853376" lon="15.607697">
        <ele>475.063644</ele>
        <time>2023-11-25T18:52:13.116Z</time>
      </trkpt>
      <trkpt lat="40.853561" lon="15.607767">
        <ele>477.604357</ele>
        <time>2023-11-25T18:52:30.456Z</time>
      </trkpt>
      <trkpt lat="40.853703" lon="15.607882">
        <ele>479.803051</ele>
        <time>2023-11-25T18:52:45.379Z</time>
      </trkpt>
      <trkpt lat="40.854009" lon="15.608550">
        <ele>487.465003</ele>
        <time>2023-11-25T18:53:39.843Z</time>
      </trkpt>
      <trkpt lat="40.854435" lon="15.609135">
        <ele>495.374142</ele>
        <time>2023-11-25T18:54:33.129Z</time>
      </trkpt>
      <trkpt lat="40.854498" lon="15.609274">
        <ele>496.952401</ele>
        <time>2023-11-25T18:54:43.653Z</time>
      </trkpt>
      <trkpt lat="40.854577" lon="15.609585">
        <ele>500.147678</ele>
        <time>2023-11-25T18:55:06.087Z</time>
      </trkpt>
      <trkpt lat="40.854510" lon="15.610071">
        <ele>504.959114</ele>
        <time>2023-11-25T18:55:39.234Z</time>
      </trkpt>
      <trkpt lat="40.854533" lon="15.610197">
        <ele>506.120030</ele>
        <time>2023-11-25T18:55:47.785Z</time>
      </trkpt>
      <trkpt lat="40.854585" lon="15.610323">
        <ele>507.377280</ele>
        <time>2023-11-25T18:55:57.393Z</time>
      </trkpt>
      <trkpt lat="40.854679" lon="15.610449">
        <ele>508.927448</ele>
        <time>2023-11-25T18:56:09.219Z</time>
      </trkpt>
      <trkpt lat="40.855058" lon="15.610602">
        <ele>513.516491</ele>
        <time>2023-11-25T18:56:44.556Z</time>
      </trkpt>
      <trkpt lat="40.855421" lon="15.610816">
        <ele>518.119178</ele>
        <time>2023-11-25T18:57:20.252Z</time>
      </trkpt>
      <trkpt lat="40.855620" lon="15.611052">
        <ele>521.214951</ele>
        <time>2023-11-25T18:57:43.299Z</time>
      </trkpt>
      <trkpt lat="40.855705" lon="15.611224">
        <ele>523.014567</ele>
        <time>2023-11-25T18:57:55.918Z</time>
      </trkpt>
      <trkpt lat="40.855764" lon="15.611414">
        <ele>524.813573</ele>
        <time>2023-11-25T18:58:08.073Z</time>
      </trkpt>
      <trkpt lat="40.855989" lon="15.612519">
        <ele>528.932163</ele>
        <time>2023-11-25T18:59:02.426Z</time>
      </trkpt>
      <trkpt lat="40.856166" lon="15.612858">
        <ele>530.117752</ele>
        <time>2023-11-25T18:59:18.041Z</time>
      </trkpt>
      <trkpt lat="40.856364" lon="15.613122">
        <ele>531.187808</ele>
        <time>2023-11-25T18:59:30.970Z</time>
      </trkpt>
      <trkpt lat="40.856768" lon="15.613442">
        <ele>532.799430</ele>
        <time>2023-11-25T18:59:49.652Z</time>
      </trkpt>
      <trkpt lat="40.857114" lon="15.613921">
        <ele>531.015377</ele>
        <time>2023-11-25T19:00:05.121Z</time>
      </trkpt>
      <trkpt lat="40.857115" lon="15.613922">
        <ele>531.010912</ele>
        <time>2023-11-25T19:00:05.156Z</time>
      </trkpt>
      <trkpt lat="40.857213" lon="15.614258">
        <ele>530.040939</ele>
        <time>2023-11-25T19:00:12.739Z</time>
      </trkpt>
      <trkpt lat="40.857204" lon="15.614979">
        <ele>528.098668</ele>
        <time>2023-11-25T19:00:27.438Z</time>
      </trkpt>
      <trkpt lat="40.857229" lon="15.615373">
        <ele>527.033705</ele>
        <time>2023-11-25T19:00:35.667Z</time>
      </trkpt>
      <trkpt lat="40.857276" lon="15.615725">
        <ele>526.164498</ele>
        <time>2023-11-25T19:00:43.296Z</time>
      </trkpt>
      <trkpt lat="40.857428" lon="15.616494">
        <ele>524.511700</ele>
        <time>2023-11-25T19:01:01.255Z</time>
      </trkpt>
      <trkpt lat="40.857403" lon="15.617994">
        <ele>521.378999</ele>
        <time>2023-11-25T19:01:36.523Z</time>
      </trkpt>
      <trkpt lat="40.857517" lon="15.619142">
        <ele>518.758329</ele>
        <time>2023-11-25T19:02:04.770Z</time>
      </trkpt>
      <trkpt lat="40.857490" lon="15.619326">
        <ele>518.334101</ele>
        <time>2023-11-25T19:02:07.258Z</time>
      </trkpt>
      <trkpt lat="40.857243" lon="15.619668">
        <ele>517.263793</ele>
        <time>2023-11-25T19:02:13.305Z</time>
      </trkpt>
      <trkpt lat="40.857357" lon="15.619817">
        <ele>516.784086</ele>
        <time>2023-11-25T19:02:15.802Z</time>
      </trkpt>
      <trkpt lat="40.857444" lon="15.619967">
        <ele>516.356243</ele>
        <time>2023-11-25T19:02:17.986Z</time>
      </trkpt>
      <trkpt lat="40.857503" lon="15.620128">
        <ele>515.687399</ele>
        <time>2023-11-25T19:02:20.023Z</time>
      </trkpt>
      <trkpt lat="40.857563" lon="15.620559">
        <ele>513.402012</ele>
        <time>2023-11-25T19:02:24.894Z</time>
      </trkpt>
      <trkpt lat="40.857612" lon="15.621950">
        <ele>506.140197</ele>
        <time>2023-11-25T19:02:39.889Z</time>
      </trkpt>
      <trkpt lat="40.857624" lon="15.622084">
        <ele>505.436517</ele>
        <time>2023-11-25T19:02:41.318Z</time>
      </trkpt>
      <trkpt lat="40.857679" lon="15.622248">
        <ele>504.500966</ele>
        <time>2023-11-25T19:02:43.208Z</time>
      </trkpt>
      <trkpt lat="40.858556" lon="15.623615">
        <ele>494.079260</ele>
        <time>2023-11-25T19:03:02.151Z</time>
      </trkpt>
      <trkpt lat="40.859079" lon="15.624484">
        <ele>487.903928</ele>
        <time>2023-11-25T19:03:14.168Z</time>
      </trkpt>
      <trkpt lat="40.860008" lon="15.625637">
        <ele>479.519951</ele>
        <time>2023-11-25T19:03:32.553Z</time>
      </trkpt>
      <trkpt lat="40.860231" lon="15.626143">
        <ele>476.950499</ele>
        <time>2023-11-25T19:03:39.053Z</time>
      </trkpt>
      <trkpt lat="40.860482" lon="15.626575">
        <ele>474.926514</ele>
        <time>2023-11-25T19:03:45.187Z</time>
      </trkpt>
      <trkpt lat="40.861075" lon="15.627294">
        <ele>470.974022</ele>
        <time>2023-11-25T19:03:57.381Z</time>
      </trkpt>
      <trkpt lat="40.861896" lon="15.628195">
        <ele>466.965382</ele>
        <time>2023-11-25T19:04:14.388Z</time>
      </trkpt>
      <trkpt lat="40.863257" lon="15.629983">
        <ele>461.366947</ele>
        <time>2023-11-25T19:04:46.583Z</time>
      </trkpt>
      <trkpt lat="40.864323" lon="15.631828">
        <ele>456.875543</ele>
        <time>2023-11-25T19:05:16.290Z</time>
      </trkpt>
      <trkpt lat="40.864507" lon="15.632199">
        <ele>456.047647</ele>
        <time>2023-11-25T19:05:22.111Z</time>
      </trkpt>
      <trkpt lat="40.865354" lon="15.634554">
        <ele>450.410240</ele>
        <time>2023-11-25T19:05:55.583Z</time>
      </trkpt>
      <trkpt lat="40.865588" lon="15.635210">
        <ele>448.643406</ele>
        <time>2023-11-25T19:06:04.233Z</time>
      </trkpt>
      <trkpt lat="40.865757" lon="15.635712">
        <ele>446.138404</ele>
        <time>2023-11-25T19:06:10.623Z</time>
      </trkpt>
      <trkpt lat="40.866414" lon="15.638016">
        <ele>433.484920</ele>
        <time>2023-11-25T19:06:37.451Z</time>
      </trkpt>
      <trkpt lat="40.866844" lon="15.640243">
        <ele>418.808119</ele>
        <time>2023-11-25T19:07:01.152Z</time>
      </trkpt>
      <trkpt lat="40.866840" lon="15.640345">
        <ele>418.245783</ele>
        <time>2023-11-25T19:07:02.213Z</time>
      </trkpt>
      <trkpt lat="40.866801" lon="15.640433">
        <ele>417.684213</ele>
        <time>2023-11-25T19:07:03.267Z</time>
      </trkpt>
      <trkpt lat="40.866617" lon="15.640548">
        <ele>416.202520</ele>
        <time>2023-11-25T19:07:06.131Z</time>
      </trkpt>
      <trkpt lat="40.866570" lon="15.640605">
        <ele>415.738221</ele>
        <time>2023-11-25T19:07:07.025Z</time>
      </trkpt>
      <trkpt lat="40.866538" lon="15.640677">
        <ele>415.278417</ele>
        <time>2023-11-25T19:07:07.922Z</time>
      </trkpt>
      <trkpt lat="40.866532" lon="15.640814">
        <ele>414.522869</ele>
        <time>2023-11-25T19:07:09.400Z</time>
      </trkpt>
      <trkpt lat="40.866620" lon="15.641155">
        <ele>412.539114</ele>
        <time>2023-11-25T19:07:13.391Z</time>
      </trkpt>
      <trkpt lat="40.866678" lon="15.641232">
        <ele>411.940756</ele>
        <time>2023-11-25T19:07:14.597Z</time>
      </trkpt>
      <trkpt lat="40.866748" lon="15.641262">
        <ele>411.405028</ele>
        <time>2023-11-25T19:07:15.719Z</time>
      </trkpt>
      <trkpt lat="40.866880" lon="15.641235">
        <ele>410.432582</ele>
        <time>2023-11-25T19:07:17.735Z</time>
      </trkpt>
      <trkpt lat="40.866941" lon="15.641264">
        <ele>409.960646</ele>
        <time>2023-11-25T19:07:18.700Z</time>
      </trkpt>
      <trkpt lat="40.866947" lon="15.641401">
        <ele>409.205103</ele>
        <time>2023-11-25T19:07:20.269Z</time>
      </trkpt>
      <trkpt lat="40.866609" lon="15.641667">
        <ele>407.786501</ele>
        <time>2023-11-25T19:07:26.394Z</time>
      </trkpt>
      <trkpt lat="40.866555" lon="15.641737">
        <ele>407.539390</ele>
        <time>2023-11-25T19:07:27.629Z</time>
      </trkpt>
      <trkpt lat="40.866511" lon="15.641844">
        <ele>407.238403</ele>
        <time>2023-11-25T19:07:29.100Z</time>
      </trkpt>
      <trkpt lat="40.866426" lon="15.642200">
        <ele>406.315830</ele>
        <time>2023-11-25T19:07:33.733Z</time>
      </trkpt>
      <trkpt lat="40.866401" lon="15.642440">
        <ele>405.717130</ele>
        <time>2023-11-25T19:07:36.763Z</time>
      </trkpt>
      <trkpt lat="40.866491" lon="15.642598">
        <ele>405.228300</ele>
        <time>2023-11-25T19:07:39.355Z</time>
      </trkpt>
      <trkpt lat="40.867079" lon="15.643215">
        <ele>402.759562</ele>
        <time>2023-11-25T19:07:52.297Z</time>
      </trkpt>
      <trkpt lat="40.867424" lon="15.643644">
        <ele>401.133264</ele>
        <time>2023-11-25T19:07:59.946Z</time>
      </trkpt>
      <trkpt lat="40.867582" lon="15.643869">
        <ele>400.335883</ele>
        <time>2023-11-25T19:08:03.542Z</time>
      </trkpt>
      <trkpt lat="40.867625" lon="15.644016">
        <ele>399.926569</ele>
        <time>2023-11-25T19:08:05.397Z</time>
      </trkpt>
      <trkpt lat="40.867717" lon="15.644042">
        <ele>399.603500</ele>
        <time>2023-11-25T19:08:06.834Z</time>
      </trkpt>
      <trkpt lat="40.867831" lon="15.644120">
        <ele>399.162715</ele>
        <time>2023-11-25T19:08:08.806Z</time>
      </trkpt>
      <trkpt lat="40.868415" lon="15.644909">
        <ele>396.969418</ele>
        <time>2023-11-25T19:08:22.039Z</time>
      </trkpt>
      <trkpt lat="40.868478" lon="15.645047">
        <ele>397.010677</ele>
        <time>2023-11-25T19:08:24.124Z</time>
      </trkpt>
      <trkpt lat="40.868513" lon="15.645200">
        <ele>397.051590</ele>
        <time>2023-11-25T19:08:26.189Z</time>
      </trkpt>
      <trkpt lat="40.868805" lon="15.646617">
        <ele>397.427498</ele>
        <time>2023-11-25T19:08:52.968Z</time>
      </trkpt>
      <trkpt lat="40.869084" lon="15.647985">
        <ele>402.172878</ele>
        <time>2023-11-25T19:09:36.755Z</time>
      </trkpt>
      <trkpt lat="40.869069" lon="15.648253">
        <ele>403.348298</ele>
        <time>2023-11-25T19:09:46.671Z</time>
      </trkpt>
      <trkpt lat="40.869000" lon="15.648555">
        <ele>404.728202</ele>
        <time>2023-11-25T19:09:58.486Z</time>
      </trkpt>
      <trkpt lat="40.868811" lon="15.649133">
        <ele>407.482570</ele>
        <time>2023-11-25T19:10:23.146Z</time>
      </trkpt>
      <trkpt lat="40.868688" lon="15.649650">
        <ele>410.449424</ele>
        <time>2023-11-25T19:10:44.754Z</time>
      </trkpt>
      <trkpt lat="40.868666" lon="15.650570">
        <ele>415.717983</ele>
        <time>2023-11-25T19:11:21.809Z</time>
      </trkpt>
      <trkpt lat="40.868720" lon="15.651013">
        <ele>418.286372</ele>
        <time>2023-11-25T19:11:39.251Z</time>
      </trkpt>
      <trkpt lat="40.869153" lon="15.652172">
        <ele>425.600028</ele>
        <time>2023-11-25T19:12:30.940Z</time>
      </trkpt>
      <trkpt lat="40.869688" lon="15.651536">
        <ele>430.932817</ele>
        <time>2023-11-25T19:13:09.846Z</time>
      </trkpt>
      <trkpt lat="40.869808" lon="15.651513">
        <ele>431.831654</ele>
        <time>2023-11-25T19:13:16.429Z</time>
      </trkpt>
      <trkpt lat="40.870150" lon="15.651156">
        <ele>435.076191</ele>
        <time>2023-11-25T19:13:37.411Z</time>
      </trkpt>
      <trkpt lat="40.870278" lon="15.651068">
        <ele>436.226874</ele>
        <time>2023-11-25T19:13:44.005Z</time>
      </trkpt>
      <trkpt lat="40.870358" lon="15.651086">
        <ele>436.874141</ele>
        <time>2023-11-25T19:13:48.180Z</time>
      </trkpt>
      <trkpt lat="40.870377" lon="15.651121">
        <ele>437.134009</ele>
        <time>2023-11-25T19:13:49.953Z</time>
      </trkpt>
      <trkpt lat="40.870400" lon="15.651210">
        <ele>437.701299</ele>
        <time>2023-11-25T19:13:53.508Z</time>
      </trkpt>
      <trkpt lat="40.870307" lon="15.651497">
        <ele>439.584592</ele>
        <time>2023-11-25T19:14:05.068Z</time>
      </trkpt>
      <trkpt lat="40.870272" lon="15.651835">
        <ele>441.642282</ele>
        <time>2023-11-25T19:14:18.707Z</time>
      </trkpt>
      <trkpt lat="40.870287" lon="15.652561">
        <ele>446.022822</ele>
        <time>2023-11-25T19:14:50.737Z</time>
      </trkpt>
      <trkpt lat="40.870310" lon="15.652650">
        <ele>446.590112</ele>
        <time>2023-11-25T19:14:54.823Z</time>
      </trkpt>
      <trkpt lat="40.870386" lon="15.652752">
        <ele>447.453803</ele>
        <time>2023-11-25T19:15:01.067Z</time>
      </trkpt>
      <trkpt lat="40.870663" lon="15.652351">
        <ele>451.187968</ele>
        <time>2023-11-25T19:15:26.007Z</time>
      </trkpt>
      <trkpt lat="40.870874" lon="15.652099">
        <ele>454.141723</ele>
        <time>2023-11-25T19:15:43.719Z</time>
      </trkpt>
      <trkpt lat="40.871133" lon="15.651863">
        <ele>457.409401</ele>
        <time>2023-11-25T19:16:04.368Z</time>
      </trkpt>
      <trkpt lat="40.871353" lon="15.651863">
        <ele>459.695003</ele>
        <time>2023-11-25T19:16:19.304Z</time>
      </trkpt>
      <trkpt lat="40.871742" lon="15.651922">
        <ele>463.762855</ele>
        <time>2023-11-25T19:16:46.495Z</time>
      </trkpt>
      <trkpt lat="40.872375" lon="15.652180">
        <ele>469.948674</ele>
        <time>2023-11-25T19:17:30.173Z</time>
      </trkpt>
      <trkpt lat="40.872480" lon="15.652137">
        <ele>470.801034</ele>
        <time>2023-11-25T19:17:37.008Z</time>
      </trkpt>
      <trkpt lat="40.873074" lon="15.652249">
        <ele>475.453736</ele>
        <time>2023-11-25T19:18:11.429Z</time>
      </trkpt>
      <trkpt lat="40.874139" lon="15.652412">
        <ele>482.902824</ele>
        <time>2023-11-25T19:19:01.493Z</time>
      </trkpt>
      <trkpt lat="40.874412" lon="15.652452">
        <ele>484.073187</ele>
        <time>2023-11-25T19:19:12.757Z</time>
      </trkpt>
      <trkpt lat="40.874484" lon="15.652462">
        <ele>484.381664</ele>
        <time>2023-11-25T19:19:15.702Z</time>
      </trkpt>
      <trkpt lat="40.875761" lon="15.652589">
        <ele>489.659299</ele>
        <time>2023-11-25T19:20:05.273Z</time>
      </trkpt>
      <trkpt lat="40.876479" lon="15.652696">
        <ele>491.047197</ele>
        <time>2023-11-25T19:20:30.459Z</time>
      </trkpt>
      <trkpt lat="40.876715" lon="15.652759">
        <ele>491.509660</ele>
        <time>2023-11-25T19:20:38.440Z</time>
      </trkpt>
      <trkpt lat="40.876989" lon="15.652833">
        <ele>492.046834</ele>
        <time>2023-11-25T19:20:47.015Z</time>
      </trkpt>
      <trkpt lat="40.878176" lon="15.653175">
        <ele>492.261010</ele>
        <time>2023-11-25T19:21:14.144Z</time>
      </trkpt>
      <trkpt lat="40.878408" lon="15.653246">
        <ele>492.032382</ele>
        <time>2023-11-25T19:21:18.549Z</time>
      </trkpt>
      <trkpt lat="40.878919" lon="15.653385">
        <ele>491.531502</ele>
        <time>2023-11-25T19:21:28.172Z</time>
      </trkpt>
      <trkpt lat="40.878949" lon="15.653393">
        <ele>491.502119</ele>
        <time>2023-11-25T19:21:28.773Z</time>
      </trkpt>
      <trkpt lat="40.879630" lon="15.653559">
        <ele>491.723824</ele>
        <time>2023-11-25T19:21:42.637Z</time>
      </trkpt>
      <trkpt lat="40.879849" lon="15.653607">
        <ele>491.979381</ele>
        <time>2023-11-25T19:21:47.477Z</time>
      </trkpt>
      <trkpt lat="40.879914" lon="15.653621">
        <ele>492.055196</ele>
        <time>2023-11-25T19:21:48.981Z</time>
      </trkpt>
      <trkpt lat="40.880107" lon="15.653647">
        <ele>492.278533</ele>
        <time>2023-11-25T19:21:53.766Z</time>
      </trkpt>
      <trkpt lat="40.880305" lon="15.653443">
        <ele>492.567475</ele>
        <time>2023-11-25T19:22:00.930Z</time>
      </trkpt>
      <trkpt lat="40.880815" lon="15.652906">
        <ele>493.332188</ele>
        <time>2023-11-25T19:22:23.712Z</time>
      </trkpt>
      <trkpt lat="40.880871" lon="15.652846">
        <ele>493.587421</ele>
        <time>2023-11-25T19:22:26.618Z</time>
      </trkpt>
      <trkpt lat="40.881266" lon="15.652458">
        <ele>495.329910</ele>
        <time>2023-11-25T19:22:47.724Z</time>
      </trkpt>
      <trkpt lat="40.881475" lon="15.652266">
        <ele>496.231110</ele>
        <time>2023-11-25T19:22:58.554Z</time>
      </trkpt>
      <trkpt lat="40.881702" lon="15.652111">
        <ele>497.135843</ele>
        <time>2023-11-25T19:23:08.356Z</time>
      </trkpt>
      <trkpt lat="40.881995" lon="15.651973">
        <ele>498.237333</ele>
        <time>2023-11-25T19:23:19.548Z</time>
      </trkpt>
      <trkpt lat="40.882153" lon="15.651864">
        <ele>498.868432</ele>
        <time>2023-11-25T19:23:25.749Z</time>
      </trkpt>
      <trkpt lat="40.882487" lon="15.651436">
        <ele>500.044919</ele>
        <time>2023-11-25T19:23:40.999Z</time>
      </trkpt>
      <trkpt lat="40.882561" lon="15.651236">
        <ele>500.304955</ele>
        <time>2023-11-25T19:23:46.260Z</time>
      </trkpt>
      <trkpt lat="40.882574" lon="15.651188">
        <ele>500.364499</ele>
        <time>2023-11-25T19:23:47.346Z</time>
      </trkpt>
      <trkpt lat="40.882810" lon="15.650888">
        <ele>500.870099</ele>
        <time>2023-11-25T19:23:56.902Z</time>
      </trkpt>
      <trkpt lat="40.882972" lon="15.650691">
        <ele>501.210017</ele>
        <time>2023-11-25T19:24:02.924Z</time>
      </trkpt>
      <trkpt lat="40.883519" lon="15.649629">
        <ele>502.894280</ele>
        <time>2023-11-25T19:24:28.239Z</time>
      </trkpt>
      <trkpt lat="40.884197" lon="15.648243">
        <ele>506.229619</ele>
        <time>2023-11-25T19:25:09.997Z</time>
      </trkpt>
      <trkpt lat="40.884254" lon="15.648126">
        <ele>506.510833</ele>
        <time>2023-11-25T19:25:14.015Z</time>
      </trkpt>
      <trkpt lat="40.884635" lon="15.648061">
        <ele>507.778617</ele>
        <time>2023-11-25T19:25:29.252Z</time>
      </trkpt>
      <trkpt lat="40.884971" lon="15.647964">
        <ele>509.513926</ele>
        <time>2023-11-25T19:25:43.334Z</time>
      </trkpt>
      <trkpt lat="40.885324" lon="15.647793">
        <ele>511.410797</ele>
        <time>2023-11-25T19:25:59.386Z</time>
      </trkpt>
      <trkpt lat="40.886324" lon="15.647184">
        <ele>517.043353</ele>
        <time>2023-11-25T19:26:49.490Z</time>
      </trkpt>
      <trkpt lat="40.887184" lon="15.646583">
        <ele>522.561335</ele>
        <time>2023-11-25T19:27:34.883Z</time>
      </trkpt>
      <trkpt lat="40.888567" lon="15.645553">
        <ele>530.997916</ele>
        <time>2023-11-25T19:28:46.732Z</time>
      </trkpt>
      <trkpt lat="40.888770" lon="15.645445">
        <ele>532.098889</ele>
        <time>2023-11-25T19:28:56.160Z</time>
      </trkpt>
      <trkpt lat="40.888832" lon="15.645454">
        <ele>532.412732</ele>
        <time>2023-11-25T19:28:58.849Z</time>
      </trkpt>
      <trkpt lat="40.888880" lon="15.645354">
        <ele>532.863324</ele>
        <time>2023-11-25T19:29:02.542Z</time>
      </trkpt>
      <trkpt lat="40.890074" lon="15.644390">
        <ele>538.819878</ele>
        <time>2023-11-25T19:29:58.211Z</time>
      </trkpt>
      <trkpt lat="40.890783" lon="15.643855">
        <ele>541.894957</ele>
        <time>2023-11-25T19:30:27.392Z</time>
      </trkpt>
      <trkpt lat="40.892558" lon="15.642648">
        <ele>547.897577</ele>
        <time>2023-11-25T19:31:33.861Z</time>
      </trkpt>
      <trkpt lat="40.893413" lon="15.642067">
        <ele>551.384198</ele>
        <time>2023-11-25T19:32:09.096Z</time>
      </trkpt>
      <trkpt lat="40.893450" lon="15.642044">
        <ele>551.532489</ele>
        <time>2023-11-25T19:32:10.686Z</time>
      </trkpt>
      <trkpt lat="40.893771" lon="15.641846">
        <ele>552.817217</ele>
        <time>2023-11-25T19:32:24.270Z</time>
      </trkpt>
      <trkpt lat="40.896537" lon="15.640436">
        <ele>563.552212</ele>
        <time>2023-11-25T19:34:17.076Z</time>
      </trkpt>
      <trkpt lat="40.897932" lon="15.639722">
        <ele>566.207462</ele>
        <time>2023-11-25T19:35:03.249Z</time>
      </trkpt>
      <trkpt lat="40.898005" lon="15.639945">
        <ele>566.115815</ele>
        <time>2023-11-25T19:35:07.592Z</time>
      </trkpt>
      <trkpt lat="40.898004" lon="15.640003">
        <ele>566.093936</ele>
        <time>2023-11-25T19:35:08.569Z</time>
      </trkpt>
      <trkpt lat="40.897980" lon="15.641592">
        <ele>565.243407</ele>
        <time>2023-11-25T19:35:31.262Z</time>
      </trkpt>
      <trkpt lat="40.897943" lon="15.642478">
        <ele>563.517449</ele>
        <time>2023-11-25T19:35:42.699Z</time>
      </trkpt>
      <trkpt lat="40.897687" lon="15.643126">
        <ele>562.095273</ele>
        <time>2023-11-25T19:35:52.277Z</time>
      </trkpt>
      <trkpt lat="40.897761" lon="15.643453">
        <ele>561.431341</ele>
        <time>2023-11-25T19:35:56.882Z</time>
      </trkpt>
      <trkpt lat="40.898572" lon="15.645524">
        <ele>558.158331</ele>
        <time>2023-11-25T19:36:29.755Z</time>
      </trkpt>
      <trkpt lat="40.899108" lon="15.646816">
        <ele>557.222164</ele>
        <time>2023-11-25T19:36:52.132Z</time>
      </trkpt>
      <trkpt lat="40.899347" lon="15.647321">
        <ele>556.953303</ele>
        <time>2023-11-25T19:37:01.983Z</time>
      </trkpt>
      <trkpt lat="40.899884" lon="15.647725">
        <ele>556.734033</ele>
        <time>2023-11-25T19:37:16.508Z</time>
      </trkpt>
      <trkpt lat="40.900165" lon="15.647875">
        <ele>556.851799</ele>
        <time>2023-11-25T19:37:23.994Z</time>
      </trkpt>
      <trkpt lat="40.900481" lon="15.648116">
        <ele>556.993558</ele>
        <time>2023-11-25T19:37:33.142Z</time>
      </trkpt>
      <trkpt lat="40.901305" lon="15.648619">
        <ele>557.346252</ele>
        <time>2023-11-25T19:37:56.500Z</time>
      </trkpt>
      <trkpt lat="40.902027" lon="15.649102">
        <ele>557.425729</ele>
        <time>2023-11-25T19:38:15.073Z</time>
      </trkpt>
      <trkpt lat="40.902269" lon="15.649264">
        <ele>557.444712</ele>
        <time>2023-11-25T19:38:21.338Z</time>
      </trkpt>
      <trkpt lat="40.902431" lon="15.649447">
        <ele>557.459621</ele>
        <time>2023-11-25T19:38:26.337Z</time>
      </trkpt>
      <trkpt lat="40.902917" lon="15.650454">
        <ele>557.464643</ele>
        <time>2023-11-25T19:38:47.405Z</time>
      </trkpt>
      <trkpt lat="40.903324" lon="15.651266">
        <ele>557.384739</ele>
        <time>2023-11-25T19:39:04.247Z</time>
      </trkpt>
      <trkpt lat="40.903410" lon="15.651424">
        <ele>557.368771</ele>
        <time>2023-11-25T19:39:07.515Z</time>
      </trkpt>
      <trkpt lat="40.903657" lon="15.651661">
        <ele>557.335665</ele>
        <time>2023-11-25T19:39:14.275Z</time>
      </trkpt>
      <trkpt lat="40.903968" lon="15.651891">
        <ele>557.292282</ele>
        <time>2023-11-25T19:39:22.303Z</time>
      </trkpt>
      <trkpt lat="40.904029" lon="15.651936">
        <ele>557.280140</ele>
        <time>2023-11-25T19:39:23.929Z</time>
      </trkpt>
      <trkpt lat="40.904954" lon="15.653334">
        <ele>557.036015</ele>
        <time>2023-11-25T19:39:55.362Z</time>
      </trkpt>
      <trkpt lat="40.905666" lon="15.654479">
        <ele>557.280584</ele>
        <time>2023-11-25T19:40:21.041Z</time>
      </trkpt>
      <trkpt lat="40.906084" lon="15.655160">
        <ele>557.500783</ele>
        <time>2023-11-25T19:40:37.997Z</time>
      </trkpt>
      <trkpt lat="40.906446" lon="15.655886">
        <ele>557.987314</ele>
        <time>2023-11-25T19:40:55.537Z</time>
      </trkpt>
      <trkpt lat="40.906587" lon="15.656206">
        <ele>558.272725</ele>
        <time>2023-11-25T19:41:03.170Z</time>
      </trkpt>
      <trkpt lat="40.907088" lon="15.657114">
        <ele>559.138963</ele>
        <time>2023-11-25T19:41:26.667Z</time>
      </trkpt>
      <trkpt lat="40.907359" lon="15.657588">
        <ele>559.654452</ele>
        <time>2023-11-25T19:41:39.133Z</time>
      </trkpt>
      <trkpt lat="40.907666" lon="15.657890">
        <ele>560.173657</ele>
        <time>2023-11-25T19:41:49.625Z</time>
      </trkpt>
      <trkpt lat="40.907769" lon="15.657941">
        <ele>560.322918</ele>
        <time>2023-11-25T19:41:52.692Z</time>
      </trkpt>
      <trkpt lat="40.908282" lon="15.658228">
        <ele>561.078854</ele>
        <time>2023-11-25T19:42:08.573Z</time>
      </trkpt>
      <trkpt lat="40.908835" lon="15.658890">
        <ele>562.180979</ele>
        <time>2023-11-25T19:42:30.682Z</time>
      </trkpt>
      <trkpt lat="40.909214" lon="15.659333">
        <ele>563.139925</ele>
        <time>2023-11-25T19:42:45.870Z</time>
      </trkpt>
      <trkpt lat="40.909458" lon="15.659398">
        <ele>563.611902</ele>
        <time>2023-11-25T19:42:53.425Z</time>
      </trkpt>
      <trkpt lat="40.909916" lon="15.659451">
        <ele>564.483716</ele>
        <time>2023-11-25T19:43:07.805Z</time>
      </trkpt>
      <trkpt lat="40.910201" lon="15.659536">
        <ele>565.037715</ele>
        <time>2023-11-25T19:43:17.208Z</time>
      </trkpt>
      <trkpt lat="40.910330" lon="15.659755">
        <ele>565.424137</ele>
        <time>2023-11-25T19:43:24.107Z</time>
      </trkpt>
      <trkpt lat="40.910818" lon="15.661276">
        <ele>567.622544</ele>
        <time>2023-11-25T19:44:02.823Z</time>
      </trkpt>
      <trkpt lat="40.910829" lon="15.661307">
        <ele>567.668107</ele>
        <time>2023-11-25T19:44:03.554Z</time>
      </trkpt>
      <trkpt lat="40.910882" lon="15.661472">
        <ele>567.906634</ele>
        <time>2023-11-25T19:44:07.403Z</time>
      </trkpt>
      <trkpt lat="40.911301" lon="15.662396">
        <ele>569.056079</ele>
        <time>2023-11-25T19:44:29.687Z</time>
      </trkpt>
      <trkpt lat="40.911635" lon="15.663147">
        <ele>569.848792</ele>
        <time>2023-11-25T19:44:48.017Z</time>
      </trkpt>
      <trkpt lat="40.911870" lon="15.663902">
        <ele>570.591591</ele>
        <time>2023-11-25T19:45:05.643Z</time>
      </trkpt>
      <trkpt lat="40.911973" lon="15.664270">
        <ele>571.132462</ele>
        <time>2023-11-25T19:45:13.909Z</time>
      </trkpt>
      <trkpt lat="40.912092" lon="15.664710">
        <ele>571.786240</ele>
        <time>2023-11-25T19:45:23.496Z</time>
      </trkpt>
      <trkpt lat="40.912152" lon="15.664945">
        <ele>572.133254</ele>
        <time>2023-11-25T19:45:28.991Z</time>
      </trkpt>
      <trkpt lat="40.912172" lon="15.665029">
        <ele>572.256461</ele>
        <time>2023-11-25T19:45:30.909Z</time>
      </trkpt>
      <trkpt lat="40.912238" lon="15.665271">
        <ele>572.616383</ele>
        <time>2023-11-25T19:45:36.558Z</time>
      </trkpt>
      <trkpt lat="40.912390" lon="15.665745">
        <ele>573.336722</ele>
        <time>2023-11-25T19:45:49.137Z</time>
      </trkpt>
      <trkpt lat="40.912500" lon="15.665741">
        <ele>573.540429</ele>
        <time>2023-11-25T19:45:53.749Z</time>
      </trkpt>
      <trkpt lat="40.912665" lon="15.666343">
        <ele>574.561956</ele>
        <time>2023-11-25T19:46:14.072Z</time>
      </trkpt>
      <trkpt lat="40.913223" lon="15.666360">
        <ele>575.854914</ele>
        <time>2023-11-25T19:46:35.768Z</time>
      </trkpt>
      <trkpt lat="40.913707" lon="15.666369">
        <ele>576.976217</ele>
        <time>2023-11-25T19:46:52.997Z</time>
      </trkpt>
      <trkpt lat="40.914231" lon="15.666394">
        <ele>578.203297</ele>
        <time>2023-11-25T19:47:12.941Z</time>
      </trkpt>
      <trkpt lat="40.914210" lon="15.666418">
        <ele>578.276665</ele>
        <time>2023-11-25T19:47:13.789Z</time>
      </trkpt>
      <trkpt lat="40.914157" lon="15.666670">
        <ele>578.799331</ele>
        <time>2023-11-25T19:47:20.413Z</time>
      </trkpt>
      <trkpt lat="40.914481" lon="15.667079">
        <ele>579.983302</ele>
        <time>2023-11-25T19:47:35.967Z</time>
      </trkpt>
      <trkpt lat="40.914777" lon="15.667138">
        <ele>580.774786</ele>
        <time>2023-11-25T19:47:46.126Z</time>
      </trkpt>
      <trkpt lat="40.915578" lon="15.667405">
        <ele>583.006727</ele>
        <time>2023-11-25T19:48:12.071Z</time>
      </trkpt>
      <trkpt lat="40.916222" lon="15.667611">
        <ele>585.595515</ele>
        <time>2023-11-25T19:48:36.150Z</time>
      </trkpt>
      <trkpt lat="40.916460" lon="15.667690">
        <ele>586.554267</ele>
        <time>2023-11-25T19:48:45.648Z</time>
      </trkpt>
      <trkpt lat="40.917010" lon="15.667872">
        <ele>588.769465</ele>
        <time>2023-11-25T19:49:08.244Z</time>
      </trkpt>
      <trkpt lat="40.917180" lon="15.667928">
        <ele>589.453980</ele>
        <time>2023-11-25T19:49:15.546Z</time>
      </trkpt>
      <trkpt lat="40.917534" lon="15.668038">
        <ele>591.114928</ele>
        <time>2023-11-25T19:49:30.697Z</time>
      </trkpt>
      <trkpt lat="40.917933" lon="15.668169">
        <ele>593.111548</ele>
        <time>2023-11-25T19:49:46.886Z</time>
      </trkpt>
      <trkpt lat="40.918332" lon="15.668314">
        <ele>595.121158</ele>
        <time>2023-11-25T19:50:04.034Z</time>
      </trkpt>
      <trkpt lat="40.918479" lon="15.668394">
        <ele>595.893123</ele>
        <time>2023-11-25T19:50:10.900Z</time>
      </trkpt>
      <trkpt lat="40.918834" lon="15.668591">
        <ele>597.762743</ele>
        <time>2023-11-25T19:50:28.120Z</time>
      </trkpt>
      <trkpt lat="40.918713" lon="15.668994">
        <ele>599.211498</ele>
        <time>2023-11-25T19:50:42.762Z</time>
      </trkpt>
      <trkpt lat="40.919688" lon="15.669522">
        <ele>603.330284</ele>
        <time>2023-11-25T19:51:25.084Z</time>
      </trkpt>
      <trkpt lat="40.920007" lon="15.669695">
        <ele>604.678144</ele>
        <time>2023-11-25T19:51:36.922Z</time>
      </trkpt>
      <trkpt lat="40.919820" lon="15.669797">
        <ele>605.468927</ele>
        <time>2023-11-25T19:51:43.395Z</time>
      </trkpt>
      <trkpt lat="40.919873" lon="15.670296">
        <ele>606.470651</ele>
        <time>2023-11-25T19:51:56.958Z</time>
      </trkpt>
      <trkpt lat="40.919921" lon="15.670727">
        <ele>607.276757</ele>
        <time>2023-11-25T19:52:07.156Z</time>
      </trkpt>
      <trkpt lat="40.920055" lon="15.670888">
        <ele>607.719944</ele>
        <time>2023-11-25T19:52:13.855Z</time>
      </trkpt>
      <trkpt lat="40.919965" lon="15.671521">
        <ele>608.911752</ele>
        <time>2023-11-25T19:52:28.682Z</time>
      </trkpt>
      <trkpt lat="40.920494" lon="15.671643">
        <ele>610.256870</ele>
        <time>2023-11-25T19:52:46.994Z</time>
      </trkpt>
      <trkpt lat="40.920459" lon="15.671963">
        <ele>610.962883</ele>
        <time>2023-11-25T19:52:54.322Z</time>
      </trkpt>
      <trkpt lat="40.920480" lon="15.671989">
        <ele>611.045983</ele>
        <time>2023-11-25T19:52:55.307Z</time>
      </trkpt>
      <trkpt lat="40.920712" lon="15.672051">
        <ele>611.729932</ele>
        <time>2023-11-25T19:53:02.960Z</time>
      </trkpt>
      <trkpt lat="40.921027" lon="15.672126">
        <ele>612.654810</ele>
        <time>2023-11-25T19:53:13.131Z</time>
      </trkpt>
      <trkpt lat="40.921448" lon="15.672246">
        <ele>613.899282</ele>
        <time>2023-11-25T19:53:28.704Z</time>
      </trkpt>
      <trkpt lat="40.921434" lon="15.672639">
        <ele>614.758351</ele>
        <time>2023-11-25T19:53:39.403Z</time>
      </trkpt>
      <trkpt lat="40.921915" lon="15.672808">
        <ele>615.256455</ele>
        <time>2023-11-25T19:53:58.982Z</time>
      </trkpt>
      <trkpt lat="40.922109" lon="15.672876">
        <ele>615.256455</ele>
        <time>2023-11-25T19:54:06.643Z</time>
      </trkpt>
      <trkpt lat="40.922452" lon="15.672935">
        <ele>615.256455</ele>
        <time>2023-11-25T19:54:19.502Z</time>
      </trkpt>
      <trkpt lat="40.922750" lon="15.672952">
        <ele>615.256455</ele>
        <time>2023-11-25T19:54:30.080Z</time>
      </trkpt>
      <trkpt lat="40.922850" lon="15.672960">
        <ele>615.256455</ele>
        <time>2023-11-25T19:54:33.482Z</time>
      </trkpt>
      <trkpt lat="40.923018" lon="15.673009">
        <ele>615.256455</ele>
        <time>2023-11-25T19:54:40.021Z</time>
      </trkpt>
      <trkpt lat="40.923475" lon="15.673294">
        <ele>615.256455</ele>
        <time>2023-11-25T19:54:58.797Z</time>
      </trkpt>
      <trkpt lat="40.923928" lon="15.673561">
        <ele>615.256455</ele>
        <time>2023-11-25T19:55:16.468Z</time>
      </trkpt>
    </trkseg>
  </trk>
</gpx>