<?xml version='1.0' encoding='UTF-8'?>
<gpx version="1.1" creator="https://www.komoot.de" xmlns="http://www.topografix.com/GPX/1/1" xmlns:xsi="http://www.w3.org/2001/XMLSchema-instance" xsi:schemaLocation="http://www.topografix.com/GPX/1/1 http://www.topografix.com/GPX/1/1/gpx.xsd">
  <metadata>
    <name>Stage 7: Nardò to Santa Maria di Leuca – Apulian Aqueduct Cycle Route</name>
    <author>
      <link href="https://www.komoot.de">
        <text>komoot</text>
        <type>text/html</type>
      </link>
    </author>
  </metadata>
  <trk>
    <name>Stage 7: Nardò to Santa Maria di Leuca – Apulian Aqueduct Cycle Route</name>
    <trkseg>
      <trkpt lat="40.179984" lon="18.029991">
        <ele>45.734053</ele>
        <time>2023-11-25T14:47:19.855Z</time>
      </trkpt>
      <trkpt lat="40.180287" lon="18.029817">
        <ele>45.734053</ele>
        <time>2023-11-25T14:47:27.580Z</time>
      </trkpt>
      <trkpt lat="40.180119" lon="18.028964">
        <ele>45.693115</ele>
        <time>2023-11-25T14:47:42.669Z</time>
      </trkpt>
      <trkpt lat="40.180112" lon="18.028933">
        <ele>45.683446</ele>
        <time>2023-11-25T14:47:43.200Z</time>
      </trkpt>
      <trkpt lat="40.180015" lon="18.028971">
        <ele>45.643808</ele>
        <time>2023-11-25T14:47:45.616Z</time>
      </trkpt>
      <trkpt lat="40.179889" lon="18.028937">
        <ele>45.593444</ele>
        <time>2023-11-25T14:47:48.582Z</time>
      </trkpt>
      <trkpt lat="40.179780" lon="18.028824">
        <ele>45.539009</ele>
        <time>2023-11-25T14:47:51.645Z</time>
      </trkpt>
      <trkpt lat="40.179547" lon="18.028940">
        <ele>45.441419</ele>
        <time>2023-11-25T14:47:57.250Z</time>
      </trkpt>
      <trkpt lat="40.179346" lon="18.029110">
        <ele>45.347732</ele>
        <time>2023-11-25T14:48:02.466Z</time>
      </trkpt>
      <trkpt lat="40.179249" lon="18.029204">
        <ele>45.300483</ele>
        <time>2023-11-25T14:48:05.084Z</time>
      </trkpt>
      <trkpt lat="40.179142" lon="18.028996">
        <ele>45.225482</ele>
        <time>2023-11-25T14:48:09.146Z</time>
      </trkpt>
      <trkpt lat="40.178878" lon="18.028812">
        <ele>45.108392</ele>
        <time>2023-11-25T14:48:15.429Z</time>
      </trkpt>
      <trkpt lat="40.178861" lon="18.028849">
        <ele>45.095478</ele>
        <time>2023-11-25T14:48:16.336Z</time>
      </trkpt>
      <trkpt lat="40.178724" lon="18.028585">
        <ele>44.968458</ele>
        <time>2023-11-25T14:48:21.455Z</time>
      </trkpt>
      <trkpt lat="40.178643" lon="18.028377">
        <ele>44.824907</ele>
        <time>2023-11-25T14:48:25.090Z</time>
      </trkpt>
      <trkpt lat="40.178581" lon="18.028103">
        <ele>44.649195</ele>
        <time>2023-11-25T14:48:29.558Z</time>
      </trkpt>
      <trkpt lat="40.178547" lon="18.027997">
        <ele>44.578507</ele>
        <time>2023-11-25T14:48:31.322Z</time>
      </trkpt>
      <trkpt lat="40.178404" lon="18.027484">
        <ele>44.242731</ele>
        <time>2023-11-25T14:48:39.738Z</time>
      </trkpt>
      <trkpt lat="40.178381" lon="18.027386">
        <ele>44.179694</ele>
        <time>2023-11-25T14:48:41.380Z</time>
      </trkpt>
      <trkpt lat="40.178284" lon="18.027057">
        <ele>43.962856</ele>
        <time>2023-11-25T14:48:46.989Z</time>
      </trkpt>
      <trkpt lat="40.177995" lon="18.026755">
        <ele>43.665235</ele>
        <time>2023-11-25T14:48:54.359Z</time>
      </trkpt>
      <trkpt lat="40.177717" lon="18.026453">
        <ele>43.358235</ele>
        <time>2023-11-25T14:49:01.570Z</time>
      </trkpt>
      <trkpt lat="40.177440" lon="18.026146">
        <ele>43.043299</ele>
        <time>2023-11-25T14:49:08.784Z</time>
      </trkpt>
      <trkpt lat="40.177183" lon="18.025852">
        <ele>42.747138</ele>
        <time>2023-11-25T14:49:15.598Z</time>
      </trkpt>
      <trkpt lat="40.176785" lon="18.025400">
        <ele>42.289927</ele>
        <time>2023-11-25T14:49:25.908Z</time>
      </trkpt>
      <trkpt lat="40.176485" lon="18.025102">
        <ele>41.952911</ele>
        <time>2023-11-25T14:49:33.127Z</time>
      </trkpt>
      <trkpt lat="40.176158" lon="18.024753">
        <ele>41.522889</ele>
        <time>2023-11-25T14:49:41.100Z</time>
      </trkpt>
      <trkpt lat="40.175755" lon="18.024300">
        <ele>40.981483</ele>
        <time>2023-11-25T14:49:50.910Z</time>
      </trkpt>
      <trkpt lat="40.175823" lon="18.024251">
        <ele>40.902372</ele>
        <time>2023-11-25T14:49:52.434Z</time>
      </trkpt>
      <trkpt lat="40.175835" lon="18.024184">
        <ele>40.848785</ele>
        <time>2023-11-25T14:49:53.441Z</time>
      </trkpt>
      <trkpt lat="40.175815" lon="18.024120">
        <ele>40.794941</ele>
        <time>2023-11-25T14:49:54.435Z</time>
      </trkpt>
      <trkpt lat="40.175731" lon="18.024088">
        <ele>40.705779</ele>
        <time>2023-11-25T14:49:56.047Z</time>
      </trkpt>
      <trkpt lat="40.175684" lon="18.024134">
        <ele>40.645967</ele>
        <time>2023-11-25T14:49:57.146Z</time>
      </trkpt>
      <trkpt lat="40.175580" lon="18.024144">
        <ele>40.539690</ele>
        <time>2023-11-25T14:49:59.209Z</time>
      </trkpt>
      <trkpt lat="40.175178" lon="18.024001">
        <ele>40.208040</ele>
        <time>2023-11-25T14:50:07.660Z</time>
      </trkpt>
      <trkpt lat="40.174610" lon="18.023847">
        <ele>40.363405</ele>
        <time>2023-11-25T14:50:20.106Z</time>
      </trkpt>
      <trkpt lat="40.174272" lon="18.023746">
        <ele>40.456267</ele>
        <time>2023-11-25T14:50:28.459Z</time>
      </trkpt>
      <trkpt lat="40.174130" lon="18.023755">
        <ele>40.494345</ele>
        <time>2023-11-25T14:50:32.007Z</time>
      </trkpt>
      <trkpt lat="40.173852" lon="18.023684">
        <ele>40.570210</ele>
        <time>2023-11-25T14:50:39.050Z</time>
      </trkpt>
      <trkpt lat="40.173769" lon="18.023666">
        <ele>40.592745</ele>
        <time>2023-11-25T14:50:41.190Z</time>
      </trkpt>
      <trkpt lat="40.173198" lon="18.023519">
        <ele>40.856164</ele>
        <time>2023-11-25T14:50:56.000Z</time>
      </trkpt>
      <trkpt lat="40.172244" lon="18.023289">
        <ele>41.473534</ele>
        <time>2023-11-25T14:51:20.881Z</time>
      </trkpt>
      <trkpt lat="40.172152" lon="18.023266">
        <ele>41.533144</ele>
        <time>2023-11-25T14:51:23.273Z</time>
      </trkpt>
      <trkpt lat="40.171182" lon="18.023020">
        <ele>41.533087</ele>
        <time>2023-11-25T14:51:45.971Z</time>
      </trkpt>
      <trkpt lat="40.170924" lon="18.022958">
        <ele>41.397296</ele>
        <time>2023-11-25T14:51:51.326Z</time>
      </trkpt>
      <trkpt lat="40.170448" lon="18.022842">
        <ele>41.146651</ele>
        <time>2023-11-25T14:52:00.929Z</time>
      </trkpt>
      <trkpt lat="40.170221" lon="18.022787">
        <ele>41.027143</ele>
        <time>2023-11-25T14:52:05.389Z</time>
      </trkpt>
      <trkpt lat="40.170160" lon="18.022772">
        <ele>40.995013</ele>
        <time>2023-11-25T14:52:06.576Z</time>
      </trkpt>
      <trkpt lat="40.170107" lon="18.022759">
        <ele>40.967099</ele>
        <time>2023-11-25T14:52:07.620Z</time>
      </trkpt>
      <trkpt lat="40.170037" lon="18.022742">
        <ele>40.930244</ele>
        <time>2023-11-25T14:52:08.954Z</time>
      </trkpt>
      <trkpt lat="40.170035" lon="18.022696">
        <ele>40.912018</ele>
        <time>2023-11-25T14:52:09.858Z</time>
      </trkpt>
      <trkpt lat="40.169992" lon="18.022680">
        <ele>40.888876</ele>
        <time>2023-11-25T14:52:11.010Z</time>
      </trkpt>
      <trkpt lat="40.169775" lon="18.022613">
        <ele>40.662133</ele>
        <time>2023-11-25T14:52:16.842Z</time>
      </trkpt>
      <trkpt lat="40.168638" lon="18.022327">
        <ele>39.459544</ele>
        <time>2023-11-25T14:52:46.352Z</time>
      </trkpt>
      <trkpt lat="40.168523" lon="18.022296">
        <ele>39.337589</ele>
        <time>2023-11-25T14:52:49.402Z</time>
      </trkpt>
      <trkpt lat="40.168407" lon="18.022266">
        <ele>39.214773</ele>
        <time>2023-11-25T14:52:52.498Z</time>
      </trkpt>
      <trkpt lat="40.167970" lon="18.022167">
        <ele>38.930863</ele>
        <time>2023-11-25T14:53:04.648Z</time>
      </trkpt>
      <trkpt lat="40.167903" lon="18.022152">
        <ele>38.907934</ele>
        <time>2023-11-25T14:53:06.611Z</time>
      </trkpt>
      <trkpt lat="40.167355" lon="18.022005">
        <ele>38.719236</ele>
        <time>2023-11-25T14:53:22.363Z</time>
      </trkpt>
      <trkpt lat="40.167129" lon="18.021948">
        <ele>38.641598</ele>
        <time>2023-11-25T14:53:28.863Z</time>
      </trkpt>
      <trkpt lat="40.167014" lon="18.021915">
        <ele>38.601884</ele>
        <time>2023-11-25T14:53:32.175Z</time>
      </trkpt>
      <trkpt lat="40.166554" lon="18.021806">
        <ele>38.444191</ele>
        <time>2023-11-25T14:53:45.381Z</time>
      </trkpt>
      <trkpt lat="40.166546" lon="18.021885">
        <ele>38.423648</ele>
        <time>2023-11-25T14:53:46.801Z</time>
      </trkpt>
      <trkpt lat="40.166404" lon="18.021815">
        <ele>38.481792</ele>
        <time>2023-11-25T14:53:50.043Z</time>
      </trkpt>
      <trkpt lat="40.166344" lon="18.021745">
        <ele>38.535497</ele>
        <time>2023-11-25T14:53:51.745Z</time>
      </trkpt>
      <trkpt lat="40.166289" lon="18.021660">
        <ele>38.592361</ele>
        <time>2023-11-25T14:53:53.573Z</time>
      </trkpt>
      <trkpt lat="40.166206" lon="18.021637">
        <ele>38.649045</ele>
        <time>2023-11-25T14:53:55.493Z</time>
      </trkpt>
      <trkpt lat="40.166130" lon="18.021684">
        <ele>38.705206</ele>
        <time>2023-11-25T14:53:57.415Z</time>
      </trkpt>
      <trkpt lat="40.166105" lon="18.021730">
        <ele>38.734025</ele>
        <time>2023-11-25T14:53:58.409Z</time>
      </trkpt>
      <trkpt lat="40.165980" lon="18.021718">
        <ele>38.817764</ele>
        <time>2023-11-25T14:54:01.229Z</time>
      </trkpt>
      <trkpt lat="40.165987" lon="18.021676">
        <ele>38.839711</ele>
        <time>2023-11-25T14:54:02.059Z</time>
      </trkpt>
      <trkpt lat="40.165675" lon="18.021591">
        <ele>39.052632</ele>
        <time>2023-11-25T14:54:10.145Z</time>
      </trkpt>
      <trkpt lat="40.164840" lon="18.021378">
        <ele>39.629789</ele>
        <time>2023-11-25T14:54:33.962Z</time>
      </trkpt>
      <trkpt lat="40.163602" lon="18.021070">
        <ele>41.198888</ele>
        <time>2023-11-25T14:55:10.295Z</time>
      </trkpt>
      <trkpt lat="40.162598" lon="18.020814">
        <ele>41.995575</ele>
        <time>2023-11-25T14:55:38.343Z</time>
      </trkpt>
      <trkpt lat="40.161053" lon="18.020421">
        <ele>42.276807</ele>
        <time>2023-11-25T14:56:14.604Z</time>
      </trkpt>
      <trkpt lat="40.160731" lon="18.020346">
        <ele>42.162370</ele>
        <time>2023-11-25T14:56:22.015Z</time>
      </trkpt>
      <trkpt lat="40.160724" lon="18.020394">
        <ele>42.149303</ele>
        <time>2023-11-25T14:56:22.827Z</time>
      </trkpt>
      <trkpt lat="40.160712" lon="18.020475">
        <ele>42.127240</ele>
        <time>2023-11-25T14:56:24.163Z</time>
      </trkpt>
      <trkpt lat="40.160773" lon="18.020491">
        <ele>42.105472</ele>
        <time>2023-11-25T14:56:25.517Z</time>
      </trkpt>
      <trkpt lat="40.160766" lon="18.020540">
        <ele>42.092142</ele>
        <time>2023-11-25T14:56:26.312Z</time>
      </trkpt>
      <trkpt lat="40.160696" lon="18.021024">
        <ele>41.960421</ele>
        <time>2023-11-25T14:56:34.162Z</time>
      </trkpt>
      <trkpt lat="40.160636" lon="18.021438">
        <ele>41.847743</ele>
        <time>2023-11-25T14:56:40.755Z</time>
      </trkpt>
      <trkpt lat="40.160515" lon="18.022279">
        <ele>41.556401</ele>
        <time>2023-11-25T14:56:53.870Z</time>
      </trkpt>
      <trkpt lat="40.160395" lon="18.023111">
        <ele>41.216558</ele>
        <time>2023-11-25T14:57:06.995Z</time>
      </trkpt>
      <trkpt lat="40.160267" lon="18.023993">
        <ele>40.856214</ele>
        <time>2023-11-25T14:57:21.123Z</time>
      </trkpt>
      <trkpt lat="40.160139" lon="18.025415">
        <ele>40.695504</ele>
        <time>2023-11-25T14:58:00.663Z</time>
      </trkpt>
      <trkpt lat="40.160080" lon="18.025661">
        <ele>40.674805</ele>
        <time>2023-11-25T14:58:08.022Z</time>
      </trkpt>
      <trkpt lat="40.159807" lon="18.026431">
        <ele>40.612873</ele>
        <time>2023-11-25T14:58:32.264Z</time>
      </trkpt>
      <trkpt lat="40.159713" lon="18.026492">
        <ele>40.621932</ele>
        <time>2023-11-25T14:58:36.186Z</time>
      </trkpt>
      <trkpt lat="40.158934" lon="18.026812">
        <ele>40.692426</ele>
        <time>2023-11-25T14:59:06.716Z</time>
      </trkpt>
      <trkpt lat="40.158550" lon="18.027933">
        <ele>40.805081</ele>
        <time>2023-11-25T14:59:41.660Z</time>
      </trkpt>
      <trkpt lat="40.158365" lon="18.028495">
        <ele>41.002489</ele>
        <time>2023-11-25T14:59:59.519Z</time>
      </trkpt>
      <trkpt lat="40.158311" lon="18.028650">
        <ele>41.057444</ele>
        <time>2023-11-25T15:00:04.517Z</time>
      </trkpt>
      <trkpt lat="40.158262" lon="18.028789">
        <ele>41.106827</ele>
        <time>2023-11-25T15:00:08.978Z</time>
      </trkpt>
      <trkpt lat="40.158216" lon="18.028931">
        <ele>41.156582</ele>
        <time>2023-11-25T15:00:11.825Z</time>
      </trkpt>
      <trkpt lat="40.157740" lon="18.030387">
        <ele>41.781693</ele>
        <time>2023-11-25T15:00:41.432Z</time>
      </trkpt>
      <trkpt lat="40.156142" lon="18.030522">
        <ele>42.991703</ele>
        <time>2023-11-25T15:01:22.589Z</time>
      </trkpt>
      <trkpt lat="40.155922" lon="18.030572">
        <ele>43.151319</ele>
        <time>2023-11-25T15:01:28.309Z</time>
      </trkpt>
      <trkpt lat="40.155560" lon="18.030693">
        <ele>43.418396</ele>
        <time>2023-11-25T15:01:37.840Z</time>
      </trkpt>
      <trkpt lat="40.154592" lon="18.030874">
        <ele>44.117376</ele>
        <time>2023-11-25T15:02:02.281Z</time>
      </trkpt>
      <trkpt lat="40.154395" lon="18.030962">
        <ele>44.255951</ele>
        <time>2023-11-25T15:02:07.308Z</time>
      </trkpt>
      <trkpt lat="40.154216" lon="18.031082">
        <ele>44.383323</ele>
        <time>2023-11-25T15:02:12.131Z</time>
      </trkpt>
      <trkpt lat="40.153927" lon="18.031260">
        <ele>44.585609</ele>
        <time>2023-11-25T15:02:19.595Z</time>
      </trkpt>
      <trkpt lat="40.153603" lon="18.031364">
        <ele>44.796879</ele>
        <time>2023-11-25T15:02:27.160Z</time>
      </trkpt>
      <trkpt lat="40.153577" lon="18.031372">
        <ele>44.813794</ele>
        <time>2023-11-25T15:02:27.759Z</time>
      </trkpt>
      <trkpt lat="40.152691" lon="18.031432">
        <ele>45.534381</ele>
        <time>2023-11-25T15:02:50.262Z</time>
      </trkpt>
      <trkpt lat="40.152420" lon="18.031393">
        <ele>46.163345</ele>
        <time>2023-11-25T15:02:57.936Z</time>
      </trkpt>
      <trkpt lat="40.152084" lon="18.031547">
        <ele>46.984680</ele>
        <time>2023-11-25T15:03:08.838Z</time>
      </trkpt>
      <trkpt lat="40.151875" lon="18.031618">
        <ele>47.482829</ele>
        <time>2023-11-25T15:03:15.992Z</time>
      </trkpt>
      <trkpt lat="40.151464" lon="18.031704">
        <ele>48.443050</ele>
        <time>2023-11-25T15:03:29.761Z</time>
      </trkpt>
      <trkpt lat="40.150948" lon="18.031646">
        <ele>49.673945</ele>
        <time>2023-11-25T15:03:47.340Z</time>
      </trkpt>
      <trkpt lat="40.150433" lon="18.031535">
        <ele>51.129614</ele>
        <time>2023-11-25T15:04:05.843Z</time>
      </trkpt>
      <trkpt lat="40.150062" lon="18.031500">
        <ele>52.167001</ele>
        <time>2023-11-25T15:04:18.722Z</time>
      </trkpt>
      <trkpt lat="40.149683" lon="18.031685">
        <ele>53.295188</ele>
        <time>2023-11-25T15:04:32.270Z</time>
      </trkpt>
      <trkpt lat="40.148820" lon="18.031703">
        <ele>55.248651</ele>
        <time>2023-11-25T15:04:59.113Z</time>
      </trkpt>
      <trkpt lat="40.148627" lon="18.031700">
        <ele>55.586932</ele>
        <time>2023-11-25T15:05:04.759Z</time>
      </trkpt>
      <trkpt lat="40.148273" lon="18.031573">
        <ele>56.230267</ele>
        <time>2023-11-25T15:05:15.261Z</time>
      </trkpt>
      <trkpt lat="40.147698" lon="18.031336">
        <ele>57.286861</ele>
        <time>2023-11-25T15:05:32.481Z</time>
      </trkpt>
      <trkpt lat="40.146399" lon="18.031112">
        <ele>58.800622</ele>
        <time>2023-11-25T15:06:08.656Z</time>
      </trkpt>
      <trkpt lat="40.145878" lon="18.031072">
        <ele>59.348130</ele>
        <time>2023-11-25T15:06:21.722Z</time>
      </trkpt>
      <trkpt lat="40.145183" lon="18.030940">
        <ele>59.584958</ele>
        <time>2023-11-25T15:06:38.559Z</time>
      </trkpt>
      <trkpt lat="40.143254" lon="18.030628">
        <ele>59.748371</ele>
        <time>2023-11-25T15:07:21.454Z</time>
      </trkpt>
      <trkpt lat="40.141982" lon="18.030452">
        <ele>59.848220</ele>
        <time>2023-11-25T15:07:49.892Z</time>
      </trkpt>
      <trkpt lat="40.141834" lon="18.030453">
        <ele>59.920077</ele>
        <time>2023-11-25T15:07:53.337Z</time>
      </trkpt>
      <trkpt lat="40.141659" lon="18.030507">
        <ele>60.007373</ele>
        <time>2023-11-25T15:07:57.600Z</time>
      </trkpt>
      <trkpt lat="40.141745" lon="18.030859">
        <ele>60.144527</ele>
        <time>2023-11-25T15:08:04.347Z</time>
      </trkpt>
      <trkpt lat="40.141799" lon="18.032044">
        <ele>60.585120</ele>
        <time>2023-11-25T15:08:26.696Z</time>
      </trkpt>
      <trkpt lat="40.141729" lon="18.032396">
        <ele>60.728727</ele>
        <time>2023-11-25T15:08:33.814Z</time>
      </trkpt>
      <trkpt lat="40.141762" lon="18.032628">
        <ele>60.825989</ele>
        <time>2023-11-25T15:08:38.379Z</time>
      </trkpt>
      <trkpt lat="40.141831" lon="18.032760">
        <ele>60.891898</ele>
        <time>2023-11-25T15:08:41.534Z</time>
      </trkpt>
      <trkpt lat="40.142150" lon="18.033103">
        <ele>61.114534</ele>
        <time>2023-11-25T15:08:51.993Z</time>
      </trkpt>
      <trkpt lat="40.142313" lon="18.033381">
        <ele>61.258936</ele>
        <time>2023-11-25T15:08:58.581Z</time>
      </trkpt>
      <trkpt lat="40.142433" lon="18.033626">
        <ele>61.378864</ele>
        <time>2023-11-25T15:09:03.935Z</time>
      </trkpt>
      <trkpt lat="40.142604" lon="18.034168">
        <ele>61.603366</ele>
        <time>2023-11-25T15:09:14.353Z</time>
      </trkpt>
      <trkpt lat="40.142712" lon="18.034497">
        <ele>61.457018</ele>
        <time>2023-11-25T15:09:20.484Z</time>
      </trkpt>
      <trkpt lat="40.142723" lon="18.034532">
        <ele>61.441550</ele>
        <time>2023-11-25T15:09:21.142Z</time>
      </trkpt>
      <trkpt lat="40.142937" lon="18.035184">
        <ele>61.151528</ele>
        <time>2023-11-25T15:09:32.760Z</time>
      </trkpt>
      <trkpt lat="40.143073" lon="18.035584">
        <ele>60.972592</ele>
        <time>2023-11-25T15:09:39.566Z</time>
      </trkpt>
      <trkpt lat="40.143213" lon="18.036424">
        <ele>60.582906</ele>
        <time>2023-11-25T15:09:52.128Z</time>
      </trkpt>
      <trkpt lat="40.143298" lon="18.036793">
        <ele>60.217516</ele>
        <time>2023-11-25T15:09:57.535Z</time>
      </trkpt>
      <trkpt lat="40.143375" lon="18.037098">
        <ele>59.912982</ele>
        <time>2023-11-25T15:10:02.076Z</time>
      </trkpt>
      <trkpt lat="40.143399" lon="18.037326">
        <ele>59.694775</ele>
        <time>2023-11-25T15:10:05.316Z</time>
      </trkpt>
      <trkpt lat="40.143390" lon="18.038214">
        <ele>58.852784</ele>
        <time>2023-11-25T15:10:17.994Z</time>
      </trkpt>
      <trkpt lat="40.143406" lon="18.038383">
        <ele>58.691331</ele>
        <time>2023-11-25T15:10:20.472Z</time>
      </trkpt>
      <trkpt lat="40.143467" lon="18.038600">
        <ele>58.472123</ele>
        <time>2023-11-25T15:10:23.861Z</time>
      </trkpt>
      <trkpt lat="40.143867" lon="18.039701">
        <ele>57.927585</ele>
        <time>2023-11-25T15:10:42.261Z</time>
      </trkpt>
      <trkpt lat="40.144125" lon="18.040955">
        <ele>57.369185</ele>
        <time>2023-11-25T15:11:03.574Z</time>
      </trkpt>
      <trkpt lat="40.144223" lon="18.041341">
        <ele>57.162104</ele>
        <time>2023-11-25T15:11:10.395Z</time>
      </trkpt>
      <trkpt lat="40.144331" lon="18.041673">
        <ele>56.978403</ele>
        <time>2023-11-25T15:11:16.200Z</time>
      </trkpt>
      <trkpt lat="40.144508" lon="18.042032">
        <ele>56.760904</ele>
        <time>2023-11-25T15:11:22.831Z</time>
      </trkpt>
      <trkpt lat="40.144560" lon="18.042188">
        <ele>56.674257</ele>
        <time>2023-11-25T15:11:25.421Z</time>
      </trkpt>
      <trkpt lat="40.144591" lon="18.042645">
        <ele>56.440670</ele>
        <time>2023-11-25T15:11:32.133Z</time>
      </trkpt>
      <trkpt lat="40.144606" lon="18.043030">
        <ele>56.244400</ele>
        <time>2023-11-25T15:11:37.619Z</time>
      </trkpt>
      <trkpt lat="40.144722" lon="18.043911">
        <ele>55.648967</ele>
        <time>2023-11-25T15:11:50.388Z</time>
      </trkpt>
      <trkpt lat="40.144754" lon="18.044440">
        <ele>55.292170</ele>
        <time>2023-11-25T15:11:58.148Z</time>
      </trkpt>
      <trkpt lat="40.144785" lon="18.044911">
        <ele>54.974311</ele>
        <time>2023-11-25T15:12:05.175Z</time>
      </trkpt>
      <trkpt lat="40.144710" lon="18.045574">
        <ele>54.809935</ele>
        <time>2023-11-25T15:12:15.905Z</time>
      </trkpt>
      <trkpt lat="40.144711" lon="18.045785">
        <ele>55.003596</ele>
        <time>2023-11-25T15:12:19.630Z</time>
      </trkpt>
      <trkpt lat="40.144760" lon="18.046160">
        <ele>55.352766</ele>
        <time>2023-11-25T15:12:26.860Z</time>
      </trkpt>
      <trkpt lat="40.145013" lon="18.047220">
        <ele>56.371962</ele>
        <time>2023-11-25T15:12:50.977Z</time>
      </trkpt>
      <trkpt lat="40.145080" lon="18.047525">
        <ele>56.663222</ele>
        <time>2023-11-25T15:12:58.624Z</time>
      </trkpt>
      <trkpt lat="40.145387" lon="18.048613">
        <ele>58.382268</ele>
        <time>2023-11-25T15:13:26.336Z</time>
      </trkpt>
      <trkpt lat="40.145483" lon="18.048936">
        <ele>58.925829</ele>
        <time>2023-11-25T15:13:34.579Z</time>
      </trkpt>
      <trkpt lat="40.145588" lon="18.049240">
        <ele>59.449056</ele>
        <time>2023-11-25T15:13:42.658Z</time>
      </trkpt>
      <trkpt lat="40.145621" lon="18.049336">
        <ele>59.614152</ele>
        <time>2023-11-25T15:13:45.187Z</time>
      </trkpt>
      <trkpt lat="40.145841" lon="18.049970">
        <ele>60.674647</ele>
        <time>2023-11-25T15:14:01.301Z</time>
      </trkpt>
      <trkpt lat="40.144595" lon="18.050724">
        <ele>63.070823</ele>
        <time>2023-11-25T15:15:01.241Z</time>
      </trkpt>
      <trkpt lat="40.144595" lon="18.050724">
        <ele>63.070823</ele>
        <time>2023-11-25T15:15:01.241Z</time>
      </trkpt>
      <trkpt lat="40.144429" lon="18.050749">
        <ele>63.362474</ele>
        <time>2023-11-25T15:15:08.622Z</time>
      </trkpt>
      <trkpt lat="40.144319" lon="18.050723">
        <ele>63.557577</ele>
        <time>2023-11-25T15:15:13.603Z</time>
      </trkpt>
      <trkpt lat="40.144228" lon="18.050755">
        <ele>63.721875</ele>
        <time>2023-11-25T15:15:17.834Z</time>
      </trkpt>
      <trkpt lat="40.144108" lon="18.050978">
        <ele>64.085023</ele>
        <time>2023-11-25T15:15:27.162Z</time>
      </trkpt>
      <trkpt lat="40.144036" lon="18.051055">
        <ele>64.247024</ele>
        <time>2023-11-25T15:15:31.333Z</time>
      </trkpt>
      <trkpt lat="40.143625" lon="18.051364">
        <ele>65.072798</ele>
        <time>2023-11-25T15:15:52.541Z</time>
      </trkpt>
      <trkpt lat="40.143604" lon="18.051380">
        <ele>65.115132</ele>
        <time>2023-11-25T15:15:53.645Z</time>
      </trkpt>
      <trkpt lat="40.143299" lon="18.051734">
        <ele>65.825415</ele>
        <time>2023-11-25T15:16:11.786Z</time>
      </trkpt>
      <trkpt lat="40.142675" lon="18.052460">
        <ele>67.111323</ele>
        <time>2023-11-25T15:16:47.849Z</time>
      </trkpt>
      <trkpt lat="40.142654" lon="18.052483">
        <ele>67.143325</ele>
        <time>2023-11-25T15:16:49.024Z</time>
      </trkpt>
      <trkpt lat="40.142654" lon="18.052483">
        <ele>67.143325</ele>
        <time>2023-11-25T15:16:49.024Z</time>
      </trkpt>
      <trkpt lat="40.142500" lon="18.052660">
        <ele>67.382852</ele>
        <time>2023-11-25T15:16:57.454Z</time>
      </trkpt>
      <trkpt lat="40.142421" lon="18.052642">
        <ele>67.476549</ele>
        <time>2023-11-25T15:17:00.829Z</time>
      </trkpt>
      <trkpt lat="40.142352" lon="18.052682">
        <ele>67.564733</ele>
        <time>2023-11-25T15:17:03.920Z</time>
      </trkpt>
      <trkpt lat="40.141362" lon="18.053329">
        <ele>68.857816</ele>
        <time>2023-11-25T15:17:49.152Z</time>
      </trkpt>
      <trkpt lat="40.140766" lon="18.053704">
        <ele>69.883620</ele>
        <time>2023-11-25T15:18:17.132Z</time>
      </trkpt>
      <trkpt lat="40.139629" lon="18.054478">
        <ele>71.918431</ele>
        <time>2023-11-25T15:19:13.691Z</time>
      </trkpt>
      <trkpt lat="40.137723" lon="18.056422">
        <ele>76.316683</ele>
        <time>2023-11-25T15:21:01.331Z</time>
      </trkpt>
      <trkpt lat="40.137475" lon="18.056674">
        <ele>76.867307</ele>
        <time>2023-11-25T15:21:14.981Z</time>
      </trkpt>
      <trkpt lat="40.136705" lon="18.058021">
        <ele>79.060159</ele>
        <time>2023-11-25T15:22:11.446Z</time>
      </trkpt>
      <trkpt lat="40.136563" lon="18.058283">
        <ele>79.463341</ele>
        <time>2023-11-25T15:22:22.223Z</time>
      </trkpt>
      <trkpt lat="40.136127" lon="18.059031">
        <ele>80.644182</ele>
        <time>2023-11-25T15:22:53.549Z</time>
      </trkpt>
      <trkpt lat="40.135825" lon="18.059569">
        <ele>81.369174</ele>
        <time>2023-11-25T15:23:15.703Z</time>
      </trkpt>
      <trkpt lat="40.135526" lon="18.060089">
        <ele>81.942467</ele>
        <time>2023-11-25T15:23:37.053Z</time>
      </trkpt>
      <trkpt lat="40.135744" lon="18.061397">
        <ele>83.122011</ele>
        <time>2023-11-25T15:24:04.463Z</time>
      </trkpt>
      <trkpt lat="40.135711" lon="18.061513">
        <ele>83.226570</ele>
        <time>2023-11-25T15:24:07.071Z</time>
      </trkpt>
      <trkpt lat="40.135056" lon="18.060930">
        <ele>84.064753</ele>
        <time>2023-11-25T15:24:27.883Z</time>
      </trkpt>
      <trkpt lat="40.134879" lon="18.061166">
        <ele>84.332153</ele>
        <time>2023-11-25T15:24:38.372Z</time>
      </trkpt>
      <trkpt lat="40.133484" lon="18.063025">
        <ele>86.359552</ele>
        <time>2023-11-25T15:26:00.909Z</time>
      </trkpt>
      <trkpt lat="40.132822" lon="18.064115">
        <ele>87.332466</ele>
        <time>2023-11-25T15:26:43.638Z</time>
      </trkpt>
      <trkpt lat="40.132242" lon="18.065091">
        <ele>88.124279</ele>
        <time>2023-11-25T15:27:21.471Z</time>
      </trkpt>
      <trkpt lat="40.131887" lon="18.067610">
        <ele>90.093297</ele>
        <time>2023-11-25T15:28:42.596Z</time>
      </trkpt>
      <trkpt lat="40.131969" lon="18.067712">
        <ele>90.210539</ele>
        <time>2023-11-25T15:28:47.270Z</time>
      </trkpt>
      <trkpt lat="40.131969" lon="18.067790">
        <ele>90.254602</ele>
        <time>2023-11-25T15:28:49.743Z</time>
      </trkpt>
      <trkpt lat="40.131863" lon="18.067784">
        <ele>90.301978</ele>
        <time>2023-11-25T15:28:52.459Z</time>
      </trkpt>
      <trkpt lat="40.131865" lon="18.068190">
        <ele>90.440590</ele>
        <time>2023-11-25T15:29:05.000Z</time>
      </trkpt>
      <trkpt lat="40.131942" lon="18.069810">
        <ele>90.994728</ele>
        <time>2023-11-25T15:29:52.731Z</time>
      </trkpt>
      <trkpt lat="40.132202" lon="18.073362">
        <ele>91.245000</ele>
        <time>2023-11-25T15:31:33.579Z</time>
      </trkpt>
      <trkpt lat="40.132248" lon="18.074044">
        <ele>91.337518</ele>
        <time>2023-11-25T15:31:53.682Z</time>
      </trkpt>
      <trkpt lat="40.132235" lon="18.074192">
        <ele>91.357649</ele>
        <time>2023-11-25T15:31:58.067Z</time>
      </trkpt>
      <trkpt lat="40.132127" lon="18.074609">
        <ele>91.417145</ele>
        <time>2023-11-25T15:32:11.068Z</time>
      </trkpt>
      <trkpt lat="40.132029" lon="18.074989">
        <ele>91.573570</ele>
        <time>2023-11-25T15:32:22.941Z</time>
      </trkpt>
      <trkpt lat="40.131986" lon="18.075141">
        <ele>91.637647</ele>
        <time>2023-11-25T15:32:27.741Z</time>
      </trkpt>
      <trkpt lat="40.131919" lon="18.075239">
        <ele>91.689624</ele>
        <time>2023-11-25T15:32:31.694Z</time>
      </trkpt>
      <trkpt lat="40.131467" lon="18.075394">
        <ele>91.931260</ele>
        <time>2023-11-25T15:32:50.236Z</time>
      </trkpt>
      <trkpt lat="40.131173" lon="18.075556">
        <ele>92.096232</ele>
        <time>2023-11-25T15:33:03.037Z</time>
      </trkpt>
      <trkpt lat="40.130937" lon="18.075742">
        <ele>92.238715</ele>
        <time>2023-11-25T15:33:14.034Z</time>
      </trkpt>
      <trkpt lat="40.130911" lon="18.075763">
        <ele>92.254517</ele>
        <time>2023-11-25T15:33:15.252Z</time>
      </trkpt>
      <trkpt lat="40.130791" lon="18.075915">
        <ele>92.340901</ele>
        <time>2023-11-25T15:33:21.631Z</time>
      </trkpt>
      <trkpt lat="40.130629" lon="18.075929">
        <ele>92.232781</ele>
        <time>2023-11-25T15:33:27.885Z</time>
      </trkpt>
      <trkpt lat="40.130028" lon="18.076085">
        <ele>91.754129</ele>
        <time>2023-11-25T15:33:50.480Z</time>
      </trkpt>
      <trkpt lat="40.129808" lon="18.076145">
        <ele>91.578570</ele>
        <time>2023-11-25T15:33:58.448Z</time>
      </trkpt>
      <trkpt lat="40.129546" lon="18.076148">
        <ele>91.373891</ele>
        <time>2023-11-25T15:34:07.380Z</time>
      </trkpt>
      <trkpt lat="40.129545" lon="18.076186">
        <ele>91.351180</ele>
        <time>2023-11-25T15:34:08.343Z</time>
      </trkpt>
      <trkpt lat="40.129491" lon="18.076225">
        <ele>91.302992</ele>
        <time>2023-11-25T15:34:10.361Z</time>
      </trkpt>
      <trkpt lat="40.129446" lon="18.076303">
        <ele>91.244628</ele>
        <time>2023-11-25T15:34:12.742Z</time>
      </trkpt>
      <trkpt lat="40.129441" lon="18.076440">
        <ele>91.162706</ele>
        <time>2023-11-25T15:34:16.145Z</time>
      </trkpt>
      <trkpt lat="40.129360" lon="18.076595">
        <ele>91.050568</ele>
        <time>2023-11-25T15:34:20.725Z</time>
      </trkpt>
      <trkpt lat="40.129282" lon="18.077022">
        <ele>90.303116</ele>
        <time>2023-11-25T15:34:31.072Z</time>
      </trkpt>
      <trkpt lat="40.129215" lon="18.077135">
        <ele>89.950195</ele>
        <time>2023-11-25T15:34:34.369Z</time>
      </trkpt>
      <trkpt lat="40.129412" lon="18.077197">
        <ele>89.296139</ele>
        <time>2023-11-25T15:34:40.520Z</time>
      </trkpt>
      <trkpt lat="40.129567" lon="18.077291">
        <ele>88.744639</ele>
        <time>2023-11-25T15:34:45.614Z</time>
      </trkpt>
      <trkpt lat="40.129594" lon="18.077335">
        <ele>88.605396</ele>
        <time>2023-11-25T15:34:46.887Z</time>
      </trkpt>
      <trkpt lat="40.129733" lon="18.077708">
        <ele>87.581296</ele>
        <time>2023-11-25T15:34:56.181Z</time>
      </trkpt>
      <trkpt lat="40.129722" lon="18.077844">
        <ele>87.243770</ele>
        <time>2023-11-25T15:34:59.160Z</time>
      </trkpt>
      <trkpt lat="40.129677" lon="18.077979">
        <ele>86.880297</ele>
        <time>2023-11-25T15:35:02.409Z</time>
      </trkpt>
      <trkpt lat="40.129706" lon="18.078406">
        <ele>85.822295</ele>
        <time>2023-11-25T15:35:11.766Z</time>
      </trkpt>
      <trkpt lat="40.129798" lon="18.078478">
        <ele>85.476220</ele>
        <time>2023-11-25T15:35:14.843Z</time>
      </trkpt>
      <trkpt lat="40.129908" lon="18.078621">
        <ele>84.975617</ele>
        <time>2023-11-25T15:35:19.258Z</time>
      </trkpt>
      <trkpt lat="40.130131" lon="18.078530">
        <ele>84.221714</ele>
        <time>2023-11-25T15:35:25.935Z</time>
      </trkpt>
      <trkpt lat="40.130253" lon="18.078542">
        <ele>83.826872</ele>
        <time>2023-11-25T15:35:29.371Z</time>
      </trkpt>
      <trkpt lat="40.130396" lon="18.078667">
        <ele>83.271786</ele>
        <time>2023-11-25T15:35:34.303Z</time>
      </trkpt>
      <trkpt lat="40.130474" lon="18.078882">
        <ele>82.684576</ele>
        <time>2023-11-25T15:35:39.499Z</time>
      </trkpt>
      <trkpt lat="40.130554" lon="18.078949">
        <ele>82.377997</ele>
        <time>2023-11-25T15:35:42.219Z</time>
      </trkpt>
      <trkpt lat="40.130675" lon="18.079647">
        <ele>80.611957</ele>
        <time>2023-11-25T15:35:51.144Z</time>
      </trkpt>
      <trkpt lat="40.130925" lon="18.081086">
        <ele>78.898675</ele>
        <time>2023-11-25T15:36:11.107Z</time>
      </trkpt>
      <trkpt lat="40.130535" lon="18.080919">
        <ele>78.655355</ele>
        <time>2023-11-25T15:36:19.478Z</time>
      </trkpt>
      <trkpt lat="40.129816" lon="18.080731">
        <ele>78.442194</ele>
        <time>2023-11-25T15:36:37.319Z</time>
      </trkpt>
      <trkpt lat="40.128903" lon="18.080363">
        <ele>80.631927</ele>
        <time>2023-11-25T15:37:06.433Z</time>
      </trkpt>
      <trkpt lat="40.128224" lon="18.080150">
        <ele>82.232347</ele>
        <time>2023-11-25T15:37:30.353Z</time>
      </trkpt>
      <trkpt lat="40.127935" lon="18.080026">
        <ele>83.159969</ele>
        <time>2023-11-25T15:37:41.108Z</time>
      </trkpt>
      <trkpt lat="40.127566" lon="18.079768">
        <ele>84.527737</ele>
        <time>2023-11-25T15:37:55.988Z</time>
      </trkpt>
      <trkpt lat="40.127314" lon="18.079545">
        <ele>85.522343</ele>
        <time>2023-11-25T15:38:06.761Z</time>
      </trkpt>
      <trkpt lat="40.127204" lon="18.079448">
        <ele>85.956019</ele>
        <time>2023-11-25T15:38:11.526Z</time>
      </trkpt>
      <trkpt lat="40.126961" lon="18.079214">
        <ele>86.942450</ele>
        <time>2023-11-25T15:38:22.178Z</time>
      </trkpt>
      <trkpt lat="40.126515" lon="18.079002">
        <ele>88.493887</ele>
        <time>2023-11-25T15:38:38.982Z</time>
      </trkpt>
      <trkpt lat="40.125512" lon="18.078606">
        <ele>91.921888</ele>
        <time>2023-11-25T15:39:16.299Z</time>
      </trkpt>
      <trkpt lat="40.125134" lon="18.078526">
        <ele>93.174757</ele>
        <time>2023-11-25T15:39:29.869Z</time>
      </trkpt>
      <trkpt lat="40.124508" lon="18.078569">
        <ele>95.001087</ele>
        <time>2023-11-25T15:39:51.839Z</time>
      </trkpt>
      <trkpt lat="40.124413" lon="18.078554">
        <ele>95.248584</ele>
        <time>2023-11-25T15:39:55.151Z</time>
      </trkpt>
      <trkpt lat="40.124204" lon="18.078390">
        <ele>95.878991</ele>
        <time>2023-11-25T15:40:03.471Z</time>
      </trkpt>
      <trkpt lat="40.124024" lon="18.078360">
        <ele>96.348317</ele>
        <time>2023-11-25T15:40:09.561Z</time>
      </trkpt>
      <trkpt lat="40.123921" lon="18.078444">
        <ele>96.662276</ele>
        <time>2023-11-25T15:40:13.597Z</time>
      </trkpt>
      <trkpt lat="40.123758" lon="18.078515">
        <ele>97.106636</ele>
        <time>2023-11-25T15:40:19.240Z</time>
      </trkpt>
      <trkpt lat="40.123118" lon="18.078733">
        <ele>98.809477</ele>
        <time>2023-11-25T15:40:39.646Z</time>
      </trkpt>
      <trkpt lat="40.122517" lon="18.079015">
        <ele>99.389818</ele>
        <time>2023-11-25T15:40:57.470Z</time>
      </trkpt>
      <trkpt lat="40.121362" lon="18.079500">
        <ele>100.416059</ele>
        <time>2023-11-25T15:41:27.422Z</time>
      </trkpt>
      <trkpt lat="40.120893" lon="18.079629">
        <ele>100.216080</ele>
        <time>2023-11-25T15:41:37.889Z</time>
      </trkpt>
      <trkpt lat="40.120351" lon="18.079811">
        <ele>99.982586</ele>
        <time>2023-11-25T15:41:49.649Z</time>
      </trkpt>
      <trkpt lat="40.120369" lon="18.079878">
        <ele>99.959926</ele>
        <time>2023-11-25T15:41:51.590Z</time>
      </trkpt>
      <trkpt lat="40.120352" lon="18.079970">
        <ele>99.929726</ele>
        <time>2023-11-25T15:41:54.118Z</time>
      </trkpt>
      <trkpt lat="40.120042" lon="18.080985">
        <ele>99.280094</ele>
        <time>2023-11-25T15:42:22.536Z</time>
      </trkpt>
      <trkpt lat="40.120019" lon="18.081156">
        <ele>99.071169</ele>
        <time>2023-11-25T15:42:26.945Z</time>
      </trkpt>
      <trkpt lat="40.120044" lon="18.081397">
        <ele>98.778515</ele>
        <time>2023-11-25T15:42:32.763Z</time>
      </trkpt>
      <trkpt lat="40.120025" lon="18.081479">
        <ele>98.675413</ele>
        <time>2023-11-25T15:42:34.802Z</time>
      </trkpt>
      <trkpt lat="40.119849" lon="18.081571">
        <ele>98.377156</ele>
        <time>2023-11-25T15:42:40.717Z</time>
      </trkpt>
      <trkpt lat="40.119735" lon="18.081732">
        <ele>98.113124</ele>
        <time>2023-11-25T15:42:45.834Z</time>
      </trkpt>
      <trkpt lat="40.119714" lon="18.081867">
        <ele>97.947349</ele>
        <time>2023-11-25T15:42:49.214Z</time>
      </trkpt>
      <trkpt lat="40.119704" lon="18.082277">
        <ele>97.453738</ele>
        <time>2023-11-25T15:42:59.216Z</time>
      </trkpt>
      <trkpt lat="40.119860" lon="18.082651">
        <ele>96.941101</ele>
        <time>2023-11-25T15:43:09.806Z</time>
      </trkpt>
      <trkpt lat="40.119926" lon="18.083035">
        <ele>96.739134</ele>
        <time>2023-11-25T15:43:19.784Z</time>
      </trkpt>
      <trkpt lat="40.120066" lon="18.083314">
        <ele>96.616012</ele>
        <time>2023-11-25T15:43:28.616Z</time>
      </trkpt>
      <trkpt lat="40.120067" lon="18.083389">
        <ele>96.588336</ele>
        <time>2023-11-25T15:43:30.521Z</time>
      </trkpt>
      <trkpt lat="40.119602" lon="18.083330">
        <ele>96.362928</ele>
        <time>2023-11-25T15:43:40.410Z</time>
      </trkpt>
      <trkpt lat="40.118977" lon="18.083918">
        <ele>95.991445</ele>
        <time>2023-11-25T15:43:58.004Z</time>
      </trkpt>
      <trkpt lat="40.118383" lon="18.084706">
        <ele>96.394113</ele>
        <time>2023-11-25T15:44:20.023Z</time>
      </trkpt>
      <trkpt lat="40.118326" lon="18.084781">
        <ele>96.432596</ele>
        <time>2023-11-25T15:44:22.111Z</time>
      </trkpt>
      <trkpt lat="40.117887" lon="18.085647">
        <ele>96.810728</ele>
        <time>2023-11-25T15:44:42.375Z</time>
      </trkpt>
      <trkpt lat="40.116917" lon="18.086691">
        <ele>96.747515</ele>
        <time>2023-11-25T15:45:12.114Z</time>
      </trkpt>
      <trkpt lat="40.116770" lon="18.086881">
        <ele>96.730001</ele>
        <time>2023-11-25T15:45:16.664Z</time>
      </trkpt>
      <trkpt lat="40.116127" lon="18.087533">
        <ele>96.376694</ele>
        <time>2023-11-25T15:45:33.712Z</time>
      </trkpt>
      <trkpt lat="40.116912" lon="18.088983">
        <ele>95.297895</ele>
        <time>2023-11-25T15:46:01.009Z</time>
      </trkpt>
      <trkpt lat="40.115682" lon="18.090376">
        <ele>95.169608</ele>
        <time>2023-11-25T15:46:36.056Z</time>
      </trkpt>
      <trkpt lat="40.114796" lon="18.091300">
        <ele>96.094103</ele>
        <time>2023-11-25T15:47:05.806Z</time>
      </trkpt>
      <trkpt lat="40.114235" lon="18.091830">
        <ele>96.797241</ele>
        <time>2023-11-25T15:47:24.615Z</time>
      </trkpt>
      <trkpt lat="40.113863" lon="18.092114">
        <ele>97.329591</ele>
        <time>2023-11-25T15:47:36.373Z</time>
      </trkpt>
      <trkpt lat="40.113514" lon="18.092299">
        <ele>97.856655</ele>
        <time>2023-11-25T15:47:46.657Z</time>
      </trkpt>
      <trkpt lat="40.112270" lon="18.092952">
        <ele>99.795618</ele>
        <time>2023-11-25T15:48:24.266Z</time>
      </trkpt>
      <trkpt lat="40.111789" lon="18.093089">
        <ele>100.671663</ele>
        <time>2023-11-25T15:48:38.461Z</time>
      </trkpt>
      <trkpt lat="40.111426" lon="18.093155">
        <ele>101.323862</ele>
        <time>2023-11-25T15:48:49.189Z</time>
      </trkpt>
      <trkpt lat="40.111092" lon="18.093260">
        <ele>101.935176</ele>
        <time>2023-11-25T15:48:59.376Z</time>
      </trkpt>
      <trkpt lat="40.110795" lon="18.093402">
        <ele>102.497935</ele>
        <time>2023-11-25T15:49:08.851Z</time>
      </trkpt>
      <trkpt lat="40.109524" lon="18.094128">
        <ele>105.470609</ele>
        <time>2023-11-25T15:49:51.444Z</time>
      </trkpt>
      <trkpt lat="40.108932" lon="18.092865">
        <ele>108.054950</ele>
        <time>2023-11-25T15:50:27.119Z</time>
      </trkpt>
      <trkpt lat="40.106493" lon="18.095281">
        <ele>115.108424</ele>
        <time>2023-11-25T15:52:50.362Z</time>
      </trkpt>
      <trkpt lat="40.105785" lon="18.095936">
        <ele>116.035422</ele>
        <time>2023-11-25T15:53:27.304Z</time>
      </trkpt>
      <trkpt lat="40.103655" lon="18.098007">
        <ele>117.749812</ele>
        <time>2023-11-25T15:55:10.038Z</time>
      </trkpt>
      <trkpt lat="40.102518" lon="18.099120">
        <ele>118.541760</ele>
        <time>2023-11-25T15:56:06.217Z</time>
      </trkpt>
      <trkpt lat="40.102071" lon="18.099563">
        <ele>118.786773</ele>
        <time>2023-11-25T15:56:28.138Z</time>
      </trkpt>
      <trkpt lat="40.101943" lon="18.099594">
        <ele>118.809199</ele>
        <time>2023-11-25T15:56:33.205Z</time>
      </trkpt>
      <trkpt lat="40.101401" lon="18.099538">
        <ele>118.902861</ele>
        <time>2023-11-25T15:56:53.843Z</time>
      </trkpt>
      <trkpt lat="40.101324" lon="18.099571">
        <ele>118.916820</ele>
        <time>2023-11-25T15:56:56.905Z</time>
      </trkpt>
      <trkpt lat="40.101286" lon="18.099697">
        <ele>118.934667</ele>
        <time>2023-11-25T15:57:00.792Z</time>
      </trkpt>
      <trkpt lat="40.101273" lon="18.099971">
        <ele>118.970842</ele>
        <time>2023-11-25T15:57:05.672Z</time>
      </trkpt>
      <trkpt lat="40.101248" lon="18.100279">
        <ele>119.011655</ele>
        <time>2023-11-25T15:57:14.430Z</time>
      </trkpt>
      <trkpt lat="40.101179" lon="18.100442">
        <ele>119.036204</ele>
        <time>2023-11-25T15:57:19.632Z</time>
      </trkpt>
      <trkpt lat="40.099656" lon="18.101926">
        <ele>119.156801</ele>
        <time>2023-11-25T15:58:29.334Z</time>
      </trkpt>
      <trkpt lat="40.098177" lon="18.103397">
        <ele>120.789578</ele>
        <time>2023-11-25T15:59:45.102Z</time>
      </trkpt>
      <trkpt lat="40.096338" lon="18.105222">
        <ele>124.425927</ele>
        <time>2023-11-25T16:01:26.663Z</time>
      </trkpt>
      <trkpt lat="40.094859" lon="18.106689">
        <ele>126.943358</ele>
        <time>2023-11-25T16:02:45.083Z</time>
      </trkpt>
      <trkpt lat="40.094925" lon="18.106784">
        <ele>127.061302</ele>
        <time>2023-11-25T16:02:47.755Z</time>
      </trkpt>
      <trkpt lat="40.095022" lon="18.106776">
        <ele>127.178072</ele>
        <time>2023-11-25T16:02:50.410Z</time>
      </trkpt>
      <trkpt lat="40.095083" lon="18.106807">
        <ele>127.256702</ele>
        <time>2023-11-25T16:02:52.229Z</time>
      </trkpt>
      <trkpt lat="40.095175" lon="18.106950">
        <ele>127.428428</ele>
        <time>2023-11-25T16:02:56.218Z</time>
      </trkpt>
      <trkpt lat="40.095392" lon="18.107440">
        <ele>127.948789</ele>
        <time>2023-11-25T16:03:08.317Z</time>
      </trkpt>
      <trkpt lat="40.095539" lon="18.108153">
        <ele>128.617637</ele>
        <time>2023-11-25T16:03:24.038Z</time>
      </trkpt>
      <trkpt lat="40.095481" lon="18.108252">
        <ele>128.726288</ele>
        <time>2023-11-25T16:03:26.657Z</time>
      </trkpt>
      <trkpt lat="40.095172" lon="18.108404">
        <ele>129.102338</ele>
        <time>2023-11-25T16:03:35.675Z</time>
      </trkpt>
      <trkpt lat="40.094744" lon="18.108695">
        <ele>129.651834</ele>
        <time>2023-11-25T16:03:49.107Z</time>
      </trkpt>
      <trkpt lat="40.094606" lon="18.108839">
        <ele>129.852956</ele>
        <time>2023-11-25T16:03:53.994Z</time>
      </trkpt>
      <trkpt lat="40.094458" lon="18.109078">
        <ele>130.120882</ele>
        <time>2023-11-25T16:04:00.629Z</time>
      </trkpt>
      <trkpt lat="40.094221" lon="18.109403">
        <ele>130.516896</ele>
        <time>2023-11-25T16:04:10.237Z</time>
      </trkpt>
      <trkpt lat="40.094164" lon="18.109451">
        <ele>130.608861</ele>
        <time>2023-11-25T16:04:12.111Z</time>
      </trkpt>
      <trkpt lat="40.093733" lon="18.109437">
        <ele>131.193628</ele>
        <time>2023-11-25T16:04:24.182Z</time>
      </trkpt>
      <trkpt lat="40.092823" lon="18.110223">
        <ele>132.673010</ele>
        <time>2023-11-25T16:04:55.432Z</time>
      </trkpt>
      <trkpt lat="40.092328" lon="18.110662">
        <ele>133.465766</ele>
        <time>2023-11-25T16:05:21.286Z</time>
      </trkpt>
      <trkpt lat="40.092203" lon="18.110824">
        <ele>133.696561</ele>
        <time>2023-11-25T16:05:28.817Z</time>
      </trkpt>
      <trkpt lat="40.092073" lon="18.110907">
        <ele>133.886259</ele>
        <time>2023-11-25T16:05:35.046Z</time>
      </trkpt>
      <trkpt lat="40.091786" lon="18.111265">
        <ele>134.406408</ele>
        <time>2023-11-25T16:05:51.942Z</time>
      </trkpt>
      <trkpt lat="40.091650" lon="18.111395">
        <ele>134.627319</ele>
        <time>2023-11-25T16:05:59.038Z</time>
      </trkpt>
      <trkpt lat="40.091521" lon="18.111581">
        <ele>134.879146</ele>
        <time>2023-11-25T16:06:07.160Z</time>
      </trkpt>
      <trkpt lat="40.091353" lon="18.111732">
        <ele>135.146472</ele>
        <time>2023-11-25T16:06:15.608Z</time>
      </trkpt>
      <trkpt lat="40.091181" lon="18.111756">
        <ele>135.347735</ele>
        <time>2023-11-25T16:06:22.708Z</time>
      </trkpt>
      <trkpt lat="40.090027" lon="18.113113">
        <ele>136.794312</ele>
        <time>2023-11-25T16:07:25.365Z</time>
      </trkpt>
      <trkpt lat="40.089886" lon="18.113255">
        <ele>136.960192</ele>
        <time>2023-11-25T16:07:32.612Z</time>
      </trkpt>
      <trkpt lat="40.089784" lon="18.113358">
        <ele>137.145782</ele>
        <time>2023-11-25T16:07:37.959Z</time>
      </trkpt>
      <trkpt lat="40.089097" lon="18.113912">
        <ele>138.311493</ele>
        <time>2023-11-25T16:08:12.298Z</time>
      </trkpt>
      <trkpt lat="40.089072" lon="18.113961">
        <ele>138.376562</ele>
        <time>2023-11-25T16:08:14.298Z</time>
      </trkpt>
      <trkpt lat="40.089080" lon="18.114007">
        <ele>138.428680</ele>
        <time>2023-11-25T16:08:15.830Z</time>
      </trkpt>
      <trkpt lat="40.089086" lon="18.114075">
        <ele>138.504305</ele>
        <time>2023-11-25T16:08:18.083Z</time>
      </trkpt>
      <trkpt lat="40.089055" lon="18.114134">
        <ele>138.583381</ele>
        <time>2023-11-25T16:08:20.493Z</time>
      </trkpt>
      <trkpt lat="40.088790" lon="18.114336">
        <ele>139.026388</ele>
        <time>2023-11-25T16:08:33.986Z</time>
      </trkpt>
      <trkpt lat="40.088714" lon="18.114426">
        <ele>139.174484</ele>
        <time>2023-11-25T16:08:38.539Z</time>
      </trkpt>
      <trkpt lat="40.088492" lon="18.114545">
        <ele>139.520987</ele>
        <time>2023-11-25T16:08:49.036Z</time>
      </trkpt>
      <trkpt lat="40.087924" lon="18.115045">
        <ele>140.459539</ele>
        <time>2023-11-25T16:09:18.753Z</time>
      </trkpt>
      <trkpt lat="40.087776" lon="18.115251">
        <ele>140.755222</ele>
        <time>2023-11-25T16:09:28.030Z</time>
      </trkpt>
      <trkpt lat="40.086688" lon="18.116368">
        <ele>142.483666</ele>
        <time>2023-11-25T16:10:25.837Z</time>
      </trkpt>
      <trkpt lat="40.085998" lon="18.117057">
        <ele>143.362115</ele>
        <time>2023-11-25T16:11:01.325Z</time>
      </trkpt>
      <trkpt lat="40.085658" lon="18.117442">
        <ele>143.817213</ele>
        <time>2023-11-25T16:11:19.680Z</time>
      </trkpt>
      <trkpt lat="40.085447" lon="18.117641">
        <ele>143.975192</ele>
        <time>2023-11-25T16:11:30.349Z</time>
      </trkpt>
      <trkpt lat="40.085330" lon="18.117794">
        <ele>144.069896</ele>
        <time>2023-11-25T16:11:37.139Z</time>
      </trkpt>
      <trkpt lat="40.085234" lon="18.117845">
        <ele>144.129192</ele>
        <time>2023-11-25T16:11:41.405Z</time>
      </trkpt>
      <trkpt lat="40.085015" lon="18.118108">
        <ele>144.299372</ele>
        <time>2023-11-25T16:11:53.526Z</time>
      </trkpt>
      <trkpt lat="40.084690" lon="18.118414">
        <ele>144.528570</ele>
        <time>2023-11-25T16:12:09.479Z</time>
      </trkpt>
      <trkpt lat="40.084313" lon="18.118120">
        <ele>144.779776</ele>
        <time>2023-11-25T16:12:19.804Z</time>
      </trkpt>
      <trkpt lat="40.084292" lon="18.118048">
        <ele>144.813511</ele>
        <time>2023-11-25T16:12:21.190Z</time>
      </trkpt>
      <trkpt lat="40.083938" lon="18.117550">
        <ele>144.612341</ele>
        <time>2023-11-25T16:12:32.793Z</time>
      </trkpt>
      <trkpt lat="40.083418" lon="18.116889">
        <ele>144.178112</ele>
        <time>2023-11-25T16:12:48.044Z</time>
      </trkpt>
      <trkpt lat="40.083248" lon="18.116787">
        <ele>144.066135</ele>
        <time>2023-11-25T16:12:51.825Z</time>
      </trkpt>
      <trkpt lat="40.083128" lon="18.116644">
        <ele>143.968923</ele>
        <time>2023-11-25T16:12:55.085Z</time>
      </trkpt>
      <trkpt lat="40.083028" lon="18.116573">
        <ele>143.900798</ele>
        <time>2023-11-25T16:12:57.302Z</time>
      </trkpt>
      <trkpt lat="40.082831" lon="18.116496">
        <ele>143.788495</ele>
        <time>2023-11-25T16:13:01.418Z</time>
      </trkpt>
      <trkpt lat="40.082778" lon="18.116423">
        <ele>143.780866</ele>
        <time>2023-11-25T16:13:02.963Z</time>
      </trkpt>
      <trkpt lat="40.082637" lon="18.116226">
        <ele>143.760415</ele>
        <time>2023-11-25T16:13:07.080Z</time>
      </trkpt>
      <trkpt lat="40.082115" lon="18.115083">
        <ele>143.659499</ele>
        <time>2023-11-25T16:13:29.256Z</time>
      </trkpt>
      <trkpt lat="40.081921" lon="18.116222">
        <ele>144.392431</ele>
        <time>2023-11-25T16:13:52.813Z</time>
      </trkpt>
      <trkpt lat="40.081762" lon="18.117050">
        <ele>145.612376</ele>
        <time>2023-11-25T16:14:12.509Z</time>
      </trkpt>
      <trkpt lat="40.081680" lon="18.117372">
        <ele>146.097347</ele>
        <time>2023-11-25T16:14:20.894Z</time>
      </trkpt>
      <trkpt lat="40.081635" lon="18.117847">
        <ele>146.781328</ele>
        <time>2023-11-25T16:14:32.674Z</time>
      </trkpt>
      <trkpt lat="40.081612" lon="18.119452">
        <ele>149.139463</ele>
        <time>2023-11-25T16:15:10.831Z</time>
      </trkpt>
      <trkpt lat="40.081783" lon="18.121110">
        <ele>151.155749</ele>
        <time>2023-11-25T16:15:46.715Z</time>
      </trkpt>
      <trkpt lat="40.081837" lon="18.121482">
        <ele>151.500052</ele>
        <time>2023-11-25T16:15:54.474Z</time>
      </trkpt>
      <trkpt lat="40.082017" lon="18.123634">
        <ele>153.341019</ele>
        <time>2023-11-25T16:16:37.724Z</time>
      </trkpt>
      <trkpt lat="40.082007" lon="18.125352">
        <ele>154.672712</ele>
        <time>2023-11-25T16:17:12.839Z</time>
      </trkpt>
      <trkpt lat="40.082057" lon="18.125993">
        <ele>155.159846</ele>
        <time>2023-11-25T16:17:25.589Z</time>
      </trkpt>
      <trkpt lat="40.082101" lon="18.126455">
        <ele>155.511833</ele>
        <time>2023-11-25T16:17:34.688Z</time>
      </trkpt>
      <trkpt lat="40.082199" lon="18.127044">
        <ele>155.967548</ele>
        <time>2023-11-25T16:17:46.716Z</time>
      </trkpt>
      <trkpt lat="40.082198" lon="18.127223">
        <ele>156.102883</ele>
        <time>2023-11-25T16:17:50.276Z</time>
      </trkpt>
      <trkpt lat="40.082156" lon="18.127565">
        <ele>156.407265</ele>
        <time>2023-11-25T16:17:57.371Z</time>
      </trkpt>
      <trkpt lat="40.082114" lon="18.127735">
        <ele>156.573782</ele>
        <time>2023-11-25T16:18:00.973Z</time>
      </trkpt>
      <trkpt lat="40.082045" lon="18.127858">
        <ele>156.715947</ele>
        <time>2023-11-25T16:18:04.069Z</time>
      </trkpt>
      <trkpt lat="40.081837" lon="18.128051">
        <ele>157.026712</ele>
        <time>2023-11-25T16:18:10.693Z</time>
      </trkpt>
      <trkpt lat="40.078980" lon="18.130402">
        <ele>161.701819</ele>
        <time>2023-11-25T16:19:44.121Z</time>
      </trkpt>
      <trkpt lat="40.078667" lon="18.130599">
        <ele>162.351362</ele>
        <time>2023-11-25T16:19:54.678Z</time>
      </trkpt>
      <trkpt lat="40.078315" lon="18.130779">
        <ele>163.058081</ele>
        <time>2023-11-25T16:20:06.228Z</time>
      </trkpt>
      <trkpt lat="40.078101" lon="18.130891">
        <ele>163.489088</ele>
        <time>2023-11-25T16:20:13.235Z</time>
      </trkpt>
      <trkpt lat="40.077272" lon="18.131287">
        <ele>164.993468</ele>
        <time>2023-11-25T16:20:40.243Z</time>
      </trkpt>
      <trkpt lat="40.077177" lon="18.131332">
        <ele>165.153600</ele>
        <time>2023-11-25T16:20:43.326Z</time>
      </trkpt>
      <trkpt lat="40.075531" lon="18.132102">
        <ele>167.398913</ele>
        <time>2023-11-25T16:21:31.491Z</time>
      </trkpt>
      <trkpt lat="40.075318" lon="18.132244">
        <ele>167.554625</ele>
        <time>2023-11-25T16:21:37.415Z</time>
      </trkpt>
      <trkpt lat="40.075257" lon="18.132389">
        <ele>167.637078</ele>
        <time>2023-11-25T16:21:40.389Z</time>
      </trkpt>
      <trkpt lat="40.075012" lon="18.133195">
        <ele>168.069237</ele>
        <time>2023-11-25T16:21:55.940Z</time>
      </trkpt>
      <trkpt lat="40.074921" lon="18.133492">
        <ele>168.211728</ele>
        <time>2023-11-25T16:22:01.585Z</time>
      </trkpt>
      <trkpt lat="40.073881" lon="18.136894">
        <ele>169.508406</ele>
        <time>2023-11-25T16:23:06.316Z</time>
      </trkpt>
      <trkpt lat="40.071517" lon="18.138729">
        <ele>174.163699</ele>
        <time>2023-11-25T16:24:27.271Z</time>
      </trkpt>
      <trkpt lat="40.071466" lon="18.138751">
        <ele>174.313819</ele>
        <time>2023-11-25T16:24:29.079Z</time>
      </trkpt>
      <trkpt lat="40.071343" lon="18.138655">
        <ele>174.714280</ele>
        <time>2023-11-25T16:24:34.078Z</time>
      </trkpt>
      <trkpt lat="40.070944" lon="18.138244">
        <ele>176.134387</ele>
        <time>2023-11-25T16:24:51.754Z</time>
      </trkpt>
      <trkpt lat="40.070651" lon="18.137944">
        <ele>177.174829</ele>
        <time>2023-11-25T16:25:04.653Z</time>
      </trkpt>
      <trkpt lat="40.070522" lon="18.137835">
        <ele>177.604219</ele>
        <time>2023-11-25T16:25:09.950Z</time>
      </trkpt>
      <trkpt lat="40.070436" lon="18.137859">
        <ele>177.850025</ele>
        <time>2023-11-25T16:25:13.056Z</time>
      </trkpt>
      <trkpt lat="40.069519" lon="18.138485">
        <ele>179.911733</ele>
        <time>2023-11-25T16:25:47.647Z</time>
      </trkpt>
      <trkpt lat="40.068908" lon="18.138901">
        <ele>181.074772</ele>
        <time>2023-11-25T16:26:05.495Z</time>
      </trkpt>
      <trkpt lat="40.068648" lon="18.139073">
        <ele>181.566718</ele>
        <time>2023-11-25T16:26:12.698Z</time>
      </trkpt>
      <trkpt lat="40.068204" lon="18.139368">
        <ele>182.088035</ele>
        <time>2023-11-25T16:26:25.432Z</time>
      </trkpt>
      <trkpt lat="40.067808" lon="18.139629">
        <ele>182.506945</ele>
        <time>2023-11-25T16:26:37.110Z</time>
      </trkpt>
      <trkpt lat="40.067649" lon="18.139727">
        <ele>182.672990</ele>
        <time>2023-11-25T16:26:41.689Z</time>
      </trkpt>
      <trkpt lat="40.067325" lon="18.139945">
        <ele>183.017197</ele>
        <time>2023-11-25T16:26:51.083Z</time>
      </trkpt>
      <trkpt lat="40.066963" lon="18.140178">
        <ele>183.418213</ele>
        <time>2023-11-25T16:27:01.631Z</time>
      </trkpt>
      <trkpt lat="40.066193" lon="18.140695">
        <ele>185.173754</ele>
        <time>2023-11-25T16:27:25.621Z</time>
      </trkpt>
      <trkpt lat="40.065545" lon="18.141147">
        <ele>186.663328</ele>
        <time>2023-11-25T16:27:48.684Z</time>
      </trkpt>
      <trkpt lat="40.065344" lon="18.141288">
        <ele>187.196135</ele>
        <time>2023-11-25T16:27:56.769Z</time>
      </trkpt>
      <trkpt lat="40.065185" lon="18.141388">
        <ele>187.811480</ele>
        <time>2023-11-25T16:28:03.273Z</time>
      </trkpt>
      <trkpt lat="40.065062" lon="18.141469">
        <ele>188.291797</ele>
        <time>2023-11-25T16:28:08.302Z</time>
      </trkpt>
      <trkpt lat="40.064696" lon="18.141719">
        <ele>189.731973</ele>
        <time>2023-11-25T16:28:23.815Z</time>
      </trkpt>
      <trkpt lat="40.064642" lon="18.141755">
        <ele>189.943374</ele>
        <time>2023-11-25T16:28:26.087Z</time>
      </trkpt>
      <trkpt lat="40.064377" lon="18.141929">
        <ele>190.977590</ele>
        <time>2023-11-25T16:28:37.320Z</time>
      </trkpt>
      <trkpt lat="40.064218" lon="18.142034">
        <ele>191.598840</ele>
        <time>2023-11-25T16:28:43.996Z</time>
      </trkpt>
      <trkpt lat="40.064036" lon="18.142155">
        <ele>192.310937</ele>
        <time>2023-11-25T16:28:51.393Z</time>
      </trkpt>
      <trkpt lat="40.063980" lon="18.142192">
        <ele>192.529765</ele>
        <time>2023-11-25T16:28:53.667Z</time>
      </trkpt>
      <trkpt lat="40.063598" lon="18.142459">
        <ele>193.611655</ele>
        <time>2023-11-25T16:29:09.070Z</time>
      </trkpt>
      <trkpt lat="40.063349" lon="18.142617">
        <ele>194.017463</ele>
        <time>2023-11-25T16:29:18.418Z</time>
      </trkpt>
      <trkpt lat="40.063136" lon="18.142758">
        <ele>194.367514</ele>
        <time>2023-11-25T16:29:26.344Z</time>
      </trkpt>
      <trkpt lat="40.062471" lon="18.143200">
        <ele>195.461307</ele>
        <time>2023-11-25T16:29:46.446Z</time>
      </trkpt>
      <trkpt lat="40.062082" lon="18.143457">
        <ele>195.740442</ele>
        <time>2023-11-25T16:29:55.389Z</time>
      </trkpt>
      <trkpt lat="40.061691" lon="18.143715">
        <ele>194.963702</ele>
        <time>2023-11-25T16:30:03.553Z</time>
      </trkpt>
      <trkpt lat="40.061253" lon="18.144007">
        <ele>194.091758</ele>
        <time>2023-11-25T16:30:12.332Z</time>
      </trkpt>
      <trkpt lat="40.060638" lon="18.144422">
        <ele>192.864352</ele>
        <time>2023-11-25T16:30:24.176Z</time>
      </trkpt>
      <trkpt lat="40.060099" lon="18.144776">
        <ele>190.929150</ele>
        <time>2023-11-25T16:30:34.088Z</time>
      </trkpt>
      <trkpt lat="40.059930" lon="18.144880">
        <ele>190.297193</ele>
        <time>2023-11-25T16:30:37.114Z</time>
      </trkpt>
      <trkpt lat="40.059790" lon="18.144962">
        <ele>189.778170</ele>
        <time>2023-11-25T16:30:39.593Z</time>
      </trkpt>
      <trkpt lat="40.059116" lon="18.145420">
        <ele>187.208127</ele>
        <time>2023-11-25T16:30:51.658Z</time>
      </trkpt>
      <trkpt lat="40.057649" lon="18.146473">
        <ele>181.007081</ele>
        <time>2023-11-25T16:31:18.152Z</time>
      </trkpt>
      <trkpt lat="40.057182" lon="18.146171">
        <ele>179.100442</ele>
        <time>2023-11-25T16:31:26.489Z</time>
      </trkpt>
      <trkpt lat="40.056391" lon="18.145695">
        <ele>175.998509</ele>
        <time>2023-11-25T16:31:40.411Z</time>
      </trkpt>
      <trkpt lat="40.055348" lon="18.145061">
        <ele>172.239073</ele>
        <time>2023-11-25T16:31:58.830Z</time>
      </trkpt>
      <trkpt lat="40.055178" lon="18.144941">
        <ele>171.693493</ele>
        <time>2023-11-25T16:32:01.944Z</time>
      </trkpt>
      <trkpt lat="40.054985" lon="18.144709">
        <ele>170.952980</ele>
        <time>2023-11-25T16:32:06.198Z</time>
      </trkpt>
      <trkpt lat="40.054814" lon="18.144014">
        <ele>169.375250</ele>
        <time>2023-11-25T16:32:15.463Z</time>
      </trkpt>
      <trkpt lat="40.054764" lon="18.143676">
        <ele>168.631245</ele>
        <time>2023-11-25T16:32:20.067Z</time>
      </trkpt>
      <trkpt lat="40.054693" lon="18.142977">
        <ele>168.683320</ele>
        <time>2023-11-25T16:32:30.682Z</time>
      </trkpt>
      <trkpt lat="40.054552" lon="18.142990">
        <ele>168.751573</ele>
        <time>2023-11-25T16:32:33.485Z</time>
      </trkpt>
      <trkpt lat="40.054539" lon="18.143338">
        <ele>168.880347</ele>
        <time>2023-11-25T16:32:39.617Z</time>
      </trkpt>
      <trkpt lat="40.054540" lon="18.143591">
        <ele>168.973858</ele>
        <time>2023-11-25T16:32:44.307Z</time>
      </trkpt>
      <trkpt lat="40.054558" lon="18.144346">
        <ele>169.253041</ele>
        <time>2023-11-25T16:33:00.571Z</time>
      </trkpt>
      <trkpt lat="40.054570" lon="18.144479">
        <ele>169.302538</ele>
        <time>2023-11-25T16:33:03.834Z</time>
      </trkpt>
      <trkpt lat="40.054660" lon="18.145024">
        <ele>170.782967</ele>
        <time>2023-11-25T16:33:18.202Z</time>
      </trkpt>
      <trkpt lat="40.054682" lon="18.145167">
        <ele>171.204372</ele>
        <time>2023-11-25T16:33:22.271Z</time>
      </trkpt>
      <trkpt lat="40.054804" lon="18.145911">
        <ele>173.402638</ele>
        <time>2023-11-25T16:33:44.922Z</time>
      </trkpt>
      <trkpt lat="40.054810" lon="18.145939">
        <ele>173.486643</ele>
        <time>2023-11-25T16:33:45.806Z</time>
      </trkpt>
      <trkpt lat="40.054819" lon="18.145983">
        <ele>173.618224</ele>
        <time>2023-11-25T16:33:47.214Z</time>
      </trkpt>
      <trkpt lat="40.054869" lon="18.146251">
        <ele>174.415172</ele>
        <time>2023-11-25T16:33:55.730Z</time>
      </trkpt>
      <trkpt lat="40.054941" lon="18.146666">
        <ele>175.644561</ele>
        <time>2023-11-25T16:34:09.051Z</time>
      </trkpt>
      <trkpt lat="40.054992" lon="18.146981">
        <ele>176.384086</ele>
        <time>2023-11-25T16:34:19.154Z</time>
      </trkpt>
      <trkpt lat="40.055033" lon="18.147232">
        <ele>176.820965</ele>
        <time>2023-11-25T16:34:26.925Z</time>
      </trkpt>
      <trkpt lat="40.055135" lon="18.147849">
        <ele>177.895451</ele>
        <time>2023-11-25T16:34:45.163Z</time>
      </trkpt>
      <trkpt lat="40.055127" lon="18.147971">
        <ele>178.103882</ele>
        <time>2023-11-25T16:34:48.291Z</time>
      </trkpt>
      <trkpt lat="40.054833" lon="18.148418">
        <ele>179.107098</ele>
        <time>2023-11-25T16:35:01.706Z</time>
      </trkpt>
      <trkpt lat="40.054886" lon="18.148688">
        <ele>179.581571</ele>
        <time>2023-11-25T16:35:06.997Z</time>
      </trkpt>
      <trkpt lat="40.054968" lon="18.149022">
        <ele>180.039886</ele>
        <time>2023-11-25T16:35:12.454Z</time>
      </trkpt>
      <trkpt lat="40.055025" lon="18.149242">
        <ele>179.629093</ele>
        <time>2023-11-25T16:35:15.721Z</time>
      </trkpt>
      <trkpt lat="40.055056" lon="18.149357">
        <ele>179.413453</ele>
        <time>2023-11-25T16:35:17.363Z</time>
      </trkpt>
      <trkpt lat="40.055108" lon="18.149555">
        <ele>179.043218</ele>
        <time>2023-11-25T16:35:20.137Z</time>
      </trkpt>
      <trkpt lat="40.055204" lon="18.149914">
        <ele>178.370638</ele>
        <time>2023-11-25T16:35:25.099Z</time>
      </trkpt>
      <trkpt lat="40.055231" lon="18.150015">
        <ele>178.181422</ele>
        <time>2023-11-25T16:35:26.469Z</time>
      </trkpt>
      <trkpt lat="40.055282" lon="18.150238">
        <ele>177.769783</ele>
        <time>2023-11-25T16:35:29.419Z</time>
      </trkpt>
      <trkpt lat="40.055344" lon="18.150486">
        <ele>177.308354</ele>
        <time>2023-11-25T16:35:32.693Z</time>
      </trkpt>
      <trkpt lat="40.055463" lon="18.150964">
        <ele>176.419346</ele>
        <time>2023-11-25T16:35:38.924Z</time>
      </trkpt>
      <trkpt lat="40.055560" lon="18.151345">
        <ele>175.704393</ele>
        <time>2023-11-25T16:35:43.969Z</time>
      </trkpt>
      <trkpt lat="40.054876" lon="18.151733">
        <ele>173.947615</ele>
        <time>2023-11-25T16:36:06.958Z</time>
      </trkpt>
      <trkpt lat="40.054833" lon="18.151742">
        <ele>173.845019</ele>
        <time>2023-11-25T16:36:08.365Z</time>
      </trkpt>
      <trkpt lat="40.054462" lon="18.151916">
        <ele>172.916364</ele>
        <time>2023-11-25T16:36:20.784Z</time>
      </trkpt>
      <trkpt lat="40.054305" lon="18.151998">
        <ele>172.518025</ele>
        <time>2023-11-25T16:36:26.020Z</time>
      </trkpt>
      <trkpt lat="40.053579" lon="18.152362">
        <ele>170.306615</ele>
        <time>2023-11-25T16:36:50.271Z</time>
      </trkpt>
      <trkpt lat="40.053435" lon="18.152428">
        <ele>169.814802</ele>
        <time>2023-11-25T16:36:54.849Z</time>
      </trkpt>
      <trkpt lat="40.053383" lon="18.152498">
        <ele>169.574170</ele>
        <time>2023-11-25T16:36:57.057Z</time>
      </trkpt>
      <trkpt lat="40.053136" lon="18.153070">
        <ele>167.954066</ele>
        <time>2023-11-25T16:37:11.657Z</time>
      </trkpt>
      <trkpt lat="40.052984" lon="18.153414">
        <ele>166.974217</ele>
        <time>2023-11-25T16:37:20.379Z</time>
      </trkpt>
      <trkpt lat="40.052889" lon="18.153567">
        <ele>166.488219</ele>
        <time>2023-11-25T16:37:24.682Z</time>
      </trkpt>
      <trkpt lat="40.052639" lon="18.153849">
        <ele>165.580704</ele>
        <time>2023-11-25T16:37:34.079Z</time>
      </trkpt>
      <trkpt lat="40.052578" lon="18.153904">
        <ele>165.417326</ele>
        <time>2023-11-25T16:37:36.198Z</time>
      </trkpt>
      <trkpt lat="40.052375" lon="18.154104">
        <ele>164.856868</ele>
        <time>2023-11-25T16:37:40.171Z</time>
      </trkpt>
      <trkpt lat="40.052195" lon="18.154294">
        <ele>164.346762</ele>
        <time>2023-11-25T16:37:43.972Z</time>
      </trkpt>
      <trkpt lat="40.052028" lon="18.154480">
        <ele>163.863019</ele>
        <time>2023-11-25T16:37:47.740Z</time>
      </trkpt>
      <trkpt lat="40.051650" lon="18.154892">
        <ele>162.777874</ele>
        <time>2023-11-25T16:37:56.744Z</time>
      </trkpt>
      <trkpt lat="40.051269" lon="18.155302">
        <ele>161.941711</ele>
        <time>2023-11-25T16:38:06.768Z</time>
      </trkpt>
      <trkpt lat="40.051078" lon="18.155336">
        <ele>161.919451</ele>
        <time>2023-11-25T16:38:11.239Z</time>
      </trkpt>
      <trkpt lat="40.050515" lon="18.155311">
        <ele>161.854401</ele>
        <time>2023-11-25T16:38:24.100Z</time>
      </trkpt>
      <trkpt lat="40.050437" lon="18.155304">
        <ele>161.845372</ele>
        <time>2023-11-25T16:38:25.895Z</time>
      </trkpt>
      <trkpt lat="40.050078" lon="18.155252">
        <ele>161.803662</ele>
        <time>2023-11-25T16:38:33.993Z</time>
      </trkpt>
      <trkpt lat="40.049879" lon="18.155220">
        <ele>161.780509</ele>
        <time>2023-11-25T16:38:38.472Z</time>
      </trkpt>
      <trkpt lat="40.049594" lon="18.155179">
        <ele>161.744450</ele>
        <time>2023-11-25T16:38:44.834Z</time>
      </trkpt>
      <trkpt lat="40.049260" lon="18.155134">
        <ele>161.493147</ele>
        <time>2023-11-25T16:38:51.987Z</time>
      </trkpt>
      <trkpt lat="40.049192" lon="18.155124">
        <ele>161.441931</ele>
        <time>2023-11-25T16:38:53.426Z</time>
      </trkpt>
      <trkpt lat="40.049088" lon="18.155109">
        <ele>161.363621</ele>
        <time>2023-11-25T16:38:55.564Z</time>
      </trkpt>
      <trkpt lat="40.048550" lon="18.155020">
        <ele>160.957747</ele>
        <time>2023-11-25T16:39:06.718Z</time>
      </trkpt>
      <trkpt lat="40.048248" lon="18.154960">
        <ele>160.729120</ele>
        <time>2023-11-25T16:39:12.624Z</time>
      </trkpt>
      <trkpt lat="40.047929" lon="18.154896">
        <ele>160.487569</ele>
        <time>2023-11-25T16:39:18.543Z</time>
      </trkpt>
      <trkpt lat="40.047796" lon="18.154862">
        <ele>160.371313</ele>
        <time>2023-11-25T16:39:21.001Z</time>
      </trkpt>
      <trkpt lat="40.047654" lon="18.154826">
        <ele>160.160347</ele>
        <time>2023-11-25T16:39:23.625Z</time>
      </trkpt>
      <trkpt lat="40.047444" lon="18.154769">
        <ele>159.847528</ele>
        <time>2023-11-25T16:39:27.554Z</time>
      </trkpt>
      <trkpt lat="40.047407" lon="18.154761">
        <ele>159.792831</ele>
        <time>2023-11-25T16:39:28.245Z</time>
      </trkpt>
      <trkpt lat="40.047199" lon="18.154712">
        <ele>159.484578</ele>
        <time>2023-11-25T16:39:32.123Z</time>
      </trkpt>
      <trkpt lat="40.046933" lon="18.154639">
        <ele>159.088158</ele>
        <time>2023-11-25T16:39:37.138Z</time>
      </trkpt>
      <trkpt lat="40.046770" lon="18.154591">
        <ele>158.844463</ele>
        <time>2023-11-25T16:39:40.224Z</time>
      </trkpt>
      <trkpt lat="40.046676" lon="18.154563">
        <ele>158.703849</ele>
        <time>2023-11-25T16:39:42.004Z</time>
      </trkpt>
      <trkpt lat="40.046467" lon="18.154503">
        <ele>158.391756</ele>
        <time>2023-11-25T16:39:45.934Z</time>
      </trkpt>
      <trkpt lat="40.046235" lon="18.154442">
        <ele>158.046606</ele>
        <time>2023-11-25T16:39:50.286Z</time>
      </trkpt>
      <trkpt lat="40.046046" lon="18.154393">
        <ele>157.767871</ele>
        <time>2023-11-25T16:39:53.816Z</time>
      </trkpt>
      <trkpt lat="40.044331" lon="18.153974">
        <ele>155.673750</ele>
        <time>2023-11-25T16:40:26.444Z</time>
      </trkpt>
      <trkpt lat="40.044150" lon="18.153930">
        <ele>155.560214</ele>
        <time>2023-11-25T16:40:30.245Z</time>
      </trkpt>
      <trkpt lat="40.044094" lon="18.153889">
        <ele>155.532757</ele>
        <time>2023-11-25T16:40:31.559Z</time>
      </trkpt>
      <trkpt lat="40.044049" lon="18.153903">
        <ele>155.512973</ele>
        <time>2023-11-25T16:40:32.478Z</time>
      </trkpt>
      <trkpt lat="40.044020" lon="18.153948">
        <ele>155.493713</ele>
        <time>2023-11-25T16:40:33.388Z</time>
      </trkpt>
      <trkpt lat="40.044028" lon="18.154086">
        <ele>155.448399</ele>
        <time>2023-11-25T16:40:35.541Z</time>
      </trkpt>
      <trkpt lat="40.044039" lon="18.154521">
        <ele>155.305891</ele>
        <time>2023-11-25T16:40:42.480Z</time>
      </trkpt>
      <trkpt lat="40.044057" lon="18.154979">
        <ele>155.155734</ele>
        <time>2023-11-25T16:40:50.051Z</time>
      </trkpt>
      <trkpt lat="40.044059" lon="18.155110">
        <ele>155.112832</ele>
        <time>2023-11-25T16:40:52.295Z</time>
      </trkpt>
      <trkpt lat="40.044068" lon="18.155722">
        <ele>154.912412</ele>
        <time>2023-11-25T16:41:02.349Z</time>
      </trkpt>
      <trkpt lat="40.044071" lon="18.155857">
        <ele>154.868191</ele>
        <time>2023-11-25T16:41:04.500Z</time>
      </trkpt>
      <trkpt lat="40.044077" lon="18.156229">
        <ele>154.794486</ele>
        <time>2023-11-25T16:41:10.430Z</time>
      </trkpt>
      <trkpt lat="40.044080" lon="18.156429">
        <ele>154.759279</ele>
        <time>2023-11-25T16:41:13.622Z</time>
      </trkpt>
      <trkpt lat="40.044086" lon="18.156749">
        <ele>154.702943</ele>
        <time>2023-11-25T16:41:18.976Z</time>
      </trkpt>
      <trkpt lat="40.044100" lon="18.157272">
        <ele>154.610841</ele>
        <time>2023-11-25T16:41:27.538Z</time>
      </trkpt>
      <trkpt lat="40.044114" lon="18.157760">
        <ele>154.524894</ele>
        <time>2023-11-25T16:41:35.482Z</time>
      </trkpt>
      <trkpt lat="40.044118" lon="18.157837">
        <ele>154.511311</ele>
        <time>2023-11-25T16:41:36.693Z</time>
      </trkpt>
      <trkpt lat="40.044142" lon="18.157911">
        <ele>154.497167</ele>
        <time>2023-11-25T16:41:37.977Z</time>
      </trkpt>
      <trkpt lat="40.044119" lon="18.157992">
        <ele>154.481962</ele>
        <time>2023-11-25T16:41:40.377Z</time>
      </trkpt>
      <trkpt lat="40.044153" lon="18.158338">
        <ele>154.450324</ele>
        <time>2023-11-25T16:41:50.149Z</time>
      </trkpt>
      <trkpt lat="40.044111" lon="18.158660">
        <ele>154.497468</ele>
        <time>2023-11-25T16:41:59.399Z</time>
      </trkpt>
      <trkpt lat="40.043973" lon="18.159369">
        <ele>154.603055</ele>
        <time>2023-11-25T16:42:19.709Z</time>
      </trkpt>
      <trkpt lat="40.043697" lon="18.160209">
        <ele>154.734989</ele>
        <time>2023-11-25T16:42:46.410Z</time>
      </trkpt>
      <trkpt lat="40.043627" lon="18.160547">
        <ele>154.824366</ele>
        <time>2023-11-25T16:42:57.221Z</time>
      </trkpt>
      <trkpt lat="40.043618" lon="18.161576">
        <ele>155.579717</ele>
        <time>2023-11-25T16:43:29.729Z</time>
      </trkpt>
      <trkpt lat="40.043597" lon="18.162002">
        <ele>155.893055</ele>
        <time>2023-11-25T16:43:43.172Z</time>
      </trkpt>
      <trkpt lat="40.043549" lon="18.162357">
        <ele>156.157664</ele>
        <time>2023-11-25T16:43:54.498Z</time>
      </trkpt>
      <trkpt lat="40.043492" lon="18.162693">
        <ele>156.410276</ele>
        <time>2023-11-25T16:44:05.297Z</time>
      </trkpt>
      <trkpt lat="40.043454" lon="18.162875">
        <ele>156.565311</ele>
        <time>2023-11-25T16:44:11.236Z</time>
      </trkpt>
      <trkpt lat="40.043402" lon="18.163213">
        <ele>156.905366</ele>
        <time>2023-11-25T16:44:22.112Z</time>
      </trkpt>
      <trkpt lat="40.043403" lon="18.163484">
        <ele>157.172672</ele>
        <time>2023-11-25T16:44:30.752Z</time>
      </trkpt>
      <trkpt lat="40.043399" lon="18.164025">
        <ele>157.706318</ele>
        <time>2023-11-25T16:44:48.417Z</time>
      </trkpt>
      <trkpt lat="40.043395" lon="18.164498">
        <ele>158.172894</ele>
        <time>2023-11-25T16:45:03.832Z</time>
      </trkpt>
      <trkpt lat="40.043391" lon="18.165154">
        <ele>158.820018</ele>
        <time>2023-11-25T16:45:25.207Z</time>
      </trkpt>
      <trkpt lat="40.043385" lon="18.165761">
        <ele>159.434163</ele>
        <time>2023-11-25T16:45:45.182Z</time>
      </trkpt>
      <trkpt lat="40.043378" lon="18.165833">
        <ele>159.507589</ele>
        <time>2023-11-25T16:45:47.614Z</time>
      </trkpt>
      <trkpt lat="40.043226" lon="18.166058">
        <ele>159.811174</ele>
        <time>2023-11-25T16:45:57.309Z</time>
      </trkpt>
      <trkpt lat="40.043098" lon="18.166232">
        <ele>160.055306</ele>
        <time>2023-11-25T16:46:05.193Z</time>
      </trkpt>
      <trkpt lat="40.042905" lon="18.166496">
        <ele>160.424610</ele>
        <time>2023-11-25T16:46:17.030Z</time>
      </trkpt>
      <trkpt lat="40.042780" lon="18.166714">
        <ele>160.700163</ele>
        <time>2023-11-25T16:46:25.925Z</time>
      </trkpt>
      <trkpt lat="40.042693" lon="18.166938">
        <ele>160.954279</ele>
        <time>2023-11-25T16:46:34.302Z</time>
      </trkpt>
      <trkpt lat="40.042521" lon="18.167389">
        <ele>161.152478</ele>
        <time>2023-11-25T16:46:50.473Z</time>
      </trkpt>
      <trkpt lat="40.042508" lon="18.167420">
        <ele>161.146844</ele>
        <time>2023-11-25T16:46:51.566Z</time>
      </trkpt>
      <trkpt lat="40.042322" lon="18.167824">
        <ele>161.071698</ele>
        <time>2023-11-25T16:47:05.878Z</time>
      </trkpt>
      <trkpt lat="40.042136" lon="18.168244">
        <ele>160.994356</ele>
        <time>2023-11-25T16:47:19.822Z</time>
      </trkpt>
      <trkpt lat="40.042046" lon="18.168435">
        <ele>160.958606</ele>
        <time>2023-11-25T16:47:25.926Z</time>
      </trkpt>
      <trkpt lat="40.042001" lon="18.168670">
        <ele>160.919993</ele>
        <time>2023-11-25T16:47:32.369Z</time>
      </trkpt>
      <trkpt lat="40.041994" lon="18.168712">
        <ele>160.913142</ele>
        <time>2023-11-25T16:47:33.494Z</time>
      </trkpt>
      <trkpt lat="40.041971" lon="18.168847">
        <ele>160.891096</ele>
        <time>2023-11-25T16:47:37.034Z</time>
      </trkpt>
      <trkpt lat="40.041559" lon="18.171349">
        <ele>157.935519</ele>
        <time>2023-11-25T16:48:39.496Z</time>
      </trkpt>
      <trkpt lat="40.041563" lon="18.171415">
        <ele>157.845240</ele>
        <time>2023-11-25T16:48:40.418Z</time>
      </trkpt>
      <trkpt lat="40.041479" lon="18.173453">
        <ele>155.143824</ele>
        <time>2023-11-25T16:49:07.957Z</time>
      </trkpt>
      <trkpt lat="40.041465" lon="18.173761">
        <ele>154.736539</ele>
        <time>2023-11-25T16:49:12.266Z</time>
      </trkpt>
      <trkpt lat="40.041239" lon="18.180316">
        <ele>149.922798</ele>
        <time>2023-11-25T16:50:50.865Z</time>
      </trkpt>
      <trkpt lat="40.041225" lon="18.180618">
        <ele>149.675060</ele>
        <time>2023-11-25T16:50:55.139Z</time>
      </trkpt>
      <trkpt lat="40.041206" lon="18.181043">
        <ele>149.318739</ele>
        <time>2023-11-25T16:51:01.104Z</time>
      </trkpt>
      <trkpt lat="40.041178" lon="18.181846">
        <ele>148.576955</ele>
        <time>2023-11-25T16:51:12.411Z</time>
      </trkpt>
      <trkpt lat="40.041136" lon="18.183102">
        <ele>147.416802</ele>
        <time>2023-11-25T16:51:30.453Z</time>
      </trkpt>
      <trkpt lat="40.040881" lon="18.185273">
        <ele>146.357657</ele>
        <time>2023-11-25T16:52:04.754Z</time>
      </trkpt>
      <trkpt lat="40.040884" lon="18.185347">
        <ele>146.325448</ele>
        <time>2023-11-25T16:52:05.916Z</time>
      </trkpt>
      <trkpt lat="40.040971" lon="18.186048">
        <ele>146.175023</ele>
        <time>2023-11-25T16:52:17.340Z</time>
      </trkpt>
      <trkpt lat="40.040979" lon="18.186153">
        <ele>146.169178</ele>
        <time>2023-11-25T16:52:19.108Z</time>
      </trkpt>
      <trkpt lat="40.041020" lon="18.186464">
        <ele>146.151695</ele>
        <time>2023-11-25T16:52:24.296Z</time>
      </trkpt>
      <trkpt lat="40.041056" lon="18.187673">
        <ele>146.084669</ele>
        <time>2023-11-25T16:52:44.905Z</time>
      </trkpt>
      <trkpt lat="40.041119" lon="18.188102">
        <ele>146.084425</ele>
        <time>2023-11-25T16:52:52.524Z</time>
      </trkpt>
      <trkpt lat="40.041149" lon="18.188757">
        <ele>146.163902</ele>
        <time>2023-11-25T16:53:04.212Z</time>
      </trkpt>
      <trkpt lat="40.041137" lon="18.189592">
        <ele>146.265058</ele>
        <time>2023-11-25T16:53:19.230Z</time>
      </trkpt>
      <trkpt lat="40.041356" lon="18.191641">
        <ele>146.296231</ele>
        <time>2023-11-25T16:53:54.379Z</time>
      </trkpt>
      <trkpt lat="40.041426" lon="18.191959">
        <ele>146.282391</ele>
        <time>2023-11-25T16:53:59.634Z</time>
      </trkpt>
      <trkpt lat="40.041757" lon="18.193740">
        <ele>146.641152</ele>
        <time>2023-11-25T16:54:31.112Z</time>
      </trkpt>
      <trkpt lat="40.042231" lon="18.196244">
        <ele>147.749682</ele>
        <time>2023-11-25T16:55:21.590Z</time>
      </trkpt>
      <trkpt lat="40.042335" lon="18.196781">
        <ele>148.033403</ele>
        <time>2023-11-25T16:55:32.129Z</time>
      </trkpt>
      <trkpt lat="40.042302" lon="18.198219">
        <ele>148.361685</ele>
        <time>2023-11-25T16:55:57.720Z</time>
      </trkpt>
      <trkpt lat="40.042302" lon="18.199914">
        <ele>148.542863</ele>
        <time>2023-11-25T16:56:26.613Z</time>
      </trkpt>
      <trkpt lat="40.042273" lon="18.201639">
        <ele>148.666815</ele>
        <time>2023-11-25T16:56:56.853Z</time>
      </trkpt>
      <trkpt lat="40.042266" lon="18.202153">
        <ele>148.728171</ele>
        <time>2023-11-25T16:57:05.694Z</time>
      </trkpt>
      <trkpt lat="40.042264" lon="18.202301">
        <ele>148.752216</ele>
        <time>2023-11-25T16:57:08.234Z</time>
      </trkpt>
      <trkpt lat="40.042259" lon="18.202732">
        <ele>148.822239</ele>
        <time>2023-11-25T16:57:15.518Z</time>
      </trkpt>
      <trkpt lat="40.042240" lon="18.204708">
        <ele>149.027782</ele>
        <time>2023-11-25T16:57:50.958Z</time>
      </trkpt>
      <trkpt lat="40.042232" lon="18.205531">
        <ele>148.961552</ele>
        <time>2023-11-25T16:58:05.509Z</time>
      </trkpt>
      <trkpt lat="40.042225" lon="18.206358">
        <ele>148.895001</ele>
        <time>2023-11-25T16:58:19.642Z</time>
      </trkpt>
      <trkpt lat="40.042201" lon="18.209116">
        <ele>145.847422</ele>
        <time>2023-11-25T16:58:58.978Z</time>
      </trkpt>
      <trkpt lat="40.042247" lon="18.209976">
        <ele>143.099966</ele>
        <time>2023-11-25T16:59:18.790Z</time>
      </trkpt>
      <trkpt lat="40.042245" lon="18.210358">
        <ele>141.882524</ele>
        <time>2023-11-25T16:59:27.038Z</time>
      </trkpt>
      <trkpt lat="40.042275" lon="18.210759">
        <ele>140.598471</ele>
        <time>2023-11-25T16:59:35.416Z</time>
      </trkpt>
      <trkpt lat="40.042265" lon="18.210804">
        <ele>140.449139</ele>
        <time>2023-11-25T16:59:36.388Z</time>
      </trkpt>
      <trkpt lat="40.042159" lon="18.210852">
        <ele>139.982114</ele>
        <time>2023-11-25T16:59:39.361Z</time>
      </trkpt>
      <trkpt lat="40.041880" lon="18.210824">
        <ele>138.715198</ele>
        <time>2023-11-25T16:59:46.699Z</time>
      </trkpt>
      <trkpt lat="40.041848" lon="18.210926">
        <ele>138.091795</ele>
        <time>2023-11-25T16:59:48.884Z</time>
      </trkpt>
      <trkpt lat="40.041929" lon="18.211401">
        <ele>135.339665</ele>
        <time>2023-11-25T16:59:58.558Z</time>
      </trkpt>
      <trkpt lat="40.041777" lon="18.211708">
        <ele>133.272024</ele>
        <time>2023-11-25T17:00:05.784Z</time>
      </trkpt>
      <trkpt lat="40.041733" lon="18.211850">
        <ele>132.405678</ele>
        <time>2023-11-25T17:00:08.819Z</time>
      </trkpt>
      <trkpt lat="40.041727" lon="18.212008">
        <ele>131.511030</ele>
        <time>2023-11-25T17:00:11.950Z</time>
      </trkpt>
      <trkpt lat="40.041747" lon="18.212126">
        <ele>130.827537</ele>
        <time>2023-11-25T17:00:14.301Z</time>
      </trkpt>
      <trkpt lat="40.041817" lon="18.212227">
        <ele>130.057051</ele>
        <time>2023-11-25T17:00:16.985Z</time>
      </trkpt>
      <trkpt lat="40.042104" lon="18.212382">
        <ele>127.762888</ele>
        <time>2023-11-25T17:00:25.002Z</time>
      </trkpt>
      <trkpt lat="40.042406" lon="18.212452">
        <ele>125.504529</ele>
        <time>2023-11-25T17:00:32.679Z</time>
      </trkpt>
      <trkpt lat="40.042682" lon="18.212480">
        <ele>123.551075</ele>
        <time>2023-11-25T17:00:39.620Z</time>
      </trkpt>
      <trkpt lat="40.042803" lon="18.212539">
        <ele>122.639691</ele>
        <time>2023-11-25T17:00:42.848Z</time>
      </trkpt>
      <trkpt lat="40.042937" lon="18.212749">
        <ele>121.162838</ele>
        <time>2023-11-25T17:00:48.192Z</time>
      </trkpt>
      <trkpt lat="40.043060" lon="18.213084">
        <ele>119.155739</ele>
        <time>2023-11-25T17:00:55.469Z</time>
      </trkpt>
      <trkpt lat="40.043183" lon="18.213200">
        <ele>118.085214</ele>
        <time>2023-11-25T17:00:57.915Z</time>
      </trkpt>
      <trkpt lat="40.043230" lon="18.213244">
        <ele>117.677178</ele>
        <time>2023-11-25T17:00:58.860Z</time>
      </trkpt>
      <trkpt lat="40.043612" lon="18.213726">
        <ele>113.929371</ele>
        <time>2023-11-25T17:01:07.664Z</time>
      </trkpt>
      <trkpt lat="40.043748" lon="18.213801">
        <ele>112.923718</ele>
        <time>2023-11-25T17:01:10.121Z</time>
      </trkpt>
      <trkpt lat="40.043967" lon="18.213842">
        <ele>112.044359</ele>
        <time>2023-11-25T17:01:13.848Z</time>
      </trkpt>
      <trkpt lat="40.044432" lon="18.214382">
        <ele>109.571321</ele>
        <time>2023-11-25T17:01:24.560Z</time>
      </trkpt>
      <trkpt lat="40.044553" lon="18.214559">
        <ele>108.849259</ele>
        <time>2023-11-25T17:01:27.756Z</time>
      </trkpt>
      <trkpt lat="40.044988" lon="18.215354">
        <ele>105.875840</ele>
        <time>2023-11-25T17:01:41.812Z</time>
      </trkpt>
      <trkpt lat="40.044930" lon="18.215468">
        <ele>105.662274</ele>
        <time>2023-11-25T17:01:43.656Z</time>
      </trkpt>
      <trkpt lat="40.044737" lon="18.215699">
        <ele>105.205478</ele>
        <time>2023-11-25T17:01:48.301Z</time>
      </trkpt>
      <trkpt lat="40.044289" lon="18.216173">
        <ele>104.199416</ele>
        <time>2023-11-25T17:01:58.941Z</time>
      </trkpt>
      <trkpt lat="40.042688" lon="18.217357">
        <ele>100.562148</ele>
        <time>2023-11-25T17:02:32.315Z</time>
      </trkpt>
      <trkpt lat="40.042562" lon="18.217585">
        <ele>100.091815</ele>
        <time>2023-11-25T17:02:35.935Z</time>
      </trkpt>
      <trkpt lat="40.042495" lon="18.217942">
        <ele>99.477012</ele>
        <time>2023-11-25T17:02:40.598Z</time>
      </trkpt>
      <trkpt lat="40.042471" lon="18.218492">
        <ele>98.547429</ele>
        <time>2023-11-25T17:02:47.582Z</time>
      </trkpt>
      <trkpt lat="40.042405" lon="18.218913">
        <ele>97.798914</ele>
        <time>2023-11-25T17:02:53.055Z</time>
      </trkpt>
      <trkpt lat="40.042337" lon="18.219176">
        <ele>97.315401</ele>
        <time>2023-11-25T17:02:56.611Z</time>
      </trkpt>
      <trkpt lat="40.042206" lon="18.219390">
        <ele>96.838146</ele>
        <time>2023-11-25T17:03:00.190Z</time>
      </trkpt>
      <trkpt lat="40.042018" lon="18.219540">
        <ele>96.336930</ele>
        <time>2023-11-25T17:03:03.902Z</time>
      </trkpt>
      <trkpt lat="40.041471" lon="18.219617">
        <ele>95.085204</ele>
        <time>2023-11-25T17:03:13.448Z</time>
      </trkpt>
      <trkpt lat="40.041170" lon="18.219554">
        <ele>94.641894</ele>
        <time>2023-11-25T17:03:19.087Z</time>
      </trkpt>
      <trkpt lat="40.040853" lon="18.219600">
        <ele>94.591754</ele>
        <time>2023-11-25T17:03:25.332Z</time>
      </trkpt>
      <trkpt lat="40.040669" lon="18.219768">
        <ele>94.556463</ele>
        <time>2023-11-25T17:03:30.003Z</time>
      </trkpt>
      <trkpt lat="40.040446" lon="18.220031">
        <ele>94.509232</ele>
        <time>2023-11-25T17:03:36.769Z</time>
      </trkpt>
      <trkpt lat="40.039703" lon="18.220999">
        <ele>94.481389</ele>
        <time>2023-11-25T17:04:02.509Z</time>
      </trkpt>
      <trkpt lat="40.038783" lon="18.222094">
        <ele>95.087684</ele>
        <time>2023-11-25T17:04:33.087Z</time>
      </trkpt>
      <trkpt lat="40.038674" lon="18.222247">
        <ele>95.165626</ele>
        <time>2023-11-25T17:04:36.884Z</time>
      </trkpt>
      <trkpt lat="40.037429" lon="18.223770">
        <ele>95.401776</ele>
        <time>2023-11-25T17:05:15.883Z</time>
      </trkpt>
      <trkpt lat="40.037267" lon="18.223961">
        <ele>95.422949</ele>
        <time>2023-11-25T17:05:20.598Z</time>
      </trkpt>
      <trkpt lat="40.037007" lon="18.224273">
        <ele>95.345878</ele>
        <time>2023-11-25T17:05:28.194Z</time>
      </trkpt>
      <trkpt lat="40.036939" lon="18.224335">
        <ele>95.322871</ele>
        <time>2023-11-25T17:05:29.984Z</time>
      </trkpt>
      <trkpt lat="40.036224" lon="18.225171">
        <ele>95.056637</ele>
        <time>2023-11-25T17:05:50.340Z</time>
      </trkpt>
      <trkpt lat="40.035301" lon="18.226319">
        <ele>94.397764</ele>
        <time>2023-11-25T17:06:16.413Z</time>
      </trkpt>
      <trkpt lat="40.034798" lon="18.226673">
        <ele>94.025436</ele>
        <time>2023-11-25T17:06:27.904Z</time>
      </trkpt>
      <trkpt lat="40.034737" lon="18.226732">
        <ele>93.975973</ele>
        <time>2023-11-25T17:06:29.412Z</time>
      </trkpt>
      <trkpt lat="40.034726" lon="18.226743">
        <ele>93.966945</ele>
        <time>2023-11-25T17:06:29.685Z</time>
      </trkpt>
      <trkpt lat="40.033560" lon="18.227830">
        <ele>93.004148</ele>
        <time>2023-11-25T17:06:58.115Z</time>
      </trkpt>
      <trkpt lat="40.033257" lon="18.228241">
        <ele>92.707962</ele>
        <time>2023-11-25T17:07:06.954Z</time>
      </trkpt>
      <trkpt lat="40.033114" lon="18.228483">
        <ele>92.549271</ele>
        <time>2023-11-25T17:07:11.745Z</time>
      </trkpt>
      <trkpt lat="40.032872" lon="18.228522">
        <ele>92.411109</ele>
        <time>2023-11-25T17:07:20.280Z</time>
      </trkpt>
      <trkpt lat="40.032248" lon="18.228508">
        <ele>92.062656</ele>
        <time>2023-11-25T17:07:42.175Z</time>
      </trkpt>
      <trkpt lat="40.030585" lon="18.228247">
        <ele>91.420162</ele>
        <time>2023-11-25T17:08:40.806Z</time>
      </trkpt>
      <trkpt lat="40.030442" lon="18.228202">
        <ele>91.397227</ele>
        <time>2023-11-25T17:08:45.897Z</time>
      </trkpt>
      <trkpt lat="40.030297" lon="18.228158">
        <ele>91.374015</ele>
        <time>2023-11-25T17:08:51.107Z</time>
      </trkpt>
      <trkpt lat="40.029215" lon="18.227988">
        <ele>91.636469</ele>
        <time>2023-11-25T17:09:33.027Z</time>
      </trkpt>
      <trkpt lat="40.028639" lon="18.227960">
        <ele>92.339099</ele>
        <time>2023-11-25T17:09:56.937Z</time>
      </trkpt>
      <trkpt lat="40.028576" lon="18.227895">
        <ele>92.436971</ele>
        <time>2023-11-25T17:10:00.645Z</time>
      </trkpt>
      <trkpt lat="40.028550" lon="18.227831">
        <ele>92.504596</ele>
        <time>2023-11-25T17:10:03.256Z</time>
      </trkpt>
      <trkpt lat="40.028564" lon="18.227080">
        <ele>93.205800</ele>
        <time>2023-11-25T17:10:27.806Z</time>
      </trkpt>
      <trkpt lat="40.028514" lon="18.226915">
        <ele>93.371436</ele>
        <time>2023-11-25T17:10:34.301Z</time>
      </trkpt>
      <trkpt lat="40.028248" lon="18.227058">
        <ele>93.744389</ele>
        <time>2023-11-25T17:10:46.615Z</time>
      </trkpt>
      <trkpt lat="40.027512" lon="18.227346">
        <ele>94.756543</ele>
        <time>2023-11-25T17:11:20.513Z</time>
      </trkpt>
      <trkpt lat="40.026958" lon="18.227645">
        <ele>95.546221</ele>
        <time>2023-11-25T17:11:44.962Z</time>
      </trkpt>
      <trkpt lat="40.026120" lon="18.227954">
        <ele>96.240244</ele>
        <time>2023-11-25T17:12:19.493Z</time>
      </trkpt>
      <trkpt lat="40.024828" lon="18.228312">
        <ele>97.210641</ele>
        <time>2023-11-25T17:13:10.791Z</time>
      </trkpt>
      <trkpt lat="40.023722" lon="18.228898">
        <ele>98.781802</ele>
        <time>2023-11-25T17:14:02.239Z</time>
      </trkpt>
      <trkpt lat="40.023569" lon="18.228908">
        <ele>98.983456</ele>
        <time>2023-11-25T17:14:08.799Z</time>
      </trkpt>
      <trkpt lat="40.023018" lon="18.228826">
        <ele>99.423980</ele>
        <time>2023-11-25T17:14:33.077Z</time>
      </trkpt>
      <trkpt lat="40.022837" lon="18.228831">
        <ele>99.482483</ele>
        <time>2023-11-25T17:14:41.110Z</time>
      </trkpt>
      <trkpt lat="40.021892" lon="18.228994">
        <ele>99.790510</ele>
        <time>2023-11-25T17:15:19.131Z</time>
      </trkpt>
      <trkpt lat="40.021844" lon="18.228908">
        <ele>99.816845</ele>
        <time>2023-11-25T17:15:21.249Z</time>
      </trkpt>
      <trkpt lat="40.021637" lon="18.229086">
        <ele>99.896938</ele>
        <time>2023-11-25T17:15:25.645Z</time>
      </trkpt>
      <trkpt lat="40.021580" lon="18.229135">
        <ele>99.843724</ele>
        <time>2023-11-25T17:15:26.941Z</time>
      </trkpt>
      <trkpt lat="40.021485" lon="18.229216">
        <ele>99.534054</ele>
        <time>2023-11-25T17:15:28.969Z</time>
      </trkpt>
      <trkpt lat="40.021024" lon="18.229583">
        <ele>98.060414</ele>
        <time>2023-11-25T17:15:37.783Z</time>
      </trkpt>
      <trkpt lat="40.020870" lon="18.229720">
        <ele>97.551815</ele>
        <time>2023-11-25T17:15:40.941Z</time>
      </trkpt>
      <trkpt lat="40.020849" lon="18.229739">
        <ele>97.482084</ele>
        <time>2023-11-25T17:15:41.347Z</time>
      </trkpt>
      <trkpt lat="40.020765" lon="18.229892">
        <ele>97.088593</ele>
        <time>2023-11-25T17:15:43.617Z</time>
      </trkpt>
      <trkpt lat="40.020723" lon="18.230059">
        <ele>96.721190</ele>
        <time>2023-11-25T17:15:45.960Z</time>
      </trkpt>
      <trkpt lat="40.020740" lon="18.230299">
        <ele>96.217402</ele>
        <time>2023-11-25T17:15:48.847Z</time>
      </trkpt>
      <trkpt lat="40.020902" lon="18.231109">
        <ele>94.702065</ele>
        <time>2023-11-25T17:15:59.240Z</time>
      </trkpt>
      <trkpt lat="40.020926" lon="18.231235">
        <ele>94.549794</ele>
        <time>2023-11-25T17:16:00.857Z</time>
      </trkpt>
      <trkpt lat="40.021296" lon="18.233081">
        <ele>92.311945</ele>
        <time>2023-11-25T17:16:28.140Z</time>
      </trkpt>
      <trkpt lat="40.021309" lon="18.233218">
        <ele>92.246977</ele>
        <time>2023-11-25T17:16:30.630Z</time>
      </trkpt>
      <trkpt lat="40.021299" lon="18.233642">
        <ele>92.244941</ele>
        <time>2023-11-25T17:16:38.302Z</time>
      </trkpt>
      <trkpt lat="40.021078" lon="18.236356">
        <ele>92.640767</ele>
        <time>2023-11-25T17:17:25.950Z</time>
      </trkpt>
      <trkpt lat="40.021018" lon="18.236362">
        <ele>92.676584</ele>
        <time>2023-11-25T17:17:27.378Z</time>
      </trkpt>
      <trkpt lat="40.020443" lon="18.236442">
        <ele>93.020760</ele>
        <time>2023-11-25T17:17:42.206Z</time>
      </trkpt>
      <trkpt lat="40.019549" lon="18.236590">
        <ele>94.511649</ele>
        <time>2023-11-25T17:18:20.671Z</time>
      </trkpt>
      <trkpt lat="40.019488" lon="18.236630">
        <ele>94.707105</ele>
        <time>2023-11-25T17:18:23.920Z</time>
      </trkpt>
      <trkpt lat="40.019482" lon="18.236781">
        <ele>95.038674</ele>
        <time>2023-11-25T17:18:29.612Z</time>
      </trkpt>
      <trkpt lat="40.019547" lon="18.237397">
        <ele>96.402245</ele>
        <time>2023-11-25T17:18:53.476Z</time>
      </trkpt>
      <trkpt lat="40.019604" lon="18.237939">
        <ele>97.601935</ele>
        <time>2023-11-25T17:19:08.681Z</time>
      </trkpt>
      <trkpt lat="40.019647" lon="18.238443">
        <ele>98.737946</ele>
        <time>2023-11-25T17:19:23.094Z</time>
      </trkpt>
      <trkpt lat="40.019682" lon="18.238805">
        <ele>99.612666</ele>
        <time>2023-11-25T17:19:33.755Z</time>
      </trkpt>
      <trkpt lat="40.019747" lon="18.239340">
        <ele>100.911273</ele>
        <time>2023-11-25T17:19:49.608Z</time>
      </trkpt>
      <trkpt lat="40.019722" lon="18.239379">
        <ele>101.033199</ele>
        <time>2023-11-25T17:19:51.187Z</time>
      </trkpt>
      <trkpt lat="40.019790" lon="18.239904">
        <ele>102.309667</ele>
        <time>2023-11-25T17:20:06.043Z</time>
      </trkpt>
      <trkpt lat="40.019795" lon="18.239935">
        <ele>102.385614</ele>
        <time>2023-11-25T17:20:06.892Z</time>
      </trkpt>
      <trkpt lat="40.019808" lon="18.240123">
        <ele>102.838143</ele>
        <time>2023-11-25T17:20:12.700Z</time>
      </trkpt>
      <trkpt lat="40.019610" lon="18.240131">
        <ele>103.458256</ele>
        <time>2023-11-25T17:20:20.653Z</time>
      </trkpt>
      <trkpt lat="40.019594" lon="18.240131">
        <ele>103.508343</ele>
        <time>2023-11-25T17:20:21.238Z</time>
      </trkpt>
      <trkpt lat="40.019421" lon="18.240138">
        <ele>104.050159</ele>
        <time>2023-11-25T17:20:27.462Z</time>
      </trkpt>
      <trkpt lat="40.019265" lon="18.240155">
        <ele>104.114616</ele>
        <time>2023-11-25T17:20:33.056Z</time>
      </trkpt>
      <trkpt lat="40.019031" lon="18.240180">
        <ele>104.158867</ele>
        <time>2023-11-25T17:20:40.438Z</time>
      </trkpt>
      <trkpt lat="40.018767" lon="18.240210">
        <ele>104.208813</ele>
        <time>2023-11-25T17:20:46.566Z</time>
      </trkpt>
      <trkpt lat="40.018280" lon="18.240322">
        <ele>104.302015</ele>
        <time>2023-11-25T17:20:57.334Z</time>
      </trkpt>
      <trkpt lat="40.017802" lon="18.240436">
        <ele>104.393598</ele>
        <time>2023-11-25T17:21:07.525Z</time>
      </trkpt>
      <trkpt lat="40.017293" lon="18.240563">
        <ele>104.235674</ele>
        <time>2023-11-25T17:21:17.706Z</time>
      </trkpt>
      <trkpt lat="40.016641" lon="18.240723">
        <ele>103.868379</ele>
        <time>2023-11-25T17:21:30.627Z</time>
      </trkpt>
      <trkpt lat="40.016001" lon="18.240873">
        <ele>103.508384</ele>
        <time>2023-11-25T17:21:44.221Z</time>
      </trkpt>
      <trkpt lat="40.015915" lon="18.240893">
        <ele>103.460021</ele>
        <time>2023-11-25T17:21:46.157Z</time>
      </trkpt>
      <trkpt lat="40.015335" lon="18.241030">
        <ele>102.847932</ele>
        <time>2023-11-25T17:21:59.438Z</time>
      </trkpt>
      <trkpt lat="40.014810" lon="18.241151">
        <ele>102.268644</ele>
        <time>2023-11-25T17:22:10.183Z</time>
      </trkpt>
      <trkpt lat="40.014088" lon="18.241322">
        <ele>101.462647</ele>
        <time>2023-11-25T17:22:23.257Z</time>
      </trkpt>
      <trkpt lat="40.014035" lon="18.240916">
        <ele>100.503533</ele>
        <time>2023-11-25T17:22:28.833Z</time>
      </trkpt>
      <trkpt lat="40.013993" lon="18.240634">
        <ele>99.834518</ele>
        <time>2023-11-25T17:22:32.605Z</time>
      </trkpt>
      <trkpt lat="40.013874" lon="18.239714">
        <ele>97.661709</ele>
        <time>2023-11-25T17:22:44.502Z</time>
      </trkpt>
      <trkpt lat="40.013591" lon="18.237795">
        <ele>94.306522</ele>
        <time>2023-11-25T17:23:10.631Z</time>
      </trkpt>
      <trkpt lat="40.013378" lon="18.237336">
        <ele>93.572707</ele>
        <time>2023-11-25T17:23:18.932Z</time>
      </trkpt>
      <trkpt lat="40.013218" lon="18.236667">
        <ele>92.814210</ele>
        <time>2023-11-25T17:23:30.306Z</time>
      </trkpt>
      <trkpt lat="40.013212" lon="18.236449">
        <ele>92.843965</ele>
        <time>2023-11-25T17:23:34.101Z</time>
      </trkpt>
      <trkpt lat="40.013270" lon="18.236032">
        <ele>92.901775</ele>
        <time>2023-11-25T17:23:41.793Z</time>
      </trkpt>
      <trkpt lat="40.013126" lon="18.235335">
        <ele>93.000246</ele>
        <time>2023-11-25T17:23:55.880Z</time>
      </trkpt>
      <trkpt lat="40.013089" lon="18.235198">
        <ele>93.020061</ele>
        <time>2023-11-25T17:23:58.677Z</time>
      </trkpt>
      <trkpt lat="40.012499" lon="18.235399">
        <ele>93.120961</ele>
        <time>2023-11-25T17:24:22.174Z</time>
      </trkpt>
      <trkpt lat="40.011398" lon="18.235970">
        <ele>93.199292</ele>
        <time>2023-11-25T17:25:06.479Z</time>
      </trkpt>
      <trkpt lat="40.011336" lon="18.236024">
        <ele>93.204220</ele>
        <time>2023-11-25T17:25:09.238Z</time>
      </trkpt>
      <trkpt lat="40.011186" lon="18.236227">
        <ele>93.218504</ele>
        <time>2023-11-25T17:25:17.227Z</time>
      </trkpt>
      <trkpt lat="40.011103" lon="18.236299">
        <ele>93.225093</ele>
        <time>2023-11-25T17:25:20.861Z</time>
      </trkpt>
      <trkpt lat="40.010711" lon="18.236517">
        <ele>93.184490</ele>
        <time>2023-11-25T17:25:36.370Z</time>
      </trkpt>
      <trkpt lat="40.010617" lon="18.236553">
        <ele>93.166112</ele>
        <time>2023-11-25T17:25:39.910Z</time>
      </trkpt>
      <trkpt lat="40.010499" lon="18.236548">
        <ele>93.143962</ele>
        <time>2023-11-25T17:25:44.223Z</time>
      </trkpt>
      <trkpt lat="40.010193" lon="18.236494">
        <ele>93.086032</ele>
        <time>2023-11-25T17:25:55.415Z</time>
      </trkpt>
      <trkpt lat="40.009728" lon="18.236700">
        <ele>92.993909</ele>
        <time>2023-11-25T17:26:13.087Z</time>
      </trkpt>
      <trkpt lat="40.009280" lon="18.236941">
        <ele>92.903005</ele>
        <time>2023-11-25T17:26:30.477Z</time>
      </trkpt>
      <trkpt lat="40.008930" lon="18.237134">
        <ele>92.996864</ele>
        <time>2023-11-25T17:26:44.463Z</time>
      </trkpt>
      <trkpt lat="40.008735" lon="18.237198">
        <ele>93.053274</ele>
        <time>2023-11-25T17:26:52.102Z</time>
      </trkpt>
      <trkpt lat="40.008578" lon="18.237215">
        <ele>93.097472</ele>
        <time>2023-11-25T17:26:58.180Z</time>
      </trkpt>
      <trkpt lat="40.007711" lon="18.237242">
        <ele>93.340781</ele>
        <time>2023-11-25T17:27:32.138Z</time>
      </trkpt>
      <trkpt lat="40.007565" lon="18.237129">
        <ele>93.388399</ele>
        <time>2023-11-25T17:27:38.695Z</time>
      </trkpt>
      <trkpt lat="40.007399" lon="18.236867">
        <ele>93.498470</ele>
        <time>2023-11-25T17:27:48.742Z</time>
      </trkpt>
      <trkpt lat="40.007212" lon="18.236764">
        <ele>93.591156</ele>
        <time>2023-11-25T17:27:56.617Z</time>
      </trkpt>
      <trkpt lat="40.007096" lon="18.236749">
        <ele>93.644389</ele>
        <time>2023-11-25T17:28:01.065Z</time>
      </trkpt>
      <trkpt lat="40.006809" lon="18.236712">
        <ele>93.776090</ele>
        <time>2023-11-25T17:28:12.326Z</time>
      </trkpt>
      <trkpt lat="40.006594" lon="18.236710">
        <ele>93.874276</ele>
        <time>2023-11-25T17:28:20.659Z</time>
      </trkpt>
      <trkpt lat="40.006276" lon="18.236781">
        <ele>94.021605</ele>
        <time>2023-11-25T17:28:33.389Z</time>
      </trkpt>
      <trkpt lat="40.005904" lon="18.236987">
        <ele>94.206136</ele>
        <time>2023-11-25T17:28:49.168Z</time>
      </trkpt>
      <trkpt lat="40.005651" lon="18.236984">
        <ele>94.248387</ele>
        <time>2023-11-25T17:28:58.892Z</time>
      </trkpt>
      <trkpt lat="40.005448" lon="18.236908">
        <ele>94.272539</ele>
        <time>2023-11-25T17:29:06.864Z</time>
      </trkpt>
      <trkpt lat="40.004895" lon="18.237024">
        <ele>94.336597</ele>
        <time>2023-11-25T17:29:27.788Z</time>
      </trkpt>
      <trkpt lat="40.004134" lon="18.237324">
        <ele>94.427513</ele>
        <time>2023-11-25T17:29:57.513Z</time>
      </trkpt>
      <trkpt lat="40.004063" lon="18.237423">
        <ele>94.421764</ele>
        <time>2023-11-25T17:30:01.318Z</time>
      </trkpt>
      <trkpt lat="40.003993" lon="18.237597">
        <ele>94.407964</ele>
        <time>2023-11-25T17:30:06.830Z</time>
      </trkpt>
      <trkpt lat="40.003944" lon="18.237650">
        <ele>94.402131</ele>
        <time>2023-11-25T17:30:09.148Z</time>
      </trkpt>
      <trkpt lat="40.003702" lon="18.237644">
        <ele>94.379943</ele>
        <time>2023-11-25T17:30:17.870Z</time>
      </trkpt>
      <trkpt lat="40.003573" lon="18.237660">
        <ele>94.368065</ele>
        <time>2023-11-25T17:30:22.500Z</time>
      </trkpt>
      <trkpt lat="40.003477" lon="18.237671">
        <ele>94.359231</ele>
        <time>2023-11-25T17:30:25.976Z</time>
      </trkpt>
      <trkpt lat="40.002757" lon="18.238016">
        <ele>94.288925</ele>
        <time>2023-11-25T17:30:54.139Z</time>
      </trkpt>
      <trkpt lat="40.002172" lon="18.238163">
        <ele>94.288671</ele>
        <time>2023-11-25T17:31:16.266Z</time>
      </trkpt>
      <trkpt lat="40.001798" lon="18.238229">
        <ele>94.315902</ele>
        <time>2023-11-25T17:31:30.306Z</time>
      </trkpt>
      <trkpt lat="40.001312" lon="18.238415">
        <ele>94.352444</ele>
        <time>2023-11-25T17:31:49.411Z</time>
      </trkpt>
      <trkpt lat="39.999993" lon="18.238912">
        <ele>94.278164</ele>
        <time>2023-11-25T17:32:40.588Z</time>
      </trkpt>
      <trkpt lat="39.999991" lon="18.238912">
        <ele>94.277869</ele>
        <time>2023-11-25T17:32:40.645Z</time>
      </trkpt>
      <trkpt lat="39.999885" lon="18.239025">
        <ele>94.257711</ele>
        <time>2023-11-25T17:32:45.542Z</time>
      </trkpt>
      <trkpt lat="39.999612" lon="18.239596">
        <ele>94.181763</ele>
        <time>2023-11-25T17:33:03.887Z</time>
      </trkpt>
      <trkpt lat="39.999524" lon="18.239684">
        <ele>94.165434</ele>
        <time>2023-11-25T17:33:07.855Z</time>
      </trkpt>
      <trkpt lat="39.999280" lon="18.239765">
        <ele>94.128976</ele>
        <time>2023-11-25T17:33:17.024Z</time>
      </trkpt>
      <trkpt lat="39.998792" lon="18.239882">
        <ele>94.093232</ele>
        <time>2023-11-25T17:33:35.050Z</time>
      </trkpt>
      <trkpt lat="39.998505" lon="18.239961">
        <ele>94.072102</ele>
        <time>2023-11-25T17:33:45.799Z</time>
      </trkpt>
      <trkpt lat="39.998436" lon="18.240024">
        <ele>94.066036</ele>
        <time>2023-11-25T17:33:48.916Z</time>
      </trkpt>
      <trkpt lat="39.998211" lon="18.240764">
        <ele>94.022099</ele>
        <time>2023-11-25T17:34:11.532Z</time>
      </trkpt>
      <trkpt lat="39.998141" lon="18.240870">
        <ele>94.014375</ele>
        <time>2023-11-25T17:34:15.464Z</time>
      </trkpt>
      <trkpt lat="39.997363" lon="18.241750">
        <ele>93.975003</ele>
        <time>2023-11-25T17:34:53.752Z</time>
      </trkpt>
      <trkpt lat="39.997172" lon="18.242012">
        <ele>93.966658</ele>
        <time>2023-11-25T17:35:03.974Z</time>
      </trkpt>
      <trkpt lat="39.996665" lon="18.242358">
        <ele>93.949425</ele>
        <time>2023-11-25T17:35:16.940Z</time>
      </trkpt>
      <trkpt lat="39.996520" lon="18.242433">
        <ele>93.960606</ele>
        <time>2023-11-25T17:35:20.478Z</time>
      </trkpt>
      <trkpt lat="39.995526" lon="18.243125">
        <ele>94.418026</ele>
        <time>2023-11-25T17:35:46.927Z</time>
      </trkpt>
      <trkpt lat="39.994843" lon="18.243399">
        <ele>94.795461</ele>
        <time>2023-11-25T17:36:06.200Z</time>
      </trkpt>
      <trkpt lat="39.994509" lon="18.243493">
        <ele>95.312634</ele>
        <time>2023-11-25T17:36:15.924Z</time>
      </trkpt>
      <trkpt lat="39.994401" lon="18.243492">
        <ele>95.476111</ele>
        <time>2023-11-25T17:36:19.065Z</time>
      </trkpt>
      <trkpt lat="39.993799" lon="18.243485">
        <ele>96.387359</ele>
        <time>2023-11-25T17:36:36.816Z</time>
      </trkpt>
      <trkpt lat="39.993271" lon="18.243382">
        <ele>97.195436</ele>
        <time>2023-11-25T17:36:53.080Z</time>
      </trkpt>
      <trkpt lat="39.992215" lon="18.243128">
        <ele>98.720233</ele>
        <time>2023-11-25T17:37:25.106Z</time>
      </trkpt>
      <trkpt lat="39.991859" lon="18.243120">
        <ele>99.221075</ele>
        <time>2023-11-25T17:37:35.043Z</time>
      </trkpt>
      <trkpt lat="39.991847" lon="18.244284">
        <ele>100.475268</ele>
        <time>2023-11-25T17:37:58.648Z</time>
      </trkpt>
      <trkpt lat="39.991906" lon="18.245423">
        <ele>101.704777</ele>
        <time>2023-11-25T17:38:22.799Z</time>
      </trkpt>
      <trkpt lat="39.991356" lon="18.245592">
        <ele>102.528908</ele>
        <time>2023-11-25T17:38:39.167Z</time>
      </trkpt>
      <trkpt lat="39.990942" lon="18.245735">
        <ele>103.559395</ele>
        <time>2023-11-25T17:38:51.736Z</time>
      </trkpt>
      <trkpt lat="39.990520" lon="18.245869">
        <ele>104.604457</ele>
        <time>2023-11-25T17:39:04.951Z</time>
      </trkpt>
      <trkpt lat="39.990227" lon="18.245970">
        <ele>105.333667</ele>
        <time>2023-11-25T17:39:14.652Z</time>
      </trkpt>
      <trkpt lat="39.989640" lon="18.246170">
        <ele>106.800279</ele>
        <time>2023-11-25T17:39:35.302Z</time>
      </trkpt>
      <trkpt lat="39.989299" lon="18.246301">
        <ele>108.357561</ele>
        <time>2023-11-25T17:39:48.068Z</time>
      </trkpt>
      <trkpt lat="39.989235" lon="18.246357">
        <ele>108.695121</ele>
        <time>2023-11-25T17:39:50.853Z</time>
      </trkpt>
      <trkpt lat="39.989040" lon="18.246336">
        <ele>109.552316</ele>
        <time>2023-11-25T17:39:58.171Z</time>
      </trkpt>
      <trkpt lat="39.988812" lon="18.246315">
        <ele>110.553664</ele>
        <time>2023-11-25T17:40:06.997Z</time>
      </trkpt>
      <trkpt lat="39.988608" lon="18.246310">
        <ele>111.447543</ele>
        <time>2023-11-25T17:40:15.228Z</time>
      </trkpt>
      <trkpt lat="39.988260" lon="18.246301">
        <ele>112.972425</ele>
        <time>2023-11-25T17:40:29.910Z</time>
      </trkpt>
      <trkpt lat="39.988131" lon="18.246339">
        <ele>113.551787</ele>
        <time>2023-11-25T17:40:35.609Z</time>
      </trkpt>
      <trkpt lat="39.987683" lon="18.246644">
        <ele>115.815763</ele>
        <time>2023-11-25T17:40:58.400Z</time>
      </trkpt>
      <trkpt lat="39.987230" lon="18.246959">
        <ele>118.167294</ele>
        <time>2023-11-25T17:41:21.617Z</time>
      </trkpt>
      <trkpt lat="39.987006" lon="18.247068">
        <ele>119.262525</ele>
        <time>2023-11-25T17:41:31.701Z</time>
      </trkpt>
      <trkpt lat="39.986349" lon="18.247215">
        <ele>122.316392</ele>
        <time>2023-11-25T17:41:57.219Z</time>
      </trkpt>
      <trkpt lat="39.986252" lon="18.247226">
        <ele>122.762459</ele>
        <time>2023-11-25T17:42:00.675Z</time>
      </trkpt>
      <trkpt lat="39.986020" lon="18.247248">
        <ele>123.115325</ele>
        <time>2023-11-25T17:42:08.195Z</time>
      </trkpt>
      <trkpt lat="39.985778" lon="18.247234">
        <ele>123.367930</ele>
        <time>2023-11-25T17:42:15.961Z</time>
      </trkpt>
      <trkpt lat="39.985667" lon="18.246820">
        <ele>123.718383</ele>
        <time>2023-11-25T17:42:26.037Z</time>
      </trkpt>
      <trkpt lat="39.985147" lon="18.247019">
        <ele>124.283469</ele>
        <time>2023-11-25T17:42:44.370Z</time>
      </trkpt>
      <trkpt lat="39.984900" lon="18.247145">
        <ele>124.560017</ele>
        <time>2023-11-25T17:42:52.002Z</time>
      </trkpt>
      <trkpt lat="39.984827" lon="18.247205">
        <ele>124.649979</ele>
        <time>2023-11-25T17:42:54.328Z</time>
      </trkpt>
      <trkpt lat="39.984829" lon="18.247293">
        <ele>124.720323</ele>
        <time>2023-11-25T17:42:55.889Z</time>
      </trkpt>
      <trkpt lat="39.984851" lon="18.247283">
        <ele>124.744616</ele>
        <time>2023-11-25T17:42:56.417Z</time>
      </trkpt>
      <trkpt lat="39.984905" lon="18.247569">
        <ele>124.285035</ele>
        <time>2023-11-25T17:43:01.765Z</time>
      </trkpt>
      <trkpt lat="39.984936" lon="18.247557">
        <ele>124.201052</ele>
        <time>2023-11-25T17:43:02.604Z</time>
      </trkpt>
      <trkpt lat="39.985049" lon="18.247491">
        <ele>123.879508</ele>
        <time>2023-11-25T17:43:05.445Z</time>
      </trkpt>
      <trkpt lat="39.985052" lon="18.247511">
        <ele>123.838951</ele>
        <time>2023-11-25T17:43:05.793Z</time>
      </trkpt>
      <trkpt lat="39.985111" lon="18.247817">
        <ele>123.211001</ele>
        <time>2023-11-25T17:43:11.490Z</time>
      </trkpt>
      <trkpt lat="39.985124" lon="18.247864">
        <ele>123.111560</ele>
        <time>2023-11-25T17:43:12.301Z</time>
      </trkpt>
      <trkpt lat="39.985133" lon="18.247894">
        <ele>123.047444</ele>
        <time>2023-11-25T17:43:12.873Z</time>
      </trkpt>
      <trkpt lat="39.985296" lon="18.247844">
        <ele>122.612548</ele>
        <time>2023-11-25T17:43:16.743Z</time>
      </trkpt>
      <trkpt lat="39.985307" lon="18.247900">
        <ele>122.497500</ele>
        <time>2023-11-25T17:43:17.778Z</time>
      </trkpt>
      <trkpt lat="39.985335" lon="18.247885">
        <ele>122.418888</ele>
        <time>2023-11-25T17:43:18.588Z</time>
      </trkpt>
      <trkpt lat="39.985384" lon="18.248157">
        <ele>121.862828</ele>
        <time>2023-11-25T17:43:23.471Z</time>
      </trkpt>
      <trkpt lat="39.985573" lon="18.248063">
        <ele>121.337503</ele>
        <time>2023-11-25T17:43:28.356Z</time>
      </trkpt>
      <trkpt lat="39.985608" lon="18.248148">
        <ele>121.145468</ele>
        <time>2023-11-25T17:43:29.593Z</time>
      </trkpt>
      <trkpt lat="39.985646" lon="18.248176">
        <ele>121.032127</ele>
        <time>2023-11-25T17:43:30.367Z</time>
      </trkpt>
      <trkpt lat="39.985695" lon="18.248350">
        <ele>120.663209</ele>
        <time>2023-11-25T17:43:32.874Z</time>
      </trkpt>
      <trkpt lat="39.985459" lon="18.248473">
        <ele>119.980758</ele>
        <time>2023-11-25T17:43:37.164Z</time>
      </trkpt>
      <trkpt lat="39.985339" lon="18.248572">
        <ele>119.534111</ele>
        <time>2023-11-25T17:43:39.562Z</time>
      </trkpt>
      <trkpt lat="39.985327" lon="18.248693">
        <ele>119.239990</ele>
        <time>2023-11-25T17:43:41.054Z</time>
      </trkpt>
      <trkpt lat="39.984698" lon="18.248957">
        <ele>117.161221</ele>
        <time>2023-11-25T17:43:51.064Z</time>
      </trkpt>
      <trkpt lat="39.984487" lon="18.249041">
        <ele>116.467178</ele>
        <time>2023-11-25T17:43:54.502Z</time>
      </trkpt>
      <trkpt lat="39.984093" lon="18.249137">
        <ele>115.206161</ele>
        <time>2023-11-25T17:44:01.443Z</time>
      </trkpt>
      <trkpt lat="39.983693" lon="18.249275">
        <ele>114.534187</ele>
        <time>2023-11-25T17:44:09.665Z</time>
      </trkpt>
      <trkpt lat="39.983381" lon="18.249375">
        <ele>114.689317</ele>
        <time>2023-11-25T17:44:16.937Z</time>
      </trkpt>
      <trkpt lat="39.983221" lon="18.249424">
        <ele>114.768674</ele>
        <time>2023-11-25T17:44:20.748Z</time>
      </trkpt>
      <trkpt lat="39.983160" lon="18.249207">
        <ele>114.854194</ele>
        <time>2023-11-25T17:44:24.581Z</time>
      </trkpt>
      <trkpt lat="39.983055" lon="18.248929">
        <ele>114.968867</ele>
        <time>2023-11-25T17:44:30.286Z</time>
      </trkpt>
      <trkpt lat="39.982940" lon="18.248907">
        <ele>115.024990</ele>
        <time>2023-11-25T17:44:32.810Z</time>
      </trkpt>
      <trkpt lat="39.982810" lon="18.248302">
        <ele>115.257467</ele>
        <time>2023-11-25T17:44:46.802Z</time>
      </trkpt>
      <trkpt lat="39.982783" lon="18.248182">
        <ele>115.303740</ele>
        <time>2023-11-25T17:44:49.953Z</time>
      </trkpt>
      <trkpt lat="39.982542" lon="18.248251">
        <ele>115.568320</ele>
        <time>2023-11-25T17:44:57.620Z</time>
      </trkpt>
      <trkpt lat="39.981936" lon="18.248430">
        <ele>116.287983</ele>
        <time>2023-11-25T17:45:16.509Z</time>
      </trkpt>
      <trkpt lat="39.981845" lon="18.247904">
        <ele>116.766570</ele>
        <time>2023-11-25T17:45:27.563Z</time>
      </trkpt>
      <trkpt lat="39.981817" lon="18.247832">
        <ele>116.838230</ele>
        <time>2023-11-25T17:45:29.056Z</time>
      </trkpt>
      <trkpt lat="39.981766" lon="18.247793">
        <ele>116.906695</ele>
        <time>2023-11-25T17:45:30.454Z</time>
      </trkpt>
      <trkpt lat="39.981697" lon="18.247790">
        <ele>116.986660</ele>
        <time>2023-11-25T17:45:32.114Z</time>
      </trkpt>
      <trkpt lat="39.981226" lon="18.247942">
        <ele>117.408140</ele>
        <time>2023-11-25T17:45:42.438Z</time>
      </trkpt>
      <trkpt lat="39.980767" lon="18.248279">
        <ele>117.432854</ele>
        <time>2023-11-25T17:45:54.076Z</time>
      </trkpt>
      <trkpt lat="39.980422" lon="18.248514">
        <ele>117.451116</ele>
        <time>2023-11-25T17:46:02.594Z</time>
      </trkpt>
      <trkpt lat="39.979930" lon="18.248838">
        <ele>117.476977</ele>
        <time>2023-11-25T17:46:14.503Z</time>
      </trkpt>
      <trkpt lat="39.979286" lon="18.249272">
        <ele>118.346472</ele>
        <time>2023-11-25T17:46:31.854Z</time>
      </trkpt>
      <trkpt lat="39.978926" lon="18.249516">
        <ele>119.017919</ele>
        <time>2023-11-25T17:46:42.454Z</time>
      </trkpt>
      <trkpt lat="39.978623" lon="18.249746">
        <ele>119.598118</ele>
        <time>2023-11-25T17:46:53.213Z</time>
      </trkpt>
      <trkpt lat="39.977562" lon="18.250471">
        <ele>123.038476</ele>
        <time>2023-11-25T17:47:35.276Z</time>
      </trkpt>
      <trkpt lat="39.977361" lon="18.249952">
        <ele>124.739040</ele>
        <time>2023-11-25T17:47:52.644Z</time>
      </trkpt>
      <trkpt lat="39.977192" lon="18.250059">
        <ele>125.455879</ele>
        <time>2023-11-25T17:47:59.717Z</time>
      </trkpt>
      <trkpt lat="39.976413" lon="18.250148">
        <ele>128.304162</ele>
        <time>2023-11-25T17:48:31.944Z</time>
      </trkpt>
      <trkpt lat="39.975840" lon="18.250018">
        <ele>130.252449</ele>
        <time>2023-11-25T17:48:54.923Z</time>
      </trkpt>
      <trkpt lat="39.975193" lon="18.249938">
        <ele>132.429543</ele>
        <time>2023-11-25T17:49:16.980Z</time>
      </trkpt>
      <trkpt lat="39.974910" lon="18.249903">
        <ele>133.368281</ele>
        <time>2023-11-25T17:49:26.307Z</time>
      </trkpt>
      <trkpt lat="39.974709" lon="18.249879">
        <ele>133.726643</ele>
        <time>2023-11-25T17:49:32.857Z</time>
      </trkpt>
      <trkpt lat="39.974194" lon="18.249807">
        <ele>134.646247</ele>
        <time>2023-11-25T17:49:48.992Z</time>
      </trkpt>
      <trkpt lat="39.972853" lon="18.249503">
        <ele>136.860556</ele>
        <time>2023-11-25T17:50:28.532Z</time>
      </trkpt>
      <trkpt lat="39.972113" lon="18.249460">
        <ele>137.660530</ele>
        <time>2023-11-25T17:50:49.218Z</time>
      </trkpt>
      <trkpt lat="39.970765" lon="18.250029">
        <ele>138.935432</ele>
        <time>2023-11-25T17:51:26.718Z</time>
      </trkpt>
      <trkpt lat="39.969803" lon="18.249921">
        <ele>139.598963</ele>
        <time>2023-11-25T17:51:51.079Z</time>
      </trkpt>
      <trkpt lat="39.969444" lon="18.249937">
        <ele>139.915718</ele>
        <time>2023-11-25T17:52:00.374Z</time>
      </trkpt>
      <trkpt lat="39.968266" lon="18.249991">
        <ele>141.194425</ele>
        <time>2023-11-25T17:52:32.722Z</time>
      </trkpt>
      <trkpt lat="39.967829" lon="18.250039">
        <ele>141.670168</ele>
        <time>2023-11-25T17:52:45.286Z</time>
      </trkpt>
      <trkpt lat="39.967097" lon="18.249771">
        <ele>142.771751</ele>
        <time>2023-11-25T17:53:07.529Z</time>
      </trkpt>
      <trkpt lat="39.966736" lon="18.249364">
        <ele>143.464314</ele>
        <time>2023-11-25T17:53:21.873Z</time>
      </trkpt>
      <trkpt lat="39.966545" lon="18.249227">
        <ele>143.780706</ele>
        <time>2023-11-25T17:53:28.341Z</time>
      </trkpt>
      <trkpt lat="39.966481" lon="18.249181">
        <ele>143.886773</ele>
        <time>2023-11-25T17:53:30.464Z</time>
      </trkpt>
      <trkpt lat="39.965683" lon="18.248602">
        <ele>144.483814</ele>
        <time>2023-11-25T17:53:55.457Z</time>
      </trkpt>
      <trkpt lat="39.965305" lon="18.248507">
        <ele>144.602615</ele>
        <time>2023-11-25T17:54:04.855Z</time>
      </trkpt>
      <trkpt lat="39.965153" lon="18.248514">
        <ele>144.649554</ele>
        <time>2023-11-25T17:54:08.325Z</time>
      </trkpt>
      <trkpt lat="39.965017" lon="18.248559">
        <ele>144.692854</ele>
        <time>2023-11-25T17:54:11.628Z</time>
      </trkpt>
      <trkpt lat="39.964084" lon="18.248968">
        <ele>144.364424</ele>
        <time>2023-11-25T17:54:32.507Z</time>
      </trkpt>
      <trkpt lat="39.963834" lon="18.249088">
        <ele>144.109987</ele>
        <time>2023-11-25T17:54:37.784Z</time>
      </trkpt>
      <trkpt lat="39.962589" lon="18.249358">
        <ele>142.891481</ele>
        <time>2023-11-25T17:55:02.921Z</time>
      </trkpt>
      <trkpt lat="39.961567" lon="18.249462">
        <ele>141.854330</ele>
        <time>2023-11-25T17:55:24.010Z</time>
      </trkpt>
      <trkpt lat="39.960751" lon="18.249744">
        <ele>140.732641</ele>
        <time>2023-11-25T17:55:40.885Z</time>
      </trkpt>
      <trkpt lat="39.960948" lon="18.252180">
        <ele>137.083576</ele>
        <time>2023-11-25T17:56:13.668Z</time>
      </trkpt>
      <trkpt lat="39.961003" lon="18.252865">
        <ele>135.970714</ele>
        <time>2023-11-25T17:56:22.657Z</time>
      </trkpt>
      <trkpt lat="39.961038" lon="18.253304">
        <ele>135.257562</ele>
        <time>2023-11-25T17:56:28.470Z</time>
      </trkpt>
      <trkpt lat="39.961274" lon="18.256128">
        <ele>131.455487</ele>
        <time>2023-11-25T17:57:07.338Z</time>
      </trkpt>
      <trkpt lat="39.961355" lon="18.257086">
        <ele>131.167822</ele>
        <time>2023-11-25T17:57:22.166Z</time>
      </trkpt>
      <trkpt lat="39.961428" lon="18.257704">
        <ele>131.163593</ele>
        <time>2023-11-25T17:57:32.844Z</time>
      </trkpt>
      <trkpt lat="39.961434" lon="18.258080">
        <ele>131.161049</ele>
        <time>2023-11-25T17:57:39.838Z</time>
      </trkpt>
      <trkpt lat="39.961391" lon="18.258278">
        <ele>131.159657</ele>
        <time>2023-11-25T17:57:43.821Z</time>
      </trkpt>
      <trkpt lat="39.961377" lon="18.258383">
        <ele>131.158937</ele>
        <time>2023-11-25T17:57:45.913Z</time>
      </trkpt>
      <trkpt lat="39.961396" lon="18.258487">
        <ele>131.158214</ele>
        <time>2023-11-25T17:57:48.005Z</time>
      </trkpt>
      <trkpt lat="39.961445" lon="18.258572">
        <ele>131.157494</ele>
        <time>2023-11-25T17:57:50.107Z</time>
      </trkpt>
      <trkpt lat="39.961519" lon="18.259185">
        <ele>131.335216</ele>
        <time>2023-11-25T17:58:02.185Z</time>
      </trkpt>
      <trkpt lat="39.961591" lon="18.260040">
        <ele>131.620508</ele>
        <time>2023-11-25T17:58:18.693Z</time>
      </trkpt>
      <trkpt lat="39.961317" lon="18.260065">
        <ele>131.739366</ele>
        <time>2023-11-25T17:58:25.541Z</time>
      </trkpt>
      <trkpt lat="39.961038" lon="18.259997">
        <ele>131.862187</ele>
        <time>2023-11-25T17:58:32.197Z</time>
      </trkpt>
      <trkpt lat="39.960651" lon="18.259592">
        <ele>131.723554</ele>
        <time>2023-11-25T17:58:43.328Z</time>
      </trkpt>
      <trkpt lat="39.960390" lon="18.259380">
        <ele>131.524650</ele>
        <time>2023-11-25T17:58:49.885Z</time>
      </trkpt>
      <trkpt lat="39.960188" lon="18.259267">
        <ele>131.382460</ele>
        <time>2023-11-25T17:58:54.381Z</time>
      </trkpt>
      <trkpt lat="39.959974" lon="18.259208">
        <ele>131.240956</ele>
        <time>2023-11-25T17:58:58.790Z</time>
      </trkpt>
      <trkpt lat="39.959041" lon="18.259195">
        <ele>130.684423</ele>
        <time>2023-11-25T17:59:17.642Z</time>
      </trkpt>
      <trkpt lat="39.958932" lon="18.259171">
        <ele>130.637989</ele>
        <time>2023-11-25T17:59:20.004Z</time>
      </trkpt>
      <trkpt lat="39.958087" lon="18.258809">
        <ele>130.264385</ele>
        <time>2023-11-25T17:59:39.855Z</time>
      </trkpt>
      <trkpt lat="39.957744" lon="18.258769">
        <ele>130.119727</ele>
        <time>2023-11-25T17:59:47.500Z</time>
      </trkpt>
      <trkpt lat="39.957419" lon="18.258779">
        <ele>129.999978</ele>
        <time>2023-11-25T17:59:54.680Z</time>
      </trkpt>
      <trkpt lat="39.957140" lon="18.258774">
        <ele>129.942625</ele>
        <time>2023-11-25T18:00:00.843Z</time>
      </trkpt>
      <trkpt lat="39.957037" lon="18.258744">
        <ele>129.920932</ele>
        <time>2023-11-25T18:00:03.130Z</time>
      </trkpt>
      <trkpt lat="39.956846" lon="18.258597">
        <ele>129.875349</ele>
        <time>2023-11-25T18:00:08.030Z</time>
      </trkpt>
      <trkpt lat="39.956669" lon="18.258433">
        <ele>129.830724</ele>
        <time>2023-11-25T18:00:12.820Z</time>
      </trkpt>
      <trkpt lat="39.956232" lon="18.258215">
        <ele>129.734556</ele>
        <time>2023-11-25T18:00:23.578Z</time>
      </trkpt>
      <trkpt lat="39.955776" lon="18.258060">
        <ele>129.655060</ele>
        <time>2023-11-25T18:00:34.430Z</time>
      </trkpt>
      <trkpt lat="39.955446" lon="18.257811">
        <ele>129.733456</ele>
        <time>2023-11-25T18:00:42.829Z</time>
      </trkpt>
      <trkpt lat="39.955241" lon="18.257722">
        <ele>129.777886</ele>
        <time>2023-11-25T18:00:47.674Z</time>
      </trkpt>
      <trkpt lat="39.954760" lon="18.257657">
        <ele>129.877329</ele>
        <time>2023-11-25T18:00:59.079Z</time>
      </trkpt>
      <trkpt lat="39.954383" lon="18.257537">
        <ele>129.957131</ele>
        <time>2023-11-25T18:01:08.706Z</time>
      </trkpt>
      <trkpt lat="39.954021" lon="18.257513">
        <ele>130.079191</ele>
        <time>2023-11-25T18:01:18.030Z</time>
      </trkpt>
      <trkpt lat="39.953659" lon="18.257591">
        <ele>130.387237</ele>
        <time>2023-11-25T18:01:27.713Z</time>
      </trkpt>
      <trkpt lat="39.953424" lon="18.257594">
        <ele>130.584547</ele>
        <time>2023-11-25T18:01:33.933Z</time>
      </trkpt>
      <trkpt lat="39.953361" lon="18.257725">
        <ele>130.684076</ele>
        <time>2023-11-25T18:01:38.690Z</time>
      </trkpt>
      <trkpt lat="39.953265" lon="18.257775">
        <ele>130.770862</ele>
        <time>2023-11-25T18:01:42.833Z</time>
      </trkpt>
      <trkpt lat="39.953117" lon="18.257700">
        <ele>130.904165</ele>
        <time>2023-11-25T18:01:49.212Z</time>
      </trkpt>
      <trkpt lat="39.953032" lon="18.257731">
        <ele>130.978266</ele>
        <time>2023-11-25T18:01:52.748Z</time>
      </trkpt>
      <trkpt lat="39.953006" lon="18.257829">
        <ele>131.045009</ele>
        <time>2023-11-25T18:01:55.962Z</time>
      </trkpt>
      <trkpt lat="39.953418" lon="18.261657">
        <ele>134.397541</ele>
        <time>2023-11-25T18:03:58.505Z</time>
      </trkpt>
      <trkpt lat="39.953369" lon="18.261818">
        <ele>134.605178</ele>
        <time>2023-11-25T18:04:04.294Z</time>
      </trkpt>
      <trkpt lat="39.953191" lon="18.261922">
        <ele>134.910153</ele>
        <time>2023-11-25T18:04:12.785Z</time>
      </trkpt>
      <trkpt lat="39.952492" lon="18.262512">
        <ele>136.212002</ele>
        <time>2023-11-25T18:04:49.479Z</time>
      </trkpt>
      <trkpt lat="39.951950" lon="18.263079">
        <ele>137.957847</ele>
        <time>2023-11-25T18:05:21.562Z</time>
      </trkpt>
      <trkpt lat="39.951863" lon="18.263134">
        <ele>138.207448</ele>
        <time>2023-11-25T18:05:26.047Z</time>
      </trkpt>
      <trkpt lat="39.951403" lon="18.263090">
        <ele>139.398255</ele>
        <time>2023-11-25T18:05:47.781Z</time>
      </trkpt>
      <trkpt lat="39.951255" lon="18.263133">
        <ele>139.789721</ele>
        <time>2023-11-25T18:05:55.001Z</time>
      </trkpt>
      <trkpt lat="39.951161" lon="18.263197">
        <ele>140.063476</ele>
        <time>2023-11-25T18:06:00.176Z</time>
      </trkpt>
      <trkpt lat="39.951185" lon="18.263274">
        <ele>140.227987</ele>
        <time>2023-11-25T18:06:03.375Z</time>
      </trkpt>
      <trkpt lat="39.951170" lon="18.263307">
        <ele>140.303918</ele>
        <time>2023-11-25T18:06:04.876Z</time>
      </trkpt>
      <trkpt lat="39.951115" lon="18.263357">
        <ele>140.476997</ele>
        <time>2023-11-25T18:06:08.213Z</time>
      </trkpt>
      <trkpt lat="39.950289" lon="18.263583">
        <ele>143.473890</ele>
        <time>2023-11-25T18:06:51.002Z</time>
      </trkpt>
      <trkpt lat="39.950219" lon="18.263739">
        <ele>144.001114</ele>
        <time>2023-11-25T18:06:58.298Z</time>
      </trkpt>
      <trkpt lat="39.950185" lon="18.263966">
        <ele>144.675730</ele>
        <time>2023-11-25T18:07:07.753Z</time>
      </trkpt>
      <trkpt lat="39.950115" lon="18.264084">
        <ele>145.110917</ele>
        <time>2023-11-25T18:07:13.800Z</time>
      </trkpt>
      <trkpt lat="39.950029" lon="18.264357">
        <ele>145.971793</ele>
        <time>2023-11-25T18:07:26.061Z</time>
      </trkpt>
      <trkpt lat="39.949997" lon="18.264400">
        <ele>146.146589</ele>
        <time>2023-11-25T18:07:28.471Z</time>
      </trkpt>
      <trkpt lat="39.949816" lon="18.264669">
        <ele>147.190548</ele>
        <time>2023-11-25T18:07:42.959Z</time>
      </trkpt>
      <trkpt lat="39.949335" lon="18.265573">
        <ele>150.147327</ele>
        <time>2023-11-25T18:08:28.913Z</time>
      </trkpt>
      <trkpt lat="39.949113" lon="18.265989">
        <ele>151.483486</ele>
        <time>2023-11-25T18:08:49.215Z</time>
      </trkpt>
      <trkpt lat="39.949072" lon="18.266128">
        <ele>151.876092</ele>
        <time>2023-11-25T18:08:54.812Z</time>
      </trkpt>
      <trkpt lat="39.949167" lon="18.266944">
        <ele>153.996470</ele>
        <time>2023-11-25T18:09:25.905Z</time>
      </trkpt>
      <trkpt lat="39.944208" lon="18.268149">
        <ele>161.173892</ele>
        <time>2023-11-25T18:11:48.933Z</time>
      </trkpt>
      <trkpt lat="39.944040" lon="18.268199">
        <ele>161.419675</ele>
        <time>2023-11-25T18:11:53.871Z</time>
      </trkpt>
      <trkpt lat="39.943828" lon="18.268257">
        <ele>161.793700</ele>
        <time>2023-11-25T18:12:00.328Z</time>
      </trkpt>
      <trkpt lat="39.943621" lon="18.268306">
        <ele>162.305150</ele>
        <time>2023-11-25T18:12:06.714Z</time>
      </trkpt>
      <trkpt lat="39.942590" lon="18.268555">
        <ele>164.854183</ele>
        <time>2023-11-25T18:12:41.317Z</time>
      </trkpt>
      <trkpt lat="39.942360" lon="18.268276">
        <ele>165.617770</ele>
        <time>2023-11-25T18:12:52.351Z</time>
      </trkpt>
      <trkpt lat="39.942270" lon="18.268214">
        <ele>165.865208</ele>
        <time>2023-11-25T18:12:55.922Z</time>
      </trkpt>
      <trkpt lat="39.942177" lon="18.268201">
        <ele>166.106281</ele>
        <time>2023-11-25T18:12:59.277Z</time>
      </trkpt>
      <trkpt lat="39.942085" lon="18.268231">
        <ele>166.374528</ele>
        <time>2023-11-25T18:13:02.589Z</time>
      </trkpt>
      <trkpt lat="39.941322" lon="18.268667">
        <ele>168.730852</ele>
        <time>2023-11-25T18:13:32.099Z</time>
      </trkpt>
      <trkpt lat="39.941117" lon="18.268747">
        <ele>169.336129</ele>
        <time>2023-11-25T18:13:39.815Z</time>
      </trkpt>
      <trkpt lat="39.941063" lon="18.268735">
        <ele>169.491079</ele>
        <time>2023-11-25T18:13:41.731Z</time>
      </trkpt>
      <trkpt lat="39.939805" lon="18.269564">
        <ele>172.693141</ele>
        <time>2023-11-25T18:14:27.727Z</time>
      </trkpt>
      <trkpt lat="39.939546" lon="18.269769">
        <ele>173.267680</ele>
        <time>2023-11-25T18:14:36.723Z</time>
      </trkpt>
      <trkpt lat="39.938499" lon="18.270770">
        <ele>175.436418</ele>
        <time>2023-11-25T18:15:14.212Z</time>
      </trkpt>
      <trkpt lat="39.938266" lon="18.270824">
        <ele>175.777542</ele>
        <time>2023-11-25T18:15:21.007Z</time>
      </trkpt>
      <trkpt lat="39.937981" lon="18.270717">
        <ele>176.205044</ele>
        <time>2023-11-25T18:15:29.517Z</time>
      </trkpt>
      <trkpt lat="39.937731" lon="18.270774">
        <ele>176.570877</ele>
        <time>2023-11-25T18:15:36.890Z</time>
      </trkpt>
      <trkpt lat="39.936575" lon="18.271822">
        <ele>178.657883</ele>
        <time>2023-11-25T18:16:18.121Z</time>
      </trkpt>
      <trkpt lat="39.936264" lon="18.272136">
        <ele>179.246602</ele>
        <time>2023-11-25T18:16:32.229Z</time>
      </trkpt>
      <trkpt lat="39.936215" lon="18.272212">
        <ele>179.360568</ele>
        <time>2023-11-25T18:16:34.923Z</time>
      </trkpt>
      <trkpt lat="39.936225" lon="18.272478">
        <ele>179.666231</ele>
        <time>2023-11-25T18:16:42.123Z</time>
      </trkpt>
      <trkpt lat="39.936060" lon="18.272976">
        <ele>180.039565</ele>
        <time>2023-11-25T18:16:56.412Z</time>
      </trkpt>
      <trkpt lat="39.935794" lon="18.273609">
        <ele>180.451805</ele>
        <time>2023-11-25T18:17:18.849Z</time>
      </trkpt>
      <trkpt lat="39.935737" lon="18.273689">
        <ele>180.514174</ele>
        <time>2023-11-25T18:17:22.196Z</time>
      </trkpt>
      <trkpt lat="39.935344" lon="18.273875">
        <ele>180.825569</ele>
        <time>2023-11-25T18:17:38.671Z</time>
      </trkpt>
      <trkpt lat="39.935310" lon="18.273905">
        <ele>180.856145</ele>
        <time>2023-11-25T18:17:40.258Z</time>
      </trkpt>
      <trkpt lat="39.935300" lon="18.273983">
        <ele>180.901310</ele>
        <time>2023-11-25T18:17:42.568Z</time>
      </trkpt>
      <trkpt lat="39.935238" lon="18.274031">
        <ele>180.955013</ele>
        <time>2023-11-25T18:17:45.295Z</time>
      </trkpt>
      <trkpt lat="39.934530" lon="18.274334">
        <ele>181.106133</ele>
        <time>2023-11-25T18:18:13.458Z</time>
      </trkpt>
      <trkpt lat="39.934380" lon="18.274373">
        <ele>181.098236</ele>
        <time>2023-11-25T18:18:19.162Z</time>
      </trkpt>
      <trkpt lat="39.934344" lon="18.274444">
        <ele>181.094867</ele>
        <time>2023-11-25T18:18:20.643Z</time>
      </trkpt>
      <trkpt lat="39.934343" lon="18.274603">
        <ele>181.088572</ele>
        <time>2023-11-25T18:18:23.348Z</time>
      </trkpt>
      <trkpt lat="39.934387" lon="18.274909">
        <ele>181.076247</ele>
        <time>2023-11-25T18:18:28.740Z</time>
      </trkpt>
      <trkpt lat="39.934435" lon="18.275034">
        <ele>181.070713</ele>
        <time>2023-11-25T18:18:31.060Z</time>
      </trkpt>
      <trkpt lat="39.933765" lon="18.275085">
        <ele>181.033896</ele>
        <time>2023-11-25T18:18:46.028Z</time>
      </trkpt>
      <trkpt lat="39.933566" lon="18.275128">
        <ele>181.016825</ele>
        <time>2023-11-25T18:18:50.609Z</time>
      </trkpt>
      <trkpt lat="39.933416" lon="18.275219">
        <ele>181.002824</ele>
        <time>2023-11-25T18:18:54.334Z</time>
      </trkpt>
      <trkpt lat="39.933573" lon="18.275514">
        <ele>180.979521</ele>
        <time>2023-11-25T18:19:00.576Z</time>
      </trkpt>
      <trkpt lat="39.933564" lon="18.275591">
        <ele>180.974467</ele>
        <time>2023-11-25T18:19:01.921Z</time>
      </trkpt>
      <trkpt lat="39.933489" lon="18.275666">
        <ele>180.966468</ele>
        <time>2023-11-25T18:19:04.128Z</time>
      </trkpt>
      <trkpt lat="39.932468" lon="18.276591">
        <ele>180.771626</ele>
        <time>2023-11-25T18:19:33.044Z</time>
      </trkpt>
      <trkpt lat="39.932382" lon="18.276618">
        <ele>180.738309</ele>
        <time>2023-11-25T18:19:35.036Z</time>
      </trkpt>
      <trkpt lat="39.932296" lon="18.276591">
        <ele>180.704992</ele>
        <time>2023-11-25T18:19:37.024Z</time>
      </trkpt>
      <trkpt lat="39.932246" lon="18.276524">
        <ele>180.677991</ele>
        <time>2023-11-25T18:19:38.643Z</time>
      </trkpt>
      <trkpt lat="39.932033" lon="18.275913">
        <ele>180.484146</ele>
        <time>2023-11-25T18:19:49.920Z</time>
      </trkpt>
      <trkpt lat="39.931982" lon="18.275910">
        <ele>180.464918</ele>
        <time>2023-11-25T18:19:51.022Z</time>
      </trkpt>
      <trkpt lat="39.931611" lon="18.276075">
        <ele>180.317280</ele>
        <time>2023-11-25T18:19:59.388Z</time>
      </trkpt>
      <trkpt lat="39.931367" lon="18.275459">
        <ele>179.925008</ele>
        <time>2023-11-25T18:20:10.443Z</time>
      </trkpt>
      <trkpt lat="39.931322" lon="18.275433">
        <ele>179.868090</ele>
        <time>2023-11-25T18:20:11.430Z</time>
      </trkpt>
      <trkpt lat="39.931195" lon="18.275465">
        <ele>179.718506</ele>
        <time>2023-11-25T18:20:14.033Z</time>
      </trkpt>
      <trkpt lat="39.930936" lon="18.275616">
        <ele>179.390420</ele>
        <time>2023-11-25T18:20:19.669Z</time>
      </trkpt>
      <trkpt lat="39.930534" lon="18.275640">
        <ele>178.925045</ele>
        <time>2023-11-25T18:20:27.550Z</time>
      </trkpt>
      <trkpt lat="39.930247" lon="18.275623">
        <ele>178.592806</ele>
        <time>2023-11-25T18:20:33.110Z</time>
      </trkpt>
      <trkpt lat="39.930172" lon="18.275565">
        <ele>178.491969</ele>
        <time>2023-11-25T18:20:34.779Z</time>
      </trkpt>
      <trkpt lat="39.929869" lon="18.275352">
        <ele>178.087739</ele>
        <time>2023-11-25T18:20:41.538Z</time>
      </trkpt>
      <trkpt lat="39.929327" lon="18.275201">
        <ele>177.336691</ele>
        <time>2023-11-25T18:20:52.424Z</time>
      </trkpt>
      <trkpt lat="39.928877" lon="18.275169">
        <ele>176.725983</ele>
        <time>2023-11-25T18:21:01.238Z</time>
      </trkpt>
      <trkpt lat="39.928786" lon="18.275189">
        <ele>176.600928</ele>
        <time>2023-11-25T18:21:03.028Z</time>
      </trkpt>
      <trkpt lat="39.928439" lon="18.275399">
        <ele>176.082532</ele>
        <time>2023-11-25T18:21:10.480Z</time>
      </trkpt>
      <trkpt lat="39.928271" lon="18.275386">
        <ele>175.854472</ele>
        <time>2023-11-25T18:21:13.730Z</time>
      </trkpt>
      <trkpt lat="39.928101" lon="18.275260">
        <ele>175.597370</ele>
        <time>2023-11-25T18:21:17.492Z</time>
      </trkpt>
      <trkpt lat="39.927962" lon="18.275219">
        <ele>175.419033</ele>
        <time>2023-11-25T18:21:20.200Z</time>
      </trkpt>
      <trkpt lat="39.927710" lon="18.275240">
        <ele>175.103041</ele>
        <time>2023-11-25T18:21:25.111Z</time>
      </trkpt>
      <trkpt lat="39.927594" lon="18.275249">
        <ele>174.957624</ele>
        <time>2023-11-25T18:21:27.350Z</time>
      </trkpt>
      <trkpt lat="39.927490" lon="18.275291">
        <ele>174.821382</ele>
        <time>2023-11-25T18:21:29.456Z</time>
      </trkpt>
      <trkpt lat="39.927372" lon="18.275467">
        <ele>174.597038</ele>
        <time>2023-11-25T18:21:32.975Z</time>
      </trkpt>
      <trkpt lat="39.926879" lon="18.276300">
        <ele>173.587281</ele>
        <time>2023-11-25T18:21:48.752Z</time>
      </trkpt>
      <trkpt lat="39.926062" lon="18.277452">
        <ele>172.676028</ele>
        <time>2023-11-25T18:22:14.159Z</time>
      </trkpt>
      <trkpt lat="39.925109" lon="18.278739">
        <ele>171.411847</ele>
        <time>2023-11-25T18:22:43.207Z</time>
      </trkpt>
      <trkpt lat="39.924168" lon="18.278243">
        <ele>170.239122</ele>
        <time>2023-11-25T18:23:03.010Z</time>
      </trkpt>
      <trkpt lat="39.923744" lon="18.278000">
        <ele>169.527466</ele>
        <time>2023-11-25T18:23:11.522Z</time>
      </trkpt>
      <trkpt lat="39.923585" lon="18.277857">
        <ele>169.203922</ele>
        <time>2023-11-25T18:23:14.998Z</time>
      </trkpt>
      <trkpt lat="39.923141" lon="18.277439">
        <ele>168.286604</ele>
        <time>2023-11-25T18:23:25.060Z</time>
      </trkpt>
      <trkpt lat="39.922543" lon="18.276875">
        <ele>167.069150</ele>
        <time>2023-11-25T18:23:39.257Z</time>
      </trkpt>
      <trkpt lat="39.922470" lon="18.276836">
        <ele>167.011641</ele>
        <time>2023-11-25T18:23:40.809Z</time>
      </trkpt>
      <trkpt lat="39.922383" lon="18.276851">
        <ele>166.947668</ele>
        <time>2023-11-25T18:23:42.566Z</time>
      </trkpt>
      <trkpt lat="39.920443" lon="18.278281">
        <ele>165.594997</ele>
        <time>2023-11-25T18:24:30.058Z</time>
      </trkpt>
      <trkpt lat="39.920391" lon="18.278288">
        <ele>165.579947</ele>
        <time>2023-11-25T18:24:31.210Z</time>
      </trkpt>
      <trkpt lat="39.920341" lon="18.278238">
        <ele>165.561806</ele>
        <time>2023-11-25T18:24:32.625Z</time>
      </trkpt>
      <trkpt lat="39.920268" lon="18.278079">
        <ele>165.520888</ele>
        <time>2023-11-25T18:24:35.823Z</time>
      </trkpt>
      <trkpt lat="39.920192" lon="18.277855">
        <ele>165.466804</ele>
        <time>2023-11-25T18:24:40.058Z</time>
      </trkpt>
      <trkpt lat="39.920124" lon="18.277094">
        <ele>165.297637</ele>
        <time>2023-11-25T18:24:53.366Z</time>
      </trkpt>
      <trkpt lat="39.919800" lon="18.277127">
        <ele>165.273222</ele>
        <time>2023-11-25T18:25:00.450Z</time>
      </trkpt>
      <trkpt lat="39.919739" lon="18.278216">
        <ele>165.361876</ele>
        <time>2023-11-25T18:25:18.778Z</time>
      </trkpt>
      <trkpt lat="39.919736" lon="18.279346">
        <ele>165.507727</ele>
        <time>2023-11-25T18:25:38.871Z</time>
      </trkpt>
      <trkpt lat="39.919714" lon="18.280260">
        <ele>166.050161</ele>
        <time>2023-11-25T18:25:56.923Z</time>
      </trkpt>
      <trkpt lat="39.919730" lon="18.280298">
        <ele>166.075875</ele>
        <time>2023-11-25T18:25:57.790Z</time>
      </trkpt>
      <trkpt lat="39.920018" lon="18.281016">
        <ele>166.556510</ele>
        <time>2023-11-25T18:26:14.410Z</time>
      </trkpt>
      <trkpt lat="39.920323" lon="18.281569">
        <ele>166.995024</ele>
        <time>2023-11-25T18:26:28.720Z</time>
      </trkpt>
      <trkpt lat="39.920072" lon="18.281912">
        <ele>167.354186</ele>
        <time>2023-11-25T18:26:38.991Z</time>
      </trkpt>
      <trkpt lat="39.920249" lon="18.282298">
        <ele>167.694898</ele>
        <time>2023-11-25T18:26:48.847Z</time>
      </trkpt>
      <trkpt lat="39.921002" lon="18.283720">
        <ele>168.688915</ele>
        <time>2023-11-25T18:27:23.921Z</time>
      </trkpt>
      <trkpt lat="39.920660" lon="18.284122">
        <ele>168.777327</ele>
        <time>2023-11-25T18:27:34.842Z</time>
      </trkpt>
      <trkpt lat="39.920519" lon="18.284177">
        <ele>168.805585</ele>
        <time>2023-11-25T18:27:38.248Z</time>
      </trkpt>
      <trkpt lat="39.920175" lon="18.284401">
        <ele>168.879415</ele>
        <time>2023-11-25T18:27:47.079Z</time>
      </trkpt>
      <trkpt lat="39.919879" lon="18.284713">
        <ele>168.952498</ele>
        <time>2023-11-25T18:27:55.808Z</time>
      </trkpt>
      <trkpt lat="39.919582" lon="18.284959">
        <ele>168.996174</ele>
        <time>2023-11-25T18:28:03.693Z</time>
      </trkpt>
      <trkpt lat="39.919329" lon="18.285564">
        <ele>169.058440</ele>
        <time>2023-11-25T18:28:15.820Z</time>
      </trkpt>
      <trkpt lat="39.919072" lon="18.286172">
        <ele>169.121171</ele>
        <time>2023-11-25T18:28:28.741Z</time>
      </trkpt>
      <trkpt lat="39.919015" lon="18.286166">
        <ele>169.127909</ele>
        <time>2023-11-25T18:28:30.177Z</time>
      </trkpt>
      <trkpt lat="39.918890" lon="18.286063">
        <ele>169.145330</ele>
        <time>2023-11-25T18:28:33.834Z</time>
      </trkpt>
      <trkpt lat="39.918727" lon="18.285871">
        <ele>169.171395</ele>
        <time>2023-11-25T18:28:39.221Z</time>
      </trkpt>
      <trkpt lat="39.917612" lon="18.285303">
        <ele>169.337048</ele>
        <time>2023-11-25T18:29:08.067Z</time>
      </trkpt>
      <trkpt lat="39.916760" lon="18.285303">
        <ele>169.197833</ele>
        <time>2023-11-25T18:29:27.961Z</time>
      </trkpt>
      <trkpt lat="39.916287" lon="18.285147">
        <ele>168.781726</ele>
        <time>2023-11-25T18:29:38.144Z</time>
      </trkpt>
      <trkpt lat="39.916147" lon="18.286236">
        <ele>168.059445</ele>
        <time>2023-11-25T18:29:54.795Z</time>
      </trkpt>
      <trkpt lat="39.916065" lon="18.286322">
        <ele>167.969693</ele>
        <time>2023-11-25T18:29:56.846Z</time>
      </trkpt>
      <trkpt lat="39.915489" lon="18.286295">
        <ele>167.405816</ele>
        <time>2023-11-25T18:30:16.008Z</time>
      </trkpt>
      <trkpt lat="39.915406" lon="18.286247">
        <ele>167.314617</ele>
        <time>2023-11-25T18:30:19.066Z</time>
      </trkpt>
      <trkpt lat="39.915308" lon="18.285909">
        <ele>167.036246</ele>
        <time>2023-11-25T18:30:28.316Z</time>
      </trkpt>
      <trkpt lat="39.915258" lon="18.285855">
        <ele>166.971033</ele>
        <time>2023-11-25T18:30:30.480Z</time>
      </trkpt>
      <trkpt lat="39.915102" lon="18.285786">
        <ele>166.805574</ele>
        <time>2023-11-25T18:30:35.946Z</time>
      </trkpt>
      <trkpt lat="39.914599" lon="18.285642">
        <ele>166.288319</ele>
        <time>2023-11-25T18:30:53.042Z</time>
      </trkpt>
      <trkpt lat="39.913756" lon="18.285598">
        <ele>166.081228</ele>
        <time>2023-11-25T18:31:23.609Z</time>
      </trkpt>
      <trkpt lat="39.913430" lon="18.285476">
        <ele>166.082689</ele>
        <time>2023-11-25T18:31:36.454Z</time>
      </trkpt>
      <trkpt lat="39.913157" lon="18.286649">
        <ele>166.116935</ele>
        <time>2023-11-25T18:32:12.400Z</time>
      </trkpt>
      <trkpt lat="39.912678" lon="18.287951">
        <ele>166.411236</ele>
        <time>2023-11-25T18:32:55.331Z</time>
      </trkpt>
      <trkpt lat="39.912593" lon="18.288335">
        <ele>166.492691</ele>
        <time>2023-11-25T18:33:06.961Z</time>
      </trkpt>
      <trkpt lat="39.912520" lon="18.288480">
        <ele>166.528041</ele>
        <time>2023-11-25T18:33:11.835Z</time>
      </trkpt>
      <trkpt lat="39.912404" lon="18.288619">
        <ele>166.562472</ele>
        <time>2023-11-25T18:33:17.626Z</time>
      </trkpt>
      <trkpt lat="39.912320" lon="18.288680">
        <ele>166.554945</ele>
        <time>2023-11-25T18:33:21.092Z</time>
      </trkpt>
      <trkpt lat="39.912148" lon="18.288725">
        <ele>166.541210</ele>
        <time>2023-11-25T18:33:27.510Z</time>
      </trkpt>
      <trkpt lat="39.911789" lon="18.288944">
        <ele>166.510180</ele>
        <time>2023-11-25T18:33:41.898Z</time>
      </trkpt>
      <trkpt lat="39.911727" lon="18.289002">
        <ele>166.504206</ele>
        <time>2023-11-25T18:33:44.651Z</time>
      </trkpt>
      <trkpt lat="39.911676" lon="18.289049">
        <ele>166.499317</ele>
        <time>2023-11-25T18:33:46.906Z</time>
      </trkpt>
      <trkpt lat="39.911531" lon="18.289256">
        <ele>166.482483</ele>
        <time>2023-11-25T18:33:54.846Z</time>
      </trkpt>
      <trkpt lat="39.911446" lon="18.289414">
        <ele>166.470894</ele>
        <time>2023-11-25T18:34:00.282Z</time>
      </trkpt>
      <trkpt lat="39.911559" lon="18.289747">
        <ele>166.449028</ele>
        <time>2023-11-25T18:34:10.691Z</time>
      </trkpt>
      <trkpt lat="39.911954" lon="18.290632">
        <ele>166.560075</ele>
        <time>2023-11-25T18:34:39.806Z</time>
      </trkpt>
      <trkpt lat="39.912024" lon="18.290751">
        <ele>166.594459</ele>
        <time>2023-11-25T18:34:44.054Z</time>
      </trkpt>
      <trkpt lat="39.912588" lon="18.292311">
        <ele>167.050317</ele>
        <time>2023-11-25T18:35:34.711Z</time>
      </trkpt>
      <trkpt lat="39.912719" lon="18.293147">
        <ele>167.655445</ele>
        <time>2023-11-25T18:36:01.648Z</time>
      </trkpt>
      <trkpt lat="39.912831" lon="18.293856">
        <ele>168.168811</ele>
        <time>2023-11-25T18:36:24.556Z</time>
      </trkpt>
      <trkpt lat="39.912843" lon="18.294114">
        <ele>168.352117</ele>
        <time>2023-11-25T18:36:32.744Z</time>
      </trkpt>
      <trkpt lat="39.912911" lon="18.294368">
        <ele>168.542908</ele>
        <time>2023-11-25T18:36:41.362Z</time>
      </trkpt>
      <trkpt lat="39.913061" lon="18.294732">
        <ele>168.744176</ele>
        <time>2023-11-25T18:36:54.517Z</time>
      </trkpt>
      <trkpt lat="39.913060" lon="18.294866">
        <ele>168.798059</ele>
        <time>2023-11-25T18:36:58.733Z</time>
      </trkpt>
      <trkpt lat="39.912744" lon="18.295055">
        <ele>168.980314</ele>
        <time>2023-11-25T18:37:07.970Z</time>
      </trkpt>
      <trkpt lat="39.912668" lon="18.295159">
        <ele>169.038072</ele>
        <time>2023-11-25T18:37:10.819Z</time>
      </trkpt>
      <trkpt lat="39.912716" lon="18.296199">
        <ele>169.457006</ele>
        <time>2023-11-25T18:37:30.243Z</time>
      </trkpt>
      <trkpt lat="39.912376" lon="18.296312">
        <ele>169.570944</ele>
        <time>2023-11-25T18:37:38.236Z</time>
      </trkpt>
      <trkpt lat="39.911765" lon="18.296608">
        <ele>169.589564</ele>
        <time>2023-11-25T18:37:53.366Z</time>
      </trkpt>
      <trkpt lat="39.911214" lon="18.296743">
        <ele>169.605580</ele>
        <time>2023-11-25T18:38:06.484Z</time>
      </trkpt>
      <trkpt lat="39.911172" lon="18.296801">
        <ele>169.607328</ele>
        <time>2023-11-25T18:38:07.868Z</time>
      </trkpt>
      <trkpt lat="39.911135" lon="18.297601">
        <ele>169.617418</ele>
        <time>2023-11-25T18:38:22.211Z</time>
      </trkpt>
      <trkpt lat="39.911144" lon="18.298486">
        <ele>169.614851</ele>
        <time>2023-11-25T18:38:38.362Z</time>
      </trkpt>
      <trkpt lat="39.909145" lon="18.298740">
        <ele>169.519034</ele>
        <time>2023-11-25T18:39:23.833Z</time>
      </trkpt>
      <trkpt lat="39.908646" lon="18.298465">
        <ele>169.474300</ele>
        <time>2023-11-25T18:39:36.017Z</time>
      </trkpt>
      <trkpt lat="39.908111" lon="18.298341">
        <ele>169.733343</ele>
        <time>2023-11-25T18:39:48.743Z</time>
      </trkpt>
      <trkpt lat="39.907741" lon="18.299248">
        <ele>170.257857</ele>
        <time>2023-11-25T18:40:08.751Z</time>
      </trkpt>
      <trkpt lat="39.907201" lon="18.300074">
        <ele>171.033849</ele>
        <time>2023-11-25T18:40:32.147Z</time>
      </trkpt>
      <trkpt lat="39.906897" lon="18.301270">
        <ele>172.617390</ele>
        <time>2023-11-25T18:41:01.071Z</time>
      </trkpt>
      <trkpt lat="39.906720" lon="18.301651">
        <ele>173.177214</ele>
        <time>2023-11-25T18:41:11.459Z</time>
      </trkpt>
      <trkpt lat="39.906255" lon="18.302397">
        <ele>174.357451</ele>
        <time>2023-11-25T18:41:34.100Z</time>
      </trkpt>
      <trkpt lat="39.906008" lon="18.303255">
        <ele>175.467992</ele>
        <time>2023-11-25T18:41:55.308Z</time>
      </trkpt>
      <trkpt lat="39.906000" lon="18.304575">
        <ele>176.581243</ele>
        <time>2023-11-25T18:42:23.859Z</time>
      </trkpt>
      <trkpt lat="39.906000" lon="18.304655">
        <ele>176.602022</ele>
        <time>2023-11-25T18:42:25.505Z</time>
      </trkpt>
      <trkpt lat="39.905725" lon="18.305072">
        <ele>176.744856</ele>
        <time>2023-11-25T18:42:36.240Z</time>
      </trkpt>
      <trkpt lat="39.905407" lon="18.305395">
        <ele>176.881355</ele>
        <time>2023-11-25T18:42:45.829Z</time>
      </trkpt>
      <trkpt lat="39.904778" lon="18.305585">
        <ele>176.917927</ele>
        <time>2023-11-25T18:42:59.949Z</time>
      </trkpt>
      <trkpt lat="39.904300" lon="18.305692">
        <ele>176.377235</ele>
        <time>2023-11-25T18:43:09.764Z</time>
      </trkpt>
      <trkpt lat="39.903888" lon="18.305909">
        <ele>175.881847</ele>
        <time>2023-11-25T18:43:18.536Z</time>
      </trkpt>
      <trkpt lat="39.902616" lon="18.306716">
        <ele>174.263526</ele>
        <time>2023-11-25T18:43:45.930Z</time>
      </trkpt>
      <trkpt lat="39.901867" lon="18.307766">
        <ele>172.969692</ele>
        <time>2023-11-25T18:44:07.951Z</time>
      </trkpt>
      <trkpt lat="39.900780" lon="18.308070">
        <ele>172.157585</ele>
        <time>2023-11-25T18:44:30.942Z</time>
      </trkpt>
      <trkpt lat="39.899221" lon="18.308490">
        <ele>171.088852</ele>
        <time>2023-11-25T18:45:05.072Z</time>
      </trkpt>
      <trkpt lat="39.898721" lon="18.308639">
        <ele>170.764423</ele>
        <time>2023-11-25T18:45:15.696Z</time>
      </trkpt>
      <trkpt lat="39.898318" lon="18.308834">
        <ele>170.494060</ele>
        <time>2023-11-25T18:45:24.522Z</time>
      </trkpt>
      <trkpt lat="39.898128" lon="18.308928">
        <ele>170.380430</ele>
        <time>2023-11-25T18:45:28.691Z</time>
      </trkpt>
      <trkpt lat="39.897550" lon="18.309323">
        <ele>170.015529</ele>
        <time>2023-11-25T18:45:42.403Z</time>
      </trkpt>
      <trkpt lat="39.896760" lon="18.309858">
        <ele>169.517756</ele>
        <time>2023-11-25T18:46:01.324Z</time>
      </trkpt>
      <trkpt lat="39.895534" lon="18.310689">
        <ele>169.513044</ele>
        <time>2023-11-25T18:46:33.182Z</time>
      </trkpt>
      <trkpt lat="39.895028" lon="18.311055">
        <ele>169.580863</ele>
        <time>2023-11-25T18:46:47.398Z</time>
      </trkpt>
      <trkpt lat="39.894840" lon="18.311223">
        <ele>169.691900</ele>
        <time>2023-11-25T18:46:53.112Z</time>
      </trkpt>
      <trkpt lat="39.894508" lon="18.311519">
        <ele>169.887842</ele>
        <time>2023-11-25T18:47:03.368Z</time>
      </trkpt>
      <trkpt lat="39.894275" lon="18.312310">
        <ele>170.204506</ele>
        <time>2023-11-25T18:47:19.964Z</time>
      </trkpt>
      <trkpt lat="39.893931" lon="18.313026">
        <ele>170.502788</ele>
        <time>2023-11-25T18:47:36.190Z</time>
      </trkpt>
      <trkpt lat="39.893727" lon="18.313354">
        <ele>170.638866</ele>
        <time>2023-11-25T18:47:44.332Z</time>
      </trkpt>
      <trkpt lat="39.893706" lon="18.313434">
        <ele>170.666116</ele>
        <time>2023-11-25T18:47:45.992Z</time>
      </trkpt>
      <trkpt lat="39.893671" lon="18.313571">
        <ele>170.712652</ele>
        <time>2023-11-25T18:47:48.813Z</time>
      </trkpt>
      <trkpt lat="39.893555" lon="18.314694">
        <ele>171.077840</ele>
        <time>2023-11-25T18:48:10.606Z</time>
      </trkpt>
      <trkpt lat="39.893490" lon="18.315087">
        <ele>171.136608</ele>
        <time>2023-11-25T18:48:17.898Z</time>
      </trkpt>
      <trkpt lat="39.893444" lon="18.315232">
        <ele>171.125863</ele>
        <time>2023-11-25T18:48:20.687Z</time>
      </trkpt>
      <trkpt lat="39.893031" lon="18.315929">
        <ele>171.065556</ele>
        <time>2023-11-25T18:48:35.883Z</time>
      </trkpt>
      <trkpt lat="39.892568" lon="18.316687">
        <ele>170.999208</ele>
        <time>2023-11-25T18:48:52.788Z</time>
      </trkpt>
      <trkpt lat="39.892110" lon="18.317557">
        <ele>170.605604</ele>
        <time>2023-11-25T18:49:10.510Z</time>
      </trkpt>
      <trkpt lat="39.891940" lon="18.317830">
        <ele>170.455766</ele>
        <time>2023-11-25T18:49:16.166Z</time>
      </trkpt>
      <trkpt lat="39.891556" lon="18.318458">
        <ele>170.113541</ele>
        <time>2023-11-25T18:49:28.953Z</time>
      </trkpt>
      <trkpt lat="39.890974" lon="18.319495">
        <ele>169.509048</ele>
        <time>2023-11-25T18:49:49.795Z</time>
      </trkpt>
      <trkpt lat="39.890905" lon="18.319671">
        <ele>169.413490</ele>
        <time>2023-11-25T18:49:52.992Z</time>
      </trkpt>
      <trkpt lat="39.890845" lon="18.320009">
        <ele>169.245757</ele>
        <time>2023-11-25T18:49:58.575Z</time>
      </trkpt>
      <trkpt lat="39.890849" lon="18.320353">
        <ele>169.079420</ele>
        <time>2023-11-25T18:50:04.064Z</time>
      </trkpt>
      <trkpt lat="39.890761" lon="18.321428">
        <ele>168.729579</ele>
        <time>2023-11-25T18:50:21.730Z</time>
      </trkpt>
      <trkpt lat="39.890678" lon="18.321573">
        <ele>168.692622</ele>
        <time>2023-11-25T18:50:24.798Z</time>
      </trkpt>
      <trkpt lat="39.890068" lon="18.322103">
        <ele>168.497425</ele>
        <time>2023-11-25T18:50:41.460Z</time>
      </trkpt>
      <trkpt lat="39.889373" lon="18.322462">
        <ele>168.343986</ele>
        <time>2023-11-25T18:50:58.348Z</time>
      </trkpt>
      <trkpt lat="39.889260" lon="18.322551">
        <ele>168.329184</ele>
        <time>2023-11-25T18:51:01.340Z</time>
      </trkpt>
      <trkpt lat="39.888941" lon="18.322932">
        <ele>168.280676</ele>
        <time>2023-11-25T18:51:11.001Z</time>
      </trkpt>
      <trkpt lat="39.888072" lon="18.323776">
        <ele>168.183255</ele>
        <time>2023-11-25T18:51:35.828Z</time>
      </trkpt>
      <trkpt lat="39.887772" lon="18.324195">
        <ele>168.206605</ele>
        <time>2023-11-25T18:51:45.963Z</time>
      </trkpt>
      <trkpt lat="39.887132" lon="18.325289">
        <ele>168.262655</ele>
        <time>2023-11-25T18:52:11.162Z</time>
      </trkpt>
      <trkpt lat="39.886165" lon="18.326901">
        <ele>167.980993</ele>
        <time>2023-11-25T18:52:47.406Z</time>
      </trkpt>
      <trkpt lat="39.885677" lon="18.327708">
        <ele>167.636178</ele>
        <time>2023-11-25T18:53:03.513Z</time>
      </trkpt>
      <trkpt lat="39.884679" lon="18.328865">
        <ele>166.754428</ele>
        <time>2023-11-25T18:53:31.306Z</time>
      </trkpt>
      <trkpt lat="39.884458" lon="18.329044">
        <ele>166.770986</ele>
        <time>2023-11-25T18:53:37.065Z</time>
      </trkpt>
      <trkpt lat="39.884135" lon="18.328851">
        <ele>166.871810</ele>
        <time>2023-11-25T18:53:45.268Z</time>
      </trkpt>
      <trkpt lat="39.883440" lon="18.328744">
        <ele>167.070386</ele>
        <time>2023-11-25T18:54:02.658Z</time>
      </trkpt>
      <trkpt lat="39.882725" lon="18.328524">
        <ele>167.298320</ele>
        <time>2023-11-25T18:54:22.203Z</time>
      </trkpt>
      <trkpt lat="39.882077" lon="18.328214">
        <ele>167.564681</ele>
        <time>2023-11-25T18:54:39.609Z</time>
      </trkpt>
      <trkpt lat="39.881994" lon="18.328632">
        <ele>167.692529</ele>
        <time>2023-11-25T18:54:47.678Z</time>
      </trkpt>
      <trkpt lat="39.881751" lon="18.329466">
        <ele>167.853238</ele>
        <time>2023-11-25T18:55:04.085Z</time>
      </trkpt>
      <trkpt lat="39.881841" lon="18.330194">
        <ele>167.475731</ele>
        <time>2023-11-25T18:55:16.882Z</time>
      </trkpt>
      <trkpt lat="39.881742" lon="18.330694">
        <ele>167.211372</ele>
        <time>2023-11-25T18:55:25.237Z</time>
      </trkpt>
      <trkpt lat="39.881351" lon="18.331272">
        <ele>166.816899</ele>
        <time>2023-11-25T18:55:37.071Z</time>
      </trkpt>
      <trkpt lat="39.881269" lon="18.331316">
        <ele>166.757737</ele>
        <time>2023-11-25T18:55:38.810Z</time>
      </trkpt>
      <trkpt lat="39.880724" lon="18.331933">
        <ele>165.660129</ele>
        <time>2023-11-25T18:55:52.442Z</time>
      </trkpt>
      <trkpt lat="39.880065" lon="18.332608">
        <ele>164.322876</ele>
        <time>2023-11-25T18:56:08.124Z</time>
      </trkpt>
      <trkpt lat="39.879784" lon="18.333068">
        <ele>163.802968</ele>
        <time>2023-11-25T18:56:16.754Z</time>
      </trkpt>
      <trkpt lat="39.879741" lon="18.333137">
        <ele>163.782493</ele>
        <time>2023-11-25T18:56:18.097Z</time>
      </trkpt>
      <trkpt lat="39.879502" lon="18.333619">
        <ele>163.650304</ele>
        <time>2023-11-25T18:56:26.943Z</time>
      </trkpt>
      <trkpt lat="39.879313" lon="18.333830">
        <ele>163.575599</ele>
        <time>2023-11-25T18:56:32.177Z</time>
      </trkpt>
      <trkpt lat="39.879069" lon="18.334241">
        <ele>163.455902</ele>
        <time>2023-11-25T18:56:41.163Z</time>
      </trkpt>
      <trkpt lat="39.878447" lon="18.334912">
        <ele>164.081245</ele>
        <time>2023-11-25T18:57:02.780Z</time>
      </trkpt>
      <trkpt lat="39.878441" lon="18.335046">
        <ele>164.330155</ele>
        <time>2023-11-25T18:57:05.889Z</time>
      </trkpt>
      <trkpt lat="39.878596" lon="18.335451">
        <ele>165.169393</ele>
        <time>2023-11-25T18:57:16.724Z</time>
      </trkpt>
      <trkpt lat="39.878644" lon="18.336216">
        <ele>166.592725</ele>
        <time>2023-11-25T18:57:36.662Z</time>
      </trkpt>
      <trkpt lat="39.878558" lon="18.336935">
        <ele>168.112111</ele>
        <time>2023-11-25T18:57:57.130Z</time>
      </trkpt>
      <trkpt lat="39.878435" lon="18.337015">
        <ele>168.641442</ele>
        <time>2023-11-25T18:58:02.371Z</time>
      </trkpt>
      <trkpt lat="39.877698" lon="18.337513">
        <ele>171.838119</ele>
        <time>2023-11-25T18:58:35.523Z</time>
      </trkpt>
      <trkpt lat="39.877420" lon="18.337741">
        <ele>173.102935</ele>
        <time>2023-11-25T18:58:47.993Z</time>
      </trkpt>
      <trkpt lat="39.877210" lon="18.338002">
        <ele>174.220372</ele>
        <time>2023-11-25T18:58:58.398Z</time>
      </trkpt>
      <trkpt lat="39.877322" lon="18.338276">
        <ele>174.871772</ele>
        <time>2023-11-25T18:59:07.144Z</time>
      </trkpt>
      <trkpt lat="39.876996" lon="18.338501">
        <ele>175.613201</ele>
        <time>2023-11-25T18:59:19.754Z</time>
      </trkpt>
      <trkpt lat="39.876613" lon="18.338844">
        <ele>176.547227</ele>
        <time>2023-11-25T18:59:34.697Z</time>
      </trkpt>
      <trkpt lat="39.876500" lon="18.338986">
        <ele>176.862739</ele>
        <time>2023-11-25T18:59:39.448Z</time>
      </trkpt>
      <trkpt lat="39.876456" lon="18.339068">
        <ele>177.017064</ele>
        <time>2023-11-25T18:59:41.825Z</time>
      </trkpt>
      <trkpt lat="39.876386" lon="18.339200">
        <ele>177.264538</ele>
        <time>2023-11-25T18:59:45.180Z</time>
      </trkpt>
      <trkpt lat="39.876318" lon="18.339442">
        <ele>177.662030</ele>
        <time>2023-11-25T18:59:50.537Z</time>
      </trkpt>
      <trkpt lat="39.876277" lon="18.339927">
        <ele>178.108407</ele>
        <time>2023-11-25T18:59:59.424Z</time>
      </trkpt>
      <trkpt lat="39.876222" lon="18.340190">
        <ele>177.939080</ele>
        <time>2023-11-25T19:00:03.954Z</time>
      </trkpt>
      <trkpt lat="39.876091" lon="18.340308">
        <ele>177.810176</ele>
        <time>2023-11-25T19:00:07.322Z</time>
      </trkpt>
      <trkpt lat="39.875738" lon="18.340438">
        <ele>177.513256</ele>
        <time>2023-11-25T19:00:14.745Z</time>
      </trkpt>
      <trkpt lat="39.875516" lon="18.340529">
        <ele>177.324882</ele>
        <time>2023-11-25T19:00:19.287Z</time>
      </trkpt>
      <trkpt lat="39.875271" lon="18.340630">
        <ele>177.116885</ele>
        <time>2023-11-25T19:00:24.140Z</time>
      </trkpt>
      <trkpt lat="39.874889" lon="18.340898">
        <ele>176.765715</ele>
        <time>2023-11-25T19:00:31.968Z</time>
      </trkpt>
      <trkpt lat="39.874678" lon="18.341030">
        <ele>176.312751</ele>
        <time>2023-11-25T19:00:36.084Z</time>
      </trkpt>
      <trkpt lat="39.874249" lon="18.341212">
        <ele>175.361475</ele>
        <time>2023-11-25T19:00:43.854Z</time>
      </trkpt>
      <trkpt lat="39.873839" lon="18.341386">
        <ele>174.452299</ele>
        <time>2023-11-25T19:00:51.209Z</time>
      </trkpt>
      <trkpt lat="39.873718" lon="18.341467">
        <ele>174.165473</ele>
        <time>2023-11-25T19:00:53.572Z</time>
      </trkpt>
      <trkpt lat="39.873378" lon="18.341693">
        <ele>173.360695</ele>
        <time>2023-11-25T19:01:00.237Z</time>
      </trkpt>
      <trkpt lat="39.872872" lon="18.342085">
        <ele>172.045830</ele>
        <time>2023-11-25T19:01:10.615Z</time>
      </trkpt>
      <trkpt lat="39.872641" lon="18.342264">
        <ele>171.428782</ele>
        <time>2023-11-25T19:01:15.461Z</time>
      </trkpt>
      <trkpt lat="39.872405" lon="18.341594">
        <ele>170.129823</ele>
        <time>2023-11-25T19:01:26.085Z</time>
      </trkpt>
      <trkpt lat="39.872254" lon="18.341488">
        <ele>169.736033</ele>
        <time>2023-11-25T19:01:29.130Z</time>
      </trkpt>
      <trkpt lat="39.871606" lon="18.341127">
        <ele>167.494432</ele>
        <time>2023-11-25T19:01:41.175Z</time>
      </trkpt>
      <trkpt lat="39.871549" lon="18.341079">
        <ele>167.199913</ele>
        <time>2023-11-25T19:01:42.316Z</time>
      </trkpt>
      <trkpt lat="39.871388" lon="18.341110">
        <ele>166.493658</ele>
        <time>2023-11-25T19:01:45.026Z</time>
      </trkpt>
      <trkpt lat="39.871183" lon="18.341112">
        <ele>165.604026</ele>
        <time>2023-11-25T19:01:48.369Z</time>
      </trkpt>
      <trkpt lat="39.870711" lon="18.341016">
        <ele>163.530954</ele>
        <time>2023-11-25T19:01:56.030Z</time>
      </trkpt>
      <trkpt lat="39.870164" lon="18.340760">
        <ele>161.009244</ele>
        <time>2023-11-25T19:02:05.195Z</time>
      </trkpt>
      <trkpt lat="39.870057" lon="18.340765">
        <ele>160.596778</ele>
        <time>2023-11-25T19:02:06.869Z</time>
      </trkpt>
      <trkpt lat="39.869670" lon="18.340888">
        <ele>159.062202</ele>
        <time>2023-11-25T19:02:13.135Z</time>
      </trkpt>
      <trkpt lat="39.869561" lon="18.340876">
        <ele>158.640799</ele>
        <time>2023-11-25T19:02:14.866Z</time>
      </trkpt>
      <trkpt lat="39.869388" lon="18.340751">
        <ele>157.878722</ele>
        <time>2023-11-25T19:02:18.044Z</time>
      </trkpt>
      <trkpt lat="39.869274" lon="18.340770">
        <ele>157.435976</ele>
        <time>2023-11-25T19:02:19.927Z</time>
      </trkpt>
      <trkpt lat="39.868783" lon="18.341213">
        <ele>155.135226</ele>
        <time>2023-11-25T19:02:30.059Z</time>
      </trkpt>
      <trkpt lat="39.868683" lon="18.341237">
        <ele>154.743510</ele>
        <time>2023-11-25T19:02:31.863Z</time>
      </trkpt>
      <trkpt lat="39.868558" lon="18.341189">
        <ele>154.241487</ele>
        <time>2023-11-25T19:02:34.207Z</time>
      </trkpt>
      <trkpt lat="39.868026" lon="18.341848">
        <ele>153.359586</ele>
        <time>2023-11-25T19:02:48.268Z</time>
      </trkpt>
      <trkpt lat="39.867627" lon="18.342305">
        <ele>152.804252</ele>
        <time>2023-11-25T19:02:59.455Z</time>
      </trkpt>
      <trkpt lat="39.866630" lon="18.343133">
        <ele>151.749668</ele>
        <time>2023-11-25T19:03:25.415Z</time>
      </trkpt>
      <trkpt lat="39.866479" lon="18.343187">
        <ele>151.632670</ele>
        <time>2023-11-25T19:03:28.725Z</time>
      </trkpt>
      <trkpt lat="39.865692" lon="18.343277">
        <ele>151.042378</ele>
        <time>2023-11-25T19:03:44.816Z</time>
      </trkpt>
      <trkpt lat="39.865452" lon="18.343210">
        <ele>150.858302</ele>
        <time>2023-11-25T19:03:49.715Z</time>
      </trkpt>
      <trkpt lat="39.864950" lon="18.343155">
        <ele>150.267821</ele>
        <time>2023-11-25T19:03:59.616Z</time>
      </trkpt>
      <trkpt lat="39.864447" lon="18.343133">
        <ele>149.677913</ele>
        <time>2023-11-25T19:04:09.448Z</time>
      </trkpt>
      <trkpt lat="39.863984" lon="18.343221">
        <ele>149.129477</ele>
        <time>2023-11-25T19:04:18.669Z</time>
      </trkpt>
      <trkpt lat="39.863403" lon="18.343394">
        <ele>148.580409</ele>
        <time>2023-11-25T19:04:30.725Z</time>
      </trkpt>
      <trkpt lat="39.863054" lon="18.343530">
        <ele>148.352253</ele>
        <time>2023-11-25T19:04:38.384Z</time>
      </trkpt>
      <trkpt lat="39.862893" lon="18.343605">
        <ele>148.245163</ele>
        <time>2023-11-25T19:04:42.040Z</time>
      </trkpt>
      <trkpt lat="39.862836" lon="18.343594">
        <ele>148.209073</ele>
        <time>2023-11-25T19:04:43.288Z</time>
      </trkpt>
      <trkpt lat="39.862571" lon="18.343325">
        <ele>147.998663</ele>
        <time>2023-11-25T19:04:50.620Z</time>
      </trkpt>
      <trkpt lat="39.860961" lon="18.343623">
        <ele>146.539707</ele>
        <time>2023-11-25T19:05:25.150Z</time>
      </trkpt>
      <trkpt lat="39.860754" lon="18.343700">
        <ele>146.312844</ele>
        <time>2023-11-25T19:05:29.391Z</time>
      </trkpt>
      <trkpt lat="39.859967" lon="18.343898">
        <ele>145.113703</ele>
        <time>2023-11-25T19:05:44.486Z</time>
      </trkpt>
      <trkpt lat="39.859720" lon="18.344003">
        <ele>144.469197</ele>
        <time>2023-11-25T19:05:49.212Z</time>
      </trkpt>
      <trkpt lat="39.859443" lon="18.344037">
        <ele>143.779025</ele>
        <time>2023-11-25T19:05:54.189Z</time>
      </trkpt>
      <trkpt lat="39.859173" lon="18.343984">
        <ele>143.101699</ele>
        <time>2023-11-25T19:05:58.984Z</time>
      </trkpt>
      <trkpt lat="39.858992" lon="18.343912">
        <ele>142.632243</ele>
        <time>2023-11-25T19:06:02.293Z</time>
      </trkpt>
      <trkpt lat="39.858339" lon="18.345031">
        <ele>139.826854</ele>
        <time>2023-11-25T19:06:21.064Z</time>
      </trkpt>
      <trkpt lat="39.857819" lon="18.344999">
        <ele>138.408775</ele>
        <time>2023-11-25T19:06:29.703Z</time>
      </trkpt>
      <trkpt lat="39.857615" lon="18.345124">
        <ele>137.794667</ele>
        <time>2023-11-25T19:06:33.494Z</time>
      </trkpt>
      <trkpt lat="39.857532" lon="18.345078">
        <ele>137.548961</ele>
        <time>2023-11-25T19:06:34.985Z</time>
      </trkpt>
      <trkpt lat="39.856249" lon="18.343933">
        <ele>134.092514</ele>
        <time>2023-11-25T19:07:01.504Z</time>
      </trkpt>
      <trkpt lat="39.855499" lon="18.343311">
        <ele>132.675972</ele>
        <time>2023-11-25T19:07:17.864Z</time>
      </trkpt>
      <trkpt lat="39.855339" lon="18.343183">
        <ele>132.637448</ele>
        <time>2023-11-25T19:07:21.503Z</time>
      </trkpt>
      <trkpt lat="39.855293" lon="18.343174">
        <ele>132.627904</ele>
        <time>2023-11-25T19:07:22.430Z</time>
      </trkpt>
      <trkpt lat="39.855017" lon="18.343474">
        <ele>132.554152</ele>
        <time>2023-11-25T19:07:29.871Z</time>
      </trkpt>
      <trkpt lat="39.854934" lon="18.343489">
        <ele>132.536960</ele>
        <time>2023-11-25T19:07:31.721Z</time>
      </trkpt>
      <trkpt lat="39.854666" lon="18.344277">
        <ele>132.401211</ele>
        <time>2023-11-25T19:07:47.924Z</time>
      </trkpt>
      <trkpt lat="39.854563" lon="18.344647">
        <ele>132.366946</ele>
        <time>2023-11-25T19:07:55.828Z</time>
      </trkpt>
      <trkpt lat="39.854493" lon="18.345065">
        <ele>132.465052</ele>
        <time>2023-11-25T19:08:04.533Z</time>
      </trkpt>
      <trkpt lat="39.854131" lon="18.345789">
        <ele>132.663185</ele>
        <time>2023-11-25T19:08:21.314Z</time>
      </trkpt>
      <trkpt lat="39.854065" lon="18.345966">
        <ele>132.708308</ele>
        <time>2023-11-25T19:08:24.913Z</time>
      </trkpt>
      <trkpt lat="39.853772" lon="18.346326">
        <ele>132.828621</ele>
        <time>2023-11-25T19:08:34.178Z</time>
      </trkpt>
      <trkpt lat="39.853175" lon="18.346835">
        <ele>132.684261</ele>
        <time>2023-11-25T19:08:49.969Z</time>
      </trkpt>
      <trkpt lat="39.852801" lon="18.347203">
        <ele>132.499193</ele>
        <time>2023-11-25T19:08:59.947Z</time>
      </trkpt>
      <trkpt lat="39.852743" lon="18.347278">
        <ele>132.466924</ele>
        <time>2023-11-25T19:09:01.657Z</time>
      </trkpt>
      <trkpt lat="39.852673" lon="18.347393">
        <ele>132.422437</ele>
        <time>2023-11-25T19:09:04.085Z</time>
      </trkpt>
      <trkpt lat="39.852434" lon="18.347973">
        <ele>132.222901</ele>
        <time>2023-11-25T19:09:14.893Z</time>
      </trkpt>
      <trkpt lat="39.852331" lon="18.348278">
        <ele>132.121889</ele>
        <time>2023-11-25T19:09:20.524Z</time>
      </trkpt>
      <trkpt lat="39.851573" lon="18.349212">
        <ele>131.709832</ele>
        <time>2023-11-25T19:09:43.611Z</time>
      </trkpt>
      <trkpt lat="39.851388" lon="18.349507">
        <ele>131.594348</ele>
        <time>2023-11-25T19:09:50.000Z</time>
      </trkpt>
      <trkpt lat="39.851011" lon="18.349895">
        <ele>131.316125</ele>
        <time>2023-11-25T19:10:00.359Z</time>
      </trkpt>
      <trkpt lat="39.850633" lon="18.350266">
        <ele>130.865405</ele>
        <time>2023-11-25T19:10:10.271Z</time>
      </trkpt>
      <trkpt lat="39.850517" lon="18.350213">
        <ele>130.748339</ele>
        <time>2023-11-25T19:10:12.844Z</time>
      </trkpt>
      <trkpt lat="39.850453" lon="18.350049">
        <ele>130.613837</ele>
        <time>2023-11-25T19:10:15.668Z</time>
      </trkpt>
      <trkpt lat="39.850226" lon="18.350011">
        <ele>130.395886</ele>
        <time>2023-11-25T19:10:20.241Z</time>
      </trkpt>
      <trkpt lat="39.850095" lon="18.350108">
        <ele>130.252386</ele>
        <time>2023-11-25T19:10:23.170Z</time>
      </trkpt>
      <trkpt lat="39.849992" lon="18.350237">
        <ele>130.116312</ele>
        <time>2023-11-25T19:10:25.949Z</time>
      </trkpt>
      <trkpt lat="39.849651" lon="18.350510">
        <ele>129.730251</ele>
        <time>2023-11-25T19:10:33.792Z</time>
      </trkpt>
      <trkpt lat="39.849483" lon="18.350414">
        <ele>129.511251</ele>
        <time>2023-11-25T19:10:37.373Z</time>
      </trkpt>
      <trkpt lat="39.849378" lon="18.350424">
        <ele>129.385572</ele>
        <time>2023-11-25T19:10:39.461Z</time>
      </trkpt>
      <trkpt lat="39.849275" lon="18.350532">
        <ele>129.227726</ele>
        <time>2023-11-25T19:10:42.136Z</time>
      </trkpt>
      <trkpt lat="39.849197" lon="18.350590">
        <ele>129.120509</ele>
        <time>2023-11-25T19:10:43.927Z</time>
      </trkpt>
      <trkpt lat="39.848583" lon="18.350735">
        <ele>128.375595</ele>
        <time>2023-11-25T19:10:56.480Z</time>
      </trkpt>
      <trkpt lat="39.848188" lon="18.350891">
        <ele>127.882864</ele>
        <time>2023-11-25T19:11:04.535Z</time>
      </trkpt>
      <trkpt lat="39.847860" lon="18.351059">
        <ele>127.461960</ele>
        <time>2023-11-25T19:11:11.373Z</time>
      </trkpt>
      <trkpt lat="39.847297" lon="18.351543">
        <ele>126.655759</ele>
        <time>2023-11-25T19:11:24.638Z</time>
      </trkpt>
      <trkpt lat="39.847127" lon="18.351626">
        <ele>126.438783</ele>
        <time>2023-11-25T19:11:28.256Z</time>
      </trkpt>
      <trkpt lat="39.846953" lon="18.351650">
        <ele>126.229669</ele>
        <time>2023-11-25T19:11:31.799Z</time>
      </trkpt>
      <trkpt lat="39.846446" lon="18.351842">
        <ele>125.598648</ele>
        <time>2023-11-25T19:11:42.302Z</time>
      </trkpt>
      <trkpt lat="39.845605" lon="18.352396">
        <ele>124.651756</ele>
        <time>2023-11-25T19:12:01.052Z</time>
      </trkpt>
      <trkpt lat="39.844647" lon="18.353073">
        <ele>123.606711</ele>
        <time>2023-11-25T19:12:23.406Z</time>
      </trkpt>
      <trkpt lat="39.844102" lon="18.353462">
        <ele>123.108415</ele>
        <time>2023-11-25T19:12:36.263Z</time>
      </trkpt>
      <trkpt lat="39.842849" lon="18.354402">
        <ele>121.816359</ele>
        <time>2023-11-25T19:13:06.226Z</time>
      </trkpt>
      <trkpt lat="39.841331" lon="18.355386">
        <ele>119.833342</ele>
        <time>2023-11-25T19:13:39.595Z</time>
      </trkpt>
      <trkpt lat="39.841223" lon="18.355376">
        <ele>119.694335</ele>
        <time>2023-11-25T19:13:41.661Z</time>
      </trkpt>
      <trkpt lat="39.841092" lon="18.355257">
        <ele>119.489279</ele>
        <time>2023-11-25T19:13:44.720Z</time>
      </trkpt>
      <trkpt lat="39.840896" lon="18.355212">
        <ele>119.233761</ele>
        <time>2023-11-25T19:13:48.553Z</time>
      </trkpt>
      <trkpt lat="39.840623" lon="18.355252">
        <ele>118.881054</ele>
        <time>2023-11-25T19:13:53.854Z</time>
      </trkpt>
      <trkpt lat="39.840318" lon="18.355194">
        <ele>118.485323</ele>
        <time>2023-11-25T19:13:59.881Z</time>
      </trkpt>
      <trkpt lat="39.840211" lon="18.355207">
        <ele>118.347353</ele>
        <time>2023-11-25T19:14:01.993Z</time>
      </trkpt>
      <trkpt lat="39.840004" lon="18.355387">
        <ele>118.027799</ele>
        <time>2023-11-25T19:14:06.967Z</time>
      </trkpt>
      <trkpt lat="39.839828" lon="18.355465">
        <ele>117.821732</ele>
        <time>2023-11-25T19:14:10.735Z</time>
      </trkpt>
      <trkpt lat="39.839601" lon="18.355495">
        <ele>117.627773</ele>
        <time>2023-11-25T19:14:15.401Z</time>
      </trkpt>
      <trkpt lat="39.839061" lon="18.355604">
        <ele>117.163248</ele>
        <time>2023-11-25T19:14:26.618Z</time>
      </trkpt>
      <trkpt lat="39.838818" lon="18.355614">
        <ele>116.956576</ele>
        <time>2023-11-25T19:14:31.632Z</time>
      </trkpt>
      <trkpt lat="39.838497" lon="18.354737">
        <ele>116.337918</ele>
        <time>2023-11-25T19:14:47.075Z</time>
      </trkpt>
      <trkpt lat="39.838112" lon="18.354885">
        <ele>116.151148</ele>
        <time>2023-11-25T19:14:55.459Z</time>
      </trkpt>
      <trkpt lat="39.837916" lon="18.354931">
        <ele>116.058486</ele>
        <time>2023-11-25T19:14:59.615Z</time>
      </trkpt>
      <trkpt lat="39.837255" lon="18.354988">
        <ele>115.750269</ele>
        <time>2023-11-25T19:15:13.750Z</time>
      </trkpt>
      <trkpt lat="39.836606" lon="18.355109">
        <ele>115.591368</ele>
        <time>2023-11-25T19:15:28.335Z</time>
      </trkpt>
      <trkpt lat="39.836213" lon="18.355257">
        <ele>115.774016</ele>
        <time>2023-11-25T19:15:38.312Z</time>
      </trkpt>
      <trkpt lat="39.835580" lon="18.355946">
        <ele>116.142341</ele>
        <time>2023-11-25T19:15:59.051Z</time>
      </trkpt>
      <trkpt lat="39.834921" lon="18.356624">
        <ele>116.498170</ele>
        <time>2023-11-25T19:16:19.862Z</time>
      </trkpt>
      <trkpt lat="39.834555" lon="18.356959">
        <ele>116.678252</ele>
        <time>2023-11-25T19:16:30.754Z</time>
      </trkpt>
      <trkpt lat="39.834366" lon="18.357067">
        <ele>116.761336</ele>
        <time>2023-11-25T19:16:35.662Z</time>
      </trkpt>
      <trkpt lat="39.834125" lon="18.357134">
        <ele>116.860535</ele>
        <time>2023-11-25T19:16:41.376Z</time>
      </trkpt>
      <trkpt lat="39.833892" lon="18.357247">
        <ele>116.960621</ele>
        <time>2023-11-25T19:16:47.392Z</time>
      </trkpt>
      <trkpt lat="39.833857" lon="18.357238">
        <ele>116.974982</ele>
        <time>2023-11-25T19:16:48.190Z</time>
      </trkpt>
      <trkpt lat="39.833627" lon="18.357378">
        <ele>117.076499</ele>
        <time>2023-11-25T19:16:54.238Z</time>
      </trkpt>
      <trkpt lat="39.833259" lon="18.357622">
        <ele>117.238984</ele>
        <time>2023-11-25T19:17:04.053Z</time>
      </trkpt>
      <trkpt lat="39.833062" lon="18.357793">
        <ele>117.332139</ele>
        <time>2023-11-25T19:17:09.623Z</time>
      </trkpt>
      <trkpt lat="39.832936" lon="18.357903">
        <ele>117.391827</ele>
        <time>2023-11-25T19:17:13.212Z</time>
      </trkpt>
      <trkpt lat="39.832827" lon="18.357891">
        <ele>117.434868</ele>
        <time>2023-11-25T19:17:15.806Z</time>
      </trkpt>
      <trkpt lat="39.832696" lon="18.357923">
        <ele>117.487311</ele>
        <time>2023-11-25T19:17:19.050Z</time>
      </trkpt>
      <trkpt lat="39.832498" lon="18.358045">
        <ele>117.573499</ele>
        <time>2023-11-25T19:17:24.465Z</time>
      </trkpt>
      <trkpt lat="39.832348" lon="18.358289">
        <ele>117.667939</ele>
        <time>2023-11-25T19:17:30.625Z</time>
      </trkpt>
      <trkpt lat="39.832022" lon="18.358705">
        <ele>118.091349</ele>
        <time>2023-11-25T19:17:42.782Z</time>
      </trkpt>
      <trkpt lat="39.831789" lon="18.358632">
        <ele>118.432983</ele>
        <time>2023-11-25T19:17:49.422Z</time>
      </trkpt>
      <trkpt lat="39.831543" lon="18.358659">
        <ele>118.784914</ele>
        <time>2023-11-25T19:17:56.494Z</time>
      </trkpt>
      <trkpt lat="39.831365" lon="18.358652">
        <ele>119.038779</ele>
        <time>2023-11-25T19:18:01.707Z</time>
      </trkpt>
      <trkpt lat="39.831252" lon="18.358614">
        <ele>119.205152</ele>
        <time>2023-11-25T19:18:05.206Z</time>
      </trkpt>
      <trkpt lat="39.831103" lon="18.358432">
        <ele>119.496381</ele>
        <time>2023-11-25T19:18:11.422Z</time>
      </trkpt>
      <trkpt lat="39.830860" lon="18.358051">
        <ele>120.038570</ele>
        <time>2023-11-25T19:18:23.194Z</time>
      </trkpt>
      <trkpt lat="39.830318" lon="18.358464">
        <ele>120.388470</ele>
        <time>2023-11-25T19:18:41.730Z</time>
      </trkpt>
      <trkpt lat="39.829979" lon="18.358574">
        <ele>120.444999</ele>
        <time>2023-11-25T19:18:51.425Z</time>
      </trkpt>
      <trkpt lat="39.829670" lon="18.358636">
        <ele>120.495588</ele>
        <time>2023-11-25T19:18:59.569Z</time>
      </trkpt>
      <trkpt lat="39.829432" lon="18.358632">
        <ele>120.534101</ele>
        <time>2023-11-25T19:19:04.933Z</time>
      </trkpt>
      <trkpt lat="39.829088" lon="18.358619">
        <ele>120.589786</ele>
        <time>2023-11-25T19:19:11.855Z</time>
      </trkpt>
      <trkpt lat="39.828978" lon="18.358628">
        <ele>120.607619</ele>
        <time>2023-11-25T19:19:13.926Z</time>
      </trkpt>
      <trkpt lat="39.828553" lon="18.358618">
        <ele>118.982998</ele>
        <time>2023-11-25T19:19:21.407Z</time>
      </trkpt>
      <trkpt lat="39.828179" lon="18.358657">
        <ele>117.502799</ele>
        <time>2023-11-25T19:19:27.659Z</time>
      </trkpt>
      <trkpt lat="39.827589" lon="18.358511">
        <ele>115.133520</ele>
        <time>2023-11-25T19:19:37.213Z</time>
      </trkpt>
      <trkpt lat="39.827411" lon="18.358437">
        <ele>114.396366</ele>
        <time>2023-11-25T19:19:40.155Z</time>
      </trkpt>
      <trkpt lat="39.826546" lon="18.358080">
        <ele>110.870145</ele>
        <time>2023-11-25T19:19:54.521Z</time>
      </trkpt>
      <trkpt lat="39.826138" lon="18.357870">
        <ele>109.173753</ele>
        <time>2023-11-25T19:20:01.692Z</time>
      </trkpt>
      <trkpt lat="39.825662" lon="18.357492">
        <ele>107.017917</ele>
        <time>2023-11-25T19:20:11.296Z</time>
      </trkpt>
      <trkpt lat="39.824764" lon="18.356685">
        <ele>105.262633</ele>
        <time>2023-11-25T19:20:31.943Z</time>
      </trkpt>
      <trkpt lat="39.823902" lon="18.355879">
        <ele>104.033638</ele>
        <time>2023-11-25T19:20:54.139Z</time>
      </trkpt>
      <trkpt lat="39.823798" lon="18.355800">
        <ele>103.968296</ele>
        <time>2023-11-25T19:20:56.717Z</time>
      </trkpt>
      <trkpt lat="39.822660" lon="18.355528">
        <ele>103.340404</ele>
        <time>2023-11-25T19:21:21.462Z</time>
      </trkpt>
      <trkpt lat="39.822403" lon="18.355544">
        <ele>103.200776</ele>
        <time>2023-11-25T19:21:27.069Z</time>
      </trkpt>
      <trkpt lat="39.821137" lon="18.355146">
        <ele>102.088865</ele>
        <time>2023-11-25T19:21:55.284Z</time>
      </trkpt>
      <trkpt lat="39.820963" lon="18.355279">
        <ele>101.915180</ele>
        <time>2023-11-25T19:21:59.213Z</time>
      </trkpt>
      <trkpt lat="39.820462" lon="18.355666">
        <ele>100.750832</ele>
        <time>2023-11-25T19:22:09.684Z</time>
      </trkpt>
      <trkpt lat="39.819853" lon="18.356043">
        <ele>98.445406</ele>
        <time>2023-11-25T19:22:20.798Z</time>
      </trkpt>
      <trkpt lat="39.819611" lon="18.356175">
        <ele>97.548378</ele>
        <time>2023-11-25T19:22:24.970Z</time>
      </trkpt>
      <trkpt lat="39.819128" lon="18.356253">
        <ele>95.884432</ele>
        <time>2023-11-25T19:22:32.450Z</time>
      </trkpt>
      <trkpt lat="39.818943" lon="18.356283">
        <ele>95.175132</ele>
        <time>2023-11-25T19:22:35.239Z</time>
      </trkpt>
      <trkpt lat="39.818740" lon="18.356297">
        <ele>94.272266</ele>
        <time>2023-11-25T19:22:38.265Z</time>
      </trkpt>
      <trkpt lat="39.817608" lon="18.356371">
        <ele>89.238281</ele>
        <time>2023-11-25T19:22:55.394Z</time>
      </trkpt>
      <trkpt lat="39.817110" lon="18.356649">
        <ele>87.294566</ele>
        <time>2023-11-25T19:23:04.143Z</time>
      </trkpt>
      <trkpt lat="39.817279" lon="18.357457">
        <ele>86.419096</ele>
        <time>2023-11-25T19:23:15.899Z</time>
      </trkpt>
      <trkpt lat="39.816935" lon="18.358715">
        <ele>85.053936</ele>
        <time>2023-11-25T19:23:38.129Z</time>
      </trkpt>
      <trkpt lat="39.816864" lon="18.358886">
        <ele>85.075473</ele>
        <time>2023-11-25T19:23:41.976Z</time>
      </trkpt>
      <trkpt lat="39.816810" lon="18.359462">
        <ele>85.139766</ele>
        <time>2023-11-25T19:23:53.293Z</time>
      </trkpt>
      <trkpt lat="39.816463" lon="18.360147">
        <ele>85.230682</ele>
        <time>2023-11-25T19:24:08.722Z</time>
      </trkpt>
      <trkpt lat="39.816257" lon="18.360935">
        <ele>85.252431</ele>
        <time>2023-11-25T19:24:23.512Z</time>
      </trkpt>
      <trkpt lat="39.815931" lon="18.361444">
        <ele>84.911077</ele>
        <time>2023-11-25T19:24:34.714Z</time>
      </trkpt>
      <trkpt lat="39.815489" lon="18.361986">
        <ele>84.503910</ele>
        <time>2023-11-25T19:24:47.358Z</time>
      </trkpt>
      <trkpt lat="39.815196" lon="18.362268">
        <ele>84.259571</ele>
        <time>2023-11-25T19:24:54.641Z</time>
      </trkpt>
      <trkpt lat="39.813189" lon="18.363683">
        <ele>82.017744</ele>
        <time>2023-11-25T19:25:39.852Z</time>
      </trkpt>
      <trkpt lat="39.811370" lon="18.365027">
        <ele>81.603076</ele>
        <time>2023-11-25T19:26:26.774Z</time>
      </trkpt>
      <trkpt lat="39.811017" lon="18.365248">
        <ele>81.728348</ele>
        <time>2023-11-25T19:26:36.577Z</time>
      </trkpt>
      <trkpt lat="39.810206" lon="18.365605">
        <ele>82.002146</ele>
        <time>2023-11-25T19:26:58.714Z</time>
      </trkpt>
      <trkpt lat="39.809869" lon="18.365583">
        <ele>81.908377</ele>
        <time>2023-11-25T19:27:07.406Z</time>
      </trkpt>
      <trkpt lat="39.809648" lon="18.365711">
        <ele>81.838677</ele>
        <time>2023-11-25T19:27:13.334Z</time>
      </trkpt>
      <trkpt lat="39.809498" lon="18.365763">
        <ele>81.793947</ele>
        <time>2023-11-25T19:27:17.050Z</time>
      </trkpt>
      <trkpt lat="39.808695" lon="18.365821">
        <ele>81.562204</ele>
        <time>2023-11-25T19:27:34.706Z</time>
      </trkpt>
      <trkpt lat="39.808303" lon="18.365728">
        <ele>81.155551</ele>
        <time>2023-11-25T19:27:42.518Z</time>
      </trkpt>
      <trkpt lat="39.808291" lon="18.365683">
        <ele>81.064651</ele>
        <time>2023-11-25T19:27:43.162Z</time>
      </trkpt>
      <trkpt lat="39.807700" lon="18.365665">
        <ele>79.596109</ele>
        <time>2023-11-25T19:27:53.846Z</time>
      </trkpt>
      <trkpt lat="39.807693" lon="18.365771">
        <ele>79.393081</ele>
        <time>2023-11-25T19:27:55.439Z</time>
      </trkpt>
      <trkpt lat="39.807332" lon="18.365732">
        <ele>78.493215</ele>
        <time>2023-11-25T19:28:01.447Z</time>
      </trkpt>
      <trkpt lat="39.806843" lon="18.365805">
        <ele>77.270498</ele>
        <time>2023-11-25T19:28:09.358Z</time>
      </trkpt>
      <trkpt lat="39.804021" lon="18.366659">
        <ele>68.621443</ele>
        <time>2023-11-25T19:28:56.773Z</time>
      </trkpt>
      <trkpt lat="39.803168" lon="18.366917">
        <ele>66.330552</ele>
        <time>2023-11-25T19:29:11.723Z</time>
      </trkpt>
      <trkpt lat="39.803021" lon="18.366962">
        <ele>66.102875</ele>
        <time>2023-11-25T19:29:14.346Z</time>
      </trkpt>
      <trkpt lat="39.799912" lon="18.367911">
        <ele>61.981272</ele>
        <time>2023-11-25T19:30:14.035Z</time>
      </trkpt>
      <trkpt lat="39.798965" lon="18.368203">
        <ele>61.101308</ele>
        <time>2023-11-25T19:30:35.431Z</time>
      </trkpt>
      <trkpt lat="39.798790" lon="18.368189">
        <ele>60.949720</ele>
        <time>2023-11-25T19:30:39.264Z</time>
      </trkpt>
      <trkpt lat="39.798770" lon="18.368140">
        <ele>60.912863</ele>
        <time>2023-11-25T19:30:40.123Z</time>
      </trkpt>
      <trkpt lat="39.798681" lon="18.368093">
        <ele>60.829823</ele>
        <time>2023-11-25T19:30:42.148Z</time>
      </trkpt>
      <trkpt lat="39.798635" lon="18.368114">
        <ele>60.787676</ele>
        <time>2023-11-25T19:30:43.250Z</time>
      </trkpt>
      <trkpt lat="39.798371" lon="18.368138">
        <ele>60.558869</ele>
        <time>2023-11-25T19:30:48.896Z</time>
      </trkpt>
      <trkpt lat="39.797692" lon="18.367824">
        <ele>60.232840</ele>
        <time>2023-11-25T19:31:01.340Z</time>
      </trkpt>
      <trkpt lat="39.797142" lon="18.367839">
        <ele>60.232840</ele>
        <time>2023-11-25T19:31:09.864Z</time>
      </trkpt>
      <trkpt lat="39.796959" lon="18.367908">
        <ele>60.232840</ele>
        <time>2023-11-25T19:31:12.864Z</time>
      </trkpt>
      <trkpt lat="39.796796" lon="18.367976">
        <ele>60.232840</ele>
        <time>2023-11-25T19:31:15.466Z</time>
      </trkpt>
      <trkpt lat="39.796771" lon="18.367851">
        <ele>60.232840</ele>
        <time>2023-11-25T19:31:16.998Z</time>
      </trkpt>
      <trkpt lat="39.796712" lon="18.367755">
        <ele>60.232840</ele>
        <time>2023-11-25T19:31:18.497Z</time>
      </trkpt>
      <trkpt lat="39.796659" lon="18.367756">
        <ele>60.232840</ele>
        <time>2023-11-25T19:31:19.316Z</time>
      </trkpt>
      <trkpt lat="39.796168" lon="18.367763">
        <ele>60.232840</ele>
        <time>2023-11-25T19:31:26.963Z</time>
      </trkpt>
      <trkpt lat="39.796143" lon="18.367778">
        <ele>60.232840</ele>
        <time>2023-11-25T19:31:27.381Z</time>
      </trkpt>
    </trkseg>
  </trk>
</gpx>