<?xml version='1.0' encoding='UTF-8'?>
<gpx version="1.1" creator="https://www.komoot.de" xmlns="http://www.topografix.com/GPX/1/1" xmlns:xsi="http://www.w3.org/2001/XMLSchema-instance" xsi:schemaLocation="http://www.topografix.com/GPX/1/1 http://www.topografix.com/GPX/1/1/gpx.xsd">
  <metadata>
    <name>Stage 4: Quasano to Noci – Apulian Aqueduct Cycle Route</name>
    <author>
      <link href="https://www.komoot.de">
        <text>komoot</text>
        <type>text/html</type>
      </link>
    </author>
  </metadata>
  <trk>
    <name>Stage 4: Quasano to Noci – Apulian Aqueduct Cycle Route</name>
    <trkseg>
      <trkpt lat="40.967740" lon="16.577493">
        <ele>358.171948</ele>
        <time>2023-11-25T14:47:19.692Z</time>
      </trkpt>
      <trkpt lat="40.967683" lon="16.577506">
        <ele>358.171948</ele>
        <time>2023-11-25T14:47:23.700Z</time>
      </trkpt>
      <trkpt lat="40.967770" lon="16.577677">
        <ele>358.171948</ele>
        <time>2023-11-25T14:47:26.274Z</time>
      </trkpt>
      <trkpt lat="40.967879" lon="16.577824">
        <ele>358.171948</ele>
        <time>2023-11-25T14:47:28.862Z</time>
      </trkpt>
      <trkpt lat="40.967955" lon="16.579309">
        <ele>356.204035</ele>
        <time>2023-11-25T14:47:46.488Z</time>
      </trkpt>
      <trkpt lat="40.967995" lon="16.579874">
        <ele>354.783597</ele>
        <time>2023-11-25T14:47:53.153Z</time>
      </trkpt>
      <trkpt lat="40.968037" lon="16.580474">
        <ele>353.275316</ele>
        <time>2023-11-25T14:48:00.542Z</time>
      </trkpt>
      <trkpt lat="40.968040" lon="16.580519">
        <ele>353.162240</ele>
        <time>2023-11-25T14:48:01.122Z</time>
      </trkpt>
      <trkpt lat="40.968057" lon="16.580772">
        <ele>352.526461</ele>
        <time>2023-11-25T14:48:04.393Z</time>
      </trkpt>
      <trkpt lat="40.968070" lon="16.580973">
        <ele>352.168048</ele>
        <time>2023-11-25T14:48:07.133Z</time>
      </trkpt>
      <trkpt lat="40.968085" lon="16.581207">
        <ele>352.038531</ele>
        <time>2023-11-25T14:48:10.359Z</time>
      </trkpt>
      <trkpt lat="40.968111" lon="16.581623">
        <ele>351.808319</ele>
        <time>2023-11-25T14:48:16.597Z</time>
      </trkpt>
      <trkpt lat="40.968128" lon="16.581892">
        <ele>351.659445</ele>
        <time>2023-11-25T14:48:20.753Z</time>
      </trkpt>
      <trkpt lat="40.968146" lon="16.582177">
        <ele>351.501717</ele>
        <time>2023-11-25T14:48:25.292Z</time>
      </trkpt>
      <trkpt lat="40.968151" lon="16.582262">
        <ele>351.454697</ele>
        <time>2023-11-25T14:48:26.661Z</time>
      </trkpt>
      <trkpt lat="40.967983" lon="16.582769">
        <ele>351.149342</ele>
        <time>2023-11-25T14:48:35.770Z</time>
      </trkpt>
      <trkpt lat="40.967548" lon="16.583813">
        <ele>350.557645</ele>
        <time>2023-11-25T14:48:55.256Z</time>
      </trkpt>
      <trkpt lat="40.967103" lon="16.584717">
        <ele>350.059602</ele>
        <time>2023-11-25T14:49:11.904Z</time>
      </trkpt>
      <trkpt lat="40.966878" lon="16.585334">
        <ele>349.657259</ele>
        <time>2023-11-25T14:49:22.246Z</time>
      </trkpt>
      <trkpt lat="40.966617" lon="16.586332">
        <ele>348.377760</ele>
        <time>2023-11-25T14:49:37.606Z</time>
      </trkpt>
      <trkpt lat="40.966516" lon="16.586852">
        <ele>347.727292</ele>
        <time>2023-11-25T14:49:45.080Z</time>
      </trkpt>
      <trkpt lat="40.966489" lon="16.587681">
        <ele>346.760561</ele>
        <time>2023-11-25T14:49:56.598Z</time>
      </trkpt>
      <trkpt lat="40.966611" lon="16.589624">
        <ele>344.880849</ele>
        <time>2023-11-25T14:50:25.259Z</time>
      </trkpt>
      <trkpt lat="40.966852" lon="16.593232">
        <ele>344.064177</ele>
        <time>2023-11-25T14:51:26.074Z</time>
      </trkpt>
      <trkpt lat="40.966645" lon="16.593555">
        <ele>344.065396</ele>
        <time>2023-11-25T14:51:33.179Z</time>
      </trkpt>
      <trkpt lat="40.966236" lon="16.594430">
        <ele>344.087354</ele>
        <time>2023-11-25T14:51:50.784Z</time>
      </trkpt>
      <trkpt lat="40.963118" lon="16.601493">
        <ele>348.489553</ele>
        <time>2023-11-25T14:54:27.522Z</time>
      </trkpt>
      <trkpt lat="40.962110" lon="16.603859">
        <ele>348.923230</ele>
        <time>2023-11-25T14:55:13.960Z</time>
      </trkpt>
      <trkpt lat="40.961737" lon="16.604675">
        <ele>348.941306</ele>
        <time>2023-11-25T14:55:29.577Z</time>
      </trkpt>
      <trkpt lat="40.960860" lon="16.606661">
        <ele>349.124740</ele>
        <time>2023-11-25T14:56:08.663Z</time>
      </trkpt>
      <trkpt lat="40.959744" lon="16.609201">
        <ele>350.164318</ele>
        <time>2023-11-25T14:57:02.805Z</time>
      </trkpt>
      <trkpt lat="40.957670" lon="16.613902">
        <ele>352.081441</ele>
        <time>2023-11-25T14:58:41.682Z</time>
      </trkpt>
      <trkpt lat="40.957474" lon="16.614394">
        <ele>352.305257</ele>
        <time>2023-11-25T14:58:51.891Z</time>
      </trkpt>
      <trkpt lat="40.956597" lon="16.617527">
        <ele>353.567961</ele>
        <time>2023-11-25T14:59:53.817Z</time>
      </trkpt>
      <trkpt lat="40.955805" lon="16.616426">
        <ele>353.813607</ele>
        <time>2023-11-25T15:00:19.875Z</time>
      </trkpt>
      <trkpt lat="40.955400" lon="16.615490">
        <ele>354.199438</ele>
        <time>2023-11-25T15:00:38.252Z</time>
      </trkpt>
      <trkpt lat="40.954979" lon="16.613902">
        <ele>355.205748</ele>
        <time>2023-11-25T15:01:10.599Z</time>
      </trkpt>
      <trkpt lat="40.954975" lon="16.613882">
        <ele>355.218119</ele>
        <time>2023-11-25T15:01:11.046Z</time>
      </trkpt>
      <trkpt lat="40.954752" lon="16.612744">
        <ele>356.972544</ele>
        <time>2023-11-25T15:01:37.037Z</time>
      </trkpt>
      <trkpt lat="40.953828" lon="16.611373">
        <ele>360.451765</ele>
        <time>2023-11-25T15:02:22.296Z</time>
      </trkpt>
      <trkpt lat="40.953460" lon="16.611017">
        <ele>362.028297</ele>
        <time>2023-11-25T15:02:38.588Z</time>
      </trkpt>
      <trkpt lat="40.953062" lon="16.609896">
        <ele>365.264393</ele>
        <time>2023-11-25T15:03:14.337Z</time>
      </trkpt>
      <trkpt lat="40.952890" lon="16.609378">
        <ele>366.427596</ele>
        <time>2023-11-25T15:03:30.010Z</time>
      </trkpt>
      <trkpt lat="40.952509" lon="16.608631">
        <ele>368.171643</ele>
        <time>2023-11-25T15:03:53.368Z</time>
      </trkpt>
      <trkpt lat="40.952288" lon="16.609140">
        <ele>369.307630</ele>
        <time>2023-11-25T15:04:13.688Z</time>
      </trkpt>
      <trkpt lat="40.951920" lon="16.609626">
        <ele>370.140222</ele>
        <time>2023-11-25T15:04:36.009Z</time>
      </trkpt>
      <trkpt lat="40.951268" lon="16.610341">
        <ele>370.159143</ele>
        <time>2023-11-25T15:05:07.502Z</time>
      </trkpt>
      <trkpt lat="40.948917" lon="16.612916">
        <ele>368.636790</ele>
        <time>2023-11-25T15:06:53.255Z</time>
      </trkpt>
      <trkpt lat="40.947409" lon="16.614276">
        <ele>367.635433</ele>
        <time>2023-11-25T15:07:57.051Z</time>
      </trkpt>
      <trkpt lat="40.946258" lon="16.615155">
        <ele>367.163412</ele>
        <time>2023-11-25T15:08:44.810Z</time>
      </trkpt>
      <trkpt lat="40.944023" lon="16.616414">
        <ele>366.785153</ele>
        <time>2023-11-25T15:10:14.128Z</time>
      </trkpt>
      <trkpt lat="40.943503" lon="16.617130">
        <ele>366.525357</ele>
        <time>2023-11-25T15:10:40.685Z</time>
      </trkpt>
      <trkpt lat="40.942677" lon="16.619554">
        <ele>365.810210</ele>
        <time>2023-11-25T15:11:51.230Z</time>
      </trkpt>
      <trkpt lat="40.940848" lon="16.625310">
        <ele>367.667126</ele>
        <time>2023-11-25T15:14:56.240Z</time>
      </trkpt>
      <trkpt lat="40.941073" lon="16.625499">
        <ele>367.694428</ele>
        <time>2023-11-25T15:15:06.088Z</time>
      </trkpt>
      <trkpt lat="40.941271" lon="16.625484">
        <ele>367.714748</ele>
        <time>2023-11-25T15:15:13.286Z</time>
      </trkpt>
      <trkpt lat="40.941316" lon="16.625536">
        <ele>367.720868</ele>
        <time>2023-11-25T15:15:15.442Z</time>
      </trkpt>
      <trkpt lat="40.941634" lon="16.626878">
        <ele>366.955547</ele>
        <time>2023-11-25T15:15:52.382Z</time>
      </trkpt>
      <trkpt lat="40.941980" lon="16.627368">
        <ele>366.419233</ele>
        <time>2023-11-25T15:16:09.302Z</time>
      </trkpt>
      <trkpt lat="40.942897" lon="16.628795">
        <ele>364.363840</ele>
        <time>2023-11-25T15:16:55.143Z</time>
      </trkpt>
      <trkpt lat="40.944251" lon="16.630855">
        <ele>361.057227</ele>
        <time>2023-11-25T15:18:00.724Z</time>
      </trkpt>
      <trkpt lat="40.944469" lon="16.631446">
        <ele>360.297629</ele>
        <time>2023-11-25T15:18:16.993Z</time>
      </trkpt>
      <trkpt lat="40.945051" lon="16.632692">
        <ele>360.026610</ele>
        <time>2023-11-25T15:18:55.729Z</time>
      </trkpt>
      <trkpt lat="40.945450" lon="16.633226">
        <ele>360.012275</ele>
        <time>2023-11-25T15:19:17.991Z</time>
      </trkpt>
      <trkpt lat="40.945510" lon="16.633354">
        <ele>360.009400</ele>
        <time>2023-11-25T15:19:22.613Z</time>
      </trkpt>
      <trkpt lat="40.945511" lon="16.633461">
        <ele>360.007357</ele>
        <time>2023-11-25T15:19:25.871Z</time>
      </trkpt>
      <trkpt lat="40.945677" lon="16.633532">
        <ele>360.076651</ele>
        <time>2023-11-25T15:19:30.586Z</time>
      </trkpt>
      <trkpt lat="40.946447" lon="16.634632">
        <ele>361.057486</ele>
        <time>2023-11-25T15:20:01.600Z</time>
      </trkpt>
      <trkpt lat="40.946538" lon="16.634953">
        <ele>361.281719</ele>
        <time>2023-11-25T15:20:08.629Z</time>
      </trkpt>
      <trkpt lat="40.946645" lon="16.635817">
        <ele>361.529731</ele>
        <time>2023-11-25T15:20:25.449Z</time>
      </trkpt>
      <trkpt lat="40.946752" lon="16.636085">
        <ele>361.507544</ele>
        <time>2023-11-25T15:20:30.884Z</time>
      </trkpt>
      <trkpt lat="40.947087" lon="16.636383">
        <ele>361.468435</ele>
        <time>2023-11-25T15:20:40.004Z</time>
      </trkpt>
      <trkpt lat="40.947188" lon="16.636458">
        <ele>361.457214</ele>
        <time>2023-11-25T15:20:42.568Z</time>
      </trkpt>
      <trkpt lat="40.948246" lon="16.637213">
        <ele>361.079268</ele>
        <time>2023-11-25T15:21:08.278Z</time>
      </trkpt>
      <trkpt lat="40.948203" lon="16.637331">
        <ele>361.016738</ele>
        <time>2023-11-25T15:21:10.286Z</time>
      </trkpt>
      <trkpt lat="40.947900" lon="16.638205">
        <ele>360.557762</ele>
        <time>2023-11-25T15:21:24.934Z</time>
      </trkpt>
      <trkpt lat="40.947811" lon="16.638641">
        <ele>360.342206</ele>
        <time>2023-11-25T15:21:31.696Z</time>
      </trkpt>
      <trkpt lat="40.947705" lon="16.639625">
        <ele>359.717399</ele>
        <time>2023-11-25T15:21:46.562Z</time>
      </trkpt>
      <trkpt lat="40.947669" lon="16.640150">
        <ele>359.367180</ele>
        <time>2023-11-25T15:21:54.356Z</time>
      </trkpt>
      <trkpt lat="40.947647" lon="16.640467">
        <ele>359.155693</ele>
        <time>2023-11-25T15:21:59.031Z</time>
      </trkpt>
      <trkpt lat="40.947610" lon="16.640870">
        <ele>358.885989</ele>
        <time>2023-11-25T15:22:05.027Z</time>
      </trkpt>
      <trkpt lat="40.947540" lon="16.641315">
        <ele>358.582075</ele>
        <time>2023-11-25T15:22:11.694Z</time>
      </trkpt>
      <trkpt lat="40.947389" lon="16.641950">
        <ele>358.129798</ele>
        <time>2023-11-25T15:22:21.383Z</time>
      </trkpt>
      <trkpt lat="40.947274" lon="16.642420">
        <ele>357.794155</ele>
        <time>2023-11-25T15:22:28.582Z</time>
      </trkpt>
      <trkpt lat="40.947250" lon="16.642515">
        <ele>357.726100</ele>
        <time>2023-11-25T15:22:30.061Z</time>
      </trkpt>
      <trkpt lat="40.947155" lon="16.642889">
        <ele>357.458030</ele>
        <time>2023-11-25T15:22:35.896Z</time>
      </trkpt>
      <trkpt lat="40.947039" lon="16.643328">
        <ele>357.142059</ele>
        <time>2023-11-25T15:22:42.835Z</time>
      </trkpt>
      <trkpt lat="40.946786" lon="16.644011">
        <ele>356.818079</ele>
        <time>2023-11-25T15:22:54.316Z</time>
      </trkpt>
      <trkpt lat="40.946495" lon="16.644435">
        <ele>356.604857</ele>
        <time>2023-11-25T15:23:03.085Z</time>
      </trkpt>
      <trkpt lat="40.946071" lon="16.644806">
        <ele>356.354425</ele>
        <time>2023-11-25T15:23:13.529Z</time>
      </trkpt>
      <trkpt lat="40.945614" lon="16.645249">
        <ele>356.129583</ele>
        <time>2023-11-25T15:23:25.749Z</time>
      </trkpt>
      <trkpt lat="40.945382" lon="16.645560">
        <ele>356.064865</ele>
        <time>2023-11-25T15:23:33.001Z</time>
      </trkpt>
      <trkpt lat="40.944894" lon="16.646750">
        <ele>355.864381</ele>
        <time>2023-11-25T15:23:55.167Z</time>
      </trkpt>
      <trkpt lat="40.944783" lon="16.646743">
        <ele>355.842598</ele>
        <time>2023-11-25T15:23:57.534Z</time>
      </trkpt>
      <trkpt lat="40.944733" lon="16.646777">
        <ele>355.831580</ele>
        <time>2023-11-25T15:23:58.736Z</time>
      </trkpt>
      <trkpt lat="40.944683" lon="16.646859">
        <ele>355.815976</ele>
        <time>2023-11-25T15:24:00.409Z</time>
      </trkpt>
      <trkpt lat="40.944669" lon="16.646931">
        <ele>355.797399</ele>
        <time>2023-11-25T15:24:01.596Z</time>
      </trkpt>
      <trkpt lat="40.944698" lon="16.647073">
        <ele>355.754715</ele>
        <time>2023-11-25T15:24:03.926Z</time>
      </trkpt>
      <trkpt lat="40.944742" lon="16.647129">
        <ele>355.731268</ele>
        <time>2023-11-25T15:24:05.197Z</time>
      </trkpt>
      <trkpt lat="40.943322" lon="16.650689">
        <ele>354.929632</ele>
        <time>2023-11-25T15:25:08.436Z</time>
      </trkpt>
      <trkpt lat="40.941883" lon="16.654311">
        <ele>357.135104</ele>
        <time>2023-11-25T15:26:27.228Z</time>
      </trkpt>
      <trkpt lat="40.940632" lon="16.653629">
        <ele>358.523218</ele>
        <time>2023-11-25T15:27:04.556Z</time>
      </trkpt>
      <trkpt lat="40.939584" lon="16.653002">
        <ele>359.848731</ele>
        <time>2023-11-25T15:27:36.412Z</time>
      </trkpt>
      <trkpt lat="40.939331" lon="16.652795">
        <ele>360.207022</ele>
        <time>2023-11-25T15:27:44.671Z</time>
      </trkpt>
      <trkpt lat="40.937236" lon="16.651815">
        <ele>362.908045</ele>
        <time>2023-11-25T15:28:47.727Z</time>
      </trkpt>
      <trkpt lat="40.937175" lon="16.651787">
        <ele>362.979315</ele>
        <time>2023-11-25T15:28:49.478Z</time>
      </trkpt>
      <trkpt lat="40.936673" lon="16.651333">
        <ele>363.650446</ele>
        <time>2023-11-25T15:29:06.105Z</time>
      </trkpt>
      <trkpt lat="40.936462" lon="16.651143">
        <ele>363.932148</ele>
        <time>2023-11-25T15:29:13.120Z</time>
      </trkpt>
      <trkpt lat="40.936385" lon="16.651258">
        <ele>364.060295</ele>
        <time>2023-11-25T15:29:16.213Z</time>
      </trkpt>
      <trkpt lat="40.936178" lon="16.651741">
        <ele>364.429705</ele>
        <time>2023-11-25T15:29:27.523Z</time>
      </trkpt>
      <trkpt lat="40.936125" lon="16.651768">
        <ele>364.470209</ele>
        <time>2023-11-25T15:29:29.062Z</time>
      </trkpt>
      <trkpt lat="40.935283" lon="16.651399">
        <ele>365.102804</ele>
        <time>2023-11-25T15:29:52.372Z</time>
      </trkpt>
      <trkpt lat="40.935084" lon="16.651864">
        <ele>365.390760</ele>
        <time>2023-11-25T15:30:07.922Z</time>
      </trkpt>
      <trkpt lat="40.934906" lon="16.652151">
        <ele>365.533071</ele>
        <time>2023-11-25T15:30:18.964Z</time>
      </trkpt>
      <trkpt lat="40.934742" lon="16.652363">
        <ele>365.505039</ele>
        <time>2023-11-25T15:30:27.950Z</time>
      </trkpt>
      <trkpt lat="40.934620" lon="16.652470">
        <ele>365.487142</ele>
        <time>2023-11-25T15:30:33.659Z</time>
      </trkpt>
      <trkpt lat="40.934481" lon="16.652672">
        <ele>365.461899</ele>
        <time>2023-11-25T15:30:41.582Z</time>
      </trkpt>
      <trkpt lat="40.934427" lon="16.652804">
        <ele>365.448031</ele>
        <time>2023-11-25T15:30:45.918Z</time>
      </trkpt>
      <trkpt lat="40.930983" lon="16.657542">
        <ele>364.646351</ele>
        <time>2023-11-25T15:33:44.709Z</time>
      </trkpt>
      <trkpt lat="40.928546" lon="16.660887">
        <ele>364.784118</ele>
        <time>2023-11-25T15:35:57.110Z</time>
      </trkpt>
      <trkpt lat="40.927876" lon="16.661813">
        <ele>364.336765</ele>
        <time>2023-11-25T15:36:31.327Z</time>
      </trkpt>
      <trkpt lat="40.926765" lon="16.663484">
        <ele>363.345569</ele>
        <time>2023-11-25T15:37:28.748Z</time>
      </trkpt>
      <trkpt lat="40.926004" lon="16.664635">
        <ele>363.015181</ele>
        <time>2023-11-25T15:38:09.926Z</time>
      </trkpt>
      <trkpt lat="40.925753" lon="16.664832">
        <ele>363.096466</ele>
        <time>2023-11-25T15:38:20.861Z</time>
      </trkpt>
      <trkpt lat="40.923509" lon="16.665399">
        <ele>364.131317</ele>
        <time>2023-11-25T15:39:51.503Z</time>
      </trkpt>
      <trkpt lat="40.923118" lon="16.665572">
        <ele>364.379093</ele>
        <time>2023-11-25T15:40:07.853Z</time>
      </trkpt>
      <trkpt lat="40.923012" lon="16.665665">
        <ele>364.455527</ele>
        <time>2023-11-25T15:40:12.869Z</time>
      </trkpt>
      <trkpt lat="40.922671" lon="16.665978">
        <ele>364.591490</ele>
        <time>2023-11-25T15:40:29.080Z</time>
      </trkpt>
      <trkpt lat="40.921513" lon="16.667747">
        <ele>365.149620</ele>
        <time>2023-11-25T15:41:36.196Z</time>
      </trkpt>
      <trkpt lat="40.920087" lon="16.669937">
        <ele>365.796827</ele>
        <time>2023-11-25T15:43:00.153Z</time>
      </trkpt>
      <trkpt lat="40.919967" lon="16.670155">
        <ele>365.843105</ele>
        <time>2023-11-25T15:43:08.095Z</time>
      </trkpt>
      <trkpt lat="40.919700" lon="16.670933">
        <ele>365.989719</ele>
        <time>2023-11-25T15:43:32.831Z</time>
      </trkpt>
      <trkpt lat="40.918692" lon="16.673525">
        <ele>365.258483</ele>
        <time>2023-11-25T15:44:51.765Z</time>
      </trkpt>
      <trkpt lat="40.918249" lon="16.674627">
        <ele>364.561380</ele>
        <time>2023-11-25T15:45:23.865Z</time>
      </trkpt>
      <trkpt lat="40.917791" lon="16.675357">
        <ele>364.048398</ele>
        <time>2023-11-25T15:45:48.221Z</time>
      </trkpt>
      <trkpt lat="40.916683" lon="16.676417">
        <ele>363.400363</ele>
        <time>2023-11-25T15:46:36.988Z</time>
      </trkpt>
      <trkpt lat="40.915962" lon="16.677036">
        <ele>363.194346</ele>
        <time>2023-11-25T15:47:07.487Z</time>
      </trkpt>
      <trkpt lat="40.915491" lon="16.677440">
        <ele>363.158101</ele>
        <time>2023-11-25T15:47:27.428Z</time>
      </trkpt>
      <trkpt lat="40.915016" lon="16.677785">
        <ele>363.123112</ele>
        <time>2023-11-25T15:47:47.962Z</time>
      </trkpt>
      <trkpt lat="40.914429" lon="16.678056">
        <ele>363.458415</ele>
        <time>2023-11-25T15:48:12.525Z</time>
      </trkpt>
      <trkpt lat="40.913027" lon="16.678161">
        <ele>364.627995</ele>
        <time>2023-11-25T15:49:09.553Z</time>
      </trkpt>
      <trkpt lat="40.912920" lon="16.678167">
        <ele>364.712294</ele>
        <time>2023-11-25T15:49:14.170Z</time>
      </trkpt>
      <trkpt lat="40.912788" lon="16.678237">
        <ele>364.824228</ele>
        <time>2023-11-25T15:49:20.246Z</time>
      </trkpt>
      <trkpt lat="40.912737" lon="16.678264">
        <ele>364.867465</ele>
        <time>2023-11-25T15:49:22.565Z</time>
      </trkpt>
      <trkpt lat="40.912361" lon="16.678463">
        <ele>365.186221</ele>
        <time>2023-11-25T15:49:39.580Z</time>
      </trkpt>
      <trkpt lat="40.912036" lon="16.678871">
        <ele>365.538845</ele>
        <time>2023-11-25T15:49:57.949Z</time>
      </trkpt>
      <trkpt lat="40.911090" lon="16.679943">
        <ele>365.999763</ele>
        <time>2023-11-25T15:50:45.446Z</time>
      </trkpt>
      <trkpt lat="40.908969" lon="16.682435">
        <ele>365.467632</ele>
        <time>2023-11-25T15:52:28.073Z</time>
      </trkpt>
      <trkpt lat="40.908878" lon="16.682542">
        <ele>365.432203</ele>
        <time>2023-11-25T15:52:32.247Z</time>
      </trkpt>
      <trkpt lat="40.908273" lon="16.683701">
        <ele>364.927547</ele>
        <time>2023-11-25T15:53:09.205Z</time>
      </trkpt>
      <trkpt lat="40.907878" lon="16.684509">
        <ele>364.581326</ele>
        <time>2023-11-25T15:53:34.957Z</time>
      </trkpt>
      <trkpt lat="40.906643" lon="16.686917">
        <ele>364.863498</ele>
        <time>2023-11-25T15:54:58.262Z</time>
      </trkpt>
      <trkpt lat="40.906419" lon="16.687225">
        <ele>364.918604</ele>
        <time>2023-11-25T15:55:10.502Z</time>
      </trkpt>
      <trkpt lat="40.906028" lon="16.687644">
        <ele>365.004432</ele>
        <time>2023-11-25T15:55:29.549Z</time>
      </trkpt>
      <trkpt lat="40.905506" lon="16.687891">
        <ele>365.098998</ele>
        <time>2023-11-25T15:55:50.505Z</time>
      </trkpt>
      <trkpt lat="40.905190" lon="16.687989">
        <ele>365.101652</ele>
        <time>2023-11-25T15:56:02.768Z</time>
      </trkpt>
      <trkpt lat="40.904696" lon="16.688211">
        <ele>365.095462</ele>
        <time>2023-11-25T15:56:22.250Z</time>
      </trkpt>
      <trkpt lat="40.904314" lon="16.688717">
        <ele>365.089048</ele>
        <time>2023-11-25T15:56:42.252Z</time>
      </trkpt>
      <trkpt lat="40.904202" lon="16.688975">
        <ele>365.086380</ele>
        <time>2023-11-25T15:56:50.609Z</time>
      </trkpt>
      <trkpt lat="40.903494" lon="16.691600">
        <ele>364.399282</ele>
        <time>2023-11-25T15:58:05.874Z</time>
      </trkpt>
      <trkpt lat="40.903327" lon="16.692007">
        <ele>364.202869</ele>
        <time>2023-11-25T15:58:18.001Z</time>
      </trkpt>
      <trkpt lat="40.903140" lon="16.692365">
        <ele>364.018301</ele>
        <time>2023-11-25T15:58:29.445Z</time>
      </trkpt>
      <trkpt lat="40.902852" lon="16.692734">
        <ele>363.793334</ele>
        <time>2023-11-25T15:58:43.472Z</time>
      </trkpt>
      <trkpt lat="40.902707" lon="16.692859">
        <ele>363.696221</ele>
        <time>2023-11-25T15:58:49.446Z</time>
      </trkpt>
      <trkpt lat="40.902554" lon="16.692993">
        <ele>363.593259</ele>
        <time>2023-11-25T15:58:55.909Z</time>
      </trkpt>
      <trkpt lat="40.902274" lon="16.693116">
        <ele>363.439968</ele>
        <time>2023-11-25T15:59:06.171Z</time>
      </trkpt>
      <trkpt lat="40.901836" lon="16.693387">
        <ele>363.496594</ele>
        <time>2023-11-25T15:59:23.274Z</time>
      </trkpt>
      <trkpt lat="40.901515" lon="16.693711">
        <ele>363.543877</ele>
        <time>2023-11-25T15:59:38.147Z</time>
      </trkpt>
      <trkpt lat="40.901257" lon="16.694158">
        <ele>363.593661</ele>
        <time>2023-11-25T15:59:54.615Z</time>
      </trkpt>
      <trkpt lat="40.901116" lon="16.694630">
        <ele>363.638585</ele>
        <time>2023-11-25T16:00:09.706Z</time>
      </trkpt>
      <trkpt lat="40.900517" lon="16.697310">
        <ele>365.232089</ele>
        <time>2023-11-25T16:01:35.476Z</time>
      </trkpt>
      <trkpt lat="40.900314" lon="16.698219">
        <ele>365.539134</ele>
        <time>2023-11-25T16:02:03.281Z</time>
      </trkpt>
      <trkpt lat="40.900207" lon="16.698697">
        <ele>365.700625</ele>
        <time>2023-11-25T16:02:17.409Z</time>
      </trkpt>
      <trkpt lat="40.899835" lon="16.700321">
        <ele>366.127289</ele>
        <time>2023-11-25T16:03:06.948Z</time>
      </trkpt>
      <trkpt lat="40.899820" lon="16.700690">
        <ele>366.204377</ele>
        <time>2023-11-25T16:03:17.501Z</time>
      </trkpt>
      <trkpt lat="40.899813" lon="16.702055">
        <ele>366.478225</ele>
        <time>2023-11-25T16:03:56.097Z</time>
      </trkpt>
      <trkpt lat="40.899801" lon="16.702378">
        <ele>366.537324</ele>
        <time>2023-11-25T16:04:05.477Z</time>
      </trkpt>
      <trkpt lat="40.899608" lon="16.703257">
        <ele>366.704599</ele>
        <time>2023-11-25T16:04:32.770Z</time>
      </trkpt>
      <trkpt lat="40.899326" lon="16.703097">
        <ele>366.778785</ele>
        <time>2023-11-25T16:04:42.306Z</time>
      </trkpt>
      <trkpt lat="40.899168" lon="16.703597">
        <ele>366.750683</ele>
        <time>2023-11-25T16:04:50.921Z</time>
      </trkpt>
      <trkpt lat="40.898813" lon="16.704724">
        <ele>366.295343</ele>
        <time>2023-11-25T16:05:10.239Z</time>
      </trkpt>
      <trkpt lat="40.898780" lon="16.704874">
        <ele>366.237080</ele>
        <time>2023-11-25T16:05:12.684Z</time>
      </trkpt>
      <trkpt lat="40.898748" lon="16.705015">
        <ele>366.182176</ele>
        <time>2023-11-25T16:05:14.815Z</time>
      </trkpt>
      <trkpt lat="40.898575" lon="16.706743">
        <ele>365.401748</ele>
        <time>2023-11-25T16:05:40.714Z</time>
      </trkpt>
      <trkpt lat="40.898458" lon="16.707073">
        <ele>365.223262</ele>
        <time>2023-11-25T16:05:50.275Z</time>
      </trkpt>
      <trkpt lat="40.898109" lon="16.708348">
        <ele>364.675342</ele>
        <time>2023-11-25T16:06:26.642Z</time>
      </trkpt>
      <trkpt lat="40.898254" lon="16.708401">
        <ele>364.628373</ele>
        <time>2023-11-25T16:06:31.933Z</time>
      </trkpt>
      <trkpt lat="40.898199" lon="16.708755">
        <ele>364.543081</ele>
        <time>2023-11-25T16:06:37.908Z</time>
      </trkpt>
      <trkpt lat="40.898195" lon="16.708777">
        <ele>364.537741</ele>
        <time>2023-11-25T16:06:38.291Z</time>
      </trkpt>
      <trkpt lat="40.898192" lon="16.709128">
        <ele>364.454898</ele>
        <time>2023-11-25T16:06:44.412Z</time>
      </trkpt>
      <trkpt lat="40.898320" lon="16.710239">
        <ele>364.168370</ele>
        <time>2023-11-25T16:07:01.892Z</time>
      </trkpt>
      <trkpt lat="40.898557" lon="16.712456">
        <ele>363.289294</ele>
        <time>2023-11-25T16:07:36.272Z</time>
      </trkpt>
      <trkpt lat="40.898533" lon="16.712894">
        <ele>363.161948</ele>
        <time>2023-11-25T16:07:43.590Z</time>
      </trkpt>
      <trkpt lat="40.898433" lon="16.713400">
        <ele>363.010838</ele>
        <time>2023-11-25T16:07:51.979Z</time>
      </trkpt>
      <trkpt lat="40.898169" lon="16.714118">
        <ele>362.780148</ele>
        <time>2023-11-25T16:08:04.454Z</time>
      </trkpt>
      <trkpt lat="40.897966" lon="16.714651">
        <ele>362.607706</ele>
        <time>2023-11-25T16:08:13.562Z</time>
      </trkpt>
      <trkpt lat="40.897939" lon="16.714835">
        <ele>362.629442</ele>
        <time>2023-11-25T16:08:16.513Z</time>
      </trkpt>
      <trkpt lat="40.897889" lon="16.715182">
        <ele>362.694077</ele>
        <time>2023-11-25T16:08:22.279Z</time>
      </trkpt>
      <trkpt lat="40.897904" lon="16.715624">
        <ele>362.775033</ele>
        <time>2023-11-25T16:08:30.141Z</time>
      </trkpt>
      <trkpt lat="40.897963" lon="16.716142">
        <ele>362.870882</ele>
        <time>2023-11-25T16:08:39.426Z</time>
      </trkpt>
      <trkpt lat="40.898074" lon="16.716582">
        <ele>362.955756</ele>
        <time>2023-11-25T16:08:47.606Z</time>
      </trkpt>
      <trkpt lat="40.898008" lon="16.716610">
        <ele>362.972533</ele>
        <time>2023-11-25T16:08:49.376Z</time>
      </trkpt>
      <trkpt lat="40.897697" lon="16.716470">
        <ele>363.121581</ele>
        <time>2023-11-25T16:08:57.655Z</time>
      </trkpt>
      <trkpt lat="40.897291" lon="16.716255">
        <ele>363.669570</ele>
        <time>2023-11-25T16:09:09.629Z</time>
      </trkpt>
      <trkpt lat="40.896719" lon="16.717994">
        <ele>365.341518</ele>
        <time>2023-11-25T16:10:11.862Z</time>
      </trkpt>
      <trkpt lat="40.896666" lon="16.718532">
        <ele>365.493619</ele>
        <time>2023-11-25T16:10:27.925Z</time>
      </trkpt>
      <trkpt lat="40.896698" lon="16.718957">
        <ele>365.613355</ele>
        <time>2023-11-25T16:10:40.281Z</time>
      </trkpt>
      <trkpt lat="40.897061" lon="16.720132">
        <ele>365.950932</ele>
        <time>2023-11-25T16:11:15.930Z</time>
      </trkpt>
      <trkpt lat="40.897114" lon="16.720423">
        <ele>365.915986</ele>
        <time>2023-11-25T16:11:24.244Z</time>
      </trkpt>
      <trkpt lat="40.897133" lon="16.720689">
        <ele>365.884793</ele>
        <time>2023-11-25T16:11:31.611Z</time>
      </trkpt>
      <trkpt lat="40.897088" lon="16.721188">
        <ele>365.826123</ele>
        <time>2023-11-25T16:11:45.323Z</time>
      </trkpt>
      <trkpt lat="40.896737" lon="16.722841">
        <ele>365.715411</ele>
        <time>2023-11-25T16:12:32.658Z</time>
      </trkpt>
      <trkpt lat="40.896708" lon="16.722978">
        <ele>365.727014</ele>
        <time>2023-11-25T16:12:36.619Z</time>
      </trkpt>
      <trkpt lat="40.895809" lon="16.725045">
        <ele>365.761305</ele>
        <time>2023-11-25T16:13:44.824Z</time>
      </trkpt>
      <trkpt lat="40.895745" lon="16.725540">
        <ele>365.668193</ele>
        <time>2023-11-25T16:13:58.615Z</time>
      </trkpt>
      <trkpt lat="40.895799" lon="16.726050">
        <ele>365.572709</ele>
        <time>2023-11-25T16:14:12.459Z</time>
      </trkpt>
      <trkpt lat="40.895896" lon="16.726579">
        <ele>365.471781</ele>
        <time>2023-11-25T16:14:26.910Z</time>
      </trkpt>
      <trkpt lat="40.895973" lon="16.727044">
        <ele>365.372314</ele>
        <time>2023-11-25T16:14:39.481Z</time>
      </trkpt>
      <trkpt lat="40.895991" lon="16.727395">
        <ele>365.291812</ele>
        <time>2023-11-25T16:14:48.788Z</time>
      </trkpt>
      <trkpt lat="40.895971" lon="16.727739">
        <ele>365.212864</ele>
        <time>2023-11-25T16:14:58.020Z</time>
      </trkpt>
      <trkpt lat="40.895916" lon="16.728056">
        <ele>365.138440</ele>
        <time>2023-11-25T16:15:06.821Z</time>
      </trkpt>
      <trkpt lat="40.895698" lon="16.728723">
        <ele>364.972158</ele>
        <time>2023-11-25T16:15:26.798Z</time>
      </trkpt>
      <trkpt lat="40.895339" lon="16.729660">
        <ele>364.387278</ele>
        <time>2023-11-25T16:15:56.568Z</time>
      </trkpt>
      <trkpt lat="40.895125" lon="16.730467">
        <ele>363.756964</ele>
        <time>2023-11-25T16:16:18.595Z</time>
      </trkpt>
      <trkpt lat="40.894941" lon="16.731274">
        <ele>363.135717</ele>
        <time>2023-11-25T16:16:38.885Z</time>
      </trkpt>
      <trkpt lat="40.896047" lon="16.731446">
        <ele>361.064922</ele>
        <time>2023-11-25T16:16:59.268Z</time>
      </trkpt>
      <trkpt lat="40.895852" lon="16.732600">
        <ele>359.748138</ele>
        <time>2023-11-25T16:17:15.028Z</time>
      </trkpt>
      <trkpt lat="40.895840" lon="16.733885">
        <ele>359.575133</ele>
        <time>2023-11-25T16:17:36.529Z</time>
      </trkpt>
      <trkpt lat="40.895842" lon="16.735400">
        <ele>359.470529</ele>
        <time>2023-11-25T16:18:04.854Z</time>
      </trkpt>
      <trkpt lat="40.895777" lon="16.736594">
        <ele>359.480880</ele>
        <time>2023-11-25T16:18:24.756Z</time>
      </trkpt>
      <trkpt lat="40.895749" lon="16.736800">
        <ele>359.482690</ele>
        <time>2023-11-25T16:18:28.076Z</time>
      </trkpt>
      <trkpt lat="40.895686" lon="16.737266">
        <ele>359.405071</ele>
        <time>2023-11-25T16:18:35.515Z</time>
      </trkpt>
      <trkpt lat="40.895470" lon="16.738269">
        <ele>358.974290</ele>
        <time>2023-11-25T16:18:51.184Z</time>
      </trkpt>
      <trkpt lat="40.895253" lon="16.739082">
        <ele>358.618154</ele>
        <time>2023-11-25T16:19:03.985Z</time>
      </trkpt>
      <trkpt lat="40.894837" lon="16.740349">
        <ele>359.016574</ele>
        <time>2023-11-25T16:19:27.275Z</time>
      </trkpt>
      <trkpt lat="40.894666" lon="16.741191">
        <ele>359.423934</ele>
        <time>2023-11-25T16:19:45.094Z</time>
      </trkpt>
      <trkpt lat="40.894622" lon="16.741533">
        <ele>359.586026</ele>
        <time>2023-11-25T16:19:52.494Z</time>
      </trkpt>
      <trkpt lat="40.894599" lon="16.742124">
        <ele>359.797033</ele>
        <time>2023-11-25T16:20:04.825Z</time>
      </trkpt>
      <trkpt lat="40.894638" lon="16.742989">
        <ele>360.095211</ele>
        <time>2023-11-25T16:20:21.337Z</time>
      </trkpt>
      <trkpt lat="40.894616" lon="16.743727">
        <ele>360.349356</ele>
        <time>2023-11-25T16:20:33.505Z</time>
      </trkpt>
      <trkpt lat="40.894517" lon="16.744291">
        <ele>360.177107</ele>
        <time>2023-11-25T16:20:42.543Z</time>
      </trkpt>
      <trkpt lat="40.894431" lon="16.744708">
        <ele>359.848795</ele>
        <time>2023-11-25T16:20:49.070Z</time>
      </trkpt>
      <trkpt lat="40.894427" lon="16.744725">
        <ele>359.835271</ele>
        <time>2023-11-25T16:20:49.331Z</time>
      </trkpt>
      <trkpt lat="40.894381" lon="16.744951">
        <ele>359.657497</ele>
        <time>2023-11-25T16:20:52.725Z</time>
      </trkpt>
      <trkpt lat="40.894346" lon="16.745108">
        <ele>359.533168</ele>
        <time>2023-11-25T16:20:55.074Z</time>
      </trkpt>
      <trkpt lat="40.894323" lon="16.745224">
        <ele>359.442079</ele>
        <time>2023-11-25T16:20:56.719Z</time>
      </trkpt>
      <trkpt lat="40.894046" lon="16.746555">
        <ele>358.468594</ele>
        <time>2023-11-25T16:21:15.942Z</time>
      </trkpt>
      <trkpt lat="40.893821" lon="16.747270">
        <ele>358.070790</ele>
        <time>2023-11-25T16:21:27.677Z</time>
      </trkpt>
      <trkpt lat="40.893559" lon="16.747936">
        <ele>357.685153</ele>
        <time>2023-11-25T16:21:39.707Z</time>
      </trkpt>
      <trkpt lat="40.893269" lon="16.748487">
        <ele>357.330177</ele>
        <time>2023-11-25T16:21:50.434Z</time>
      </trkpt>
      <trkpt lat="40.892707" lon="16.749397">
        <ele>356.629705</ele>
        <time>2023-11-25T16:22:08.456Z</time>
      </trkpt>
      <trkpt lat="40.892674" lon="16.749333">
        <ele>356.583524</ele>
        <time>2023-11-25T16:22:09.629Z</time>
      </trkpt>
      <trkpt lat="40.892589" lon="16.749316">
        <ele>356.515734</ele>
        <time>2023-11-25T16:22:11.392Z</time>
      </trkpt>
      <trkpt lat="40.892531" lon="16.749397">
        <ele>356.449226</ele>
        <time>2023-11-25T16:22:13.073Z</time>
      </trkpt>
      <trkpt lat="40.892535" lon="16.749480">
        <ele>356.399649</ele>
        <time>2023-11-25T16:22:14.270Z</time>
      </trkpt>
      <trkpt lat="40.892609" lon="16.749552">
        <ele>356.327211</ele>
        <time>2023-11-25T16:22:15.989Z</time>
      </trkpt>
      <trkpt lat="40.892488" lon="16.750031">
        <ele>356.026154</ele>
        <time>2023-11-25T16:22:23.307Z</time>
      </trkpt>
      <trkpt lat="40.892465" lon="16.750210">
        <ele>355.807183</ele>
        <time>2023-11-25T16:22:25.974Z</time>
      </trkpt>
      <trkpt lat="40.892470" lon="16.750680">
        <ele>355.064119</ele>
        <time>2023-11-25T16:22:32.450Z</time>
      </trkpt>
      <trkpt lat="40.892738" lon="16.752762">
        <ele>351.597723</ele>
        <time>2023-11-25T16:22:59.753Z</time>
      </trkpt>
      <trkpt lat="40.892758" lon="16.753583">
        <ele>349.966220</ele>
        <time>2023-11-25T16:23:10.215Z</time>
      </trkpt>
      <trkpt lat="40.892725" lon="16.754292">
        <ele>348.555349</ele>
        <time>2023-11-25T16:23:19.267Z</time>
      </trkpt>
      <trkpt lat="40.892630" lon="16.755215">
        <ele>346.643604</ele>
        <time>2023-11-25T16:23:31.085Z</time>
      </trkpt>
      <trkpt lat="40.892343" lon="16.756874">
        <ele>343.000693</ele>
        <time>2023-11-25T16:23:52.465Z</time>
      </trkpt>
      <trkpt lat="40.892299" lon="16.757214">
        <ele>342.270899</ele>
        <time>2023-11-25T16:23:56.752Z</time>
      </trkpt>
      <trkpt lat="40.892293" lon="16.757489">
        <ele>341.717450</ele>
        <time>2023-11-25T16:24:00.157Z</time>
      </trkpt>
      <trkpt lat="40.892350" lon="16.758100">
        <ele>340.478975</ele>
        <time>2023-11-25T16:24:07.794Z</time>
      </trkpt>
      <trkpt lat="40.892679" lon="16.759609">
        <ele>337.376584</ele>
        <time>2023-11-25T16:24:28.011Z</time>
      </trkpt>
      <trkpt lat="40.892718" lon="16.759953">
        <ele>336.810384</ele>
        <time>2023-11-25T16:24:32.595Z</time>
      </trkpt>
      <trkpt lat="40.892727" lon="16.760322">
        <ele>336.209441</ele>
        <time>2023-11-25T16:24:37.432Z</time>
      </trkpt>
      <trkpt lat="40.892725" lon="16.760621">
        <ele>335.722732</ele>
        <time>2023-11-25T16:24:41.386Z</time>
      </trkpt>
      <trkpt lat="40.892716" lon="16.760980">
        <ele>335.138058</ele>
        <time>2023-11-25T16:24:46.120Z</time>
      </trkpt>
      <trkpt lat="40.892694" lon="16.761530">
        <ele>334.241557</ele>
        <time>2023-11-25T16:24:53.327Z</time>
      </trkpt>
      <trkpt lat="40.892657" lon="16.762344">
        <ele>333.138659</ele>
        <time>2023-11-25T16:25:04.094Z</time>
      </trkpt>
      <trkpt lat="40.892557" lon="16.762843">
        <ele>332.525320</ele>
        <time>2023-11-25T16:25:11.083Z</time>
      </trkpt>
      <trkpt lat="40.892249" lon="16.763747">
        <ele>331.347228</ele>
        <time>2023-11-25T16:25:24.790Z</time>
      </trkpt>
      <trkpt lat="40.891992" lon="16.764532">
        <ele>331.034730</ele>
        <time>2023-11-25T16:25:37.597Z</time>
      </trkpt>
      <trkpt lat="40.891975" lon="16.764583">
        <ele>331.047846</ele>
        <time>2023-11-25T16:25:38.444Z</time>
      </trkpt>
      <trkpt lat="40.891870" lon="16.764862">
        <ele>331.121183</ele>
        <time>2023-11-25T16:25:43.418Z</time>
      </trkpt>
      <trkpt lat="40.891834" lon="16.764932">
        <ele>331.141105</ele>
        <time>2023-11-25T16:25:44.752Z</time>
      </trkpt>
      <trkpt lat="40.891832" lon="16.765016">
        <ele>331.160881</ele>
        <time>2023-11-25T16:25:46.089Z</time>
      </trkpt>
      <trkpt lat="40.891766" lon="16.765128">
        <ele>331.194297</ele>
        <time>2023-11-25T16:25:48.537Z</time>
      </trkpt>
      <trkpt lat="40.891624" lon="16.765360">
        <ele>331.264540</ele>
        <time>2023-11-25T16:25:53.713Z</time>
      </trkpt>
      <trkpt lat="40.891594" lon="16.765400">
        <ele>331.277799</ele>
        <time>2023-11-25T16:25:54.755Z</time>
      </trkpt>
      <trkpt lat="40.891502" lon="16.765599">
        <ele>331.332688</ele>
        <time>2023-11-25T16:25:59.335Z</time>
      </trkpt>
      <trkpt lat="40.891438" lon="16.765814">
        <ele>331.387061</ele>
        <time>2023-11-25T16:26:03.993Z</time>
      </trkpt>
      <trkpt lat="40.891400" lon="16.765979">
        <ele>331.427649</ele>
        <time>2023-11-25T16:26:07.680Z</time>
      </trkpt>
      <trkpt lat="40.891357" lon="16.766217">
        <ele>331.531295</ele>
        <time>2023-11-25T16:26:12.945Z</time>
      </trkpt>
      <trkpt lat="40.891288" lon="16.766596">
        <ele>332.228246</ele>
        <time>2023-11-25T16:26:21.887Z</time>
      </trkpt>
      <trkpt lat="40.891212" lon="16.767054">
        <ele>333.066556</ele>
        <time>2023-11-25T16:26:33.332Z</time>
      </trkpt>
      <trkpt lat="40.891132" lon="16.767532">
        <ele>333.941822</ele>
        <time>2023-11-25T16:26:45.355Z</time>
      </trkpt>
      <trkpt lat="40.890999" lon="16.768435">
        <ele>335.586572</ele>
        <time>2023-11-25T16:27:08.392Z</time>
      </trkpt>
      <trkpt lat="40.890894" lon="16.768618">
        <ele>335.923227</ele>
        <time>2023-11-25T16:27:14.232Z</time>
      </trkpt>
      <trkpt lat="40.890818" lon="16.768652">
        <ele>336.059989</ele>
        <time>2023-11-25T16:27:16.883Z</time>
      </trkpt>
      <trkpt lat="40.890796" lon="16.768717">
        <ele>336.151763</ele>
        <time>2023-11-25T16:27:18.667Z</time>
      </trkpt>
      <trkpt lat="40.890827" lon="16.768814">
        <ele>336.287473</ele>
        <time>2023-11-25T16:27:21.204Z</time>
      </trkpt>
      <trkpt lat="40.890878" lon="16.768838">
        <ele>336.379748</ele>
        <time>2023-11-25T16:27:22.917Z</time>
      </trkpt>
      <trkpt lat="40.890905" lon="16.768832">
        <ele>336.426419</ele>
        <time>2023-11-25T16:27:23.737Z</time>
      </trkpt>
      <trkpt lat="40.890999" lon="16.769093">
        <ele>336.798975</ele>
        <time>2023-11-25T16:27:30.650Z</time>
      </trkpt>
      <trkpt lat="40.891048" lon="16.769225">
        <ele>336.988477</ele>
        <time>2023-11-25T16:27:33.929Z</time>
      </trkpt>
      <trkpt lat="40.891105" lon="16.769378">
        <ele>337.208282</ele>
        <time>2023-11-25T16:27:37.711Z</time>
      </trkpt>
      <trkpt lat="40.891225" lon="16.769697">
        <ele>337.667441</ele>
        <time>2023-11-25T16:27:45.173Z</time>
      </trkpt>
      <trkpt lat="40.891493" lon="16.770391">
        <ele>338.671685</ele>
        <time>2023-11-25T16:28:00.865Z</time>
      </trkpt>
      <trkpt lat="40.891611" lon="16.770738">
        <ele>339.014313</ele>
        <time>2023-11-25T16:28:08.110Z</time>
      </trkpt>
      <trkpt lat="40.891638" lon="16.770965">
        <ele>339.190271</ele>
        <time>2023-11-25T16:28:12.617Z</time>
      </trkpt>
      <trkpt lat="40.891557" lon="16.771456">
        <ele>339.575090</ele>
        <time>2023-11-25T16:28:22.103Z</time>
      </trkpt>
      <trkpt lat="40.891527" lon="16.771642">
        <ele>339.720720</ele>
        <time>2023-11-25T16:28:25.599Z</time>
      </trkpt>
      <trkpt lat="40.891535" lon="16.771705">
        <ele>339.769637</ele>
        <time>2023-11-25T16:28:26.733Z</time>
      </trkpt>
      <trkpt lat="40.891492" lon="16.771757">
        <ele>339.828650</ele>
        <time>2023-11-25T16:28:28.214Z</time>
      </trkpt>
      <trkpt lat="40.891406" lon="16.771713">
        <ele>339.922050</ele>
        <time>2023-11-25T16:28:31.245Z</time>
      </trkpt>
      <trkpt lat="40.891176" lon="16.771665">
        <ele>340.157906</ele>
        <time>2023-11-25T16:28:38.954Z</time>
      </trkpt>
      <trkpt lat="40.890949" lon="16.771640">
        <ele>340.388636</ele>
        <time>2023-11-25T16:28:46.679Z</time>
      </trkpt>
      <trkpt lat="40.890883" lon="16.771626">
        <ele>340.456344</ele>
        <time>2023-11-25T16:28:48.921Z</time>
      </trkpt>
      <trkpt lat="40.890741" lon="16.771596">
        <ele>340.602003</ele>
        <time>2023-11-25T16:28:53.972Z</time>
      </trkpt>
      <trkpt lat="40.890709" lon="16.771586">
        <ele>340.642311</ele>
        <time>2023-11-25T16:28:55.183Z</time>
      </trkpt>
      <trkpt lat="40.890533" lon="16.771555">
        <ele>340.904135</ele>
        <time>2023-11-25T16:29:01.578Z</time>
      </trkpt>
      <trkpt lat="40.890456" lon="16.771553">
        <ele>341.017702</ele>
        <time>2023-11-25T16:29:04.365Z</time>
      </trkpt>
      <trkpt lat="40.890251" lon="16.771668">
        <ele>341.346059</ele>
        <time>2023-11-25T16:29:11.413Z</time>
      </trkpt>
      <trkpt lat="40.890137" lon="16.771656">
        <ele>341.514697</ele>
        <time>2023-11-25T16:29:14.892Z</time>
      </trkpt>
      <trkpt lat="40.890016" lon="16.771630">
        <ele>341.695465</ele>
        <time>2023-11-25T16:29:18.929Z</time>
      </trkpt>
      <trkpt lat="40.889986" lon="16.771624">
        <ele>341.740207</ele>
        <time>2023-11-25T16:29:19.920Z</time>
      </trkpt>
      <trkpt lat="40.889950" lon="16.771618">
        <ele>341.793713</ele>
        <time>2023-11-25T16:29:21.085Z</time>
      </trkpt>
      <trkpt lat="40.889826" lon="16.771596">
        <ele>341.978203</ele>
        <time>2023-11-25T16:29:25.035Z</time>
      </trkpt>
      <trkpt lat="40.889813" lon="16.771593">
        <ele>341.997662</ele>
        <time>2023-11-25T16:29:25.439Z</time>
      </trkpt>
      <trkpt lat="40.889757" lon="16.771580">
        <ele>342.081503</ele>
        <time>2023-11-25T16:29:27.216Z</time>
      </trkpt>
      <trkpt lat="40.889640" lon="16.771563">
        <ele>342.255071</ele>
        <time>2023-11-25T16:29:30.839Z</time>
      </trkpt>
      <trkpt lat="40.889556" lon="16.771653">
        <ele>342.414474</ele>
        <time>2023-11-25T16:29:33.994Z</time>
      </trkpt>
      <trkpt lat="40.889494" lon="16.771748">
        <ele>342.554383</ele>
        <time>2023-11-25T16:29:36.670Z</time>
      </trkpt>
      <trkpt lat="40.889463" lon="16.771754">
        <ele>342.600583</ele>
        <time>2023-11-25T16:29:37.566Z</time>
      </trkpt>
      <trkpt lat="40.889281" lon="16.771743">
        <ele>342.869244</ele>
        <time>2023-11-25T16:29:42.708Z</time>
      </trkpt>
      <trkpt lat="40.889076" lon="16.771733">
        <ele>343.171746</ele>
        <time>2023-11-25T16:29:48.181Z</time>
      </trkpt>
      <trkpt lat="40.888903" lon="16.771775">
        <ele>343.197565</ele>
        <time>2023-11-25T16:29:52.808Z</time>
      </trkpt>
      <trkpt lat="40.888651" lon="16.772160">
        <ele>342.930617</ele>
        <time>2023-11-25T16:30:02.063Z</time>
      </trkpt>
      <trkpt lat="40.888471" lon="16.771942">
        <ele>342.761393</ele>
        <time>2023-11-25T16:30:07.417Z</time>
      </trkpt>
      <trkpt lat="40.888302" lon="16.772192">
        <ele>342.585593</ele>
        <time>2023-11-25T16:30:12.693Z</time>
      </trkpt>
      <trkpt lat="40.888145" lon="16.772416">
        <ele>342.425472</ele>
        <time>2023-11-25T16:30:17.335Z</time>
      </trkpt>
      <trkpt lat="40.887985" lon="16.772664">
        <ele>342.254566</ele>
        <time>2023-11-25T16:30:22.108Z</time>
      </trkpt>
      <trkpt lat="40.887858" lon="16.772852">
        <ele>342.122404</ele>
        <time>2023-11-25T16:30:25.706Z</time>
      </trkpt>
      <trkpt lat="40.887724" lon="16.773052">
        <ele>341.899695</ele>
        <time>2023-11-25T16:30:29.421Z</time>
      </trkpt>
      <trkpt lat="40.887549" lon="16.773313">
        <ele>341.363601</ele>
        <time>2023-11-25T16:30:34.208Z</time>
      </trkpt>
      <trkpt lat="40.887281" lon="16.773714">
        <ele>340.541118</ele>
        <time>2023-11-25T16:30:41.471Z</time>
      </trkpt>
      <trkpt lat="40.887109" lon="16.773971">
        <ele>340.013667</ele>
        <time>2023-11-25T16:30:46.056Z</time>
      </trkpt>
      <trkpt lat="40.886996" lon="16.774140">
        <ele>339.666963</ele>
        <time>2023-11-25T16:30:49.100Z</time>
      </trkpt>
      <trkpt lat="40.886746" lon="16.774514">
        <ele>338.899795</ele>
        <time>2023-11-25T16:30:55.933Z</time>
      </trkpt>
      <trkpt lat="40.886705" lon="16.774574">
        <ele>338.775510</ele>
        <time>2023-11-25T16:30:57.035Z</time>
      </trkpt>
      <trkpt lat="40.886392" lon="16.775043">
        <ele>338.501204</ele>
        <time>2023-11-25T16:31:06.280Z</time>
      </trkpt>
      <trkpt lat="40.886281" lon="16.775208">
        <ele>338.582042</ele>
        <time>2023-11-25T16:31:09.830Z</time>
      </trkpt>
      <trkpt lat="40.886394" lon="16.775413">
        <ele>338.674899</ele>
        <time>2023-11-25T16:31:13.954Z</time>
      </trkpt>
      <trkpt lat="40.886422" lon="16.775536">
        <ele>338.721914</ele>
        <time>2023-11-25T16:31:16.240Z</time>
      </trkpt>
      <trkpt lat="40.886412" lon="16.775789">
        <ele>338.814639</ele>
        <time>2023-11-25T16:31:20.741Z</time>
      </trkpt>
      <trkpt lat="40.886318" lon="16.776011">
        <ele>338.907768</ele>
        <time>2023-11-25T16:31:25.834Z</time>
      </trkpt>
      <trkpt lat="40.886161" lon="16.776156">
        <ele>339.000470</ele>
        <time>2023-11-25T16:31:30.937Z</time>
      </trkpt>
      <trkpt lat="40.886096" lon="16.776170">
        <ele>339.032353</ele>
        <time>2023-11-25T16:31:32.858Z</time>
      </trkpt>
      <trkpt lat="40.885971" lon="16.776195">
        <ele>339.093556</ele>
        <time>2023-11-25T16:31:36.624Z</time>
      </trkpt>
      <trkpt lat="40.885876" lon="16.776171">
        <ele>339.140379</ele>
        <time>2023-11-25T16:31:39.499Z</time>
      </trkpt>
      <trkpt lat="40.885710" lon="16.776043">
        <ele>339.233403</ele>
        <time>2023-11-25T16:31:45.575Z</time>
      </trkpt>
      <trkpt lat="40.884985" lon="16.777184">
        <ele>343.174675</ele>
        <time>2023-11-25T16:32:27.115Z</time>
      </trkpt>
      <trkpt lat="40.883941" lon="16.776009">
        <ele>348.021476</ele>
        <time>2023-11-25T16:33:20.818Z</time>
      </trkpt>
      <trkpt lat="40.883157" lon="16.775123">
        <ele>351.669852</ele>
        <time>2023-11-25T16:33:57.036Z</time>
      </trkpt>
      <trkpt lat="40.883055" lon="16.775320">
        <ele>352.189893</ele>
        <time>2023-11-25T16:34:03.185Z</time>
      </trkpt>
      <trkpt lat="40.882900" lon="16.775761">
        <ele>353.049273</ele>
        <time>2023-11-25T16:34:15.475Z</time>
      </trkpt>
      <trkpt lat="40.882772" lon="16.776028">
        <ele>353.607944</ele>
        <time>2023-11-25T16:34:23.313Z</time>
      </trkpt>
      <trkpt lat="40.882577" lon="16.776250">
        <ele>354.209294</ele>
        <time>2023-11-25T16:34:31.430Z</time>
      </trkpt>
      <trkpt lat="40.882329" lon="16.776400">
        <ele>354.846669</ele>
        <time>2023-11-25T16:34:39.853Z</time>
      </trkpt>
      <trkpt lat="40.881765" lon="16.776599">
        <ele>356.195770</ele>
        <time>2023-11-25T16:34:56.915Z</time>
      </trkpt>
      <trkpt lat="40.881391" lon="16.776961">
        <ele>356.936283</ele>
        <time>2023-11-25T16:35:10.533Z</time>
      </trkpt>
      <trkpt lat="40.881040" lon="16.777629">
        <ele>357.919020</ele>
        <time>2023-11-25T16:35:28.977Z</time>
      </trkpt>
      <trkpt lat="40.880906" lon="16.777825">
        <ele>358.238251</ele>
        <time>2023-11-25T16:35:34.716Z</time>
      </trkpt>
      <trkpt lat="40.880192" lon="16.778689">
        <ele>359.513940</ele>
        <time>2023-11-25T16:36:00.334Z</time>
      </trkpt>
      <trkpt lat="40.879602" lon="16.779684">
        <ele>360.488727</ele>
        <time>2023-11-25T16:36:25.319Z</time>
      </trkpt>
      <trkpt lat="40.879224" lon="16.780095">
        <ele>360.989689</ele>
        <time>2023-11-25T16:36:38.327Z</time>
      </trkpt>
      <trkpt lat="40.878590" lon="16.780661">
        <ele>361.783198</ele>
        <time>2023-11-25T16:36:57.961Z</time>
      </trkpt>
      <trkpt lat="40.878384" lon="16.780877">
        <ele>362.055909</ele>
        <time>2023-11-25T16:37:04.685Z</time>
      </trkpt>
      <trkpt lat="40.878150" lon="16.781188">
        <ele>362.400048</ele>
        <time>2023-11-25T16:37:13.578Z</time>
      </trkpt>
      <trkpt lat="40.878058" lon="16.781355">
        <ele>362.562119</ele>
        <time>2023-11-25T16:37:17.874Z</time>
      </trkpt>
      <trkpt lat="40.877966" lon="16.781560">
        <ele>362.747827</ele>
        <time>2023-11-25T16:37:22.924Z</time>
      </trkpt>
      <trkpt lat="40.877631" lon="16.782506">
        <ele>363.483801</ele>
        <time>2023-11-25T16:37:44.824Z</time>
      </trkpt>
      <trkpt lat="40.877572" lon="16.782598">
        <ele>363.568794</ele>
        <time>2023-11-25T16:37:47.266Z</time>
      </trkpt>
      <trkpt lat="40.876833" lon="16.783161">
        <ele>364.363471</ele>
        <time>2023-11-25T16:38:09.069Z</time>
      </trkpt>
      <trkpt lat="40.876103" lon="16.785774">
        <ele>364.148338</ele>
        <time>2023-11-25T16:39:26.306Z</time>
      </trkpt>
      <trkpt lat="40.875665" lon="16.787213">
        <ele>363.326778</ele>
        <time>2023-11-25T16:40:06.112Z</time>
      </trkpt>
      <trkpt lat="40.875574" lon="16.787511">
        <ele>363.156565</ele>
        <time>2023-11-25T16:40:14.388Z</time>
      </trkpt>
      <trkpt lat="40.875139" lon="16.788923">
        <ele>362.587749</ele>
        <time>2023-11-25T16:40:54.557Z</time>
      </trkpt>
      <trkpt lat="40.875074" lon="16.789114">
        <ele>362.513694</ele>
        <time>2023-11-25T16:41:00.312Z</time>
      </trkpt>
      <trkpt lat="40.874965" lon="16.789312">
        <ele>362.427100</ele>
        <time>2023-11-25T16:41:07.097Z</time>
      </trkpt>
      <trkpt lat="40.874866" lon="16.789475">
        <ele>362.353179</ele>
        <time>2023-11-25T16:41:12.941Z</time>
      </trkpt>
      <trkpt lat="40.872889" lon="16.791707">
        <ele>361.319929</ele>
        <time>2023-11-25T16:42:46.891Z</time>
      </trkpt>
      <trkpt lat="40.872564" lon="16.792085">
        <ele>360.937873</ele>
        <time>2023-11-25T16:43:01.453Z</time>
      </trkpt>
      <trkpt lat="40.872152" lon="16.792367">
        <ele>360.528361</ele>
        <time>2023-11-25T16:43:16.874Z</time>
      </trkpt>
      <trkpt lat="40.872044" lon="16.792405">
        <ele>360.429709</ele>
        <time>2023-11-25T16:43:20.602Z</time>
      </trkpt>
      <trkpt lat="40.871696" lon="16.792443">
        <ele>360.214157</ele>
        <time>2023-11-25T16:43:32.101Z</time>
      </trkpt>
      <trkpt lat="40.871013" lon="16.792489">
        <ele>360.330973</ele>
        <time>2023-11-25T16:43:54.601Z</time>
      </trkpt>
      <trkpt lat="40.869517" lon="16.792590">
        <ele>361.498500</ele>
        <time>2023-11-25T16:44:57.334Z</time>
      </trkpt>
      <trkpt lat="40.869344" lon="16.792639">
        <ele>361.871051</ele>
        <time>2023-11-25T16:45:05.883Z</time>
      </trkpt>
      <trkpt lat="40.869234" lon="16.792753">
        <ele>362.165337</ele>
        <time>2023-11-25T16:45:12.515Z</time>
      </trkpt>
      <trkpt lat="40.868590" lon="16.793379">
        <ele>363.848371</ele>
        <time>2023-11-25T16:45:50.448Z</time>
      </trkpt>
      <trkpt lat="40.868338" lon="16.793701">
        <ele>364.395037</ele>
        <time>2023-11-25T16:46:06.740Z</time>
      </trkpt>
      <trkpt lat="40.868266" lon="16.794066">
        <ele>364.602968</ele>
        <time>2023-11-25T16:46:19.872Z</time>
      </trkpt>
      <trkpt lat="40.868279" lon="16.794458">
        <ele>364.819258</ele>
        <time>2023-11-25T16:46:32.829Z</time>
      </trkpt>
      <trkpt lat="40.868354" lon="16.794794">
        <ele>365.012371</ele>
        <time>2023-11-25T16:46:43.528Z</time>
      </trkpt>
      <trkpt lat="40.868549" lon="16.795719">
        <ele>365.541698</ele>
        <time>2023-11-25T16:47:09.284Z</time>
      </trkpt>
      <trkpt lat="40.868711" lon="16.796587">
        <ele>365.531233</ele>
        <time>2023-11-25T16:47:32.364Z</time>
      </trkpt>
      <trkpt lat="40.868736" lon="16.797145">
        <ele>365.478417</ele>
        <time>2023-11-25T16:47:47.522Z</time>
      </trkpt>
      <trkpt lat="40.868630" lon="16.797606">
        <ele>365.432889</ele>
        <time>2023-11-25T16:48:01.283Z</time>
      </trkpt>
      <trkpt lat="40.868622" lon="16.797639">
        <ele>365.429614</ele>
        <time>2023-11-25T16:48:02.279Z</time>
      </trkpt>
      <trkpt lat="40.868149" lon="16.799191">
        <ele>365.600251</ele>
        <time>2023-11-25T16:48:52.406Z</time>
      </trkpt>
      <trkpt lat="40.867954" lon="16.799788">
        <ele>365.724753</ele>
        <time>2023-11-25T16:49:11.811Z</time>
      </trkpt>
      <trkpt lat="40.867432" lon="16.801451">
        <ele>365.128135</ele>
        <time>2023-11-25T16:49:59.078Z</time>
      </trkpt>
      <trkpt lat="40.867795" lon="16.801779">
        <ele>364.791630</ele>
        <time>2023-11-25T16:50:07.965Z</time>
      </trkpt>
      <trkpt lat="40.868068" lon="16.802138">
        <ele>364.496948</ele>
        <time>2023-11-25T16:50:15.856Z</time>
      </trkpt>
      <trkpt lat="40.868191" lon="16.802340">
        <ele>364.369990</ele>
        <time>2023-11-25T16:50:19.844Z</time>
      </trkpt>
      <trkpt lat="40.867670" lon="16.801863">
        <ele>363.985231</ele>
        <time>2023-11-25T16:50:32.410Z</time>
      </trkpt>
      <trkpt lat="40.867539" lon="16.801858">
        <ele>363.905658</ele>
        <time>2023-11-25T16:50:36.851Z</time>
      </trkpt>
      <trkpt lat="40.867458" lon="16.801886">
        <ele>363.854824</ele>
        <time>2023-11-25T16:50:39.782Z</time>
      </trkpt>
      <trkpt lat="40.867420" lon="16.801847">
        <ele>363.825617</ele>
        <time>2023-11-25T16:50:41.471Z</time>
      </trkpt>
      <trkpt lat="40.867307" lon="16.801735">
        <ele>363.739873</ele>
        <time>2023-11-25T16:50:46.448Z</time>
      </trkpt>
      <trkpt lat="40.867290" lon="16.801744">
        <ele>363.728754</ele>
        <time>2023-11-25T16:50:47.042Z</time>
      </trkpt>
      <trkpt lat="40.867048" lon="16.802425">
        <ele>363.383261</ele>
        <time>2023-11-25T16:50:59.686Z</time>
      </trkpt>
      <trkpt lat="40.866879" lon="16.803010">
        <ele>363.071475</ele>
        <time>2023-11-25T16:51:10.145Z</time>
      </trkpt>
      <trkpt lat="40.866494" lon="16.804088">
        <ele>362.475109</ele>
        <time>2023-11-25T16:51:28.653Z</time>
      </trkpt>
      <trkpt lat="40.866394" lon="16.804297">
        <ele>362.351391</ele>
        <time>2023-11-25T16:51:32.540Z</time>
      </trkpt>
      <trkpt lat="40.865937" lon="16.804865">
        <ele>362.046325</ele>
        <time>2023-11-25T16:51:45.720Z</time>
      </trkpt>
      <trkpt lat="40.865528" lon="16.805338">
        <ele>361.851039</ele>
        <time>2023-11-25T16:52:04.832Z</time>
      </trkpt>
      <trkpt lat="40.865415" lon="16.805468">
        <ele>361.797206</ele>
        <time>2023-11-25T16:52:10.157Z</time>
      </trkpt>
      <trkpt lat="40.865328" lon="16.805569">
        <ele>361.755597</ele>
        <time>2023-11-25T16:52:14.310Z</time>
      </trkpt>
      <trkpt lat="40.864696" lon="16.806673">
        <ele>361.619320</ele>
        <time>2023-11-25T16:52:52.996Z</time>
      </trkpt>
      <trkpt lat="40.863717" lon="16.808537">
        <ele>362.016490</ele>
        <time>2023-11-25T16:53:58.401Z</time>
      </trkpt>
      <trkpt lat="40.863267" lon="16.809363">
        <ele>362.258700</ele>
        <time>2023-11-25T16:54:28.394Z</time>
      </trkpt>
      <trkpt lat="40.863221" lon="16.809505">
        <ele>362.295454</ele>
        <time>2023-11-25T16:54:32.937Z</time>
      </trkpt>
      <trkpt lat="40.863176" lon="16.809646">
        <ele>362.331867</ele>
        <time>2023-11-25T16:54:37.433Z</time>
      </trkpt>
      <trkpt lat="40.863133" lon="16.809880">
        <ele>362.389162</ele>
        <time>2023-11-25T16:54:44.440Z</time>
      </trkpt>
      <trkpt lat="40.863128" lon="16.810099">
        <ele>362.441292</ele>
        <time>2023-11-25T16:54:50.801Z</time>
      </trkpt>
      <trkpt lat="40.863301" lon="16.811575">
        <ele>362.261993</ele>
        <time>2023-11-25T16:55:32.761Z</time>
      </trkpt>
      <trkpt lat="40.863406" lon="16.812711">
        <ele>362.046790</ele>
        <time>2023-11-25T16:56:03.099Z</time>
      </trkpt>
      <trkpt lat="40.863411" lon="16.812881">
        <ele>361.969765</ele>
        <time>2023-11-25T16:56:07.501Z</time>
      </trkpt>
      <trkpt lat="40.863380" lon="16.813016">
        <ele>361.905888</ele>
        <time>2023-11-25T16:56:11.146Z</time>
      </trkpt>
      <trkpt lat="40.863363" lon="16.813086">
        <ele>361.872601</ele>
        <time>2023-11-25T16:56:13.023Z</time>
      </trkpt>
      <trkpt lat="40.863310" lon="16.813284">
        <ele>361.777507</ele>
        <time>2023-11-25T16:56:18.502Z</time>
      </trkpt>
      <trkpt lat="40.862568" lon="16.814655">
        <ele>361.021385</ele>
        <time>2023-11-25T16:57:02.825Z</time>
      </trkpt>
      <trkpt lat="40.862021" lon="16.815665">
        <ele>360.985825</ele>
        <time>2023-11-25T16:57:37.310Z</time>
      </trkpt>
      <trkpt lat="40.861083" lon="16.817432">
        <ele>360.854615</ele>
        <time>2023-11-25T16:58:39.164Z</time>
      </trkpt>
      <trkpt lat="40.859806" lon="16.819753">
        <ele>360.507312</ele>
        <time>2023-11-25T16:59:56.576Z</time>
      </trkpt>
      <trkpt lat="40.858348" lon="16.822439">
        <ele>360.647473</ele>
        <time>2023-11-25T17:01:30.502Z</time>
      </trkpt>
      <trkpt lat="40.858074" lon="16.822965">
        <ele>360.738473</ele>
        <time>2023-11-25T17:01:49.109Z</time>
      </trkpt>
      <trkpt lat="40.858010" lon="16.823077">
        <ele>360.758474</ele>
        <time>2023-11-25T17:01:53.091Z</time>
      </trkpt>
      <trkpt lat="40.857910" lon="16.823277">
        <ele>360.792634</ele>
        <time>2023-11-25T17:02:00.025Z</time>
      </trkpt>
      <trkpt lat="40.857695" lon="16.823643">
        <ele>360.858664</ele>
        <time>2023-11-25T17:02:13.374Z</time>
      </trkpt>
      <trkpt lat="40.856575" lon="16.825107">
        <ele>360.916338</ele>
        <time>2023-11-25T17:03:12.272Z</time>
      </trkpt>
      <trkpt lat="40.856556" lon="16.825276">
        <ele>360.908476</ele>
        <time>2023-11-25T17:03:17.001Z</time>
      </trkpt>
      <trkpt lat="40.856423" lon="16.825472">
        <ele>360.896360</ele>
        <time>2023-11-25T17:03:24.115Z</time>
      </trkpt>
      <trkpt lat="40.856419" lon="16.825478">
        <ele>360.895992</ele>
        <time>2023-11-25T17:03:24.341Z</time>
      </trkpt>
      <trkpt lat="40.856247" lon="16.825540">
        <ele>360.885146</ele>
        <time>2023-11-25T17:03:30.839Z</time>
      </trkpt>
      <trkpt lat="40.855365" lon="16.826658">
        <ele>360.741413</ele>
        <time>2023-11-25T17:04:15.148Z</time>
      </trkpt>
      <trkpt lat="40.851914" lon="16.831212">
        <ele>359.924395</ele>
        <time>2023-11-25T17:07:13.500Z</time>
      </trkpt>
      <trkpt lat="40.851278" lon="16.831997">
        <ele>359.489927</ele>
        <time>2023-11-25T17:07:43.888Z</time>
      </trkpt>
      <trkpt lat="40.851033" lon="16.832241">
        <ele>359.336762</ele>
        <time>2023-11-25T17:07:54.568Z</time>
      </trkpt>
      <trkpt lat="40.850988" lon="16.832303">
        <ele>359.304307</ele>
        <time>2023-11-25T17:07:56.807Z</time>
      </trkpt>
      <trkpt lat="40.850513" lon="16.832437">
        <ele>359.045095</ele>
        <time>2023-11-25T17:08:13.574Z</time>
      </trkpt>
      <trkpt lat="40.849356" lon="16.832584">
        <ele>358.400869</ele>
        <time>2023-11-25T17:08:54.374Z</time>
      </trkpt>
      <trkpt lat="40.848444" lon="16.832697">
        <ele>358.146913</ele>
        <time>2023-11-25T17:09:27.252Z</time>
      </trkpt>
      <trkpt lat="40.848109" lon="16.832778">
        <ele>358.106234</ele>
        <time>2023-11-25T17:09:39.478Z</time>
      </trkpt>
      <trkpt lat="40.847596" lon="16.832842">
        <ele>358.044684</ele>
        <time>2023-11-25T17:09:58.176Z</time>
      </trkpt>
      <trkpt lat="40.846413" lon="16.832961">
        <ele>358.576390</ele>
        <time>2023-11-25T17:10:44.041Z</time>
      </trkpt>
      <trkpt lat="40.846286" lon="16.833032">
        <ele>358.672178</ele>
        <time>2023-11-25T17:10:49.703Z</time>
      </trkpt>
      <trkpt lat="40.846025" lon="16.833256">
        <ele>358.888346</ele>
        <time>2023-11-25T17:11:02.409Z</time>
      </trkpt>
      <trkpt lat="40.845721" lon="16.834001">
        <ele>359.332022</ele>
        <time>2023-11-25T17:11:28.725Z</time>
      </trkpt>
      <trkpt lat="40.845464" lon="16.834617">
        <ele>359.696536</ele>
        <time>2023-11-25T17:11:50.763Z</time>
      </trkpt>
      <trkpt lat="40.845114" lon="16.835431">
        <ele>360.181696</ele>
        <time>2023-11-25T17:12:19.615Z</time>
      </trkpt>
      <trkpt lat="40.843924" lon="16.838401">
        <ele>360.126464</ele>
        <time>2023-11-25T17:13:52.741Z</time>
      </trkpt>
      <trkpt lat="40.843673" lon="16.838927">
        <ele>359.880038</ele>
        <time>2023-11-25T17:14:09.047Z</time>
      </trkpt>
      <trkpt lat="40.843519" lon="16.839158">
        <ele>359.758035</ele>
        <time>2023-11-25T17:14:17.229Z</time>
      </trkpt>
      <trkpt lat="40.843360" lon="16.839344">
        <ele>359.646823</ele>
        <time>2023-11-25T17:14:24.705Z</time>
      </trkpt>
      <trkpt lat="40.843197" lon="16.839485">
        <ele>359.544789</ele>
        <time>2023-11-25T17:14:31.674Z</time>
      </trkpt>
      <trkpt lat="40.842850" lon="16.839711">
        <ele>359.342502</ele>
        <time>2023-11-25T17:14:45.050Z</time>
      </trkpt>
      <trkpt lat="40.842540" lon="16.839850">
        <ele>359.219137</ele>
        <time>2023-11-25T17:14:56.090Z</time>
      </trkpt>
      <trkpt lat="40.842385" lon="16.839919">
        <ele>359.157500</ele>
        <time>2023-11-25T17:15:01.627Z</time>
      </trkpt>
      <trkpt lat="40.841831" lon="16.839654">
        <ele>358.935469</ele>
        <time>2023-11-25T17:15:22.465Z</time>
      </trkpt>
      <trkpt lat="40.841569" lon="16.840268">
        <ele>358.734490</ele>
        <time>2023-11-25T17:15:35.039Z</time>
      </trkpt>
      <trkpt lat="40.841472" lon="16.840459">
        <ele>358.668903</ele>
        <time>2023-11-25T17:15:39.231Z</time>
      </trkpt>
      <trkpt lat="40.841258" lon="16.840633">
        <ele>358.568068</ele>
        <time>2023-11-25T17:15:45.137Z</time>
      </trkpt>
      <trkpt lat="40.840275" lon="16.841078">
        <ele>358.150111</ele>
        <time>2023-11-25T17:16:07.654Z</time>
      </trkpt>
      <trkpt lat="40.840027" lon="16.841183">
        <ele>358.045360</ele>
        <time>2023-11-25T17:16:13.220Z</time>
      </trkpt>
      <trkpt lat="40.839977" lon="16.841236">
        <ele>358.019580</ele>
        <time>2023-11-25T17:16:14.637Z</time>
      </trkpt>
      <trkpt lat="40.839510" lon="16.842537">
        <ele>357.310761</ele>
        <time>2023-11-25T17:16:37.306Z</time>
      </trkpt>
      <trkpt lat="40.839413" lon="16.842744">
        <ele>357.181066</ele>
        <time>2023-11-25T17:16:40.927Z</time>
      </trkpt>
      <trkpt lat="40.839364" lon="16.842800">
        <ele>357.135460</ele>
        <time>2023-11-25T17:16:42.217Z</time>
      </trkpt>
      <trkpt lat="40.839228" lon="16.842808">
        <ele>357.039614</ele>
        <time>2023-11-25T17:16:44.921Z</time>
      </trkpt>
      <trkpt lat="40.837989" lon="16.842572">
        <ele>356.638219</ele>
        <time>2023-11-25T17:17:11.815Z</time>
      </trkpt>
      <trkpt lat="40.837376" lon="16.842306">
        <ele>356.605336</ele>
        <time>2023-11-25T17:17:26.825Z</time>
      </trkpt>
      <trkpt lat="40.837153" lon="16.842274">
        <ele>356.593904</ele>
        <time>2023-11-25T17:17:32.297Z</time>
      </trkpt>
      <trkpt lat="40.837012" lon="16.842217">
        <ele>356.586389</ele>
        <time>2023-11-25T17:17:35.931Z</time>
      </trkpt>
      <trkpt lat="40.836792" lon="16.842357">
        <ele>356.746188</ele>
        <time>2023-11-25T17:17:45.633Z</time>
      </trkpt>
      <trkpt lat="40.836004" lon="16.842858">
        <ele>357.464805</ele>
        <time>2023-11-25T17:18:21.299Z</time>
      </trkpt>
      <trkpt lat="40.835847" lon="16.843039">
        <ele>357.636015</ele>
        <time>2023-11-25T17:18:29.899Z</time>
      </trkpt>
      <trkpt lat="40.835374" lon="16.843521">
        <ele>358.123537</ele>
        <time>2023-11-25T17:18:54.105Z</time>
      </trkpt>
      <trkpt lat="40.835201" lon="16.843720">
        <ele>358.302358</ele>
        <time>2023-11-25T17:19:03.427Z</time>
      </trkpt>
      <trkpt lat="40.835016" lon="16.843925">
        <ele>358.490593</ele>
        <time>2023-11-25T17:19:13.373Z</time>
      </trkpt>
      <trkpt lat="40.834521" lon="16.844645">
        <ele>359.064505</ele>
        <time>2023-11-25T17:19:43.580Z</time>
      </trkpt>
      <trkpt lat="40.834035" lon="16.845573">
        <ele>359.454562</ele>
        <time>2023-11-25T17:20:16.965Z</time>
      </trkpt>
      <trkpt lat="40.833239" lon="16.847583">
        <ele>359.345497</ele>
        <time>2023-11-25T17:21:19.216Z</time>
      </trkpt>
      <trkpt lat="40.833205" lon="16.847651">
        <ele>359.329713</ele>
        <time>2023-11-25T17:21:21.417Z</time>
      </trkpt>
      <trkpt lat="40.833191" lon="16.847732">
        <ele>359.313623</ele>
        <time>2023-11-25T17:21:23.630Z</time>
      </trkpt>
      <trkpt lat="40.832615" lon="16.849253">
        <ele>358.984241</ele>
        <time>2023-11-25T17:22:09.628Z</time>
      </trkpt>
      <trkpt lat="40.832121" lon="16.850493">
        <ele>359.223320</ele>
        <time>2023-11-25T17:22:49.153Z</time>
      </trkpt>
      <trkpt lat="40.832102" lon="16.850545">
        <ele>359.236073</ele>
        <time>2023-11-25T17:22:50.873Z</time>
      </trkpt>
      <trkpt lat="40.831943" lon="16.850999">
        <ele>359.346554</ele>
        <time>2023-11-25T17:23:05.897Z</time>
      </trkpt>
      <trkpt lat="40.831842" lon="16.851532">
        <ele>359.467896</ele>
        <time>2023-11-25T17:23:22.583Z</time>
      </trkpt>
      <trkpt lat="40.831842" lon="16.851915">
        <ele>359.525859</ele>
        <time>2023-11-25T17:23:33.995Z</time>
      </trkpt>
      <trkpt lat="40.831946" lon="16.852833">
        <ele>359.659199</ele>
        <time>2023-11-25T17:24:00.972Z</time>
      </trkpt>
      <trkpt lat="40.831960" lon="16.853053">
        <ele>359.690913</ele>
        <time>2023-11-25T17:24:07.247Z</time>
      </trkpt>
      <trkpt lat="40.831971" lon="16.853125">
        <ele>359.701465</ele>
        <time>2023-11-25T17:24:09.300Z</time>
      </trkpt>
      <trkpt lat="40.832067" lon="16.853831">
        <ele>359.804505</ele>
        <time>2023-11-25T17:24:29.271Z</time>
      </trkpt>
      <trkpt lat="40.832100" lon="16.854301">
        <ele>359.714726</ele>
        <time>2023-11-25T17:24:42.118Z</time>
      </trkpt>
      <trkpt lat="40.832088" lon="16.854731">
        <ele>359.597842</ele>
        <time>2023-11-25T17:24:53.699Z</time>
      </trkpt>
      <trkpt lat="40.832006" lon="16.855185">
        <ele>359.471053</ele>
        <time>2023-11-25T17:25:06.175Z</time>
      </trkpt>
      <trkpt lat="40.831908" lon="16.855480">
        <ele>359.383536</ele>
        <time>2023-11-25T17:25:14.797Z</time>
      </trkpt>
      <trkpt lat="40.831768" lon="16.855780">
        <ele>359.287791</ele>
        <time>2023-11-25T17:25:24.282Z</time>
      </trkpt>
      <trkpt lat="40.831516" lon="16.856170">
        <ele>359.162995</ele>
        <time>2023-11-25T17:25:38.137Z</time>
      </trkpt>
      <trkpt lat="40.831354" lon="16.856314">
        <ele>359.136036</ele>
        <time>2023-11-25T17:25:45.091Z</time>
      </trkpt>
      <trkpt lat="40.831222" lon="16.856432">
        <ele>359.114031</ele>
        <time>2023-11-25T17:25:50.842Z</time>
      </trkpt>
      <trkpt lat="40.830928" lon="16.856599">
        <ele>359.069844</ele>
        <time>2023-11-25T17:26:02.402Z</time>
      </trkpt>
      <trkpt lat="40.825293" lon="16.858933">
        <ele>358.247241</ele>
        <time>2023-11-25T17:29:38.827Z</time>
      </trkpt>
      <trkpt lat="40.824949" lon="16.859231">
        <ele>358.188079</ele>
        <time>2023-11-25T17:29:47.929Z</time>
      </trkpt>
      <trkpt lat="40.824884" lon="16.859100">
        <ele>358.171029</ele>
        <time>2023-11-25T17:29:50.664Z</time>
      </trkpt>
      <trkpt lat="40.824768" lon="16.859148">
        <ele>358.157466</ele>
        <time>2023-11-25T17:29:54.996Z</time>
      </trkpt>
      <trkpt lat="40.822939" lon="16.859902">
        <ele>358.035802</ele>
        <time>2023-11-25T17:31:04.929Z</time>
      </trkpt>
      <trkpt lat="40.821788" lon="16.860439">
        <ele>358.354573</ele>
        <time>2023-11-25T17:31:51.806Z</time>
      </trkpt>
      <trkpt lat="40.821554" lon="16.860602">
        <ele>358.423653</ele>
        <time>2023-11-25T17:32:01.966Z</time>
      </trkpt>
      <trkpt lat="40.821342" lon="16.860855">
        <ele>358.498386</ele>
        <time>2023-11-25T17:32:13.042Z</time>
      </trkpt>
      <trkpt lat="40.820963" lon="16.861536">
        <ele>358.665889</ele>
        <time>2023-11-25T17:32:37.875Z</time>
      </trkpt>
      <trkpt lat="40.820735" lon="16.861992">
        <ele>358.774187</ele>
        <time>2023-11-25T17:32:53.934Z</time>
      </trkpt>
      <trkpt lat="40.819515" lon="16.864351">
        <ele>358.765190</ele>
        <time>2023-11-25T17:34:14.383Z</time>
      </trkpt>
      <trkpt lat="40.819170" lon="16.864970">
        <ele>358.475365</ele>
        <time>2023-11-25T17:34:34.467Z</time>
      </trkpt>
      <trkpt lat="40.818906" lon="16.865560">
        <ele>358.115831</ele>
        <time>2023-11-25T17:34:52.110Z</time>
      </trkpt>
      <trkpt lat="40.818791" lon="16.866041">
        <ele>357.851230</ele>
        <time>2023-11-25T17:35:05.113Z</time>
      </trkpt>
      <trkpt lat="40.818760" lon="16.866371">
        <ele>357.676800</ele>
        <time>2023-11-25T17:35:13.691Z</time>
      </trkpt>
      <trkpt lat="40.818761" lon="16.866733">
        <ele>357.500202</ele>
        <time>2023-11-25T17:35:23.107Z</time>
      </trkpt>
      <trkpt lat="40.818804" lon="16.867057">
        <ele>357.498623</ele>
        <time>2023-11-25T17:35:31.750Z</time>
      </trkpt>
      <trkpt lat="40.819241" lon="16.869855">
        <ele>357.722795</ele>
        <time>2023-11-25T17:36:53.785Z</time>
      </trkpt>
      <trkpt lat="40.819713" lon="16.872848">
        <ele>358.329396</ele>
        <time>2023-11-25T17:38:23.817Z</time>
      </trkpt>
      <trkpt lat="40.820001" lon="16.874826">
        <ele>358.156946</ele>
        <time>2023-11-25T17:39:18.007Z</time>
      </trkpt>
      <trkpt lat="40.820100" lon="16.875957">
        <ele>357.888631</ele>
        <time>2023-11-25T17:39:48.774Z</time>
      </trkpt>
      <trkpt lat="40.820154" lon="16.877094">
        <ele>357.996563</ele>
        <time>2023-11-25T17:40:21.009Z</time>
      </trkpt>
      <trkpt lat="40.820163" lon="16.878520">
        <ele>358.176732</ele>
        <time>2023-11-25T17:41:02.605Z</time>
      </trkpt>
      <trkpt lat="40.820132" lon="16.879403">
        <ele>358.343405</ele>
        <time>2023-11-25T17:41:28.184Z</time>
      </trkpt>
      <trkpt lat="40.820101" lon="16.879943">
        <ele>358.445518</ele>
        <time>2023-11-25T17:41:43.754Z</time>
      </trkpt>
      <trkpt lat="40.819993" lon="16.881042">
        <ele>358.573557</ele>
        <time>2023-11-25T17:42:15.479Z</time>
      </trkpt>
      <trkpt lat="40.819829" lon="16.882245">
        <ele>358.423879</ele>
        <time>2023-11-25T17:42:49.441Z</time>
      </trkpt>
      <trkpt lat="40.819548" lon="16.883783">
        <ele>358.107984</ele>
        <time>2023-11-25T17:43:32.056Z</time>
      </trkpt>
      <trkpt lat="40.819042" lon="16.885719">
        <ele>357.539717</ele>
        <time>2023-11-25T17:44:27.123Z</time>
      </trkpt>
      <trkpt lat="40.818978" lon="16.885867">
        <ele>357.510485</ele>
        <time>2023-11-25T17:44:31.750Z</time>
      </trkpt>
      <trkpt lat="40.818626" lon="16.886990">
        <ele>357.302035</ele>
        <time>2023-11-25T17:45:04.977Z</time>
      </trkpt>
      <trkpt lat="40.818388" lon="16.887626">
        <ele>357.189117</ele>
        <time>2023-11-25T17:45:24.740Z</time>
      </trkpt>
      <trkpt lat="40.817821" lon="16.888957">
        <ele>357.098071</ele>
        <time>2023-11-25T17:46:07.439Z</time>
      </trkpt>
      <trkpt lat="40.817191" lon="16.890238">
        <ele>357.027729</ele>
        <time>2023-11-25T17:46:49.937Z</time>
      </trkpt>
      <trkpt lat="40.816553" lon="16.891417">
        <ele>356.981031</ele>
        <time>2023-11-25T17:47:30.331Z</time>
      </trkpt>
      <trkpt lat="40.816300" lon="16.891839">
        <ele>356.971829</ele>
        <time>2023-11-25T17:47:45.356Z</time>
      </trkpt>
      <trkpt lat="40.816027" lon="16.892152">
        <ele>356.967016</ele>
        <time>2023-11-25T17:47:58.681Z</time>
      </trkpt>
      <trkpt lat="40.815683" lon="16.892406">
        <ele>356.961767</ele>
        <time>2023-11-25T17:48:13.311Z</time>
      </trkpt>
      <trkpt lat="40.815334" lon="16.892554">
        <ele>356.956886</ele>
        <time>2023-11-25T17:48:27.029Z</time>
      </trkpt>
      <trkpt lat="40.815027" lon="16.892607">
        <ele>356.952763</ele>
        <time>2023-11-25T17:48:38.617Z</time>
      </trkpt>
      <trkpt lat="40.814703" lon="16.892609">
        <ele>356.879003</ele>
        <time>2023-11-25T17:48:50.667Z</time>
      </trkpt>
      <trkpt lat="40.813510" lon="16.892514">
        <ele>356.510472</ele>
        <time>2023-11-25T17:49:33.653Z</time>
      </trkpt>
      <trkpt lat="40.813174" lon="16.893556">
        <ele>355.908059</ele>
        <time>2023-11-25T17:50:03.439Z</time>
      </trkpt>
      <trkpt lat="40.813066" lon="16.893828">
        <ele>355.675689</ele>
        <time>2023-11-25T17:50:11.354Z</time>
      </trkpt>
      <trkpt lat="40.812832" lon="16.894303">
        <ele>355.246929</ele>
        <time>2023-11-25T17:50:25.695Z</time>
      </trkpt>
      <trkpt lat="40.812590" lon="16.894613">
        <ele>354.910013</ele>
        <time>2023-11-25T17:50:36.770Z</time>
      </trkpt>
      <trkpt lat="40.812519" lon="16.894744">
        <ele>354.788119</ele>
        <time>2023-11-25T17:50:40.779Z</time>
      </trkpt>
      <trkpt lat="40.812248" lon="16.895369">
        <ele>354.352914</ele>
        <time>2023-11-25T17:50:58.854Z</time>
      </trkpt>
      <trkpt lat="40.812095" lon="16.895788">
        <ele>354.109459</ele>
        <time>2023-11-25T17:51:10.744Z</time>
      </trkpt>
      <trkpt lat="40.811981" lon="16.896430">
        <ele>353.764367</ele>
        <time>2023-11-25T17:51:28.120Z</time>
      </trkpt>
      <trkpt lat="40.811970" lon="16.897248">
        <ele>353.350515</ele>
        <time>2023-11-25T17:51:50.475Z</time>
      </trkpt>
      <trkpt lat="40.811911" lon="16.897326">
        <ele>353.335643</ele>
        <time>2023-11-25T17:51:53.490Z</time>
      </trkpt>
      <trkpt lat="40.811732" lon="16.897428">
        <ele>353.300907</ele>
        <time>2023-11-25T17:52:00.722Z</time>
      </trkpt>
      <trkpt lat="40.811658" lon="16.897548">
        <ele>353.280032</ele>
        <time>2023-11-25T17:52:05.058Z</time>
      </trkpt>
      <trkpt lat="40.811620" lon="16.897665">
        <ele>353.262861</ele>
        <time>2023-11-25T17:52:08.611Z</time>
      </trkpt>
      <trkpt lat="40.811619" lon="16.897823">
        <ele>353.241552</ele>
        <time>2023-11-25T17:52:13.100Z</time>
      </trkpt>
      <trkpt lat="40.811692" lon="16.898158">
        <ele>353.194538</ele>
        <time>2023-11-25T17:52:22.862Z</time>
      </trkpt>
      <trkpt lat="40.811675" lon="16.898418">
        <ele>353.159343</ele>
        <time>2023-11-25T17:52:30.225Z</time>
      </trkpt>
      <trkpt lat="40.811547" lon="16.899372">
        <ele>353.018610</ele>
        <time>2023-11-25T17:52:56.599Z</time>
      </trkpt>
      <trkpt lat="40.811340" lon="16.899911">
        <ele>352.806903</ele>
        <time>2023-11-25T17:53:12.701Z</time>
      </trkpt>
      <trkpt lat="40.811277" lon="16.899987">
        <ele>352.767422</ele>
        <time>2023-11-25T17:53:15.644Z</time>
      </trkpt>
      <trkpt lat="40.811050" lon="16.900152">
        <ele>352.647522</ele>
        <time>2023-11-25T17:53:24.617Z</time>
      </trkpt>
      <trkpt lat="40.810769" lon="16.900629">
        <ele>352.435799</ele>
        <time>2023-11-25T17:53:40.330Z</time>
      </trkpt>
      <trkpt lat="40.810708" lon="16.900765">
        <ele>352.380426</ele>
        <time>2023-11-25T17:53:44.459Z</time>
      </trkpt>
      <trkpt lat="40.810698" lon="16.900859">
        <ele>352.347177</ele>
        <time>2023-11-25T17:53:46.954Z</time>
      </trkpt>
      <trkpt lat="40.810715" lon="16.900914">
        <ele>352.326367</ele>
        <time>2023-11-25T17:53:48.501Z</time>
      </trkpt>
      <trkpt lat="40.809626" lon="16.902800">
        <ele>352.723063</ele>
        <time>2023-11-25T17:54:31.942Z</time>
      </trkpt>
      <trkpt lat="40.809582" lon="16.902914">
        <ele>352.756055</ele>
        <time>2023-11-25T17:54:34.593Z</time>
      </trkpt>
      <trkpt lat="40.809474" lon="16.903421">
        <ele>352.792794</ele>
        <time>2023-11-25T17:54:45.389Z</time>
      </trkpt>
      <trkpt lat="40.809419" lon="16.903494">
        <ele>352.785005</ele>
        <time>2023-11-25T17:54:47.467Z</time>
      </trkpt>
      <trkpt lat="40.809211" lon="16.903490">
        <ele>352.764222</ele>
        <time>2023-11-25T17:54:52.930Z</time>
      </trkpt>
      <trkpt lat="40.809031" lon="16.903791">
        <ele>352.735215</ele>
        <time>2023-11-25T17:55:00.217Z</time>
      </trkpt>
      <trkpt lat="40.808709" lon="16.904186">
        <ele>352.691316</ele>
        <time>2023-11-25T17:55:10.248Z</time>
      </trkpt>
      <trkpt lat="40.808259" lon="16.904611">
        <ele>352.636053</ele>
        <time>2023-11-25T17:55:21.410Z</time>
      </trkpt>
      <trkpt lat="40.808146" lon="16.904799">
        <ele>352.506962</ele>
        <time>2023-11-25T17:55:24.919Z</time>
      </trkpt>
      <trkpt lat="40.808063" lon="16.905176">
        <ele>352.290794</ele>
        <time>2023-11-25T17:55:30.656Z</time>
      </trkpt>
      <trkpt lat="40.807988" lon="16.905351">
        <ele>352.180071</ele>
        <time>2023-11-25T17:55:33.567Z</time>
      </trkpt>
      <trkpt lat="40.807853" lon="16.905511">
        <ele>352.048149</ele>
        <time>2023-11-25T17:55:37.199Z</time>
      </trkpt>
      <trkpt lat="40.807400" lon="16.905907">
        <ele>351.653035</ele>
        <time>2023-11-25T17:55:48.327Z</time>
      </trkpt>
      <trkpt lat="40.807320" lon="16.906074">
        <ele>351.544221</ele>
        <time>2023-11-25T17:55:51.660Z</time>
      </trkpt>
      <trkpt lat="40.807337" lon="16.906383">
        <ele>351.373644</ele>
        <time>2023-11-25T17:55:56.836Z</time>
      </trkpt>
      <trkpt lat="40.807591" lon="16.907872">
        <ele>352.262071</ele>
        <time>2023-11-25T17:56:26.624Z</time>
      </trkpt>
      <trkpt lat="40.807719" lon="16.908783">
        <ele>352.862742</ele>
        <time>2023-11-25T17:56:47.315Z</time>
      </trkpt>
      <trkpt lat="40.807705" lon="16.908924">
        <ele>352.978180</ele>
        <time>2023-11-25T17:56:50.400Z</time>
      </trkpt>
      <trkpt lat="40.807608" lon="16.909044">
        <ele>353.122338</ele>
        <time>2023-11-25T17:56:54.218Z</time>
      </trkpt>
      <trkpt lat="40.807555" lon="16.909052">
        <ele>353.180208</ele>
        <time>2023-11-25T17:56:55.750Z</time>
      </trkpt>
      <trkpt lat="40.807341" lon="16.908992">
        <ele>353.417530</ele>
        <time>2023-11-25T17:57:01.936Z</time>
      </trkpt>
      <trkpt lat="40.806835" lon="16.908689">
        <ele>354.020201</ele>
        <time>2023-11-25T17:57:16.676Z</time>
      </trkpt>
      <trkpt lat="40.806537" lon="16.908523">
        <ele>354.371039</ele>
        <time>2023-11-25T17:57:24.971Z</time>
      </trkpt>
      <trkpt lat="40.806211" lon="16.908366">
        <ele>354.747455</ele>
        <time>2023-11-25T17:57:33.674Z</time>
      </trkpt>
      <trkpt lat="40.806162" lon="16.908343">
        <ele>354.803867</ele>
        <time>2023-11-25T17:57:34.952Z</time>
      </trkpt>
      <trkpt lat="40.805813" lon="16.908184">
        <ele>355.104088</ele>
        <time>2023-11-25T17:57:44.358Z</time>
      </trkpt>
      <trkpt lat="40.805217" lon="16.908002">
        <ele>355.595057</ele>
        <time>2023-11-25T17:58:00.326Z</time>
      </trkpt>
      <trkpt lat="40.804830" lon="16.907885">
        <ele>355.913697</ele>
        <time>2023-11-25T17:58:10.619Z</time>
      </trkpt>
      <trkpt lat="40.804810" lon="16.907879">
        <ele>355.930158</ele>
        <time>2023-11-25T17:58:11.140Z</time>
      </trkpt>
      <trkpt lat="40.804254" lon="16.907713">
        <ele>356.304946</ele>
        <time>2023-11-25T17:58:25.378Z</time>
      </trkpt>
      <trkpt lat="40.804197" lon="16.907698">
        <ele>356.320753</ele>
        <time>2023-11-25T17:58:26.783Z</time>
      </trkpt>
      <trkpt lat="40.802910" lon="16.907349">
        <ele>356.678059</ele>
        <time>2023-11-25T17:58:57.948Z</time>
      </trkpt>
      <trkpt lat="40.802682" lon="16.907286">
        <ele>356.741407</ele>
        <time>2023-11-25T17:59:03.129Z</time>
      </trkpt>
      <trkpt lat="40.801981" lon="16.907107">
        <ele>355.980747</ele>
        <time>2023-11-25T17:59:17.733Z</time>
      </trkpt>
      <trkpt lat="40.801848" lon="16.907068">
        <ele>355.825395</ele>
        <time>2023-11-25T17:59:20.356Z</time>
      </trkpt>
      <trkpt lat="40.801806" lon="16.907082">
        <ele>355.776001</ele>
        <time>2023-11-25T17:59:21.239Z</time>
      </trkpt>
      <trkpt lat="40.801765" lon="16.907144">
        <ele>355.704938</ele>
        <time>2023-11-25T17:59:22.446Z</time>
      </trkpt>
      <trkpt lat="40.801739" lon="16.907413">
        <ele>355.470856</ele>
        <time>2023-11-25T17:59:26.338Z</time>
      </trkpt>
      <trkpt lat="40.801673" lon="16.907564">
        <ele>355.320347</ele>
        <time>2023-11-25T17:59:28.889Z</time>
      </trkpt>
      <trkpt lat="40.801649" lon="16.908033">
        <ele>354.914589</ele>
        <time>2023-11-25T17:59:35.589Z</time>
      </trkpt>
      <trkpt lat="40.801621" lon="16.908427">
        <ele>354.470011</ele>
        <time>2023-11-25T17:59:41.122Z</time>
      </trkpt>
      <trkpt lat="40.801392" lon="16.909066">
        <ele>353.367582</ele>
        <time>2023-11-25T17:59:50.769Z</time>
      </trkpt>
      <trkpt lat="40.801315" lon="16.909444">
        <ele>352.757189</ele>
        <time>2023-11-25T17:59:56.071Z</time>
      </trkpt>
      <trkpt lat="40.801188" lon="16.910956">
        <ele>350.699828</ele>
        <time>2023-11-25T18:00:17.354Z</time>
      </trkpt>
      <trkpt lat="40.801122" lon="16.911765">
        <ele>350.085186</ele>
        <time>2023-11-25T18:00:29.792Z</time>
      </trkpt>
      <trkpt lat="40.801029" lon="16.912845">
        <ele>349.264111</ele>
        <time>2023-11-25T18:00:46.893Z</time>
      </trkpt>
      <trkpt lat="40.800986" lon="16.913160">
        <ele>349.243456</ele>
        <time>2023-11-25T18:00:52.185Z</time>
      </trkpt>
      <trkpt lat="40.800941" lon="16.913479">
        <ele>349.302072</ele>
        <time>2023-11-25T18:00:57.651Z</time>
      </trkpt>
      <trkpt lat="40.800770" lon="16.914858">
        <ele>349.554495</ele>
        <time>2023-11-25T18:01:22.752Z</time>
      </trkpt>
      <trkpt lat="40.800742" lon="16.914953">
        <ele>349.572910</ele>
        <time>2023-11-25T18:01:24.624Z</time>
      </trkpt>
      <trkpt lat="40.800578" lon="16.915137">
        <ele>349.624256</ele>
        <time>2023-11-25T18:01:30.443Z</time>
      </trkpt>
      <trkpt lat="40.800581" lon="16.915158">
        <ele>349.628116</ele>
        <time>2023-11-25T18:01:30.897Z</time>
      </trkpt>
      <trkpt lat="40.800589" lon="16.915226">
        <ele>349.743753</ele>
        <time>2023-11-25T18:01:32.351Z</time>
      </trkpt>
      <trkpt lat="40.800614" lon="16.915220">
        <ele>349.809107</ele>
        <time>2023-11-25T18:01:33.009Z</time>
      </trkpt>
      <trkpt lat="40.800678" lon="16.915198">
        <ele>349.979202</ele>
        <time>2023-11-25T18:01:34.730Z</time>
      </trkpt>
      <trkpt lat="40.800731" lon="16.915309">
        <ele>350.234723</ele>
        <time>2023-11-25T18:01:37.619Z</time>
      </trkpt>
      <trkpt lat="40.800796" lon="16.915334">
        <ele>350.408849</ele>
        <time>2023-11-25T18:01:39.528Z</time>
      </trkpt>
      <trkpt lat="40.800795" lon="16.915438">
        <ele>350.611356</ele>
        <time>2023-11-25T18:01:41.858Z</time>
      </trkpt>
      <trkpt lat="40.800790" lon="16.915472">
        <ele>350.678792</ele>
        <time>2023-11-25T18:01:42.609Z</time>
      </trkpt>
      <trkpt lat="40.800693" lon="16.916202">
        <ele>352.121851</ele>
        <time>2023-11-25T18:02:00.260Z</time>
      </trkpt>
      <trkpt lat="40.800655" lon="16.916513">
        <ele>352.735214</ele>
        <time>2023-11-25T18:02:08.476Z</time>
      </trkpt>
      <trkpt lat="40.800498" lon="16.917750">
        <ele>355.386725</ele>
        <time>2023-11-25T18:02:43.924Z</time>
      </trkpt>
      <trkpt lat="40.800424" lon="16.917764">
        <ele>355.622716</ele>
        <time>2023-11-25T18:02:46.785Z</time>
      </trkpt>
      <trkpt lat="40.800369" lon="16.917876">
        <ele>355.941750</ele>
        <time>2023-11-25T18:02:50.617Z</time>
      </trkpt>
      <trkpt lat="40.800236" lon="16.917873">
        <ele>356.361674</ele>
        <time>2023-11-25T18:02:55.590Z</time>
      </trkpt>
      <trkpt lat="40.799650" lon="16.917857">
        <ele>358.211992</ele>
        <time>2023-11-25T18:03:17.772Z</time>
      </trkpt>
      <trkpt lat="40.799541" lon="16.917854">
        <ele>358.556165</ele>
        <time>2023-11-25T18:03:21.590Z</time>
      </trkpt>
      <trkpt lat="40.799493" lon="16.918324">
        <ele>359.689522</ele>
        <time>2023-11-25T18:03:33.628Z</time>
      </trkpt>
      <trkpt lat="40.799493" lon="16.918524">
        <ele>359.985022</ele>
        <time>2023-11-25T18:03:38.357Z</time>
      </trkpt>
      <trkpt lat="40.799076" lon="16.918534">
        <ele>360.271391</ele>
        <time>2023-11-25T18:03:50.051Z</time>
      </trkpt>
      <trkpt lat="40.799079" lon="16.918840">
        <ele>360.430456</ele>
        <time>2023-11-25T18:03:56.101Z</time>
      </trkpt>
      <trkpt lat="40.799081" lon="16.919074">
        <ele>360.552092</ele>
        <time>2023-11-25T18:04:00.293Z</time>
      </trkpt>
      <trkpt lat="40.799083" lon="16.919270">
        <ele>360.653978</ele>
        <time>2023-11-25T18:04:03.762Z</time>
      </trkpt>
      <trkpt lat="40.799085" lon="16.919415">
        <ele>360.729358</ele>
        <time>2023-11-25T18:04:06.191Z</time>
      </trkpt>
      <trkpt lat="40.799087" lon="16.919599">
        <ele>360.825007</ele>
        <time>2023-11-25T18:04:09.345Z</time>
      </trkpt>
      <trkpt lat="40.799090" lon="16.919835">
        <ele>360.947692</ele>
        <time>2023-11-25T18:04:13.560Z</time>
      </trkpt>
      <trkpt lat="40.799094" lon="16.920211">
        <ele>361.143148</ele>
        <time>2023-11-25T18:04:20.250Z</time>
      </trkpt>
      <trkpt lat="40.799094" lon="16.920251">
        <ele>361.163939</ele>
        <time>2023-11-25T18:04:20.964Z</time>
      </trkpt>
      <trkpt lat="40.799095" lon="16.920370">
        <ele>361.182458</ele>
        <time>2023-11-25T18:04:22.951Z</time>
      </trkpt>
      <trkpt lat="40.799098" lon="16.920576">
        <ele>361.207402</ele>
        <time>2023-11-25T18:04:26.915Z</time>
      </trkpt>
      <trkpt lat="40.799102" lon="16.920987">
        <ele>361.257162</ele>
        <time>2023-11-25T18:04:34.529Z</time>
      </trkpt>
      <trkpt lat="40.799105" lon="16.921194">
        <ele>361.282227</ele>
        <time>2023-11-25T18:04:38.244Z</time>
      </trkpt>
      <trkpt lat="40.799140" lon="16.921402">
        <ele>361.308022</ele>
        <time>2023-11-25T18:04:42.085Z</time>
      </trkpt>
      <trkpt lat="40.799104" lon="16.921798">
        <ele>361.356308</ele>
        <time>2023-11-25T18:04:48.927Z</time>
      </trkpt>
      <trkpt lat="40.799057" lon="16.922025">
        <ele>361.384798</ele>
        <time>2023-11-25T18:04:53.076Z</time>
      </trkpt>
      <trkpt lat="40.798935" lon="16.922544">
        <ele>361.450589</ele>
        <time>2023-11-25T18:05:02.327Z</time>
      </trkpt>
      <trkpt lat="40.798886" lon="16.922737">
        <ele>361.373302</ele>
        <time>2023-11-25T18:05:05.892Z</time>
      </trkpt>
      <trkpt lat="40.798740" lon="16.923342">
        <ele>361.021747</ele>
        <time>2023-11-25T18:05:16.803Z</time>
      </trkpt>
      <trkpt lat="40.798624" lon="16.923827">
        <ele>360.740153</ele>
        <time>2023-11-25T18:05:25.051Z</time>
      </trkpt>
      <trkpt lat="40.798611" lon="16.923888">
        <ele>360.705068</ele>
        <time>2023-11-25T18:05:25.991Z</time>
      </trkpt>
      <trkpt lat="40.798522" lon="16.924289">
        <ele>360.473716</ele>
        <time>2023-11-25T18:05:32.147Z</time>
      </trkpt>
      <trkpt lat="40.798557" lon="16.924394">
        <ele>360.410199</ele>
        <time>2023-11-25T18:05:33.739Z</time>
      </trkpt>
      <trkpt lat="40.798638" lon="16.924854">
        <ele>360.148729</ele>
        <time>2023-11-25T18:05:40.113Z</time>
      </trkpt>
      <trkpt lat="40.798719" lon="16.925313">
        <ele>359.450609</ele>
        <time>2023-11-25T18:05:46.287Z</time>
      </trkpt>
      <trkpt lat="40.798710" lon="16.925576">
        <ele>359.053708</ele>
        <time>2023-11-25T18:05:49.725Z</time>
      </trkpt>
      <trkpt lat="40.798683" lon="16.925979">
        <ele>358.443775</ele>
        <time>2023-11-25T18:05:54.962Z</time>
      </trkpt>
      <trkpt lat="40.798655" lon="16.926295">
        <ele>357.964124</ele>
        <time>2023-11-25T18:05:59.091Z</time>
      </trkpt>
      <trkpt lat="40.798632" lon="16.926587">
        <ele>357.521531</ele>
        <time>2023-11-25T18:06:02.994Z</time>
      </trkpt>
      <trkpt lat="40.798619" lon="16.926715">
        <ele>357.326830</ele>
        <time>2023-11-25T18:06:04.732Z</time>
      </trkpt>
      <trkpt lat="40.798614" lon="16.926826">
        <ele>357.159192</ele>
        <time>2023-11-25T18:06:06.233Z</time>
      </trkpt>
      <trkpt lat="40.798589" lon="16.927080">
        <ele>356.773040</ele>
        <time>2023-11-25T18:06:09.680Z</time>
      </trkpt>
      <trkpt lat="40.798586" lon="16.927123">
        <ele>356.707939</ele>
        <time>2023-11-25T18:06:10.258Z</time>
      </trkpt>
      <trkpt lat="40.798557" lon="16.927465">
        <ele>356.398478</ele>
        <time>2023-11-25T18:06:15.012Z</time>
      </trkpt>
      <trkpt lat="40.798907" lon="16.927850">
        <ele>356.004124</ele>
        <time>2023-11-25T18:06:23.470Z</time>
      </trkpt>
      <trkpt lat="40.798806" lon="16.927998">
        <ele>355.873519</ele>
        <time>2023-11-25T18:06:26.502Z</time>
      </trkpt>
      <trkpt lat="40.798411" lon="16.928380">
        <ele>355.449656</ele>
        <time>2023-11-25T18:06:36.637Z</time>
      </trkpt>
      <trkpt lat="40.797996" lon="16.928387">
        <ele>355.090303</ele>
        <time>2023-11-25T18:06:45.797Z</time>
      </trkpt>
      <trkpt lat="40.797590" lon="16.928212">
        <ele>355.010897</ele>
        <time>2023-11-25T18:06:55.665Z</time>
      </trkpt>
      <trkpt lat="40.796995" lon="16.928838">
        <ele>355.031288</ele>
        <time>2023-11-25T18:07:14.417Z</time>
      </trkpt>
      <trkpt lat="40.797077" lon="16.929165">
        <ele>355.038279</ele>
        <time>2023-11-25T18:07:20.528Z</time>
      </trkpt>
      <trkpt lat="40.797155" lon="16.929247">
        <ele>355.040951</ele>
        <time>2023-11-25T18:07:22.870Z</time>
      </trkpt>
      <trkpt lat="40.797263" lon="16.929318">
        <ele>355.044185</ele>
        <time>2023-11-25T18:07:25.570Z</time>
      </trkpt>
      <trkpt lat="40.797304" lon="16.929318">
        <ele>355.045284</ele>
        <time>2023-11-25T18:07:26.493Z</time>
      </trkpt>
      <trkpt lat="40.797308" lon="16.929373">
        <ele>355.046405</ele>
        <time>2023-11-25T18:07:27.455Z</time>
      </trkpt>
      <trkpt lat="40.797089" lon="16.930285">
        <ele>354.595663</ele>
        <time>2023-11-25T18:07:41.931Z</time>
      </trkpt>
      <trkpt lat="40.796867" lon="16.931221">
        <ele>354.008985</ele>
        <time>2023-11-25T18:07:56.320Z</time>
      </trkpt>
      <trkpt lat="40.796814" lon="16.931446">
        <ele>353.868043</ele>
        <time>2023-11-25T18:07:59.822Z</time>
      </trkpt>
      <trkpt lat="40.796802" lon="16.931496">
        <ele>353.836670</ele>
        <time>2023-11-25T18:08:00.586Z</time>
      </trkpt>
      <trkpt lat="40.796785" lon="16.931568">
        <ele>353.791559</ele>
        <time>2023-11-25T18:08:01.704Z</time>
      </trkpt>
      <trkpt lat="40.796733" lon="16.931768">
        <ele>353.665075</ele>
        <time>2023-11-25T18:08:04.839Z</time>
      </trkpt>
      <trkpt lat="40.796660" lon="16.932074">
        <ele>353.492654</ele>
        <time>2023-11-25T18:08:09.541Z</time>
      </trkpt>
      <trkpt lat="40.796649" lon="16.932119">
        <ele>353.467899</ele>
        <time>2023-11-25T18:08:10.263Z</time>
      </trkpt>
      <trkpt lat="40.796458" lon="16.932923">
        <ele>353.026767</ele>
        <time>2023-11-25T18:08:22.607Z</time>
      </trkpt>
      <trkpt lat="40.796179" lon="16.934104">
        <ele>352.386003</ele>
        <time>2023-11-25T18:08:41.567Z</time>
      </trkpt>
      <trkpt lat="40.795860" lon="16.935556">
        <ele>352.447369</ele>
        <time>2023-11-25T18:09:07.539Z</time>
      </trkpt>
      <trkpt lat="40.795359" lon="16.937505">
        <ele>352.375867</ele>
        <time>2023-11-25T18:09:43.127Z</time>
      </trkpt>
      <trkpt lat="40.795206" lon="16.938194">
        <ele>352.312741</ele>
        <time>2023-11-25T18:09:54.997Z</time>
      </trkpt>
      <trkpt lat="40.795149" lon="16.938431">
        <ele>352.290879</ele>
        <time>2023-11-25T18:09:58.931Z</time>
      </trkpt>
      <trkpt lat="40.795073" lon="16.938740">
        <ele>352.222988</ele>
        <time>2023-11-25T18:10:03.906Z</time>
      </trkpt>
      <trkpt lat="40.794905" lon="16.939570">
        <ele>351.871124</ele>
        <time>2023-11-25T18:10:16.757Z</time>
      </trkpt>
      <trkpt lat="40.794858" lon="16.939885">
        <ele>351.739635</ele>
        <time>2023-11-25T18:10:21.610Z</time>
      </trkpt>
      <trkpt lat="40.794849" lon="16.939960">
        <ele>351.708535</ele>
        <time>2023-11-25T18:10:22.792Z</time>
      </trkpt>
      <trkpt lat="40.794841" lon="16.940021">
        <ele>351.683181</ele>
        <time>2023-11-25T18:10:23.749Z</time>
      </trkpt>
      <trkpt lat="40.794741" lon="16.940797">
        <ele>351.360800</ele>
        <time>2023-11-25T18:10:36.417Z</time>
      </trkpt>
      <trkpt lat="40.794675" lon="16.941520">
        <ele>351.109219</ele>
        <time>2023-11-25T18:10:47.759Z</time>
      </trkpt>
      <trkpt lat="40.794627" lon="16.942686">
        <ele>350.724955</ele>
        <time>2023-11-25T18:11:05.693Z</time>
      </trkpt>
      <trkpt lat="40.794626" lon="16.942789">
        <ele>350.691058</ele>
        <time>2023-11-25T18:11:07.412Z</time>
      </trkpt>
      <trkpt lat="40.794610" lon="16.943545">
        <ele>350.441648</ele>
        <time>2023-11-25T18:11:19.707Z</time>
      </trkpt>
      <trkpt lat="40.794602" lon="16.943881">
        <ele>350.330246</ele>
        <time>2023-11-25T18:11:25.174Z</time>
      </trkpt>
      <trkpt lat="40.794593" lon="16.944667">
        <ele>350.069745</ele>
        <time>2023-11-25T18:11:37.568Z</time>
      </trkpt>
      <trkpt lat="40.794628" lon="16.944816">
        <ele>350.018046</ele>
        <time>2023-11-25T18:11:39.890Z</time>
      </trkpt>
      <trkpt lat="40.794671" lon="16.944881">
        <ele>349.989441</ele>
        <time>2023-11-25T18:11:41.195Z</time>
      </trkpt>
      <trkpt lat="40.794757" lon="16.944975">
        <ele>349.940579</ele>
        <time>2023-11-25T18:11:43.424Z</time>
      </trkpt>
      <trkpt lat="40.794851" lon="16.945011">
        <ele>349.897737</ele>
        <time>2023-11-25T18:11:45.405Z</time>
      </trkpt>
      <trkpt lat="40.795003" lon="16.945001">
        <ele>349.831120</ele>
        <time>2023-11-25T18:11:48.472Z</time>
      </trkpt>
      <trkpt lat="40.795144" lon="16.944876">
        <ele>349.756787</ele>
        <time>2023-11-25T18:11:51.966Z</time>
      </trkpt>
      <trkpt lat="40.795017" lon="16.945287">
        <ele>349.538983</ele>
        <time>2023-11-25T18:11:58.929Z</time>
      </trkpt>
      <trkpt lat="40.794814" lon="16.946041">
        <ele>349.119122</ele>
        <time>2023-11-25T18:12:11.464Z</time>
      </trkpt>
      <trkpt lat="40.794653" lon="16.946893">
        <ele>348.658400</ele>
        <time>2023-11-25T18:12:24.662Z</time>
      </trkpt>
      <trkpt lat="40.794579" lon="16.947447">
        <ele>348.257010</ele>
        <time>2023-11-25T18:12:32.832Z</time>
      </trkpt>
      <trkpt lat="40.794712" lon="16.947457">
        <ele>348.083728</ele>
        <time>2023-11-25T18:12:35.359Z</time>
      </trkpt>
      <trkpt lat="40.794786" lon="16.947468">
        <ele>347.986863</ele>
        <time>2023-11-25T18:12:36.753Z</time>
      </trkpt>
      <trkpt lat="40.794842" lon="16.947513">
        <ele>347.901600</ele>
        <time>2023-11-25T18:12:37.993Z</time>
      </trkpt>
      <trkpt lat="40.794871" lon="16.947595">
        <ele>347.812474</ele>
        <time>2023-11-25T18:12:39.276Z</time>
      </trkpt>
      <trkpt lat="40.795020" lon="16.948753">
        <ele>346.655780</ele>
        <time>2023-11-25T18:12:55.623Z</time>
      </trkpt>
      <trkpt lat="40.795114" lon="16.949130">
        <ele>346.264913</ele>
        <time>2023-11-25T18:13:01.184Z</time>
      </trkpt>
      <trkpt lat="40.795382" lon="16.949715">
        <ele>345.811251</ele>
        <time>2023-11-25T18:13:10.899Z</time>
      </trkpt>
      <trkpt lat="40.795428" lon="16.949891">
        <ele>345.700708</ele>
        <time>2023-11-25T18:13:13.602Z</time>
      </trkpt>
      <trkpt lat="40.795507" lon="16.950556">
        <ele>345.301065</ele>
        <time>2023-11-25T18:13:23.656Z</time>
      </trkpt>
      <trkpt lat="40.795690" lon="16.951245">
        <ele>344.867562</ele>
        <time>2023-11-25T18:13:35.016Z</time>
      </trkpt>
      <trkpt lat="40.795776" lon="16.951771">
        <ele>344.715169</ele>
        <time>2023-11-25T18:13:43.730Z</time>
      </trkpt>
      <trkpt lat="40.795827" lon="16.951927">
        <ele>344.704841</ele>
        <time>2023-11-25T18:13:46.562Z</time>
      </trkpt>
      <trkpt lat="40.796710" lon="16.954052">
        <ele>344.529432</ele>
        <time>2023-11-25T18:14:27.265Z</time>
      </trkpt>
      <trkpt lat="40.796967" lon="16.954874">
        <ele>344.428415</ele>
        <time>2023-11-25T18:14:41.791Z</time>
      </trkpt>
      <trkpt lat="40.797475" lon="16.955734">
        <ele>344.303684</ele>
        <time>2023-11-25T18:14:59.421Z</time>
      </trkpt>
      <trkpt lat="40.797735" lon="16.956042">
        <ele>344.248473</ele>
        <time>2023-11-25T18:15:06.769Z</time>
      </trkpt>
      <trkpt lat="40.798079" lon="16.956429">
        <ele>344.177039</ele>
        <time>2023-11-25T18:15:16.504Z</time>
      </trkpt>
      <trkpt lat="40.798230" lon="16.956641">
        <ele>344.142202</ele>
        <time>2023-11-25T18:15:21.356Z</time>
      </trkpt>
      <trkpt lat="40.798740" lon="16.957506">
        <ele>344.051363</ele>
        <time>2023-11-25T18:15:39.505Z</time>
      </trkpt>
      <trkpt lat="40.798939" lon="16.958032">
        <ele>344.096454</ele>
        <time>2023-11-25T18:15:49.385Z</time>
      </trkpt>
      <trkpt lat="40.799080" lon="16.958635">
        <ele>344.144849</ele>
        <time>2023-11-25T18:16:00.118Z</time>
      </trkpt>
      <trkpt lat="40.799181" lon="16.959191">
        <ele>344.188694</ele>
        <time>2023-11-25T18:16:10.101Z</time>
      </trkpt>
      <trkpt lat="40.799256" lon="16.959809">
        <ele>344.296695</ele>
        <time>2023-11-25T18:16:21.320Z</time>
      </trkpt>
      <trkpt lat="40.799272" lon="16.960429">
        <ele>344.495313</ele>
        <time>2023-11-25T18:16:32.435Z</time>
      </trkpt>
      <trkpt lat="40.799166" lon="16.962136">
        <ele>345.096920</ele>
        <time>2023-11-25T18:17:03.382Z</time>
      </trkpt>
      <trkpt lat="40.799321" lon="16.963636">
        <ele>345.977667</ele>
        <time>2023-11-25T18:17:32.478Z</time>
      </trkpt>
      <trkpt lat="40.799227" lon="16.963819">
        <ele>346.106327</ele>
        <time>2023-11-25T18:17:36.817Z</time>
      </trkpt>
      <trkpt lat="40.799224" lon="16.963874">
        <ele>346.138407</ele>
        <time>2023-11-25T18:17:37.895Z</time>
      </trkpt>
      <trkpt lat="40.799289" lon="16.964105">
        <ele>346.281780</ele>
        <time>2023-11-25T18:17:42.727Z</time>
      </trkpt>
      <trkpt lat="40.799300" lon="16.964145">
        <ele>346.306538</ele>
        <time>2023-11-25T18:17:43.577Z</time>
      </trkpt>
      <trkpt lat="40.799291" lon="16.964881">
        <ele>346.836810</ele>
        <time>2023-11-25T18:17:58.222Z</time>
      </trkpt>
      <trkpt lat="40.797006" lon="16.964804">
        <ele>348.784430</ele>
        <time>2023-11-25T18:19:00.098Z</time>
      </trkpt>
      <trkpt lat="40.796804" lon="16.975776">
        <ele>351.286104</ele>
        <time>2023-11-25T18:22:22.932Z</time>
      </trkpt>
      <trkpt lat="40.794043" lon="16.975690">
        <ele>349.946192</ele>
        <time>2023-11-25T18:23:20.838Z</time>
      </trkpt>
      <trkpt lat="40.791289" lon="16.975597">
        <ele>349.745356</ele>
        <time>2023-11-25T18:24:21.978Z</time>
      </trkpt>
      <trkpt lat="40.789260" lon="16.975523">
        <ele>352.877498</ele>
        <time>2023-11-25T18:25:22.991Z</time>
      </trkpt>
      <trkpt lat="40.788559" lon="16.975496">
        <ele>354.479787</ele>
        <time>2023-11-25T18:25:46.509Z</time>
      </trkpt>
      <trkpt lat="40.785825" lon="16.975394">
        <ele>360.787933</ele>
        <time>2023-11-25T18:27:17.409Z</time>
      </trkpt>
      <trkpt lat="40.783086" lon="16.975309">
        <ele>365.204029</ele>
        <time>2023-11-25T18:28:36.169Z</time>
      </trkpt>
      <trkpt lat="40.780345" lon="16.975204">
        <ele>369.472659</ele>
        <time>2023-11-25T18:29:58.697Z</time>
      </trkpt>
      <trkpt lat="40.777610" lon="16.975106">
        <ele>371.234704</ele>
        <time>2023-11-25T18:31:11.926Z</time>
      </trkpt>
      <trkpt lat="40.774871" lon="16.975007">
        <ele>366.419172</ele>
        <time>2023-11-25T18:32:01.368Z</time>
      </trkpt>
      <trkpt lat="40.773522" lon="16.974955">
        <ele>364.610982</ele>
        <time>2023-11-25T18:32:27.133Z</time>
      </trkpt>
      <trkpt lat="40.773470" lon="16.977953">
        <ele>365.685179</ele>
        <time>2023-11-25T18:33:29.584Z</time>
      </trkpt>
      <trkpt lat="40.773261" lon="16.986772">
        <ele>366.867300</ele>
        <time>2023-11-25T18:36:06.410Z</time>
      </trkpt>
      <trkpt lat="40.772754" lon="16.988571">
        <ele>367.315326</ele>
        <time>2023-11-25T18:36:41.688Z</time>
      </trkpt>
      <trkpt lat="40.771927" lon="16.990999">
        <ele>368.448510</ele>
        <time>2023-11-25T18:37:33.507Z</time>
      </trkpt>
      <trkpt lat="40.771603" lon="16.992051">
        <ele>368.601506</ele>
        <time>2023-11-25T18:37:55.026Z</time>
      </trkpt>
      <trkpt lat="40.770625" lon="16.995317">
        <ele>368.401783</ele>
        <time>2023-11-25T18:38:55.215Z</time>
      </trkpt>
      <trkpt lat="40.770317" lon="16.997177">
        <ele>368.026044</ele>
        <time>2023-11-25T18:39:25.983Z</time>
      </trkpt>
      <trkpt lat="40.770120" lon="16.998872">
        <ele>368.601206</ele>
        <time>2023-11-25T18:39:57.765Z</time>
      </trkpt>
      <trkpt lat="40.770012" lon="16.999810">
        <ele>369.149030</ele>
        <time>2023-11-25T18:40:18.025Z</time>
      </trkpt>
      <trkpt lat="40.769721" lon="17.001167">
        <ele>370.226020</ele>
        <time>2023-11-25T18:40:47.597Z</time>
      </trkpt>
      <trkpt lat="40.768805" lon="17.002959">
        <ele>372.084302</ele>
        <time>2023-11-25T18:41:31.963Z</time>
      </trkpt>
      <trkpt lat="40.768374" lon="17.003747">
        <ele>372.989720</ele>
        <time>2023-11-25T18:41:52.745Z</time>
      </trkpt>
      <trkpt lat="40.768185" lon="17.004186">
        <ele>373.484997</ele>
        <time>2023-11-25T18:42:03.917Z</time>
      </trkpt>
      <trkpt lat="40.768096" lon="17.005217">
        <ele>374.934984</ele>
        <time>2023-11-25T18:42:27.735Z</time>
      </trkpt>
      <trkpt lat="40.767884" lon="17.006510">
        <ele>376.781242</ele>
        <time>2023-11-25T18:42:59.106Z</time>
      </trkpt>
      <trkpt lat="40.767839" lon="17.006981">
        <ele>377.415967</ele>
        <time>2023-11-25T18:43:10.298Z</time>
      </trkpt>
      <trkpt lat="40.767891" lon="17.007870">
        <ele>378.608114</ele>
        <time>2023-11-25T18:43:30.797Z</time>
      </trkpt>
      <trkpt lat="40.767869" lon="17.008496">
        <ele>379.445986</ele>
        <time>2023-11-25T18:43:44.778Z</time>
      </trkpt>
      <trkpt lat="40.767893" lon="17.009619">
        <ele>381.004975</ele>
        <time>2023-11-25T18:44:09.731Z</time>
      </trkpt>
      <trkpt lat="40.768072" lon="17.010187">
        <ele>381.872370</ele>
        <time>2023-11-25T18:44:23.632Z</time>
      </trkpt>
      <trkpt lat="40.768078" lon="17.010358">
        <ele>382.113724</ele>
        <time>2023-11-25T18:44:27.541Z</time>
      </trkpt>
      <trkpt lat="40.767958" lon="17.011398">
        <ele>383.816228</ele>
        <time>2023-11-25T18:44:52.694Z</time>
      </trkpt>
      <trkpt lat="40.767819" lon="17.012971">
        <ele>387.470410</ele>
        <time>2023-11-25T18:45:35.536Z</time>
      </trkpt>
      <trkpt lat="40.767747" lon="17.013039">
        <ele>387.740109</ele>
        <time>2023-11-25T18:45:38.835Z</time>
      </trkpt>
      <trkpt lat="40.767304" lon="17.013239">
        <ele>389.183452</ele>
        <time>2023-11-25T18:45:56.623Z</time>
      </trkpt>
      <trkpt lat="40.767277" lon="17.013282">
        <ele>389.317372</ele>
        <time>2023-11-25T18:45:58.267Z</time>
      </trkpt>
      <trkpt lat="40.766992" lon="17.016415">
        <ele>396.510468</ele>
        <time>2023-11-25T18:47:23.111Z</time>
      </trkpt>
      <trkpt lat="40.766877" lon="17.017680">
        <ele>399.101993</ele>
        <time>2023-11-25T18:47:54.072Z</time>
      </trkpt>
      <trkpt lat="40.763666" lon="17.021791">
        <ele>411.034331</ele>
        <time>2023-11-25T18:50:27.371Z</time>
      </trkpt>
      <trkpt lat="40.763629" lon="17.021872">
        <ele>411.200916</ele>
        <time>2023-11-25T18:50:29.708Z</time>
      </trkpt>
      <trkpt lat="40.763127" lon="17.022465">
        <ele>412.767164</ele>
        <time>2023-11-25T18:50:51.034Z</time>
      </trkpt>
      <trkpt lat="40.762746" lon="17.023086">
        <ele>413.737643</ele>
        <time>2023-11-25T18:51:09.131Z</time>
      </trkpt>
      <trkpt lat="40.762390" lon="17.023570">
        <ele>414.321855</ele>
        <time>2023-11-25T18:51:23.584Z</time>
      </trkpt>
      <trkpt lat="40.761925" lon="17.024011">
        <ele>414.976414</ele>
        <time>2023-11-25T18:51:39.080Z</time>
      </trkpt>
      <trkpt lat="40.761607" lon="17.024461">
        <ele>415.428870</ele>
        <time>2023-11-25T18:51:51.140Z</time>
      </trkpt>
      <trkpt lat="40.760981" lon="17.025984">
        <ele>416.054717</ele>
        <time>2023-11-25T18:52:23.772Z</time>
      </trkpt>
      <trkpt lat="40.760824" lon="17.026459">
        <ele>416.240854</ele>
        <time>2023-11-25T18:52:33.391Z</time>
      </trkpt>
      <trkpt lat="40.760774" lon="17.026612">
        <ele>416.296178</ele>
        <time>2023-11-25T18:52:36.495Z</time>
      </trkpt>
      <trkpt lat="40.760632" lon="17.026898">
        <ele>416.409715</ele>
        <time>2023-11-25T18:52:42.919Z</time>
      </trkpt>
      <trkpt lat="40.760155" lon="17.027655">
        <ele>416.736646</ele>
        <time>2023-11-25T18:53:01.656Z</time>
      </trkpt>
      <trkpt lat="40.759926" lon="17.028050">
        <ele>416.901796</ele>
        <time>2023-11-25T18:53:11.056Z</time>
      </trkpt>
      <trkpt lat="40.759832" lon="17.028261">
        <ele>416.983070</ele>
        <time>2023-11-25T18:53:15.715Z</time>
      </trkpt>
      <trkpt lat="40.759722" lon="17.028724">
        <ele>417.052582</ele>
        <time>2023-11-25T18:53:24.988Z</time>
      </trkpt>
      <trkpt lat="40.759712" lon="17.028940">
        <ele>417.072541</ele>
        <time>2023-11-25T18:53:29.139Z</time>
      </trkpt>
      <trkpt lat="40.759031" lon="17.031662">
        <ele>416.632987</ele>
        <time>2023-11-25T18:54:19.084Z</time>
      </trkpt>
      <trkpt lat="40.758878" lon="17.032764">
        <ele>416.013060</ele>
        <time>2023-11-25T18:54:35.832Z</time>
      </trkpt>
      <trkpt lat="40.758767" lon="17.033210">
        <ele>415.644297</ele>
        <time>2023-11-25T18:54:42.598Z</time>
      </trkpt>
      <trkpt lat="40.758683" lon="17.033678">
        <ele>415.206675</ele>
        <time>2023-11-25T18:54:49.512Z</time>
      </trkpt>
      <trkpt lat="40.758645" lon="17.035234">
        <ele>413.790143</ele>
        <time>2023-11-25T18:55:12.892Z</time>
      </trkpt>
      <trkpt lat="40.758556" lon="17.036942">
        <ele>413.390245</ele>
        <time>2023-11-25T18:55:41.318Z</time>
      </trkpt>
      <trkpt lat="40.758553" lon="17.037358">
        <ele>413.298275</ele>
        <time>2023-11-25T18:55:48.835Z</time>
      </trkpt>
      <trkpt lat="40.758483" lon="17.037835">
        <ele>413.223376</ele>
        <time>2023-11-25T18:55:57.670Z</time>
      </trkpt>
      <trkpt lat="40.758340" lon="17.038481">
        <ele>413.179646</ele>
        <time>2023-11-25T18:56:09.705Z</time>
      </trkpt>
      <trkpt lat="40.758376" lon="17.038901">
        <ele>413.152182</ele>
        <time>2023-11-25T18:56:17.179Z</time>
      </trkpt>
      <trkpt lat="40.758544" lon="17.039175">
        <ele>413.129277</ele>
        <time>2023-11-25T18:56:23.127Z</time>
      </trkpt>
      <trkpt lat="40.758781" lon="17.039508">
        <ele>413.099587</ele>
        <time>2023-11-25T18:56:30.586Z</time>
      </trkpt>
      <trkpt lat="40.758942" lon="17.039820">
        <ele>413.000384</ele>
        <time>2023-11-25T18:56:36.534Z</time>
      </trkpt>
      <trkpt lat="40.759049" lon="17.040096">
        <ele>412.781335</ele>
        <time>2023-11-25T18:56:41.290Z</time>
      </trkpt>
      <trkpt lat="40.759297" lon="17.041018">
        <ele>412.090097</ele>
        <time>2023-11-25T18:56:55.650Z</time>
      </trkpt>
      <trkpt lat="40.759435" lon="17.041276">
        <ele>411.866957</ele>
        <time>2023-11-25T18:57:00.182Z</time>
      </trkpt>
      <trkpt lat="40.759594" lon="17.041504">
        <ele>411.648005</ele>
        <time>2023-11-25T18:57:04.623Z</time>
      </trkpt>
      <trkpt lat="40.759850" lon="17.041759">
        <ele>411.314368</ele>
        <time>2023-11-25T18:57:10.709Z</time>
      </trkpt>
      <trkpt lat="40.760410" lon="17.042289">
        <ele>410.276290</ele>
        <time>2023-11-25T18:57:23.458Z</time>
      </trkpt>
      <trkpt lat="40.761024" lon="17.042816">
        <ele>409.172948</ele>
        <time>2023-11-25T18:57:36.687Z</time>
      </trkpt>
      <trkpt lat="40.760970" lon="17.043022">
        <ele>408.924192</ele>
        <time>2023-11-25T18:57:39.864Z</time>
      </trkpt>
      <trkpt lat="40.760878" lon="17.044657">
        <ele>406.832243</ele>
        <time>2023-11-25T18:58:03.586Z</time>
      </trkpt>
      <trkpt lat="40.760301" lon="17.047482">
        <ele>402.752982</ele>
        <time>2023-11-25T18:58:44.650Z</time>
      </trkpt>
      <trkpt lat="40.760588" lon="17.047837">
        <ele>402.011698</ele>
        <time>2023-11-25T18:58:52.043Z</time>
      </trkpt>
      <trkpt lat="40.760698" lon="17.048211">
        <ele>401.454094</ele>
        <time>2023-11-25T18:58:57.728Z</time>
      </trkpt>
      <trkpt lat="40.760751" lon="17.048664">
        <ele>400.817041</ele>
        <time>2023-11-25T18:59:04.208Z</time>
      </trkpt>
      <trkpt lat="40.760726" lon="17.049061">
        <ele>400.263380</ele>
        <time>2023-11-25T18:59:09.836Z</time>
      </trkpt>
      <trkpt lat="40.760839" lon="17.049294">
        <ele>399.878862</ele>
        <time>2023-11-25T18:59:13.752Z</time>
      </trkpt>
      <trkpt lat="40.760938" lon="17.049756">
        <ele>399.211567</ele>
        <time>2023-11-25T18:59:20.544Z</time>
      </trkpt>
      <trkpt lat="40.760991" lon="17.050518">
        <ele>398.242106</ele>
        <time>2023-11-25T18:59:31.315Z</time>
      </trkpt>
      <trkpt lat="40.761089" lon="17.051085">
        <ele>397.535089</ele>
        <time>2023-11-25T18:59:39.612Z</time>
      </trkpt>
      <trkpt lat="40.761052" lon="17.051406">
        <ele>397.140359</ele>
        <time>2023-11-25T18:59:44.256Z</time>
      </trkpt>
      <trkpt lat="40.761057" lon="17.052250">
        <ele>396.114282</ele>
        <time>2023-11-25T18:59:56.548Z</time>
      </trkpt>
      <trkpt lat="40.761150" lon="17.052716">
        <ele>395.741446</ele>
        <time>2023-11-25T19:00:03.709Z</time>
      </trkpt>
      <trkpt lat="40.761654" lon="17.055243">
        <ele>394.369362</ele>
        <time>2023-11-25T19:00:44.622Z</time>
      </trkpt>
      <trkpt lat="40.761934" lon="17.056542">
        <ele>394.310393</ele>
        <time>2023-11-25T19:01:08.274Z</time>
      </trkpt>
      <trkpt lat="40.762005" lon="17.057660">
        <ele>394.836321</ele>
        <time>2023-11-25T19:01:31.164Z</time>
      </trkpt>
      <trkpt lat="40.762182" lon="17.058347">
        <ele>395.373063</ele>
        <time>2023-11-25T19:01:46.422Z</time>
      </trkpt>
      <trkpt lat="40.762113" lon="17.058732">
        <ele>395.665697</ele>
        <time>2023-11-25T19:01:54.699Z</time>
      </trkpt>
      <trkpt lat="40.762144" lon="17.058954">
        <ele>395.832669</ele>
        <time>2023-11-25T19:01:59.428Z</time>
      </trkpt>
      <trkpt lat="40.762333" lon="17.059486">
        <ele>396.155839</ele>
        <time>2023-11-25T19:02:11.414Z</time>
      </trkpt>
      <trkpt lat="40.762836" lon="17.060610">
        <ele>396.626358</ele>
        <time>2023-11-25T19:02:36.896Z</time>
      </trkpt>
      <trkpt lat="40.763156" lon="17.060957">
        <ele>396.823399</ele>
        <time>2023-11-25T19:02:46.642Z</time>
      </trkpt>
      <trkpt lat="40.763801" lon="17.061694">
        <ele>396.787843</ele>
        <time>2023-11-25T19:03:05.515Z</time>
      </trkpt>
      <trkpt lat="40.764884" lon="17.062476">
        <ele>396.601850</ele>
        <time>2023-11-25T19:03:33.313Z</time>
      </trkpt>
      <trkpt lat="40.765475" lon="17.062985">
        <ele>396.650896</ele>
        <time>2023-11-25T19:03:49.844Z</time>
      </trkpt>
      <trkpt lat="40.766054" lon="17.063480">
        <ele>396.698840</ele>
        <time>2023-11-25T19:04:06.304Z</time>
      </trkpt>
      <trkpt lat="40.767076" lon="17.063947">
        <ele>396.446691</ele>
        <time>2023-11-25T19:04:31.818Z</time>
      </trkpt>
      <trkpt lat="40.768473" lon="17.064754">
        <ele>395.411326</ele>
        <time>2023-11-25T19:05:03.801Z</time>
      </trkpt>
      <trkpt lat="40.769716" lon="17.066661">
        <ele>392.862392</ele>
        <time>2023-11-25T19:05:40.043Z</time>
      </trkpt>
      <trkpt lat="40.770070" lon="17.066649">
        <ele>392.382084</ele>
        <time>2023-11-25T19:05:46.567Z</time>
      </trkpt>
      <trkpt lat="40.770200" lon="17.066689">
        <ele>392.201033</ele>
        <time>2023-11-25T19:05:49.072Z</time>
      </trkpt>
      <trkpt lat="40.770659" lon="17.067072">
        <ele>391.464575</ele>
        <time>2023-11-25T19:05:59.625Z</time>
      </trkpt>
      <trkpt lat="40.770785" lon="17.067364">
        <ele>391.458093</ele>
        <time>2023-11-25T19:06:05.074Z</time>
      </trkpt>
      <trkpt lat="40.770874" lon="17.067942">
        <ele>392.186713</ele>
        <time>2023-11-25T19:06:16.024Z</time>
      </trkpt>
      <trkpt lat="40.771345" lon="17.068492">
        <ele>393.212311</ele>
        <time>2023-11-25T19:06:34.763Z</time>
      </trkpt>
      <trkpt lat="40.771501" lon="17.069440">
        <ele>394.688298</ele>
        <time>2023-11-25T19:07:00.956Z</time>
      </trkpt>
      <trkpt lat="40.771713" lon="17.070159">
        <ele>396.940277</ele>
        <time>2023-11-25T19:07:24.103Z</time>
      </trkpt>
      <trkpt lat="40.771951" lon="17.070740">
        <ele>398.868206</ele>
        <time>2023-11-25T19:07:44.384Z</time>
      </trkpt>
      <trkpt lat="40.771998" lon="17.071147">
        <ele>400.069835</ele>
        <time>2023-11-25T19:07:56.779Z</time>
      </trkpt>
      <trkpt lat="40.772000" lon="17.072280">
        <ele>402.614122</ele>
        <time>2023-11-25T19:08:28.891Z</time>
      </trkpt>
      <trkpt lat="40.772032" lon="17.072704">
        <ele>403.433966</ele>
        <time>2023-11-25T19:08:39.972Z</time>
      </trkpt>
      <trkpt lat="40.772434" lon="17.073604">
        <ele>405.444375</ele>
        <time>2023-11-25T19:09:04.897Z</time>
      </trkpt>
      <trkpt lat="40.773040" lon="17.074738">
        <ele>406.072562</ele>
        <time>2023-11-25T19:09:32.439Z</time>
      </trkpt>
      <trkpt lat="40.773060" lon="17.074738">
        <ele>406.080248</ele>
        <time>2023-11-25T19:09:32.908Z</time>
      </trkpt>
      <trkpt lat="40.773324" lon="17.074738">
        <ele>406.181697</ele>
        <time>2023-11-25T19:09:39.160Z</time>
      </trkpt>
      <trkpt lat="40.773791" lon="17.074405">
        <ele>406.385647</ele>
        <time>2023-11-25T19:09:51.136Z</time>
      </trkpt>
      <trkpt lat="40.775168" lon="17.072869">
        <ele>404.580576</ele>
        <time>2023-11-25T19:10:27.783Z</time>
      </trkpt>
      <trkpt lat="40.775318" lon="17.072819">
        <ele>404.189080</ele>
        <time>2023-11-25T19:10:30.680Z</time>
      </trkpt>
      <trkpt lat="40.775587" lon="17.073068">
        <ele>403.224377</ele>
        <time>2023-11-25T19:10:36.590Z</time>
      </trkpt>
      <trkpt lat="40.775579" lon="17.073366">
        <ele>402.561259</ele>
        <time>2023-11-25T19:10:40.346Z</time>
      </trkpt>
      <trkpt lat="40.775601" lon="17.073653">
        <ele>401.919757</ele>
        <time>2023-11-25T19:10:43.927Z</time>
      </trkpt>
      <trkpt lat="40.776203" lon="17.076590">
        <ele>394.907022</ele>
        <time>2023-11-25T19:11:20.590Z</time>
      </trkpt>
      <trkpt lat="40.776373" lon="17.077142">
        <ele>393.577896</ele>
        <time>2023-11-25T19:11:28.796Z</time>
      </trkpt>
      <trkpt lat="40.776625" lon="17.077711">
        <ele>392.739932</ele>
        <time>2023-11-25T19:11:38.296Z</time>
      </trkpt>
      <trkpt lat="40.776755" lon="17.077926">
        <ele>392.390176</ele>
        <time>2023-11-25T19:11:42.216Z</time>
      </trkpt>
      <trkpt lat="40.777200" lon="17.078932">
        <ele>390.909110</ele>
        <time>2023-11-25T19:11:58.575Z</time>
      </trkpt>
      <trkpt lat="40.777320" lon="17.079208">
        <ele>390.353486</ele>
        <time>2023-11-25T19:12:02.799Z</time>
      </trkpt>
      <trkpt lat="40.777600" lon="17.080533">
        <ele>386.747944</ele>
        <time>2023-11-25T19:12:19.736Z</time>
      </trkpt>
      <trkpt lat="40.777779" lon="17.081386">
        <ele>384.427965</ele>
        <time>2023-11-25T19:12:30.016Z</time>
      </trkpt>
      <trkpt lat="40.778139" lon="17.082596">
        <ele>380.644649</ele>
        <time>2023-11-25T19:12:45.343Z</time>
      </trkpt>
      <trkpt lat="40.778319" lon="17.083408">
        <ele>378.181967</ele>
        <time>2023-11-25T19:12:55.665Z</time>
      </trkpt>
      <trkpt lat="40.778701" lon="17.085699">
        <ele>372.563411</ele>
        <time>2023-11-25T19:13:24.707Z</time>
      </trkpt>
      <trkpt lat="40.778733" lon="17.085994">
        <ele>371.884173</ele>
        <time>2023-11-25T19:13:28.432Z</time>
      </trkpt>
      <trkpt lat="40.778733" lon="17.086638">
        <ele>370.686252</ele>
        <time>2023-11-25T19:13:36.533Z</time>
      </trkpt>
      <trkpt lat="40.778762" lon="17.087126">
        <ele>369.775720</ele>
        <time>2023-11-25T19:13:42.799Z</time>
      </trkpt>
      <trkpt lat="40.778827" lon="17.087593">
        <ele>368.892490</ele>
        <time>2023-11-25T19:13:48.953Z</time>
      </trkpt>
      <trkpt lat="40.779165" lon="17.088893">
        <ele>366.342332</ele>
        <time>2023-11-25T19:14:07.376Z</time>
      </trkpt>
      <trkpt lat="40.779460" lon="17.090382">
        <ele>363.495083</ele>
        <time>2023-11-25T19:14:27.319Z</time>
      </trkpt>
      <trkpt lat="40.779593" lon="17.090782">
        <ele>362.555641</ele>
        <time>2023-11-25T19:14:32.685Z</time>
      </trkpt>
      <trkpt lat="40.780009" lon="17.091669">
        <ele>360.066914</ele>
        <time>2023-11-25T19:14:45.308Z</time>
      </trkpt>
      <trkpt lat="40.780167" lon="17.092404">
        <ele>358.244433</ele>
        <time>2023-11-25T19:14:54.674Z</time>
      </trkpt>
      <trkpt lat="40.780257" lon="17.093139">
        <ele>356.985208</ele>
        <time>2023-11-25T19:15:04.076Z</time>
      </trkpt>
      <trkpt lat="40.780488" lon="17.094073">
        <ele>355.845173</ele>
        <time>2023-11-25T19:15:17.525Z</time>
      </trkpt>
      <trkpt lat="40.780988" lon="17.095730">
        <ele>354.361478</ele>
        <time>2023-11-25T19:15:44.773Z</time>
      </trkpt>
      <trkpt lat="40.781219" lon="17.096312">
        <ele>354.072744</ele>
        <time>2023-11-25T19:15:54.866Z</time>
      </trkpt>
      <trkpt lat="40.781774" lon="17.097356">
        <ele>353.665030</ele>
        <time>2023-11-25T19:16:14.687Z</time>
      </trkpt>
      <trkpt lat="40.781908" lon="17.097691">
        <ele>353.654948</ele>
        <time>2023-11-25T19:16:20.710Z</time>
      </trkpt>
      <trkpt lat="40.782015" lon="17.098067">
        <ele>353.644260</ele>
        <time>2023-11-25T19:16:27.293Z</time>
      </trkpt>
      <trkpt lat="40.782077" lon="17.098388">
        <ele>353.635444</ele>
        <time>2023-11-25T19:16:32.906Z</time>
      </trkpt>
      <trkpt lat="40.782418" lon="17.100494">
        <ele>353.961543</ele>
        <time>2023-11-25T19:17:11.312Z</time>
      </trkpt>
      <trkpt lat="40.782430" lon="17.101336">
        <ele>354.195354</ele>
        <time>2023-11-25T19:17:26.783Z</time>
      </trkpt>
      <trkpt lat="40.782460" lon="17.101650">
        <ele>354.284763</ele>
        <time>2023-11-25T19:17:32.441Z</time>
      </trkpt>
      <trkpt lat="40.782533" lon="17.101966">
        <ele>354.388207</ele>
        <time>2023-11-25T19:17:38.402Z</time>
      </trkpt>
      <trkpt lat="40.782694" lon="17.102299">
        <ele>354.511913</ele>
        <time>2023-11-25T19:17:45.413Z</time>
      </trkpt>
      <trkpt lat="40.782832" lon="17.102511">
        <ele>354.599449</ele>
        <time>2023-11-25T19:17:50.307Z</time>
      </trkpt>
      <trkpt lat="40.782984" lon="17.102688">
        <ele>354.683245</ele>
        <time>2023-11-25T19:17:55.105Z</time>
      </trkpt>
      <trkpt lat="40.783426" lon="17.103030">
        <ele>354.895075</ele>
        <time>2023-11-25T19:18:07.527Z</time>
      </trkpt>
      <trkpt lat="40.784207" lon="17.103635">
        <ele>355.352690</ele>
        <time>2023-11-25T19:18:29.439Z</time>
      </trkpt>
      <trkpt lat="40.784371" lon="17.103836">
        <ele>355.475450</ele>
        <time>2023-11-25T19:18:34.755Z</time>
      </trkpt>
      <trkpt lat="40.784479" lon="17.104048">
        <ele>355.581603</ele>
        <time>2023-11-25T19:18:39.348Z</time>
      </trkpt>
      <trkpt lat="40.784809" lon="17.104885">
        <ele>355.973644</ele>
        <time>2023-11-25T19:18:56.957Z</time>
      </trkpt>
      <trkpt lat="40.785280" lon="17.105792">
        <ele>356.899732</ele>
        <time>2023-11-25T19:19:18.186Z</time>
      </trkpt>
      <trkpt lat="40.786411" lon="17.107653">
        <ele>359.602188</ele>
        <time>2023-11-25T19:20:08.886Z</time>
      </trkpt>
      <trkpt lat="40.786450" lon="17.107723">
        <ele>359.729991</ele>
        <time>2023-11-25T19:20:10.934Z</time>
      </trkpt>
      <trkpt lat="40.786564" lon="17.107930">
        <ele>360.106397</ele>
        <time>2023-11-25T19:20:16.980Z</time>
      </trkpt>
      <trkpt lat="40.787049" lon="17.108920">
        <ele>361.897160</ele>
        <time>2023-11-25T19:20:45.195Z</time>
      </trkpt>
      <trkpt lat="40.787300" lon="17.109305">
        <ele>362.796595</ele>
        <time>2023-11-25T19:20:57.297Z</time>
      </trkpt>
      <trkpt lat="40.787516" lon="17.109583">
        <ele>363.501781</ele>
        <time>2023-11-25T19:21:07.032Z</time>
      </trkpt>
      <trkpt lat="40.788006" lon="17.110202">
        <ele>365.087180</ele>
        <time>2023-11-25T19:21:29.218Z</time>
      </trkpt>
      <trkpt lat="40.788103" lon="17.110359">
        <ele>365.445915</ele>
        <time>2023-11-25T19:21:34.354Z</time>
      </trkpt>
      <trkpt lat="40.788193" lon="17.110612">
        <ele>365.907874</ele>
        <time>2023-11-25T19:21:41.293Z</time>
      </trkpt>
      <trkpt lat="40.788244" lon="17.111034">
        <ele>366.520781</ele>
        <time>2023-11-25T19:21:51.822Z</time>
      </trkpt>
      <trkpt lat="40.788325" lon="17.111532">
        <ele>367.251323</ele>
        <time>2023-11-25T19:22:03.930Z</time>
      </trkpt>
      <trkpt lat="40.788412" lon="17.111873">
        <ele>367.767415</ele>
        <time>2023-11-25T19:22:12.357Z</time>
      </trkpt>
      <trkpt lat="40.788558" lon="17.112304">
        <ele>368.444616</ele>
        <time>2023-11-25T19:22:23.051Z</time>
      </trkpt>
      <trkpt lat="40.788809" lon="17.112775">
        <ele>369.212151</ele>
        <time>2023-11-25T19:22:35.730Z</time>
      </trkpt>
      <trkpt lat="40.789026" lon="17.113066">
        <ele>369.440947</ele>
        <time>2023-11-25T19:22:44.760Z</time>
      </trkpt>
      <trkpt lat="40.789875" lon="17.113936">
        <ele>370.235968</ele>
        <time>2023-11-25T19:23:12.391Z</time>
      </trkpt>
      <trkpt lat="40.790604" lon="17.114605">
        <ele>370.715682</ele>
        <time>2023-11-25T19:23:33.660Z</time>
      </trkpt>
      <trkpt lat="40.791466" lon="17.115299">
        <ele>371.121194</ele>
        <time>2023-11-25T19:23:58.084Z</time>
      </trkpt>
      <trkpt lat="40.791624" lon="17.115473">
        <ele>371.203827</ele>
        <time>2023-11-25T19:24:03.386Z</time>
      </trkpt>
      <trkpt lat="40.791761" lon="17.115676">
        <ele>371.567104</ele>
        <time>2023-11-25T19:24:08.834Z</time>
      </trkpt>
      <trkpt lat="40.791910" lon="17.115946">
        <ele>372.154764</ele>
        <time>2023-11-25T19:24:15.832Z</time>
      </trkpt>
      <trkpt lat="40.791992" lon="17.116157">
        <ele>372.571920</ele>
        <time>2023-11-25T19:24:20.976Z</time>
      </trkpt>
      <trkpt lat="40.792141" lon="17.116581">
        <ele>373.394093</ele>
        <time>2023-11-25T19:24:31.721Z</time>
      </trkpt>
      <trkpt lat="40.792393" lon="17.117711">
        <ele>375.584907</ele>
        <time>2023-11-25T19:25:01.941Z</time>
      </trkpt>
      <trkpt lat="40.792853" lon="17.118941">
        <ele>382.814024</ele>
        <time>2023-11-25T19:25:50.524Z</time>
      </trkpt>
      <trkpt lat="40.792853" lon="17.119074">
        <ele>383.514861</ele>
        <time>2023-11-25T19:25:56.165Z</time>
      </trkpt>
      <trkpt lat="40.792823" lon="17.119228">
        <ele>384.352790</ele>
        <time>2023-11-25T19:26:03.054Z</time>
      </trkpt>
      <trkpt lat="40.792803" lon="17.119437">
        <ele>385.462869</ele>
        <time>2023-11-25T19:26:12.186Z</time>
      </trkpt>
      <trkpt lat="40.792958" lon="17.119407">
        <ele>386.553230</ele>
        <time>2023-11-25T19:26:21.533Z</time>
      </trkpt>
      <trkpt lat="40.792954" lon="17.119688">
        <ele>388.094529</ele>
        <time>2023-11-25T19:26:34.744Z</time>
      </trkpt>
      <trkpt lat="40.792980" lon="17.119868">
        <ele>389.595889</ele>
        <time>2023-11-25T19:26:43.876Z</time>
      </trkpt>
      <trkpt lat="40.793185" lon="17.120405">
        <ele>394.523269</ele>
        <time>2023-11-25T19:27:15.185Z</time>
      </trkpt>
      <trkpt lat="40.793195" lon="17.120532">
        <ele>395.569402</ele>
        <time>2023-11-25T19:27:21.923Z</time>
      </trkpt>
      <trkpt lat="40.793726" lon="17.120764">
        <ele>401.622112</ele>
        <time>2023-11-25T19:28:00.135Z</time>
      </trkpt>
      <trkpt lat="40.793881" lon="17.120833">
        <ele>403.392228</ele>
        <time>2023-11-25T19:28:11.855Z</time>
      </trkpt>
      <trkpt lat="40.793996" lon="17.120997">
        <ele>405.223692</ele>
        <time>2023-11-25T19:28:23.052Z</time>
      </trkpt>
      <trkpt lat="40.794087" lon="17.121170">
        <ele>406.949617</ele>
        <time>2023-11-25T19:28:34.436Z</time>
      </trkpt>
      <trkpt lat="40.794193" lon="17.121362">
        <ele>408.441474</ele>
        <time>2023-11-25T19:28:45.542Z</time>
      </trkpt>
      <trkpt lat="40.794293" lon="17.121565">
        <ele>409.826205</ele>
        <time>2023-11-25T19:28:57.625Z</time>
      </trkpt>
      <trkpt lat="40.794286" lon="17.121629">
        <ele>410.195925</ele>
        <time>2023-11-25T19:29:00.646Z</time>
      </trkpt>
      <trkpt lat="40.794164" lon="17.121832">
        <ele>411.677832</ele>
        <time>2023-11-25T19:29:11.960Z</time>
      </trkpt>
      <trkpt lat="40.794182" lon="17.121909">
        <ele>412.138590</ele>
        <time>2023-11-25T19:29:15.966Z</time>
      </trkpt>
      <trkpt lat="40.794351" lon="17.121662">
        <ele>414.042112</ele>
        <time>2023-11-25T19:29:29.427Z</time>
      </trkpt>
      <trkpt lat="40.794374" lon="17.121653">
        <ele>414.223275</ele>
        <time>2023-11-25T19:29:30.703Z</time>
      </trkpt>
      <trkpt lat="40.794437" lon="17.121797">
        <ele>415.174186</ele>
        <time>2023-11-25T19:29:38.769Z</time>
      </trkpt>
      <trkpt lat="40.794713" lon="17.122250">
        <ele>418.498791</ele>
        <time>2023-11-25T19:30:03.108Z</time>
      </trkpt>
      <trkpt lat="40.794571" lon="17.122410">
        <ele>419.908377</ele>
        <time>2023-11-25T19:30:11.926Z</time>
      </trkpt>
      <trkpt lat="40.794597" lon="17.122575">
        <ele>420.871979</ele>
        <time>2023-11-25T19:30:18.257Z</time>
      </trkpt>
      <trkpt lat="40.794729" lon="17.122830">
        <ele>420.974266</ele>
        <time>2023-11-25T19:30:28.041Z</time>
      </trkpt>
      <trkpt lat="40.794583" lon="17.123031">
        <ele>420.974266</ele>
        <time>2023-11-25T19:30:35.610Z</time>
      </trkpt>
      <trkpt lat="40.794659" lon="17.123140">
        <ele>420.974266</ele>
        <time>2023-11-25T19:30:39.816Z</time>
      </trkpt>
      <trkpt lat="40.794659" lon="17.123391">
        <ele>420.974266</ele>
        <time>2023-11-25T19:30:48.063Z</time>
      </trkpt>
      <trkpt lat="40.794777" lon="17.123460">
        <ele>420.974266</ele>
        <time>2023-11-25T19:30:52.340Z</time>
      </trkpt>
      <trkpt lat="40.794773" lon="17.123504">
        <ele>420.974266</ele>
        <time>2023-11-25T19:30:53.431Z</time>
      </trkpt>
      <trkpt lat="40.794941" lon="17.123553">
        <ele>420.974266</ele>
        <time>2023-11-25T19:31:00.063Z</time>
      </trkpt>
    </trkseg>
  </trk>
</gpx>