<?xml version='1.0' encoding='UTF-8'?>
<gpx version="1.1" creator="https://www.komoot.de" xmlns="http://www.topografix.com/GPX/1/1" xmlns:xsi="http://www.w3.org/2001/XMLSchema-instance" xsi:schemaLocation="http://www.topografix.com/GPX/1/1 http://www.topografix.com/GPX/1/1/gpx.xsd">
  <metadata>
    <name>Stage 3: Spinazzola to Quasano – Apulian Aqueduct Cycle Route</name>
    <author>
      <link href="https://www.komoot.de">
        <text>komoot</text>
        <type>text/html</type>
      </link>
    </author>
  </metadata>
  <trk>
    <name>Stage 3: Spinazzola to Quasano – Apulian Aqueduct Cycle Route</name>
    <trkseg>
      <trkpt lat="40.966242" lon="16.091892">
        <ele>433.736566</ele>
        <time>2023-11-25T14:47:19.587Z</time>
      </trkpt>
      <trkpt lat="40.966168" lon="16.091766">
        <ele>433.736566</ele>
        <time>2023-11-25T14:47:22.840Z</time>
      </trkpt>
      <trkpt lat="40.966226" lon="16.091708">
        <ele>433.736566</ele>
        <time>2023-11-25T14:47:24.500Z</time>
      </trkpt>
      <trkpt lat="40.966452" lon="16.091446">
        <ele>433.736566</ele>
        <time>2023-11-25T14:47:31.602Z</time>
      </trkpt>
      <trkpt lat="40.966822" lon="16.091075">
        <ele>433.777363</ele>
        <time>2023-11-25T14:47:42.870Z</time>
      </trkpt>
      <trkpt lat="40.967559" lon="16.090292">
        <ele>434.438155</ele>
        <time>2023-11-25T14:48:08.306Z</time>
      </trkpt>
      <trkpt lat="40.967722" lon="16.090118">
        <ele>434.584573</ele>
        <time>2023-11-25T14:48:14.068Z</time>
      </trkpt>
      <trkpt lat="40.967909" lon="16.089971">
        <ele>434.736658</ele>
        <time>2023-11-25T14:48:20.209Z</time>
      </trkpt>
      <trkpt lat="40.968090" lon="16.089796">
        <ele>434.893387</ele>
        <time>2023-11-25T14:48:25.638Z</time>
      </trkpt>
      <trkpt lat="40.968223" lon="16.089645">
        <ele>434.998770</ele>
        <time>2023-11-25T14:48:30.376Z</time>
      </trkpt>
      <trkpt lat="40.968305" lon="16.089471">
        <ele>435.020458</ele>
        <time>2023-11-25T14:48:33.539Z</time>
      </trkpt>
      <trkpt lat="40.968459" lon="16.089546">
        <ele>435.043436</ele>
        <time>2023-11-25T14:48:37.575Z</time>
      </trkpt>
      <trkpt lat="40.968503" lon="16.089569">
        <ele>435.050060</ele>
        <time>2023-11-25T14:48:38.712Z</time>
      </trkpt>
      <trkpt lat="40.968794" lon="16.088590">
        <ele>435.161312</ele>
        <time>2023-11-25T14:48:55.809Z</time>
      </trkpt>
      <trkpt lat="40.968927" lon="16.088144">
        <ele>435.212016</ele>
        <time>2023-11-25T14:49:04.607Z</time>
      </trkpt>
      <trkpt lat="40.969027" lon="16.087592">
        <ele>435.348289</ele>
        <time>2023-11-25T14:49:14.712Z</time>
      </trkpt>
      <trkpt lat="40.969051" lon="16.087493">
        <ele>435.391928</ele>
        <time>2023-11-25T14:49:16.472Z</time>
      </trkpt>
      <trkpt lat="40.969191" lon="16.087313">
        <ele>435.500386</ele>
        <time>2023-11-25T14:49:20.850Z</time>
      </trkpt>
      <trkpt lat="40.969335" lon="16.087182">
        <ele>435.597492</ele>
        <time>2023-11-25T14:49:24.850Z</time>
      </trkpt>
      <trkpt lat="40.969820" lon="16.086897">
        <ele>435.892424</ele>
        <time>2023-11-25T14:49:37.851Z</time>
      </trkpt>
      <trkpt lat="40.969904" lon="16.086838">
        <ele>435.945276</ele>
        <time>2023-11-25T14:49:40.103Z</time>
      </trkpt>
      <trkpt lat="40.970321" lon="16.086514">
        <ele>436.214009</ele>
        <time>2023-11-25T14:49:52.728Z</time>
      </trkpt>
      <trkpt lat="40.970339" lon="16.086495">
        <ele>436.226803</ele>
        <time>2023-11-25T14:49:53.358Z</time>
      </trkpt>
      <trkpt lat="40.970721" lon="16.086022">
        <ele>436.321235</ele>
        <time>2023-11-25T14:50:07.118Z</time>
      </trkpt>
      <trkpt lat="40.970982" lon="16.085756">
        <ele>436.371898</ele>
        <time>2023-11-25T14:50:14.781Z</time>
      </trkpt>
      <trkpt lat="40.971201" lon="16.085502">
        <ele>436.416680</ele>
        <time>2023-11-25T14:50:20.893Z</time>
      </trkpt>
      <trkpt lat="40.971350" lon="16.085368">
        <ele>436.444387</ele>
        <time>2023-11-25T14:50:24.712Z</time>
      </trkpt>
      <trkpt lat="40.971537" lon="16.085258">
        <ele>436.475864</ele>
        <time>2023-11-25T14:50:28.915Z</time>
      </trkpt>
      <trkpt lat="40.971734" lon="16.085295">
        <ele>436.506473</ele>
        <time>2023-11-25T14:50:33.322Z</time>
      </trkpt>
      <trkpt lat="40.972046" lon="16.085286">
        <ele>436.525447</ele>
        <time>2023-11-25T14:50:40.272Z</time>
      </trkpt>
      <trkpt lat="40.972508" lon="16.084593">
        <ele>436.534308</ele>
        <time>2023-11-25T14:50:56.388Z</time>
      </trkpt>
      <trkpt lat="40.972596" lon="16.084534">
        <ele>436.535561</ele>
        <time>2023-11-25T14:50:58.690Z</time>
      </trkpt>
      <trkpt lat="40.972626" lon="16.084514">
        <ele>436.535987</ele>
        <time>2023-11-25T14:50:59.450Z</time>
      </trkpt>
      <trkpt lat="40.972806" lon="16.084403">
        <ele>436.538508</ele>
        <time>2023-11-25T14:51:04.200Z</time>
      </trkpt>
      <trkpt lat="40.973259" lon="16.084137">
        <ele>436.544798</ele>
        <time>2023-11-25T14:51:15.764Z</time>
      </trkpt>
      <trkpt lat="40.973338" lon="16.084080">
        <ele>436.529389</ele>
        <time>2023-11-25T14:51:17.733Z</time>
      </trkpt>
      <trkpt lat="40.973436" lon="16.084017">
        <ele>436.446272</ele>
        <time>2023-11-25T14:51:20.090Z</time>
      </trkpt>
      <trkpt lat="40.973764" lon="16.083794">
        <ele>436.164958</ele>
        <time>2023-11-25T14:51:27.848Z</time>
      </trkpt>
      <trkpt lat="40.974134" lon="16.083547">
        <ele>435.848812</ele>
        <time>2023-11-25T14:51:36.384Z</time>
      </trkpt>
      <trkpt lat="40.974204" lon="16.083499">
        <ele>435.788668</ele>
        <time>2023-11-25T14:51:37.990Z</time>
      </trkpt>
      <trkpt lat="40.974676" lon="16.083189">
        <ele>435.386681</ele>
        <time>2023-11-25T14:51:48.122Z</time>
      </trkpt>
      <trkpt lat="40.974969" lon="16.082935">
        <ele>434.962938</ele>
        <time>2023-11-25T14:51:54.508Z</time>
      </trkpt>
      <trkpt lat="40.975363" lon="16.082489">
        <ele>433.416592</ele>
        <time>2023-11-25T14:52:03.615Z</time>
      </trkpt>
      <trkpt lat="40.975454" lon="16.082387">
        <ele>433.060916</ele>
        <time>2023-11-25T14:52:05.696Z</time>
      </trkpt>
      <trkpt lat="40.975768" lon="16.083389">
        <ele>430.617142</ele>
        <time>2023-11-25T14:52:19.731Z</time>
      </trkpt>
      <trkpt lat="40.975813" lon="16.083414">
        <ele>430.471550</ele>
        <time>2023-11-25T14:52:20.532Z</time>
      </trkpt>
      <trkpt lat="40.975978" lon="16.083262">
        <ele>429.871901</ele>
        <time>2023-11-25T14:52:23.834Z</time>
      </trkpt>
      <trkpt lat="40.976212" lon="16.082976">
        <ele>427.795524</ele>
        <time>2023-11-25T14:52:28.905Z</time>
      </trkpt>
      <trkpt lat="40.976817" lon="16.082827">
        <ele>423.622661</ele>
        <time>2023-11-25T14:52:38.324Z</time>
      </trkpt>
      <trkpt lat="40.977081" lon="16.082674">
        <ele>421.668597</ele>
        <time>2023-11-25T14:52:42.621Z</time>
      </trkpt>
      <trkpt lat="40.977171" lon="16.082669">
        <ele>421.057764</ele>
        <time>2023-11-25T14:52:43.945Z</time>
      </trkpt>
      <trkpt lat="40.977637" lon="16.082941">
        <ele>417.601937</ele>
        <time>2023-11-25T14:52:51.365Z</time>
      </trkpt>
      <trkpt lat="40.978091" lon="16.083247">
        <ele>412.523060</ele>
        <time>2023-11-25T14:52:58.704Z</time>
      </trkpt>
      <trkpt lat="40.978565" lon="16.083637">
        <ele>406.959569</ele>
        <time>2023-11-25T14:53:06.642Z</time>
      </trkpt>
      <trkpt lat="40.979955" lon="16.084891">
        <ele>388.115942</ele>
        <time>2023-11-25T14:53:30.394Z</time>
      </trkpt>
      <trkpt lat="40.980409" lon="16.085241">
        <ele>381.732437</ele>
        <time>2023-11-25T14:53:37.683Z</time>
      </trkpt>
      <trkpt lat="40.981505" lon="16.085957">
        <ele>364.942214</ele>
        <time>2023-11-25T14:53:54.281Z</time>
      </trkpt>
      <trkpt lat="40.982265" lon="16.086747">
        <ele>351.352385</ele>
        <time>2023-11-25T14:54:07.485Z</time>
      </trkpt>
      <trkpt lat="40.982322" lon="16.087035">
        <ele>348.909294</ele>
        <time>2023-11-25T14:54:10.467Z</time>
      </trkpt>
      <trkpt lat="40.982392" lon="16.087200">
        <ele>347.356214</ele>
        <time>2023-11-25T14:54:12.349Z</time>
      </trkpt>
      <trkpt lat="40.982690" lon="16.087653">
        <ele>342.425771</ele>
        <time>2023-11-25T14:54:18.373Z</time>
      </trkpt>
      <trkpt lat="40.982858" lon="16.087970">
        <ele>339.247606</ele>
        <time>2023-11-25T14:54:22.315Z</time>
      </trkpt>
      <trkpt lat="40.983003" lon="16.088346">
        <ele>335.783056</ele>
        <time>2023-11-25T14:54:26.681Z</time>
      </trkpt>
      <trkpt lat="40.983130" lon="16.088575">
        <ele>333.451419</ele>
        <time>2023-11-25T14:54:29.730Z</time>
      </trkpt>
      <trkpt lat="40.983692" lon="16.089164">
        <ele>328.313591</ele>
        <time>2023-11-25T14:54:39.903Z</time>
      </trkpt>
      <trkpt lat="40.983848" lon="16.089360">
        <ele>326.878164</ele>
        <time>2023-11-25T14:54:43.000Z</time>
      </trkpt>
      <trkpt lat="40.984037" lon="16.089543">
        <ele>325.315235</ele>
        <time>2023-11-25T14:54:46.386Z</time>
      </trkpt>
      <trkpt lat="40.984599" lon="16.089969">
        <ele>320.992388</ele>
        <time>2023-11-25T14:54:55.885Z</time>
      </trkpt>
      <trkpt lat="40.985269" lon="16.090375">
        <ele>317.155884</ele>
        <time>2023-11-25T14:55:06.897Z</time>
      </trkpt>
      <trkpt lat="40.985689" lon="16.090524">
        <ele>314.958552</ele>
        <time>2023-11-25T14:55:13.555Z</time>
      </trkpt>
      <trkpt lat="40.985889" lon="16.090516">
        <ele>313.947359</ele>
        <time>2023-11-25T14:55:16.597Z</time>
      </trkpt>
      <trkpt lat="40.986602" lon="16.090443">
        <ele>310.222708</ele>
        <time>2023-11-25T14:55:27.509Z</time>
      </trkpt>
      <trkpt lat="40.986954" lon="16.090484">
        <ele>308.257964</ele>
        <time>2023-11-25T14:55:32.793Z</time>
      </trkpt>
      <trkpt lat="40.987374" lon="16.090639">
        <ele>305.833753</ele>
        <time>2023-11-25T14:55:39.231Z</time>
      </trkpt>
      <trkpt lat="40.987794" lon="16.090944">
        <ele>303.170618</ele>
        <time>2023-11-25T14:55:46.283Z</time>
      </trkpt>
      <trkpt lat="40.988159" lon="16.091330">
        <ele>300.511323</ele>
        <time>2023-11-25T14:55:53.158Z</time>
      </trkpt>
      <trkpt lat="40.988403" lon="16.091675">
        <ele>298.383331</ele>
        <time>2023-11-25T14:55:58.385Z</time>
      </trkpt>
      <trkpt lat="40.988531" lon="16.091986">
        <ele>296.788931</ele>
        <time>2023-11-25T14:56:02.289Z</time>
      </trkpt>
      <trkpt lat="40.988673" lon="16.093110">
        <ele>291.659349</ele>
        <time>2023-11-25T14:56:14.844Z</time>
      </trkpt>
      <trkpt lat="40.988748" lon="16.094159">
        <ele>287.767279</ele>
        <time>2023-11-25T14:56:26.765Z</time>
      </trkpt>
      <trkpt lat="40.988721" lon="16.094457">
        <ele>286.719195</ele>
        <time>2023-11-25T14:56:30.214Z</time>
      </trkpt>
      <trkpt lat="40.988492" lon="16.095770">
        <ele>282.232444</ele>
        <time>2023-11-25T14:56:45.998Z</time>
      </trkpt>
      <trkpt lat="40.988469" lon="16.096192">
        <ele>281.613483</ele>
        <time>2023-11-25T14:56:51.165Z</time>
      </trkpt>
      <trkpt lat="40.988503" lon="16.096534">
        <ele>281.108843</ele>
        <time>2023-11-25T14:56:55.515Z</time>
      </trkpt>
      <trkpt lat="40.988562" lon="16.096808">
        <ele>280.692012</ele>
        <time>2023-11-25T14:56:59.169Z</time>
      </trkpt>
      <trkpt lat="40.988698" lon="16.097076">
        <ele>280.219588</ele>
        <time>2023-11-25T14:57:03.360Z</time>
      </trkpt>
      <trkpt lat="40.988950" lon="16.097275">
        <ele>279.651015</ele>
        <time>2023-11-25T14:57:08.557Z</time>
      </trkpt>
      <trkpt lat="40.989171" lon="16.097364">
        <ele>279.203353</ele>
        <time>2023-11-25T14:57:13.035Z</time>
      </trkpt>
      <trkpt lat="40.990053" lon="16.097570">
        <ele>281.647652</ele>
        <time>2023-11-25T14:57:38.641Z</time>
      </trkpt>
      <trkpt lat="40.990302" lon="16.097620">
        <ele>282.579462</ele>
        <time>2023-11-25T14:57:48.517Z</time>
      </trkpt>
      <trkpt lat="40.990431" lon="16.097633">
        <ele>283.058135</ele>
        <time>2023-11-25T14:57:53.733Z</time>
      </trkpt>
      <trkpt lat="40.990558" lon="16.097611">
        <ele>283.532028</ele>
        <time>2023-11-25T14:57:59.286Z</time>
      </trkpt>
      <trkpt lat="40.990577" lon="16.097608">
        <ele>283.602825</ele>
        <time>2023-11-25T14:58:00.106Z</time>
      </trkpt>
      <trkpt lat="40.990694" lon="16.098039">
        <ele>284.881991</ele>
        <time>2023-11-25T14:58:21.042Z</time>
      </trkpt>
      <trkpt lat="40.990961" lon="16.098618">
        <ele>288.315501</ele>
        <time>2023-11-25T14:58:54.037Z</time>
      </trkpt>
      <trkpt lat="40.990884" lon="16.099031">
        <ele>291.005001</ele>
        <time>2023-11-25T14:59:16.362Z</time>
      </trkpt>
      <trkpt lat="40.990642" lon="16.099680">
        <ele>295.581406</ele>
        <time>2023-11-25T14:59:56.622Z</time>
      </trkpt>
      <trkpt lat="40.990678" lon="16.099745">
        <ele>296.091101</ele>
        <time>2023-11-25T15:00:01.122Z</time>
      </trkpt>
      <trkpt lat="40.990735" lon="16.099782">
        <ele>296.622743</ele>
        <time>2023-11-25T15:00:05.877Z</time>
      </trkpt>
      <trkpt lat="40.990953" lon="16.099723">
        <ele>298.486360</ele>
        <time>2023-11-25T15:00:22.581Z</time>
      </trkpt>
      <trkpt lat="40.991071" lon="16.099766">
        <ele>299.511401</ele>
        <time>2023-11-25T15:00:31.592Z</time>
      </trkpt>
      <trkpt lat="40.991297" lon="16.100254">
        <ele>303.092423</ele>
        <time>2023-11-25T15:01:03.318Z</time>
      </trkpt>
      <trkpt lat="40.991735" lon="16.101016">
        <ele>309.054482</ele>
        <time>2023-11-25T15:01:55.260Z</time>
      </trkpt>
      <trkpt lat="40.991832" lon="16.101097">
        <ele>310.000069</ele>
        <time>2023-11-25T15:02:03.397Z</time>
      </trkpt>
      <trkpt lat="40.991998" lon="16.101129">
        <ele>311.383462</ele>
        <time>2023-11-25T15:02:15.091Z</time>
      </trkpt>
      <trkpt lat="40.992156" lon="16.101080">
        <ele>312.721688</ele>
        <time>2023-11-25T15:02:26.325Z</time>
      </trkpt>
      <trkpt lat="40.992322" lon="16.101118">
        <ele>314.110950</ele>
        <time>2023-11-25T15:02:37.752Z</time>
      </trkpt>
      <trkpt lat="40.992492" lon="16.101107">
        <ele>315.495905</ele>
        <time>2023-11-25T15:02:48.930Z</time>
      </trkpt>
      <trkpt lat="40.992613" lon="16.101231">
        <ele>316.344858</ele>
        <time>2023-11-25T15:02:58.794Z</time>
      </trkpt>
      <trkpt lat="40.992617" lon="16.101386">
        <ele>316.994509</ele>
        <time>2023-11-25T15:03:06.234Z</time>
      </trkpt>
      <trkpt lat="40.992699" lon="16.101532">
        <ele>317.756816</ele>
        <time>2023-11-25T15:03:14.738Z</time>
      </trkpt>
      <trkpt lat="40.992782" lon="16.101566">
        <ele>318.238953</ele>
        <time>2023-11-25T15:03:20.049Z</time>
      </trkpt>
      <trkpt lat="40.992976" lon="16.101520">
        <ele>319.332695</ele>
        <time>2023-11-25T15:03:31.962Z</time>
      </trkpt>
      <trkpt lat="40.993116" lon="16.101434">
        <ele>320.189099</ele>
        <time>2023-11-25T15:03:41.108Z</time>
      </trkpt>
      <trkpt lat="40.993202" lon="16.101425">
        <ele>320.667856</ele>
        <time>2023-11-25T15:03:46.145Z</time>
      </trkpt>
      <trkpt lat="40.993490" lon="16.101440">
        <ele>322.267394</ele>
        <time>2023-11-25T15:04:02.625Z</time>
      </trkpt>
      <trkpt lat="40.993811" lon="16.101550">
        <ele>324.107459</ele>
        <time>2023-11-25T15:04:21.032Z</time>
      </trkpt>
      <trkpt lat="40.994256" lon="16.101468">
        <ele>326.553881</ele>
        <time>2023-11-25T15:04:45.560Z</time>
      </trkpt>
      <trkpt lat="40.994482" lon="16.101361">
        <ele>327.831942</ele>
        <time>2023-11-25T15:04:58.548Z</time>
      </trkpt>
      <trkpt lat="40.994697" lon="16.101300">
        <ele>329.002847</ele>
        <time>2023-11-25T15:05:10.624Z</time>
      </trkpt>
      <trkpt lat="40.995018" lon="16.101281">
        <ele>330.713984</ele>
        <time>2023-11-25T15:05:28.816Z</time>
      </trkpt>
      <trkpt lat="40.995564" lon="16.101122">
        <ele>333.691020</ele>
        <time>2023-11-25T15:06:02.670Z</time>
      </trkpt>
      <trkpt lat="40.995665" lon="16.101049">
        <ele>334.303705</ele>
        <time>2023-11-25T15:06:09.994Z</time>
      </trkpt>
      <trkpt lat="40.995840" lon="16.100846">
        <ele>335.599350</ele>
        <time>2023-11-25T15:06:24.947Z</time>
      </trkpt>
      <trkpt lat="40.995946" lon="16.100807">
        <ele>336.248848</ele>
        <time>2023-11-25T15:06:32.117Z</time>
      </trkpt>
      <trkpt lat="40.996021" lon="16.100817">
        <ele>336.693880</ele>
        <time>2023-11-25T15:06:36.988Z</time>
      </trkpt>
      <trkpt lat="40.996094" lon="16.100882">
        <ele>337.213150</ele>
        <time>2023-11-25T15:06:42.562Z</time>
      </trkpt>
      <trkpt lat="40.996392" lon="16.101348">
        <ele>339.934775</ele>
        <time>2023-11-25T15:07:11.999Z</time>
      </trkpt>
      <trkpt lat="40.996465" lon="16.101401">
        <ele>340.426227</ele>
        <time>2023-11-25T15:07:17.300Z</time>
      </trkpt>
      <trkpt lat="40.996651" lon="16.101431">
        <ele>341.532465</ele>
        <time>2023-11-25T15:07:28.792Z</time>
      </trkpt>
      <trkpt lat="40.996690" lon="16.101462">
        <ele>341.800976</ele>
        <time>2023-11-25T15:07:31.503Z</time>
      </trkpt>
      <trkpt lat="40.996701" lon="16.101527">
        <ele>342.097806</ele>
        <time>2023-11-25T15:07:34.607Z</time>
      </trkpt>
      <trkpt lat="40.996677" lon="16.101603">
        <ele>342.464908</ele>
        <time>2023-11-25T15:07:38.405Z</time>
      </trkpt>
      <trkpt lat="40.996449" lon="16.102030">
        <ele>344.795630</ele>
        <time>2023-11-25T15:08:01.242Z</time>
      </trkpt>
      <trkpt lat="40.996356" lon="16.102125">
        <ele>345.488936</ele>
        <time>2023-11-25T15:08:07.724Z</time>
      </trkpt>
      <trkpt lat="40.995800" lon="16.102421">
        <ele>348.090949</ele>
        <time>2023-11-25T15:08:40.424Z</time>
      </trkpt>
      <trkpt lat="40.995581" lon="16.102626">
        <ele>349.237086</ele>
        <time>2023-11-25T15:08:54.655Z</time>
      </trkpt>
      <trkpt lat="40.994977" lon="16.102738">
        <ele>351.843949</ele>
        <time>2023-11-25T15:09:27.021Z</time>
      </trkpt>
      <trkpt lat="40.994598" lon="16.102869">
        <ele>353.574424</ele>
        <time>2023-11-25T15:09:47.715Z</time>
      </trkpt>
      <trkpt lat="40.994536" lon="16.103039">
        <ele>354.360834</ele>
        <time>2023-11-25T15:09:55.529Z</time>
      </trkpt>
      <trkpt lat="40.994522" lon="16.103360">
        <ele>355.700086</ele>
        <time>2023-11-25T15:10:08.573Z</time>
      </trkpt>
      <trkpt lat="40.994588" lon="16.104011">
        <ele>358.435968</ele>
        <time>2023-11-25T15:10:36.932Z</time>
      </trkpt>
      <trkpt lat="40.994615" lon="16.104112">
        <ele>358.882257</ele>
        <time>2023-11-25T15:10:41.800Z</time>
      </trkpt>
      <trkpt lat="40.995329" lon="16.104841">
        <ele>363.956870</ele>
        <time>2023-11-25T15:11:39.139Z</time>
      </trkpt>
      <trkpt lat="40.996334" lon="16.105800">
        <ele>371.921520</ele>
        <time>2023-11-25T15:12:57.641Z</time>
      </trkpt>
      <trkpt lat="40.996823" lon="16.106426">
        <ele>375.980853</ele>
        <time>2023-11-25T15:13:39.720Z</time>
      </trkpt>
      <trkpt lat="40.997288" lon="16.106928">
        <ele>379.019744</ele>
        <time>2023-11-25T15:14:15.939Z</time>
      </trkpt>
      <trkpt lat="40.997393" lon="16.107123">
        <ele>379.935701</ele>
        <time>2023-11-25T15:14:26.487Z</time>
      </trkpt>
      <trkpt lat="40.997626" lon="16.107802">
        <ele>382.787823</ele>
        <time>2023-11-25T15:14:58.083Z</time>
      </trkpt>
      <trkpt lat="40.997617" lon="16.108198">
        <ele>384.090776</ele>
        <time>2023-11-25T15:15:14.138Z</time>
      </trkpt>
      <trkpt lat="40.997634" lon="16.108293">
        <ele>384.251897</ele>
        <time>2023-11-25T15:15:18.039Z</time>
      </trkpt>
      <trkpt lat="40.997674" lon="16.108363">
        <ele>384.396790</ele>
        <time>2023-11-25T15:15:21.521Z</time>
      </trkpt>
      <trkpt lat="40.999697" lon="16.110924">
        <ele>388.243108</ele>
        <time>2023-11-25T15:17:23.964Z</time>
      </trkpt>
      <trkpt lat="41.000395" lon="16.112179">
        <ele>385.880591</ele>
        <time>2023-11-25T15:18:00.518Z</time>
      </trkpt>
      <trkpt lat="41.000760" lon="16.113284">
        <ele>381.957006</ele>
        <time>2023-11-25T15:18:25.619Z</time>
      </trkpt>
      <trkpt lat="41.001108" lon="16.114679">
        <ele>375.372397</ele>
        <time>2023-11-25T15:18:54.691Z</time>
      </trkpt>
      <trkpt lat="41.001253" lon="16.115741">
        <ele>370.049227</ele>
        <time>2023-11-25T15:19:15.761Z</time>
      </trkpt>
      <trkpt lat="41.001213" lon="16.116031">
        <ele>368.762312</ele>
        <time>2023-11-25T15:19:21.625Z</time>
      </trkpt>
      <trkpt lat="41.001197" lon="16.116524">
        <ele>367.582859</ele>
        <time>2023-11-25T15:19:31.744Z</time>
      </trkpt>
      <trkpt lat="41.001043" lon="16.116996">
        <ele>366.353773</ele>
        <time>2023-11-25T15:19:42.780Z</time>
      </trkpt>
      <trkpt lat="41.000606" lon="16.117372">
        <ele>364.703560</ele>
        <time>2023-11-25T15:19:58.673Z</time>
      </trkpt>
      <trkpt lat="41.000363" lon="16.117651">
        <ele>363.685225</ele>
        <time>2023-11-25T15:20:09.240Z</time>
      </trkpt>
      <trkpt lat="41.000144" lon="16.118230">
        <ele>363.669118</ele>
        <time>2023-11-25T15:20:27.113Z</time>
      </trkpt>
      <trkpt lat="40.999998" lon="16.118423">
        <ele>363.937475</ele>
        <time>2023-11-25T15:20:35.345Z</time>
      </trkpt>
      <trkpt lat="40.999511" lon="16.118402">
        <ele>364.571508</ele>
        <time>2023-11-25T15:20:56.629Z</time>
      </trkpt>
      <trkpt lat="40.999286" lon="16.118477">
        <ele>364.873407</ele>
        <time>2023-11-25T15:21:07.441Z</time>
      </trkpt>
      <trkpt lat="40.999051" lon="16.118692">
        <ele>365.245009</ele>
        <time>2023-11-25T15:21:20.753Z</time>
      </trkpt>
      <trkpt lat="40.998856" lon="16.119052">
        <ele>365.798686</ele>
        <time>2023-11-25T15:21:36.281Z</time>
      </trkpt>
      <trkpt lat="40.998892" lon="16.119655">
        <ele>366.995768</ele>
        <time>2023-11-25T15:21:57.393Z</time>
      </trkpt>
      <trkpt lat="40.998954" lon="16.119737">
        <ele>367.225476</ele>
        <time>2023-11-25T15:22:00.051Z</time>
      </trkpt>
      <trkpt lat="40.999772" lon="16.120269">
        <ele>369.614889</ele>
        <time>2023-11-25T15:22:29.477Z</time>
      </trkpt>
      <trkpt lat="41.001019" lon="16.120355">
        <ele>373.801997</ele>
        <time>2023-11-25T15:23:14.346Z</time>
      </trkpt>
      <trkpt lat="41.001359" lon="16.120719">
        <ele>375.349145</ele>
        <time>2023-11-25T15:23:30.786Z</time>
      </trkpt>
      <trkpt lat="41.002120" lon="16.121149">
        <ele>377.955007</ele>
        <time>2023-11-25T15:24:02.015Z</time>
      </trkpt>
      <trkpt lat="41.003187" lon="16.122125">
        <ele>381.637190</ele>
        <time>2023-11-25T15:24:44.145Z</time>
      </trkpt>
      <trkpt lat="41.003284" lon="16.122275">
        <ele>381.981819</ele>
        <time>2023-11-25T15:24:48.561Z</time>
      </trkpt>
      <trkpt lat="41.003189" lon="16.122543">
        <ele>382.453267</ele>
        <time>2023-11-25T15:24:55.484Z</time>
      </trkpt>
      <trkpt lat="41.002975" lon="16.122703">
        <ele>382.971686</ele>
        <time>2023-11-25T15:25:02.923Z</time>
      </trkpt>
      <trkpt lat="41.002528" lon="16.123168">
        <ele>384.170693</ele>
        <time>2023-11-25T15:25:19.742Z</time>
      </trkpt>
      <trkpt lat="41.003144" lon="16.123669">
        <ele>385.761007</ele>
        <time>2023-11-25T15:25:41.723Z</time>
      </trkpt>
      <trkpt lat="41.004481" lon="16.124603">
        <ele>390.372551</ele>
        <time>2023-11-25T15:26:36.315Z</time>
      </trkpt>
      <trkpt lat="41.004780" lon="16.124725">
        <ele>391.356361</ele>
        <time>2023-11-25T15:26:47.832Z</time>
      </trkpt>
      <trkpt lat="41.004824" lon="16.124819">
        <ele>391.636737</ele>
        <time>2023-11-25T15:26:51.023Z</time>
      </trkpt>
      <trkpt lat="41.004918" lon="16.124893">
        <ele>392.003978</ele>
        <time>2023-11-25T15:26:55.175Z</time>
      </trkpt>
      <trkpt lat="41.005485" lon="16.125258">
        <ele>394.121247</ele>
        <time>2023-11-25T15:27:19.008Z</time>
      </trkpt>
      <trkpt lat="41.005756" lon="16.125475">
        <ele>395.184759</ele>
        <time>2023-11-25T15:27:31.016Z</time>
      </trkpt>
      <trkpt lat="41.006709" lon="16.126114">
        <ele>399.009844</ele>
        <time>2023-11-25T15:28:12.103Z</time>
      </trkpt>
      <trkpt lat="41.007657" lon="16.126913">
        <ele>403.313025</ele>
        <time>2023-11-25T15:28:57.132Z</time>
      </trkpt>
      <trkpt lat="41.007915" lon="16.127171">
        <ele>404.678801</ele>
        <time>2023-11-25T15:29:10.778Z</time>
      </trkpt>
      <trkpt lat="41.008357" lon="16.127506">
        <ele>407.056155</ele>
        <time>2023-11-25T15:29:32.771Z</time>
      </trkpt>
      <trkpt lat="41.008543" lon="16.127689">
        <ele>408.137757</ele>
        <time>2023-11-25T15:29:42.809Z</time>
      </trkpt>
      <trkpt lat="41.008837" lon="16.128088">
        <ele>410.102545</ele>
        <time>2023-11-25T15:30:01.154Z</time>
      </trkpt>
      <trkpt lat="41.010048" lon="16.129354">
        <ele>417.917087</ele>
        <time>2023-11-25T15:31:10.379Z</time>
      </trkpt>
      <trkpt lat="41.011289" lon="16.130854">
        <ele>427.129750</ele>
        <time>2023-11-25T15:32:29.156Z</time>
      </trkpt>
      <trkpt lat="41.011458" lon="16.130999">
        <ele>428.271571</ele>
        <time>2023-11-25T15:32:38.833Z</time>
      </trkpt>
      <trkpt lat="41.012411" lon="16.131690">
        <ele>434.526483</ele>
        <time>2023-11-25T15:33:30.897Z</time>
      </trkpt>
      <trkpt lat="41.012863" lon="16.131964">
        <ele>437.454530</ele>
        <time>2023-11-25T15:33:54.758Z</time>
      </trkpt>
      <trkpt lat="41.013565" lon="16.132181">
        <ele>441.700983</ele>
        <time>2023-11-25T15:34:29.752Z</time>
      </trkpt>
      <trkpt lat="41.013751" lon="16.132265">
        <ele>442.874660</ele>
        <time>2023-11-25T15:34:39.421Z</time>
      </trkpt>
      <trkpt lat="41.014306" lon="16.132668">
        <ele>446.836231</ele>
        <time>2023-11-25T15:35:10.906Z</time>
      </trkpt>
      <trkpt lat="41.014612" lon="16.132942">
        <ele>449.148005</ele>
        <time>2023-11-25T15:35:29.860Z</time>
      </trkpt>
      <trkpt lat="41.015310" lon="16.133352">
        <ele>453.934799</ele>
        <time>2023-11-25T15:36:08.066Z</time>
      </trkpt>
      <trkpt lat="41.015726" lon="16.133552">
        <ele>457.015407</ele>
        <time>2023-11-25T15:36:29.119Z</time>
      </trkpt>
      <trkpt lat="41.015910" lon="16.133606">
        <ele>458.327338</ele>
        <time>2023-11-25T15:36:37.948Z</time>
      </trkpt>
      <trkpt lat="41.016055" lon="16.133582">
        <ele>459.344586</ele>
        <time>2023-11-25T15:36:45.133Z</time>
      </trkpt>
      <trkpt lat="41.016464" lon="16.133369">
        <ele>462.403733</ele>
        <time>2023-11-25T15:37:07.361Z</time>
      </trkpt>
      <trkpt lat="41.016581" lon="16.133337">
        <ele>463.235382</ele>
        <time>2023-11-25T15:37:13.700Z</time>
      </trkpt>
      <trkpt lat="41.016516" lon="16.133425">
        <ele>463.882220</ele>
        <time>2023-11-25T15:37:18.801Z</time>
      </trkpt>
      <trkpt lat="41.016179" lon="16.133940">
        <ele>468.164255</ele>
        <time>2023-11-25T15:37:49.356Z</time>
      </trkpt>
      <trkpt lat="41.016138" lon="16.134079">
        <ele>469.456973</ele>
        <time>2023-11-25T15:37:56.371Z</time>
      </trkpt>
      <trkpt lat="41.016136" lon="16.134162">
        <ele>470.176268</ele>
        <time>2023-11-25T15:38:00.391Z</time>
      </trkpt>
      <trkpt lat="41.016142" lon="16.134211">
        <ele>470.606248</ele>
        <time>2023-11-25T15:38:02.788Z</time>
      </trkpt>
      <trkpt lat="41.016167" lon="16.134273">
        <ele>471.215155</ele>
        <time>2023-11-25T15:38:06.325Z</time>
      </trkpt>
      <trkpt lat="41.016285" lon="16.134405">
        <ele>472.987792</ele>
        <time>2023-11-25T15:38:16.745Z</time>
      </trkpt>
      <trkpt lat="41.016330" lon="16.134343">
        <ele>473.732954</ele>
        <time>2023-11-25T15:38:20.885Z</time>
      </trkpt>
      <trkpt lat="41.016527" lon="16.134277">
        <ele>476.065610</ele>
        <time>2023-11-25T15:38:35.203Z</time>
      </trkpt>
      <trkpt lat="41.016680" lon="16.134284">
        <ele>477.823064</ele>
        <time>2023-11-25T15:38:46.178Z</time>
      </trkpt>
      <trkpt lat="41.016923" lon="16.134370">
        <ele>480.710397</ele>
        <time>2023-11-25T15:39:05.384Z</time>
      </trkpt>
      <trkpt lat="41.017134" lon="16.134553">
        <ele>483.605173</ele>
        <time>2023-11-25T15:39:24.832Z</time>
      </trkpt>
      <trkpt lat="41.017365" lon="16.134850">
        <ele>487.272384</ele>
        <time>2023-11-25T15:39:50.804Z</time>
      </trkpt>
      <trkpt lat="41.017543" lon="16.135131">
        <ele>490.127422</ele>
        <time>2023-11-25T15:40:13.227Z</time>
      </trkpt>
      <trkpt lat="41.017643" lon="16.135345">
        <ele>492.086156</ele>
        <time>2023-11-25T15:40:27.947Z</time>
      </trkpt>
      <trkpt lat="41.017723" lon="16.135868">
        <ele>496.238648</ele>
        <time>2023-11-25T15:40:58.034Z</time>
      </trkpt>
      <trkpt lat="41.017726" lon="16.135908">
        <ele>496.551440</ele>
        <time>2023-11-25T15:41:00.136Z</time>
      </trkpt>
      <trkpt lat="41.017782" lon="16.136541">
        <ele>501.510838</ele>
        <time>2023-11-25T15:41:30.841Z</time>
      </trkpt>
      <trkpt lat="41.017994" lon="16.137432">
        <ele>506.335547</ele>
        <time>2023-11-25T15:42:05.136Z</time>
      </trkpt>
      <trkpt lat="41.017996" lon="16.137604">
        <ele>506.651449</ele>
        <time>2023-11-25T15:42:10.037Z</time>
      </trkpt>
      <trkpt lat="41.017977" lon="16.137803">
        <ele>507.019810</ele>
        <time>2023-11-25T15:42:15.637Z</time>
      </trkpt>
      <trkpt lat="41.017838" lon="16.138171">
        <ele>507.775567</ele>
        <time>2023-11-25T15:42:25.820Z</time>
      </trkpt>
      <trkpt lat="41.017753" lon="16.138522">
        <ele>508.452538</ele>
        <time>2023-11-25T15:42:34.035Z</time>
      </trkpt>
      <trkpt lat="41.017647" lon="16.139397">
        <ele>510.010337</ele>
        <time>2023-11-25T15:42:51.424Z</time>
      </trkpt>
      <trkpt lat="41.017573" lon="16.139623">
        <ele>510.204360</ele>
        <time>2023-11-25T15:42:55.777Z</time>
      </trkpt>
      <trkpt lat="41.016989" lon="16.140711">
        <ele>511.255917</ele>
        <time>2023-11-25T15:43:20.818Z</time>
      </trkpt>
      <trkpt lat="41.016931" lon="16.140926">
        <ele>511.435738</ele>
        <time>2023-11-25T15:43:26.407Z</time>
      </trkpt>
      <trkpt lat="41.016821" lon="16.141736">
        <ele>512.815196</ele>
        <time>2023-11-25T15:43:49.625Z</time>
      </trkpt>
      <trkpt lat="41.016748" lon="16.141899">
        <ele>513.403840</ele>
        <time>2023-11-25T15:43:55.465Z</time>
      </trkpt>
      <trkpt lat="41.016644" lon="16.142031">
        <ele>513.996511</ele>
        <time>2023-11-25T15:44:01.177Z</time>
      </trkpt>
      <trkpt lat="41.015809" lon="16.142827">
        <ele>518.229904</ele>
        <time>2023-11-25T15:44:43.696Z</time>
      </trkpt>
      <trkpt lat="41.015621" lon="16.143115">
        <ele>519.451864</ele>
        <time>2023-11-25T15:44:56.891Z</time>
      </trkpt>
      <trkpt lat="41.015361" lon="16.143823">
        <ele>522.448936</ele>
        <time>2023-11-25T15:45:25.402Z</time>
      </trkpt>
      <trkpt lat="41.015076" lon="16.144485">
        <ele>525.350005</ele>
        <time>2023-11-25T15:45:51.586Z</time>
      </trkpt>
      <trkpt lat="41.014999" lon="16.144591">
        <ele>525.910063</ele>
        <time>2023-11-25T15:45:56.304Z</time>
      </trkpt>
      <trkpt lat="41.014679" lon="16.144879">
        <ele>527.861350</ele>
        <time>2023-11-25T15:46:12.758Z</time>
      </trkpt>
      <trkpt lat="41.014432" lon="16.145269">
        <ele>529.645653</ele>
        <time>2023-11-25T15:46:29.120Z</time>
      </trkpt>
      <trkpt lat="41.014314" lon="16.145413">
        <ele>530.371184</ele>
        <time>2023-11-25T15:46:36.027Z</time>
      </trkpt>
      <trkpt lat="41.013873" lon="16.145725">
        <ele>532.632304</ele>
        <time>2023-11-25T15:46:57.874Z</time>
      </trkpt>
      <trkpt lat="41.013767" lon="16.145854">
        <ele>533.283232</ele>
        <time>2023-11-25T15:47:04.314Z</time>
      </trkpt>
      <trkpt lat="41.012526" lon="16.148075">
        <ele>541.176341</ele>
        <time>2023-11-25T15:48:31.931Z</time>
      </trkpt>
      <trkpt lat="41.012349" lon="16.148356">
        <ele>542.118879</ele>
        <time>2023-11-25T15:48:40.354Z</time>
      </trkpt>
      <trkpt lat="41.012279" lon="16.148742">
        <ele>542.496982</ele>
        <time>2023-11-25T15:48:48.812Z</time>
      </trkpt>
      <trkpt lat="41.012144" lon="16.149081">
        <ele>542.340674</ele>
        <time>2023-11-25T15:48:56.242Z</time>
      </trkpt>
      <trkpt lat="41.011905" lon="16.149268">
        <ele>542.190684</ele>
        <time>2023-11-25T15:49:02.781Z</time>
      </trkpt>
      <trkpt lat="41.011755" lon="16.149532">
        <ele>542.055923</ele>
        <time>2023-11-25T15:49:08.421Z</time>
      </trkpt>
      <trkpt lat="41.011820" lon="16.149644">
        <ele>541.998306</ele>
        <time>2023-11-25T15:49:10.521Z</time>
      </trkpt>
      <trkpt lat="41.011851" lon="16.149709">
        <ele>541.966949</ele>
        <time>2023-11-25T15:49:11.715Z</time>
      </trkpt>
      <trkpt lat="41.011950" lon="16.149801">
        <ele>541.901606</ele>
        <time>2023-11-25T15:49:14.378Z</time>
      </trkpt>
      <trkpt lat="41.012057" lon="16.149814">
        <ele>541.843539</ele>
        <time>2023-11-25T15:49:16.667Z</time>
      </trkpt>
      <trkpt lat="41.012379" lon="16.149568">
        <ele>541.642682</ele>
        <time>2023-11-25T15:49:24.282Z</time>
      </trkpt>
      <trkpt lat="41.012723" lon="16.148961">
        <ele>541.413533</ele>
        <time>2023-11-25T15:49:35.760Z</time>
      </trkpt>
      <trkpt lat="41.012786" lon="16.148886">
        <ele>541.380915</ele>
        <time>2023-11-25T15:49:37.479Z</time>
      </trkpt>
      <trkpt lat="41.013144" lon="16.148855">
        <ele>541.242731</ele>
        <time>2023-11-25T15:49:44.436Z</time>
      </trkpt>
      <trkpt lat="41.013196" lon="16.148822">
        <ele>541.220524</ele>
        <time>2023-11-25T15:49:45.889Z</time>
      </trkpt>
      <trkpt lat="41.013284" lon="16.148602">
        <ele>541.148156</ele>
        <time>2023-11-25T15:49:50.878Z</time>
      </trkpt>
      <trkpt lat="41.013302" lon="16.148157">
        <ele>541.018639</ele>
        <time>2023-11-25T15:50:04.539Z</time>
      </trkpt>
      <trkpt lat="41.013361" lon="16.147982">
        <ele>540.962933</ele>
        <time>2023-11-25T15:50:10.407Z</time>
      </trkpt>
      <trkpt lat="41.013905" lon="16.147300">
        <ele>543.550543</ele>
        <time>2023-11-25T15:50:46.146Z</time>
      </trkpt>
      <trkpt lat="41.014255" lon="16.146902">
        <ele>545.451787</ele>
        <time>2023-11-25T15:51:10.101Z</time>
      </trkpt>
      <trkpt lat="41.015335" lon="16.146216">
        <ele>551.627002</ele>
        <time>2023-11-25T15:52:23.669Z</time>
      </trkpt>
      <trkpt lat="41.015505" lon="16.146165">
        <ele>552.778667</ele>
        <time>2023-11-25T15:52:35.250Z</time>
      </trkpt>
      <trkpt lat="41.015635" lon="16.146243">
        <ele>553.721544</ele>
        <time>2023-11-25T15:52:44.613Z</time>
      </trkpt>
      <trkpt lat="41.015676" lon="16.146325">
        <ele>554.211961</ele>
        <time>2023-11-25T15:52:49.527Z</time>
      </trkpt>
      <trkpt lat="41.015699" lon="16.146434">
        <ele>554.776223</ele>
        <time>2023-11-25T15:52:55.132Z</time>
      </trkpt>
      <trkpt lat="41.015658" lon="16.146793">
        <ele>556.586379</ele>
        <time>2023-11-25T15:53:12.897Z</time>
      </trkpt>
      <trkpt lat="41.015468" lon="16.147768">
        <ele>561.411590</ele>
        <time>2023-11-25T15:54:01.624Z</time>
      </trkpt>
      <trkpt lat="41.015202" lon="16.148928">
        <ele>566.605812</ele>
        <time>2023-11-25T15:54:58.390Z</time>
      </trkpt>
      <trkpt lat="41.015185" lon="16.149423">
        <ele>568.728738</ele>
        <time>2023-11-25T15:55:19.884Z</time>
      </trkpt>
      <trkpt lat="41.015208" lon="16.149981">
        <ele>570.913808</ele>
        <time>2023-11-25T15:55:42.573Z</time>
      </trkpt>
      <trkpt lat="41.015602" lon="16.151248">
        <ele>575.006974</ele>
        <time>2023-11-25T15:56:37.307Z</time>
      </trkpt>
      <trkpt lat="41.015652" lon="16.151486">
        <ele>575.744888</ele>
        <time>2023-11-25T15:56:47.066Z</time>
      </trkpt>
      <trkpt lat="41.015670" lon="16.151825">
        <ele>576.759937</ele>
        <time>2023-11-25T15:57:00.463Z</time>
      </trkpt>
      <trkpt lat="41.015644" lon="16.152079">
        <ele>577.525549</ele>
        <time>2023-11-25T15:57:10.334Z</time>
      </trkpt>
      <trkpt lat="41.015482" lon="16.152620">
        <ele>579.160293</ele>
        <time>2023-11-25T15:57:32.778Z</time>
      </trkpt>
      <trkpt lat="41.015432" lon="16.152913">
        <ele>580.003162</ele>
        <time>2023-11-25T15:57:44.289Z</time>
      </trkpt>
      <trkpt lat="41.015455" lon="16.153096">
        <ele>580.523702</ele>
        <time>2023-11-25T15:57:51.552Z</time>
      </trkpt>
      <trkpt lat="41.015952" lon="16.154562">
        <ele>585.000567</ele>
        <time>2023-11-25T15:58:55.332Z</time>
      </trkpt>
      <trkpt lat="41.016326" lon="16.156889">
        <ele>591.072746</ele>
        <time>2023-11-25T16:00:27.884Z</time>
      </trkpt>
      <trkpt lat="41.016423" lon="16.157220">
        <ele>591.607636</ele>
        <time>2023-11-25T16:00:40.480Z</time>
      </trkpt>
      <trkpt lat="41.016676" lon="16.157660">
        <ele>592.440955</ele>
        <time>2023-11-25T16:00:59.430Z</time>
      </trkpt>
      <trkpt lat="41.017374" lon="16.158763">
        <ele>594.522677</ele>
        <time>2023-11-25T16:01:45.195Z</time>
      </trkpt>
      <trkpt lat="41.018015" lon="16.159852">
        <ele>596.107502</ele>
        <time>2023-11-25T16:02:28.647Z</time>
      </trkpt>
      <trkpt lat="41.020287" lon="16.163521">
        <ele>602.990579</ele>
        <time>2023-11-25T16:05:12.815Z</time>
      </trkpt>
      <trkpt lat="41.020775" lon="16.164346">
        <ele>604.118293</ele>
        <time>2023-11-25T16:05:45.502Z</time>
      </trkpt>
      <trkpt lat="41.022542" lon="16.167951">
        <ele>604.795961</ele>
        <time>2023-11-25T16:07:49.182Z</time>
      </trkpt>
      <trkpt lat="41.022871" lon="16.168495">
        <ele>604.326683</ele>
        <time>2023-11-25T16:08:06.385Z</time>
      </trkpt>
      <trkpt lat="41.023872" lon="16.169819">
        <ele>602.563931</ele>
        <time>2023-11-25T16:08:52.379Z</time>
      </trkpt>
      <trkpt lat="41.024060" lon="16.170022">
        <ele>602.320334</ele>
        <time>2023-11-25T16:09:00.689Z</time>
      </trkpt>
      <trkpt lat="41.025266" lon="16.171597">
        <ele>600.370886</ele>
        <time>2023-11-25T16:09:59.368Z</time>
      </trkpt>
      <trkpt lat="41.025370" lon="16.171772">
        <ele>599.842915</ele>
        <time>2023-11-25T16:10:04.600Z</time>
      </trkpt>
      <trkpt lat="41.025429" lon="16.171972">
        <ele>599.333973</ele>
        <time>2023-11-25T16:10:09.518Z</time>
      </trkpt>
      <trkpt lat="41.025432" lon="16.172122">
        <ele>598.978354</ele>
        <time>2023-11-25T16:10:12.892Z</time>
      </trkpt>
      <trkpt lat="41.025343" lon="16.172824">
        <ele>597.291309</ele>
        <time>2023-11-25T16:10:28.555Z</time>
      </trkpt>
      <trkpt lat="41.025196" lon="16.173696">
        <ele>595.173729</ele>
        <time>2023-11-25T16:10:47.709Z</time>
      </trkpt>
      <trkpt lat="41.025208" lon="16.173890">
        <ele>594.597709</ele>
        <time>2023-11-25T16:10:51.809Z</time>
      </trkpt>
      <trkpt lat="41.025269" lon="16.174026">
        <ele>594.115653</ele>
        <time>2023-11-25T16:10:55.162Z</time>
      </trkpt>
      <trkpt lat="41.025393" lon="16.174090">
        <ele>593.578256</ele>
        <time>2023-11-25T16:10:58.878Z</time>
      </trkpt>
      <trkpt lat="41.025546" lon="16.174050">
        <ele>592.948461</ele>
        <time>2023-11-25T16:11:03.235Z</time>
      </trkpt>
      <trkpt lat="41.026540" lon="16.173499">
        <ele>588.597311</ele>
        <time>2023-11-25T16:11:33.840Z</time>
      </trkpt>
      <trkpt lat="41.026623" lon="16.173355">
        <ele>588.045195</ele>
        <time>2023-11-25T16:11:37.827Z</time>
      </trkpt>
      <trkpt lat="41.026701" lon="16.172938">
        <ele>586.886939</ele>
        <time>2023-11-25T16:11:47.268Z</time>
      </trkpt>
      <trkpt lat="41.026772" lon="16.172816">
        <ele>586.480994</ele>
        <time>2023-11-25T16:11:50.669Z</time>
      </trkpt>
      <trkpt lat="41.026886" lon="16.172738">
        <ele>586.032966</ele>
        <time>2023-11-25T16:11:54.426Z</time>
      </trkpt>
      <trkpt lat="41.027023" lon="16.172774">
        <ele>585.545212</ele>
        <time>2023-11-25T16:11:58.544Z</time>
      </trkpt>
      <trkpt lat="41.027600" lon="16.173181">
        <ele>583.262630</ele>
        <time>2023-11-25T16:12:17.521Z</time>
      </trkpt>
      <trkpt lat="41.027726" lon="16.173373">
        <ele>582.592187</ele>
        <time>2023-11-25T16:12:23.068Z</time>
      </trkpt>
      <trkpt lat="41.027791" lon="16.173539">
        <ele>582.099450</ele>
        <time>2023-11-25T16:12:27.109Z</time>
      </trkpt>
      <trkpt lat="41.028585" lon="16.175783">
        <ele>576.299257</ele>
        <time>2023-11-25T16:13:22.351Z</time>
      </trkpt>
      <trkpt lat="41.028802" lon="16.176258">
        <ele>575.410474</ele>
        <time>2023-11-25T16:13:35.369Z</time>
      </trkpt>
      <trkpt lat="41.034310" lon="16.183469">
        <ele>561.032588</ele>
        <time>2023-11-25T16:17:41.662Z</time>
      </trkpt>
      <trkpt lat="41.034804" lon="16.184085">
        <ele>559.890179</ele>
        <time>2023-11-25T16:18:03.463Z</time>
      </trkpt>
      <trkpt lat="41.035295" lon="16.184498">
        <ele>559.118691</ele>
        <time>2023-11-25T16:18:22.518Z</time>
      </trkpt>
      <trkpt lat="41.035662" lon="16.184756">
        <ele>558.668780</ele>
        <time>2023-11-25T16:18:36.369Z</time>
      </trkpt>
      <trkpt lat="41.036024" lon="16.185087">
        <ele>558.192501</ele>
        <time>2023-11-25T16:18:51.245Z</time>
      </trkpt>
      <trkpt lat="41.036198" lon="16.185442">
        <ele>557.846633</ele>
        <time>2023-11-25T16:19:02.153Z</time>
      </trkpt>
      <trkpt lat="41.036653" lon="16.186517">
        <ele>556.889130</ele>
        <time>2023-11-25T16:19:34.076Z</time>
      </trkpt>
      <trkpt lat="41.039533" lon="16.190236">
        <ele>553.278557</ele>
        <time>2023-11-25T16:21:49.307Z</time>
      </trkpt>
      <trkpt lat="41.040989" lon="16.192155">
        <ele>553.413395</ele>
        <time>2023-11-25T16:23:05.719Z</time>
      </trkpt>
      <trkpt lat="41.042861" lon="16.194578">
        <ele>556.294428</ele>
        <time>2023-11-25T16:24:57.141Z</time>
      </trkpt>
      <trkpt lat="41.043025" lon="16.194720">
        <ele>556.470318</ele>
        <time>2023-11-25T16:25:05.398Z</time>
      </trkpt>
      <trkpt lat="41.044727" lon="16.195006">
        <ele>557.522956</ele>
        <time>2023-11-25T16:26:14.117Z</time>
      </trkpt>
      <trkpt lat="41.045924" lon="16.195307">
        <ele>557.326546</ele>
        <time>2023-11-25T16:26:58.200Z</time>
      </trkpt>
      <trkpt lat="41.046895" lon="16.195607">
        <ele>555.377406</ele>
        <time>2023-11-25T16:27:30.656Z</time>
      </trkpt>
      <trkpt lat="41.047185" lon="16.195647">
        <ele>554.736092</ele>
        <time>2023-11-25T16:27:39.612Z</time>
      </trkpt>
      <trkpt lat="41.047432" lon="16.195854">
        <ele>554.093383</ele>
        <time>2023-11-25T16:27:48.431Z</time>
      </trkpt>
      <trkpt lat="41.047523" lon="16.196066">
        <ele>553.688739</ele>
        <time>2023-11-25T16:27:53.876Z</time>
      </trkpt>
      <trkpt lat="41.047954" lon="16.197487">
        <ele>549.162094</ele>
        <time>2023-11-25T16:28:26.861Z</time>
      </trkpt>
      <trkpt lat="41.048251" lon="16.198272">
        <ele>546.391915</ele>
        <time>2023-11-25T16:28:45.182Z</time>
      </trkpt>
      <trkpt lat="41.048298" lon="16.198605">
        <ele>545.352074</ele>
        <time>2023-11-25T16:28:52.237Z</time>
      </trkpt>
      <trkpt lat="41.048255" lon="16.199856">
        <ele>541.626901</ele>
        <time>2023-11-25T16:29:18.683Z</time>
      </trkpt>
      <trkpt lat="41.048319" lon="16.200414">
        <ele>539.947950</ele>
        <time>2023-11-25T16:29:31.000Z</time>
      </trkpt>
      <trkpt lat="41.048429" lon="16.201084">
        <ele>538.484661</ele>
        <time>2023-11-25T16:29:46.505Z</time>
      </trkpt>
      <trkpt lat="41.048543" lon="16.201776">
        <ele>537.848741</ele>
        <time>2023-11-25T16:30:03.330Z</time>
      </trkpt>
      <trkpt lat="41.048628" lon="16.202087">
        <ele>537.551758</ele>
        <time>2023-11-25T16:30:11.502Z</time>
      </trkpt>
      <trkpt lat="41.057690" lon="16.213986">
        <ele>537.695137</ele>
        <time>2023-11-25T16:38:09.622Z</time>
      </trkpt>
      <trkpt lat="41.057916" lon="16.214168">
        <ele>537.677279</ele>
        <time>2023-11-25T16:38:19.748Z</time>
      </trkpt>
      <trkpt lat="41.059388" lon="16.214297">
        <ele>536.134081</ele>
        <time>2023-11-25T16:39:11.385Z</time>
      </trkpt>
      <trkpt lat="41.059550" lon="16.214447">
        <ele>535.860572</ele>
        <time>2023-11-25T16:39:17.706Z</time>
      </trkpt>
      <trkpt lat="41.059688" lon="16.214876">
        <ele>535.373730</ele>
        <time>2023-11-25T16:39:28.625Z</time>
      </trkpt>
      <trkpt lat="41.060258" lon="16.217172">
        <ele>529.323210</ele>
        <time>2023-11-25T16:40:21.373Z</time>
      </trkpt>
      <trkpt lat="41.060335" lon="16.217397">
        <ele>528.674701</ele>
        <time>2023-11-25T16:40:26.671Z</time>
      </trkpt>
      <trkpt lat="41.062531" lon="16.220219">
        <ele>518.861280</ele>
        <time>2023-11-25T16:41:56.144Z</time>
      </trkpt>
      <trkpt lat="41.066151" lon="16.225026">
        <ele>510.667195</ele>
        <time>2023-11-25T16:44:40.512Z</time>
      </trkpt>
      <trkpt lat="41.066491" lon="16.225348">
        <ele>510.425196</ele>
        <time>2023-11-25T16:44:57.033Z</time>
      </trkpt>
      <trkpt lat="41.066733" lon="16.225498">
        <ele>510.270466</ele>
        <time>2023-11-25T16:45:08.011Z</time>
      </trkpt>
      <trkpt lat="41.066911" lon="16.225734">
        <ele>510.352745</ele>
        <time>2023-11-25T16:45:18.620Z</time>
      </trkpt>
      <trkpt lat="41.066990" lon="16.226023">
        <ele>510.510712</ele>
        <time>2023-11-25T16:45:28.427Z</time>
      </trkpt>
      <trkpt lat="41.067106" lon="16.226292">
        <ele>510.669954</ele>
        <time>2023-11-25T16:45:38.164Z</time>
      </trkpt>
      <trkpt lat="41.067220" lon="16.226616">
        <ele>510.853684</ele>
        <time>2023-11-25T16:45:49.500Z</time>
      </trkpt>
      <trkpt lat="41.067411" lon="16.226736">
        <ele>510.997730</ele>
        <time>2023-11-25T16:45:58.256Z</time>
      </trkpt>
      <trkpt lat="41.067473" lon="16.226774">
        <ele>511.044280</ele>
        <time>2023-11-25T16:46:01.050Z</time>
      </trkpt>
      <trkpt lat="41.067760" lon="16.227091">
        <ele>511.298834</ele>
        <time>2023-11-25T16:46:15.863Z</time>
      </trkpt>
      <trkpt lat="41.067906" lon="16.227327">
        <ele>511.454686</ele>
        <time>2023-11-25T16:46:24.594Z</time>
      </trkpt>
      <trkpt lat="41.068622" lon="16.229253">
        <ele>509.312921</ele>
        <time>2023-11-25T16:47:17.764Z</time>
      </trkpt>
      <trkpt lat="41.068776" lon="16.229832">
        <ele>508.506641</ele>
        <time>2023-11-25T16:47:32.024Z</time>
      </trkpt>
      <trkpt lat="41.071356" lon="16.231855">
        <ele>502.993758</ele>
        <time>2023-11-25T16:49:06.328Z</time>
      </trkpt>
      <trkpt lat="41.071507" lon="16.232044">
        <ele>502.647289</ele>
        <time>2023-11-25T16:49:13.403Z</time>
      </trkpt>
      <trkpt lat="41.072742" lon="16.233592">
        <ele>501.653119</ele>
        <time>2023-11-25T16:50:13.859Z</time>
      </trkpt>
      <trkpt lat="41.072898" lon="16.233796">
        <ele>501.539965</ele>
        <time>2023-11-25T16:50:21.761Z</time>
      </trkpt>
      <trkpt lat="41.075061" lon="16.236618">
        <ele>499.498833</ele>
        <time>2023-11-25T16:52:07.171Z</time>
      </trkpt>
      <trkpt lat="41.076236" lon="16.238157">
        <ele>497.706790</ele>
        <time>2023-11-25T16:53:03.351Z</time>
      </trkpt>
      <trkpt lat="41.076903" lon="16.239026">
        <ele>496.270778</ele>
        <time>2023-11-25T16:53:33.398Z</time>
      </trkpt>
      <trkpt lat="41.077041" lon="16.239206">
        <ele>495.813520</ele>
        <time>2023-11-25T16:53:39.422Z</time>
      </trkpt>
      <trkpt lat="41.080854" lon="16.244166">
        <ele>483.446628</ele>
        <time>2023-11-25T16:56:23.099Z</time>
      </trkpt>
      <trkpt lat="41.081679" lon="16.245237">
        <ele>481.660922</ele>
        <time>2023-11-25T16:57:01.954Z</time>
      </trkpt>
      <trkpt lat="41.083365" lon="16.247462">
        <ele>476.913647</ele>
        <time>2023-11-25T16:58:17.969Z</time>
      </trkpt>
      <trkpt lat="41.084252" lon="16.248455">
        <ele>472.986800</ele>
        <time>2023-11-25T16:58:51.518Z</time>
      </trkpt>
      <trkpt lat="41.084830" lon="16.248653">
        <ele>470.733095</ele>
        <time>2023-11-25T16:59:08.392Z</time>
      </trkpt>
      <trkpt lat="41.085156" lon="16.248759">
        <ele>469.302990</ele>
        <time>2023-11-25T16:59:17.871Z</time>
      </trkpt>
      <trkpt lat="41.085836" lon="16.248994">
        <ele>466.309014</ele>
        <time>2023-11-25T16:59:37.570Z</time>
      </trkpt>
      <trkpt lat="41.086635" lon="16.248849">
        <ele>462.996385</ele>
        <time>2023-11-25T17:00:00.331Z</time>
      </trkpt>
      <trkpt lat="41.086761" lon="16.248928">
        <ele>462.457586</ele>
        <time>2023-11-25T17:00:04.223Z</time>
      </trkpt>
      <trkpt lat="41.086848" lon="16.249080">
        <ele>461.901413</ele>
        <time>2023-11-25T17:00:08.257Z</time>
      </trkpt>
      <trkpt lat="41.086906" lon="16.249277">
        <ele>461.285107</ele>
        <time>2023-11-25T17:00:12.799Z</time>
      </trkpt>
      <trkpt lat="41.087046" lon="16.249491">
        <ele>460.459364</ele>
        <time>2023-11-25T17:00:18.872Z</time>
      </trkpt>
      <trkpt lat="41.087636" lon="16.250254">
        <ele>457.273971</ele>
        <time>2023-11-25T17:00:42.797Z</time>
      </trkpt>
      <trkpt lat="41.087752" lon="16.250403">
        <ele>456.797593</ele>
        <time>2023-11-25T17:00:47.490Z</time>
      </trkpt>
      <trkpt lat="41.087871" lon="16.250495">
        <ele>456.395884</ele>
        <time>2023-11-25T17:00:51.548Z</time>
      </trkpt>
      <trkpt lat="41.088055" lon="16.250555">
        <ele>455.843245</ele>
        <time>2023-11-25T17:00:57.179Z</time>
      </trkpt>
      <trkpt lat="41.088796" lon="16.250711">
        <ele>453.654951</ele>
        <time>2023-11-25T17:01:19.812Z</time>
      </trkpt>
      <trkpt lat="41.089225" lon="16.250715">
        <ele>452.403667</ele>
        <time>2023-11-25T17:01:32.817Z</time>
      </trkpt>
      <trkpt lat="41.089577" lon="16.250904">
        <ele>451.192990</ele>
        <time>2023-11-25T17:01:44.441Z</time>
      </trkpt>
      <trkpt lat="41.089888" lon="16.250934">
        <ele>450.151323</ele>
        <time>2023-11-25T17:01:53.832Z</time>
      </trkpt>
      <trkpt lat="41.090125" lon="16.251127">
        <ele>449.222375</ele>
        <time>2023-11-25T17:02:02.038Z</time>
      </trkpt>
      <trkpt lat="41.090728" lon="16.251700">
        <ele>446.744681</ele>
        <time>2023-11-25T17:02:23.476Z</time>
      </trkpt>
      <trkpt lat="41.091026" lon="16.251911">
        <ele>445.566845</ele>
        <time>2023-11-25T17:02:33.110Z</time>
      </trkpt>
      <trkpt lat="41.091239" lon="16.251955">
        <ele>444.753191</ele>
        <time>2023-11-25T17:02:39.233Z</time>
      </trkpt>
      <trkpt lat="41.091699" lon="16.252384">
        <ele>442.630938</ele>
        <time>2023-11-25T17:02:55.264Z</time>
      </trkpt>
      <trkpt lat="41.092059" lon="16.252317">
        <ele>441.258816</ele>
        <time>2023-11-25T17:03:05.664Z</time>
      </trkpt>
      <trkpt lat="41.092405" lon="16.252542">
        <ele>439.804428</ele>
        <time>2023-11-25T17:03:16.797Z</time>
      </trkpt>
      <trkpt lat="41.093012" lon="16.252832">
        <ele>437.899604</ele>
        <time>2023-11-25T17:03:35.761Z</time>
      </trkpt>
      <trkpt lat="41.093184" lon="16.253092">
        <ele>437.199291</ele>
        <time>2023-11-25T17:03:43.589Z</time>
      </trkpt>
      <trkpt lat="41.093327" lon="16.253308">
        <ele>436.617302</ele>
        <time>2023-11-25T17:03:50.202Z</time>
      </trkpt>
      <trkpt lat="41.093659" lon="16.254024">
        <ele>434.915570</ele>
        <time>2023-11-25T17:04:09.868Z</time>
      </trkpt>
      <trkpt lat="41.094033" lon="16.254745">
        <ele>433.155570</ele>
        <time>2023-11-25T17:04:30.475Z</time>
      </trkpt>
      <trkpt lat="41.094157" lon="16.254830">
        <ele>432.784274</ele>
        <time>2023-11-25T17:04:34.850Z</time>
      </trkpt>
      <trkpt lat="41.094335" lon="16.255367">
        <ele>431.608112</ele>
        <time>2023-11-25T17:04:48.395Z</time>
      </trkpt>
      <trkpt lat="41.094249" lon="16.255845">
        <ele>430.622845</ele>
        <time>2023-11-25T17:04:59.564Z</time>
      </trkpt>
      <trkpt lat="41.094072" lon="16.256880">
        <ele>428.023595</ele>
        <time>2023-11-25T17:05:22.930Z</time>
      </trkpt>
      <trkpt lat="41.093949" lon="16.257435">
        <ele>426.365337</ele>
        <time>2023-11-25T17:05:35.341Z</time>
      </trkpt>
      <trkpt lat="41.093621" lon="16.258909">
        <ele>422.038786</ele>
        <time>2023-11-25T17:06:08.292Z</time>
      </trkpt>
      <trkpt lat="41.093643" lon="16.258967">
        <ele>421.871244</ele>
        <time>2023-11-25T17:06:09.733Z</time>
      </trkpt>
      <trkpt lat="41.093562" lon="16.259110">
        <ele>421.409667</ele>
        <time>2023-11-25T17:06:11.984Z</time>
      </trkpt>
      <trkpt lat="41.093302" lon="16.260059">
        <ele>418.804205</ele>
        <time>2023-11-25T17:06:24.927Z</time>
      </trkpt>
      <trkpt lat="41.093195" lon="16.260113">
        <ele>418.412261</ele>
        <time>2023-11-25T17:06:26.895Z</time>
      </trkpt>
      <trkpt lat="41.093088" lon="16.260059">
        <ele>418.020317</ele>
        <time>2023-11-25T17:06:28.847Z</time>
      </trkpt>
      <trkpt lat="41.092989" lon="16.259907">
        <ele>417.501943</ele>
        <time>2023-11-25T17:06:31.403Z</time>
      </trkpt>
      <trkpt lat="41.092855" lon="16.259817">
        <ele>416.987734</ele>
        <time>2023-11-25T17:06:33.984Z</time>
      </trkpt>
      <trkpt lat="41.092912" lon="16.260603">
        <ele>415.149863</ele>
        <time>2023-11-25T17:06:51.435Z</time>
      </trkpt>
      <trkpt lat="41.092973" lon="16.261042">
        <ele>414.138006</ele>
        <time>2023-11-25T17:07:01.475Z</time>
      </trkpt>
      <trkpt lat="41.093042" lon="16.261160">
        <ele>413.799466</ele>
        <time>2023-11-25T17:07:04.929Z</time>
      </trkpt>
      <trkpt lat="41.093163" lon="16.261509">
        <ele>412.928691</ele>
        <time>2023-11-25T17:07:13.674Z</time>
      </trkpt>
      <trkpt lat="41.093291" lon="16.261767">
        <ele>412.228540</ele>
        <time>2023-11-25T17:07:20.618Z</time>
      </trkpt>
      <trkpt lat="41.093453" lon="16.262215">
        <ele>411.106737</ele>
        <time>2023-11-25T17:07:31.717Z</time>
      </trkpt>
      <trkpt lat="41.093576" lon="16.262415">
        <ele>410.554348</ele>
        <time>2023-11-25T17:07:37.550Z</time>
      </trkpt>
      <trkpt lat="41.093939" lon="16.262791">
        <ele>409.246794</ele>
        <time>2023-11-25T17:07:51.369Z</time>
      </trkpt>
      <trkpt lat="41.094005" lon="16.262914">
        <ele>408.923694</ele>
        <time>2023-11-25T17:07:54.829Z</time>
      </trkpt>
      <trkpt lat="41.094041" lon="16.263065">
        <ele>408.584793</ele>
        <time>2023-11-25T17:07:58.511Z</time>
      </trkpt>
      <trkpt lat="41.094037" lon="16.265434">
        <ele>403.201971</ele>
        <time>2023-11-25T17:08:52.092Z</time>
      </trkpt>
      <trkpt lat="41.094076" lon="16.265696">
        <ele>402.560528</ele>
        <time>2023-11-25T17:08:57.892Z</time>
      </trkpt>
      <trkpt lat="41.094147" lon="16.265871">
        <ele>402.083166</ele>
        <time>2023-11-25T17:09:02.266Z</time>
      </trkpt>
      <trkpt lat="41.094246" lon="16.265996">
        <ele>401.647633</ele>
        <time>2023-11-25T17:09:06.228Z</time>
      </trkpt>
      <trkpt lat="41.094959" lon="16.266687">
        <ele>399.017038</ele>
        <time>2023-11-25T17:09:31.980Z</time>
      </trkpt>
      <trkpt lat="41.095394" lon="16.267164">
        <ele>397.436909</ele>
        <time>2023-11-25T17:09:48.565Z</time>
      </trkpt>
      <trkpt lat="41.095800" lon="16.267830">
        <ele>395.629279</ele>
        <time>2023-11-25T17:10:08.275Z</time>
      </trkpt>
      <trkpt lat="41.096334" lon="16.268212">
        <ele>394.334743</ele>
        <time>2023-11-25T17:10:28.368Z</time>
      </trkpt>
      <trkpt lat="41.096548" lon="16.268196">
        <ele>393.910769</ele>
        <time>2023-11-25T17:10:35.362Z</time>
      </trkpt>
      <trkpt lat="41.096872" lon="16.268217">
        <ele>393.269118</ele>
        <time>2023-11-25T17:10:45.725Z</time>
      </trkpt>
      <trkpt lat="41.096963" lon="16.268280">
        <ele>393.066091</ele>
        <time>2023-11-25T17:10:48.920Z</time>
      </trkpt>
      <trkpt lat="41.097086" lon="16.268424">
        <ele>392.741636</ele>
        <time>2023-11-25T17:10:54.004Z</time>
      </trkpt>
      <trkpt lat="41.097242" lon="16.268891">
        <ele>391.980177</ele>
        <time>2023-11-25T17:11:05.853Z</time>
      </trkpt>
      <trkpt lat="41.097355" lon="16.268992">
        <ele>391.702530</ele>
        <time>2023-11-25T17:11:10.014Z</time>
      </trkpt>
      <trkpt lat="41.097519" lon="16.269076">
        <ele>391.281659</ele>
        <time>2023-11-25T17:11:15.329Z</time>
      </trkpt>
      <trkpt lat="41.098319" lon="16.269220">
        <ele>389.348817</ele>
        <time>2023-11-25T17:11:39.902Z</time>
      </trkpt>
      <trkpt lat="41.098705" lon="16.269373">
        <ele>388.384338</ele>
        <time>2023-11-25T17:11:52.155Z</time>
      </trkpt>
      <trkpt lat="41.099061" lon="16.269464">
        <ele>387.516359</ele>
        <time>2023-11-25T17:12:03.093Z</time>
      </trkpt>
      <trkpt lat="41.099176" lon="16.269417">
        <ele>387.544407</ele>
        <time>2023-11-25T17:12:06.804Z</time>
      </trkpt>
      <trkpt lat="41.099271" lon="16.269229">
        <ele>387.736557</ele>
        <time>2023-11-25T17:12:12.337Z</time>
      </trkpt>
      <trkpt lat="41.099345" lon="16.268817">
        <ele>388.096094</ele>
        <time>2023-11-25T17:12:23.755Z</time>
      </trkpt>
      <trkpt lat="41.099383" lon="16.268745">
        <ele>388.170713</ele>
        <time>2023-11-25T17:12:26.405Z</time>
      </trkpt>
      <trkpt lat="41.099445" lon="16.268699">
        <ele>388.250730</ele>
        <time>2023-11-25T17:12:28.439Z</time>
      </trkpt>
      <trkpt lat="41.099493" lon="16.268738">
        <ele>388.314131</ele>
        <time>2023-11-25T17:12:29.824Z</time>
      </trkpt>
      <trkpt lat="41.099546" lon="16.268714">
        <ele>388.377215</ele>
        <time>2023-11-25T17:12:31.328Z</time>
      </trkpt>
      <trkpt lat="41.099555" lon="16.268742">
        <ele>388.403055</ele>
        <time>2023-11-25T17:12:31.801Z</time>
      </trkpt>
      <trkpt lat="41.100075" lon="16.269428">
        <ele>389.229030</ele>
        <time>2023-11-25T17:12:55.259Z</time>
      </trkpt>
      <trkpt lat="41.100577" lon="16.270012">
        <ele>390.768661</ele>
        <time>2023-11-25T17:13:20.150Z</time>
      </trkpt>
      <trkpt lat="41.101013" lon="16.270577">
        <ele>392.511830</ele>
        <time>2023-11-25T17:13:42.777Z</time>
      </trkpt>
      <trkpt lat="41.101063" lon="16.270684">
        <ele>392.783217</ele>
        <time>2023-11-25T17:13:46.081Z</time>
      </trkpt>
      <trkpt lat="41.101102" lon="16.270767">
        <ele>392.994057</ele>
        <time>2023-11-25T17:13:48.518Z</time>
      </trkpt>
      <trkpt lat="41.101138" lon="16.270948">
        <ele>393.397566</ele>
        <time>2023-11-25T17:13:53.512Z</time>
      </trkpt>
      <trkpt lat="41.101159" lon="16.271533">
        <ele>394.589178</ele>
        <time>2023-11-25T17:14:07.048Z</time>
      </trkpt>
      <trkpt lat="41.101203" lon="16.271788">
        <ele>394.277643</ele>
        <time>2023-11-25T17:14:12.070Z</time>
      </trkpt>
      <trkpt lat="41.101404" lon="16.272336">
        <ele>393.551838</ele>
        <time>2023-11-25T17:14:21.824Z</time>
      </trkpt>
      <trkpt lat="41.101770" lon="16.273102">
        <ele>392.471705</ele>
        <time>2023-11-25T17:14:33.639Z</time>
      </trkpt>
      <trkpt lat="41.102202" lon="16.273810">
        <ele>390.973544</ele>
        <time>2023-11-25T17:14:44.377Z</time>
      </trkpt>
      <trkpt lat="41.102698" lon="16.274452">
        <ele>388.703334</ele>
        <time>2023-11-25T17:14:55.168Z</time>
      </trkpt>
      <trkpt lat="41.102883" lon="16.274846">
        <ele>387.557136</ele>
        <time>2023-11-25T17:15:00.907Z</time>
      </trkpt>
      <trkpt lat="41.102951" lon="16.275224">
        <ele>386.597621</ele>
        <time>2023-11-25T17:15:05.885Z</time>
      </trkpt>
      <trkpt lat="41.102938" lon="16.275852">
        <ele>385.595916</ele>
        <time>2023-11-25T17:15:14.187Z</time>
      </trkpt>
      <trkpt lat="41.102879" lon="16.276039">
        <ele>385.425936</ele>
        <time>2023-11-25T17:15:17.003Z</time>
      </trkpt>
      <trkpt lat="41.102766" lon="16.276170">
        <ele>385.258983</ele>
        <time>2023-11-25T17:15:19.723Z</time>
      </trkpt>
      <trkpt lat="41.102468" lon="16.276418">
        <ele>384.867594</ele>
        <time>2023-11-25T17:15:26.324Z</time>
      </trkpt>
      <trkpt lat="41.102396" lon="16.276588">
        <ele>384.704085</ele>
        <time>2023-11-25T17:15:29.250Z</time>
      </trkpt>
      <trkpt lat="41.102392" lon="16.276752">
        <ele>384.566506</ele>
        <time>2023-11-25T17:15:31.680Z</time>
      </trkpt>
      <trkpt lat="41.102439" lon="16.276971">
        <ele>384.375582</ele>
        <time>2023-11-25T17:15:35.164Z</time>
      </trkpt>
      <trkpt lat="41.102742" lon="16.277433">
        <ele>383.863487</ele>
        <time>2023-11-25T17:15:45.191Z</time>
      </trkpt>
      <trkpt lat="41.102854" lon="16.277677">
        <ele>383.646886</ele>
        <time>2023-11-25T17:15:49.829Z</time>
      </trkpt>
      <trkpt lat="41.102937" lon="16.278011">
        <ele>383.380260</ele>
        <time>2023-11-25T17:15:55.243Z</time>
      </trkpt>
      <trkpt lat="41.102962" lon="16.278216">
        <ele>383.222823</ele>
        <time>2023-11-25T17:15:58.317Z</time>
      </trkpt>
      <trkpt lat="41.102946" lon="16.278676">
        <ele>382.873716</ele>
        <time>2023-11-25T17:16:04.915Z</time>
      </trkpt>
      <trkpt lat="41.102912" lon="16.278931">
        <ele>382.677392</ele>
        <time>2023-11-25T17:16:08.521Z</time>
      </trkpt>
      <trkpt lat="41.102827" lon="16.279267">
        <ele>382.408691</ele>
        <time>2023-11-25T17:16:13.403Z</time>
      </trkpt>
      <trkpt lat="41.102733" lon="16.279502">
        <ele>382.206987</ele>
        <time>2023-11-25T17:16:17.093Z</time>
      </trkpt>
      <trkpt lat="41.102667" lon="16.279643">
        <ele>382.081146</ele>
        <time>2023-11-25T17:16:21.112Z</time>
      </trkpt>
      <trkpt lat="41.102566" lon="16.279718">
        <ele>381.943180</ele>
        <time>2023-11-25T17:16:24.952Z</time>
      </trkpt>
      <trkpt lat="41.102426" lon="16.280015">
        <ele>381.621969</ele>
        <time>2023-11-25T17:16:33.633Z</time>
      </trkpt>
      <trkpt lat="41.102007" lon="16.280528">
        <ele>380.928298</ele>
        <time>2023-11-25T17:16:52.922Z</time>
      </trkpt>
      <trkpt lat="41.100957" lon="16.282287">
        <ele>379.472382</ele>
        <time>2023-11-25T17:17:48.906Z</time>
      </trkpt>
      <trkpt lat="41.100831" lon="16.282485">
        <ele>379.376564</ele>
        <time>2023-11-25T17:17:55.775Z</time>
      </trkpt>
      <trkpt lat="41.100599" lon="16.282670">
        <ele>379.243765</ele>
        <time>2023-11-25T17:18:05.940Z</time>
      </trkpt>
      <trkpt lat="41.100397" lon="16.282744">
        <ele>379.140947</ele>
        <time>2023-11-25T17:18:14.068Z</time>
      </trkpt>
      <trkpt lat="41.100193" lon="16.282760">
        <ele>379.040681</ele>
        <time>2023-11-25T17:18:22.215Z</time>
      </trkpt>
      <trkpt lat="41.099260" lon="16.282613">
        <ele>379.314115</ele>
        <time>2023-11-25T17:18:58.176Z</time>
      </trkpt>
      <trkpt lat="41.099142" lon="16.282654">
        <ele>379.359742</ele>
        <time>2023-11-25T17:19:03.101Z</time>
      </trkpt>
      <trkpt lat="41.099027" lon="16.282750">
        <ele>379.410562</ele>
        <time>2023-11-25T17:19:08.412Z</time>
      </trkpt>
      <trkpt lat="41.098889" lon="16.282971">
        <ele>379.491466</ele>
        <time>2023-11-25T17:19:17.465Z</time>
      </trkpt>
      <trkpt lat="41.097581" lon="16.285439">
        <ele>380.462779</ele>
        <time>2023-11-25T17:20:42.306Z</time>
      </trkpt>
      <trkpt lat="41.097194" lon="16.286521">
        <ele>383.241351</ele>
        <time>2023-11-25T17:21:26.292Z</time>
      </trkpt>
      <trkpt lat="41.097062" lon="16.286994">
        <ele>384.411616</ele>
        <time>2023-11-25T17:21:46.436Z</time>
      </trkpt>
      <trkpt lat="41.097040" lon="16.287140">
        <ele>384.757065</ele>
        <time>2023-11-25T17:21:52.506Z</time>
      </trkpt>
      <trkpt lat="41.097055" lon="16.287301">
        <ele>385.133454</ele>
        <time>2023-11-25T17:21:59.112Z</time>
      </trkpt>
      <trkpt lat="41.097090" lon="16.287432">
        <ele>385.455932</ele>
        <time>2023-11-25T17:22:04.672Z</time>
      </trkpt>
      <trkpt lat="41.097193" lon="16.287642">
        <ele>386.018141</ele>
        <time>2023-11-25T17:22:14.964Z</time>
      </trkpt>
      <trkpt lat="41.097588" lon="16.288195">
        <ele>386.867695</ele>
        <time>2023-11-25T17:22:44.270Z</time>
      </trkpt>
      <trkpt lat="41.097717" lon="16.288491">
        <ele>387.248947</ele>
        <time>2023-11-25T17:22:56.744Z</time>
      </trkpt>
      <trkpt lat="41.097802" lon="16.288809">
        <ele>387.625155</ele>
        <time>2023-11-25T17:23:08.133Z</time>
      </trkpt>
      <trkpt lat="41.097836" lon="16.289059">
        <ele>387.908404</ele>
        <time>2023-11-25T17:23:15.767Z</time>
      </trkpt>
      <trkpt lat="41.097851" lon="16.290718">
        <ele>387.176932</ele>
        <time>2023-11-25T17:23:56.319Z</time>
      </trkpt>
      <trkpt lat="41.097852" lon="16.291781">
        <ele>385.572273</ele>
        <time>2023-11-25T17:24:20.726Z</time>
      </trkpt>
      <trkpt lat="41.097689" lon="16.292472">
        <ele>384.545610</ele>
        <time>2023-11-25T17:24:37.588Z</time>
      </trkpt>
      <trkpt lat="41.097120" lon="16.294270">
        <ele>381.938898</ele>
        <time>2023-11-25T17:25:24.375Z</time>
      </trkpt>
      <trkpt lat="41.097013" lon="16.294558">
        <ele>381.852376</ele>
        <time>2023-11-25T17:25:32.733Z</time>
      </trkpt>
      <trkpt lat="41.096859" lon="16.294822">
        <ele>381.832560</ele>
        <time>2023-11-25T17:25:41.569Z</time>
      </trkpt>
      <trkpt lat="41.096624" lon="16.295132">
        <ele>381.806461</ele>
        <time>2023-11-25T17:25:53.588Z</time>
      </trkpt>
      <trkpt lat="41.096364" lon="16.295343">
        <ele>381.782457</ele>
        <time>2023-11-25T17:26:04.956Z</time>
      </trkpt>
      <trkpt lat="41.095934" lon="16.295619">
        <ele>381.744835</ele>
        <time>2023-11-25T17:26:23.379Z</time>
      </trkpt>
      <trkpt lat="41.095812" lon="16.295807">
        <ele>381.730110</ele>
        <time>2023-11-25T17:26:30.872Z</time>
      </trkpt>
      <trkpt lat="41.095782" lon="16.295896">
        <ele>381.744539</ele>
        <time>2023-11-25T17:26:33.828Z</time>
      </trkpt>
      <trkpt lat="41.095753" lon="16.296200">
        <ele>381.885350</ele>
        <time>2023-11-25T17:26:43.320Z</time>
      </trkpt>
      <trkpt lat="41.095721" lon="16.298027">
        <ele>382.725133</ele>
        <time>2023-11-25T17:27:38.540Z</time>
      </trkpt>
      <trkpt lat="41.095708" lon="16.298342">
        <ele>382.819593</ele>
        <time>2023-11-25T17:27:47.447Z</time>
      </trkpt>
      <trkpt lat="41.095378" lon="16.299583">
        <ele>382.770479</ele>
        <time>2023-11-25T17:28:24.063Z</time>
      </trkpt>
      <trkpt lat="41.094764" lon="16.301791">
        <ele>382.349409</ele>
        <time>2023-11-25T17:29:28.110Z</time>
      </trkpt>
      <trkpt lat="41.094744" lon="16.302056">
        <ele>382.275367</ele>
        <time>2023-11-25T17:29:35.510Z</time>
      </trkpt>
      <trkpt lat="41.094711" lon="16.302322">
        <ele>382.200420</ele>
        <time>2023-11-25T17:29:42.706Z</time>
      </trkpt>
      <trkpt lat="41.093874" lon="16.305888">
        <ele>379.957863</ele>
        <time>2023-11-25T17:31:19.242Z</time>
      </trkpt>
      <trkpt lat="41.093794" lon="16.306093">
        <ele>379.779891</ele>
        <time>2023-11-25T17:31:25.046Z</time>
      </trkpt>
      <trkpt lat="41.093654" lon="16.306315">
        <ele>379.556729</ele>
        <time>2023-11-25T17:31:32.303Z</time>
      </trkpt>
      <trkpt lat="41.092921" lon="16.307252">
        <ele>378.572564</ele>
        <time>2023-11-25T17:32:06.357Z</time>
      </trkpt>
      <trkpt lat="41.092543" lon="16.307767">
        <ele>378.130248</ele>
        <time>2023-11-25T17:32:24.617Z</time>
      </trkpt>
      <trkpt lat="41.092112" lon="16.308282">
        <ele>377.656725</ele>
        <time>2023-11-25T17:32:44.475Z</time>
      </trkpt>
      <trkpt lat="41.091770" lon="16.308525">
        <ele>377.339999</ele>
        <time>2023-11-25T17:32:58.131Z</time>
      </trkpt>
      <trkpt lat="41.091329" lon="16.308700">
        <ele>377.272167</ele>
        <time>2023-11-25T17:33:14.867Z</time>
      </trkpt>
      <trkpt lat="41.090527" lon="16.308772">
        <ele>377.169184</ele>
        <time>2023-11-25T17:33:44.479Z</time>
      </trkpt>
      <trkpt lat="41.089697" lon="16.308947">
        <ele>377.439032</ele>
        <time>2023-11-25T17:34:15.170Z</time>
      </trkpt>
      <trkpt lat="41.089329" lon="16.309262">
        <ele>377.947127</ele>
        <time>2023-11-25T17:34:32.211Z</time>
      </trkpt>
      <trkpt lat="41.089145" lon="16.309523">
        <ele>378.259633</ele>
        <time>2023-11-25T17:34:43.389Z</time>
      </trkpt>
      <trkpt lat="41.088993" lon="16.309832">
        <ele>378.582290</ele>
        <time>2023-11-25T17:34:55.326Z</time>
      </trkpt>
      <trkpt lat="41.088878" lon="16.310128">
        <ele>378.873487</ele>
        <time>2023-11-25T17:35:06.334Z</time>
      </trkpt>
      <trkpt lat="41.088797" lon="16.310556">
        <ele>379.386802</ele>
        <time>2023-11-25T17:35:21.522Z</time>
      </trkpt>
      <trkpt lat="41.088911" lon="16.313461">
        <ele>386.017019</ele>
        <time>2023-11-25T17:37:12.606Z</time>
      </trkpt>
      <trkpt lat="41.088088" lon="16.314145">
        <ele>388.410863</ele>
        <time>2023-11-25T17:37:58.499Z</time>
      </trkpt>
      <trkpt lat="41.087656" lon="16.314540">
        <ele>389.376850</ele>
        <time>2023-11-25T17:38:21.106Z</time>
      </trkpt>
      <trkpt lat="41.086792" lon="16.315248">
        <ele>389.726119</ele>
        <time>2023-11-25T17:39:00.800Z</time>
      </trkpt>
      <trkpt lat="41.086760" lon="16.315270">
        <ele>389.738514</ele>
        <time>2023-11-25T17:39:02.134Z</time>
      </trkpt>
      <trkpt lat="41.086494" lon="16.315460">
        <ele>389.842417</ele>
        <time>2023-11-25T17:39:13.372Z</time>
      </trkpt>
      <trkpt lat="41.087240" lon="16.317815">
        <ele>388.187375</ele>
        <time>2023-11-25T17:39:51.172Z</time>
      </trkpt>
      <trkpt lat="41.087813" lon="16.319178">
        <ele>385.655090</ele>
        <time>2023-11-25T17:40:11.443Z</time>
      </trkpt>
      <trkpt lat="41.088401" lon="16.320450">
        <ele>383.220077</ele>
        <time>2023-11-25T17:40:30.310Z</time>
      </trkpt>
      <trkpt lat="41.088516" lon="16.320770">
        <ele>382.742415</ele>
        <time>2023-11-25T17:40:34.823Z</time>
      </trkpt>
      <trkpt lat="41.088260" lon="16.320910">
        <ele>382.247418</ele>
        <time>2023-11-25T17:40:43.522Z</time>
      </trkpt>
      <trkpt lat="41.088040" lon="16.321030">
        <ele>381.822190</ele>
        <time>2023-11-25T17:40:51.111Z</time>
      </trkpt>
      <trkpt lat="41.087882" lon="16.321164">
        <ele>381.486963</ele>
        <time>2023-11-25T17:40:57.102Z</time>
      </trkpt>
      <trkpt lat="41.087691" lon="16.321380">
        <ele>381.038312</ele>
        <time>2023-11-25T17:41:05.489Z</time>
      </trkpt>
      <trkpt lat="41.087624" lon="16.321522">
        <ele>380.812586</ele>
        <time>2023-11-25T17:41:09.649Z</time>
      </trkpt>
      <trkpt lat="41.087584" lon="16.321692">
        <ele>380.605686</ele>
        <time>2023-11-25T17:41:14.414Z</time>
      </trkpt>
      <trkpt lat="41.087575" lon="16.321939">
        <ele>380.570688</ele>
        <time>2023-11-25T17:41:20.775Z</time>
      </trkpt>
      <trkpt lat="41.087671" lon="16.322452">
        <ele>380.495880</ele>
        <time>2023-11-25T17:41:35.737Z</time>
      </trkpt>
      <trkpt lat="41.087962" lon="16.324673">
        <ele>379.913756</ele>
        <time>2023-11-25T17:42:38.665Z</time>
      </trkpt>
      <trkpt lat="41.087978" lon="16.325080">
        <ele>379.696332</ele>
        <time>2023-11-25T17:42:49.387Z</time>
      </trkpt>
      <trkpt lat="41.087978" lon="16.325445">
        <ele>379.501609</ele>
        <time>2023-11-25T17:42:58.791Z</time>
      </trkpt>
      <trkpt lat="41.087811" lon="16.326282">
        <ele>379.039699</ele>
        <time>2023-11-25T17:43:20.478Z</time>
      </trkpt>
      <trkpt lat="41.087803" lon="16.326316">
        <ele>379.020697</ele>
        <time>2023-11-25T17:43:21.375Z</time>
      </trkpt>
      <trkpt lat="41.087803" lon="16.326316">
        <ele>379.020697</ele>
        <time>2023-11-25T17:43:21.375Z</time>
      </trkpt>
      <trkpt lat="41.087670" lon="16.326635">
        <ele>378.747519</ele>
        <time>2023-11-25T17:43:30.423Z</time>
      </trkpt>
      <trkpt lat="41.087475" lon="16.326972">
        <ele>378.417456</ele>
        <time>2023-11-25T17:43:41.001Z</time>
      </trkpt>
      <trkpt lat="41.087329" lon="16.327181">
        <ele>378.196075</ele>
        <time>2023-11-25T17:43:48.120Z</time>
      </trkpt>
      <trkpt lat="41.086923" lon="16.327618">
        <ele>377.657203</ele>
        <time>2023-11-25T17:44:05.586Z</time>
      </trkpt>
      <trkpt lat="41.086923" lon="16.327618">
        <ele>377.657203</ele>
        <time>2023-11-25T17:44:05.586Z</time>
      </trkpt>
      <trkpt lat="41.086783" lon="16.327743">
        <ele>377.483266</ele>
        <time>2023-11-25T17:44:11.308Z</time>
      </trkpt>
      <trkpt lat="41.086443" lon="16.327893">
        <ele>377.145067</ele>
        <time>2023-11-25T17:44:23.527Z</time>
      </trkpt>
      <trkpt lat="41.085004" lon="16.328478">
        <ele>377.159940</ele>
        <time>2023-11-25T17:45:19.601Z</time>
      </trkpt>
      <trkpt lat="41.084460" lon="16.328654">
        <ele>377.233693</ele>
        <time>2023-11-25T17:45:41.367Z</time>
      </trkpt>
      <trkpt lat="41.084085" lon="16.328852">
        <ele>377.330627</ele>
        <time>2023-11-25T17:45:56.937Z</time>
      </trkpt>
      <trkpt lat="41.083989" lon="16.328932">
        <ele>377.357854</ele>
        <time>2023-11-25T17:46:01.276Z</time>
      </trkpt>
      <trkpt lat="41.083125" lon="16.329604">
        <ele>377.597625</ele>
        <time>2023-11-25T17:46:39.242Z</time>
      </trkpt>
      <trkpt lat="41.082886" lon="16.329822">
        <ele>377.653501</ele>
        <time>2023-11-25T17:46:50.159Z</time>
      </trkpt>
      <trkpt lat="41.082322" lon="16.330434">
        <ele>377.793872</ele>
        <time>2023-11-25T17:47:17.328Z</time>
      </trkpt>
      <trkpt lat="41.081891" lon="16.331037">
        <ele>377.914546</ele>
        <time>2023-11-25T17:47:41.005Z</time>
      </trkpt>
      <trkpt lat="41.081521" lon="16.331623">
        <ele>378.136134</ele>
        <time>2023-11-25T17:48:03.425Z</time>
      </trkpt>
      <trkpt lat="41.081395" lon="16.331941">
        <ele>378.256564</ele>
        <time>2023-11-25T17:48:14.026Z</time>
      </trkpt>
      <trkpt lat="41.080890" lon="16.333109">
        <ele>378.707938</ele>
        <time>2023-11-25T17:48:54.005Z</time>
      </trkpt>
      <trkpt lat="41.080573" lon="16.334137">
        <ele>379.101777</ele>
        <time>2023-11-25T17:49:25.171Z</time>
      </trkpt>
      <trkpt lat="41.079877" lon="16.336213">
        <ele>381.069049</ele>
        <time>2023-11-25T17:50:33.120Z</time>
      </trkpt>
      <trkpt lat="41.079559" lon="16.337158">
        <ele>382.771398</ele>
        <time>2023-11-25T17:51:10.205Z</time>
      </trkpt>
      <trkpt lat="41.079235" lon="16.338191">
        <ele>384.716896</ele>
        <time>2023-11-25T17:51:55.609Z</time>
      </trkpt>
      <trkpt lat="41.078657" lon="16.340040">
        <ele>387.375493</ele>
        <time>2023-11-25T17:53:05.246Z</time>
      </trkpt>
      <trkpt lat="41.077602" lon="16.343246">
        <ele>381.689463</ele>
        <time>2023-11-25T17:54:23.358Z</time>
      </trkpt>
      <trkpt lat="41.077136" lon="16.344638">
        <ele>380.049254</ele>
        <time>2023-11-25T17:55:01.528Z</time>
      </trkpt>
      <trkpt lat="41.077008" lon="16.344934">
        <ele>380.083224</ele>
        <time>2023-11-25T17:55:11.255Z</time>
      </trkpt>
      <trkpt lat="41.076989" lon="16.345114">
        <ele>380.101317</ele>
        <time>2023-11-25T17:55:16.648Z</time>
      </trkpt>
      <trkpt lat="41.076889" lon="16.345406">
        <ele>380.133244</ele>
        <time>2023-11-25T17:55:26.505Z</time>
      </trkpt>
      <trkpt lat="41.075359" lon="16.350095">
        <ele>381.857406</ele>
        <time>2023-11-25T17:58:00.114Z</time>
      </trkpt>
      <trkpt lat="41.075300" lon="16.350275">
        <ele>381.898911</ele>
        <time>2023-11-25T17:58:05.454Z</time>
      </trkpt>
      <trkpt lat="41.074372" lon="16.352663">
        <ele>380.620976</ele>
        <time>2023-11-25T17:59:14.700Z</time>
      </trkpt>
      <trkpt lat="41.073529" lon="16.354798">
        <ele>379.163800</ele>
        <time>2023-11-25T18:00:15.716Z</time>
      </trkpt>
      <trkpt lat="41.072726" lon="16.356810">
        <ele>379.761055</ele>
        <time>2023-11-25T18:01:23.719Z</time>
      </trkpt>
      <trkpt lat="41.071912" lon="16.358863">
        <ele>380.340172</ele>
        <time>2023-11-25T18:02:31.050Z</time>
      </trkpt>
      <trkpt lat="41.071790" lon="16.359175">
        <ele>380.420382</ele>
        <time>2023-11-25T18:02:40.725Z</time>
      </trkpt>
      <trkpt lat="41.070908" lon="16.361414">
        <ele>380.528310</ele>
        <time>2023-11-25T18:03:51.946Z</time>
      </trkpt>
      <trkpt lat="41.070785" lon="16.361640">
        <ele>380.479417</ele>
        <time>2023-11-25T18:03:59.866Z</time>
      </trkpt>
      <trkpt lat="41.070721" lon="16.361915">
        <ele>380.428933</ele>
        <time>2023-11-25T18:04:07.919Z</time>
      </trkpt>
      <trkpt lat="41.068659" lon="16.366128">
        <ele>379.100934</ele>
        <time>2023-11-25T18:06:23.130Z</time>
      </trkpt>
      <trkpt lat="41.068456" lon="16.366482">
        <ele>378.932791</ele>
        <time>2023-11-25T18:06:34.824Z</time>
      </trkpt>
      <trkpt lat="41.067367" lon="16.368737">
        <ele>378.210256</ele>
        <time>2023-11-25T18:07:45.508Z</time>
      </trkpt>
      <trkpt lat="41.065030" lon="16.373441">
        <ele>379.607715</ele>
        <time>2023-11-25T18:10:30.353Z</time>
      </trkpt>
      <trkpt lat="41.064695" lon="16.374094">
        <ele>379.682907</ele>
        <time>2023-11-25T18:10:52.851Z</time>
      </trkpt>
      <trkpt lat="41.064589" lon="16.374486">
        <ele>379.722553</ele>
        <time>2023-11-25T18:11:04.505Z</time>
      </trkpt>
      <trkpt lat="41.064578" lon="16.374950">
        <ele>379.766748</ele>
        <time>2023-11-25T18:11:17.489Z</time>
      </trkpt>
      <trkpt lat="41.064630" lon="16.378728">
        <ele>379.763201</ele>
        <time>2023-11-25T18:13:03.277Z</time>
      </trkpt>
      <trkpt lat="41.064817" lon="16.380350">
        <ele>379.518819</ele>
        <time>2023-11-25T18:13:48.165Z</time>
      </trkpt>
      <trkpt lat="41.064883" lon="16.381125">
        <ele>379.183321</ele>
        <time>2023-11-25T18:14:08.968Z</time>
      </trkpt>
      <trkpt lat="41.064864" lon="16.381755">
        <ele>378.912101</ele>
        <time>2023-11-25T18:14:25.489Z</time>
      </trkpt>
      <trkpt lat="41.064855" lon="16.382040">
        <ele>378.789397</ele>
        <time>2023-11-25T18:14:32.866Z</time>
      </trkpt>
      <trkpt lat="41.064744" lon="16.382941">
        <ele>378.452486</ele>
        <time>2023-11-25T18:14:56.527Z</time>
      </trkpt>
      <trkpt lat="41.064663" lon="16.383385">
        <ele>378.328583</ele>
        <time>2023-11-25T18:15:08.672Z</time>
      </trkpt>
      <trkpt lat="41.064550" lon="16.383819">
        <ele>378.204046</ele>
        <time>2023-11-25T18:15:21.132Z</time>
      </trkpt>
      <trkpt lat="41.064115" lon="16.384954">
        <ele>377.864189</ele>
        <time>2023-11-25T18:15:56.175Z</time>
      </trkpt>
      <trkpt lat="41.063781" lon="16.385628">
        <ele>377.674009</ele>
        <time>2023-11-25T18:16:18.316Z</time>
      </trkpt>
      <trkpt lat="41.063583" lon="16.385938">
        <ele>377.578209</ele>
        <time>2023-11-25T18:16:29.316Z</time>
      </trkpt>
      <trkpt lat="41.063157" lon="16.386518">
        <ele>377.387282</ele>
        <time>2023-11-25T18:16:50.809Z</time>
      </trkpt>
      <trkpt lat="41.061108" lon="16.389754">
        <ele>376.775761</ele>
        <time>2023-11-25T18:18:43.942Z</time>
      </trkpt>
      <trkpt lat="41.060438" lon="16.390777">
        <ele>377.233202</ele>
        <time>2023-11-25T18:19:27.584Z</time>
      </trkpt>
      <trkpt lat="41.060321" lon="16.391242">
        <ele>377.517526</ele>
        <time>2023-11-25T18:19:43.433Z</time>
      </trkpt>
      <trkpt lat="41.060339" lon="16.393020">
        <ele>378.130805</ele>
        <time>2023-11-25T18:20:35.239Z</time>
      </trkpt>
      <trkpt lat="41.060218" lon="16.393633">
        <ele>377.951574</ele>
        <time>2023-11-25T18:20:51.414Z</time>
      </trkpt>
      <trkpt lat="41.060100" lon="16.394091">
        <ele>377.814673</ele>
        <time>2023-11-25T18:21:03.934Z</time>
      </trkpt>
      <trkpt lat="41.059798" lon="16.394725">
        <ele>377.602557</ele>
        <time>2023-11-25T18:21:24.031Z</time>
      </trkpt>
      <trkpt lat="41.059243" lon="16.395464">
        <ele>377.803029</ele>
        <time>2023-11-25T18:21:52.578Z</time>
      </trkpt>
      <trkpt lat="41.058947" lon="16.395956">
        <ele>377.933874</ele>
        <time>2023-11-25T18:22:11.151Z</time>
      </trkpt>
      <trkpt lat="41.058933" lon="16.395985">
        <ele>377.941032</ele>
        <time>2023-11-25T18:22:12.193Z</time>
      </trkpt>
      <trkpt lat="41.058820" lon="16.396216">
        <ele>377.998273</ele>
        <time>2023-11-25T18:22:20.425Z</time>
      </trkpt>
      <trkpt lat="41.058725" lon="16.396483">
        <ele>378.059647</ele>
        <time>2023-11-25T18:22:29.668Z</time>
      </trkpt>
      <trkpt lat="41.058624" lon="16.396992">
        <ele>378.085796</ele>
        <time>2023-11-25T18:22:45.694Z</time>
      </trkpt>
      <trkpt lat="41.058623" lon="16.397017">
        <ele>378.085587</ele>
        <time>2023-11-25T18:22:46.382Z</time>
      </trkpt>
      <trkpt lat="41.058610" lon="16.397405">
        <ele>378.082349</ele>
        <time>2023-11-25T18:22:58.134Z</time>
      </trkpt>
      <trkpt lat="41.058779" lon="16.398578">
        <ele>378.072390</ele>
        <time>2023-11-25T18:23:30.915Z</time>
      </trkpt>
      <trkpt lat="41.058803" lon="16.398883">
        <ele>378.069833</ele>
        <time>2023-11-25T18:23:38.842Z</time>
      </trkpt>
      <trkpt lat="41.058761" lon="16.399281">
        <ele>377.712343</ele>
        <time>2023-11-25T18:23:49.437Z</time>
      </trkpt>
      <trkpt lat="41.058672" lon="16.399579">
        <ele>377.350366</ele>
        <time>2023-11-25T18:23:57.453Z</time>
      </trkpt>
      <trkpt lat="41.058330" lon="16.400462">
        <ele>376.229305</ele>
        <time>2023-11-25T18:24:21.071Z</time>
      </trkpt>
      <trkpt lat="41.058028" lon="16.400925">
        <ele>375.537936</ele>
        <time>2023-11-25T18:24:35.246Z</time>
      </trkpt>
      <trkpt lat="41.057722" lon="16.401173">
        <ele>375.496662</ele>
        <time>2023-11-25T18:24:47.026Z</time>
      </trkpt>
      <trkpt lat="41.057199" lon="16.401381">
        <ele>375.761785</ele>
        <time>2023-11-25T18:25:07.536Z</time>
      </trkpt>
      <trkpt lat="41.057009" lon="16.401491">
        <ele>375.862450</ele>
        <time>2023-11-25T18:25:15.777Z</time>
      </trkpt>
      <trkpt lat="41.056910" lon="16.401589">
        <ele>375.922436</ele>
        <time>2023-11-25T18:25:20.935Z</time>
      </trkpt>
      <trkpt lat="41.056835" lon="16.401735">
        <ele>375.987118</ele>
        <time>2023-11-25T18:25:26.294Z</time>
      </trkpt>
      <trkpt lat="41.056311" lon="16.402869">
        <ele>377.121849</ele>
        <time>2023-11-25T18:26:11.475Z</time>
      </trkpt>
      <trkpt lat="41.055954" lon="16.403663">
        <ele>378.432802</ele>
        <time>2023-11-25T18:26:44.517Z</time>
      </trkpt>
      <trkpt lat="41.055861" lon="16.403909">
        <ele>378.823047</ele>
        <time>2023-11-25T18:26:53.901Z</time>
      </trkpt>
      <trkpt lat="41.055829" lon="16.404219">
        <ele>379.266765</ele>
        <time>2023-11-25T18:27:04.069Z</time>
      </trkpt>
      <trkpt lat="41.055865" lon="16.404626">
        <ele>379.631432</ele>
        <time>2023-11-25T18:27:16.613Z</time>
      </trkpt>
      <trkpt lat="41.056035" lon="16.405567">
        <ele>379.632921</ele>
        <time>2023-11-25T18:27:44.263Z</time>
      </trkpt>
      <trkpt lat="41.056055" lon="16.405883">
        <ele>379.633409</ele>
        <time>2023-11-25T18:27:53.398Z</time>
      </trkpt>
      <trkpt lat="41.055942" lon="16.406278">
        <ele>379.634059</ele>
        <time>2023-11-25T18:28:05.129Z</time>
      </trkpt>
      <trkpt lat="41.055660" lon="16.406950">
        <ele>379.162060</ele>
        <time>2023-11-25T18:28:24.871Z</time>
      </trkpt>
      <trkpt lat="41.055290" lon="16.407827">
        <ele>377.213308</ele>
        <time>2023-11-25T18:28:48.880Z</time>
      </trkpt>
      <trkpt lat="41.056029" lon="16.407198">
        <ele>374.894686</ele>
        <time>2023-11-25T18:29:03.125Z</time>
      </trkpt>
      <trkpt lat="41.056682" lon="16.406575">
        <ele>370.524435</ele>
        <time>2023-11-25T18:29:15.242Z</time>
      </trkpt>
      <trkpt lat="41.056906" lon="16.406350">
        <ele>368.997828</ele>
        <time>2023-11-25T18:29:19.366Z</time>
      </trkpt>
      <trkpt lat="41.057605" lon="16.405483">
        <ele>363.562995</ele>
        <time>2023-11-25T18:29:33.317Z</time>
      </trkpt>
      <trkpt lat="41.057761" lon="16.405397">
        <ele>362.495203</ele>
        <time>2023-11-25T18:29:35.764Z</time>
      </trkpt>
      <trkpt lat="41.057962" lon="16.405381">
        <ele>361.222501</ele>
        <time>2023-11-25T18:29:38.682Z</time>
      </trkpt>
      <trkpt lat="41.060345" lon="16.405999">
        <ele>347.065143</ele>
        <time>2023-11-25T18:30:14.019Z</time>
      </trkpt>
      <trkpt lat="41.061104" lon="16.406198">
        <ele>343.777753</ele>
        <time>2023-11-25T18:30:26.285Z</time>
      </trkpt>
      <trkpt lat="41.060893" lon="16.406504">
        <ele>343.236364</ele>
        <time>2023-11-25T18:30:35.774Z</time>
      </trkpt>
      <trkpt lat="41.058812" lon="16.409162">
        <ele>339.636221</ele>
        <time>2023-11-25T18:32:14.274Z</time>
      </trkpt>
      <trkpt lat="41.057516" lon="16.411083">
        <ele>338.163221</ele>
        <time>2023-11-25T18:33:21.058Z</time>
      </trkpt>
      <trkpt lat="41.057328" lon="16.411243">
        <ele>338.057228</ele>
        <time>2023-11-25T18:33:28.890Z</time>
      </trkpt>
      <trkpt lat="41.057204" lon="16.411348">
        <ele>337.989419</ele>
        <time>2023-11-25T18:33:34.103Z</time>
      </trkpt>
      <trkpt lat="41.056559" lon="16.412193">
        <ele>337.571539</ele>
        <time>2023-11-25T18:34:06.338Z</time>
      </trkpt>
      <trkpt lat="41.055995" lon="16.412984">
        <ele>337.329883</ele>
        <time>2023-11-25T18:34:35.665Z</time>
      </trkpt>
      <trkpt lat="41.055709" lon="16.413563">
        <ele>337.336355</ele>
        <time>2023-11-25T18:34:54.429Z</time>
      </trkpt>
      <trkpt lat="41.055413" lon="16.413960">
        <ele>337.341575</ele>
        <time>2023-11-25T18:35:09.902Z</time>
      </trkpt>
      <trkpt lat="41.055169" lon="16.414186">
        <ele>337.345266</ele>
        <time>2023-11-25T18:35:20.990Z</time>
      </trkpt>
      <trkpt lat="41.053555" lon="16.416425">
        <ele>340.397559</ele>
        <time>2023-11-25T18:36:55.967Z</time>
      </trkpt>
      <trkpt lat="41.053516" lon="16.416479">
        <ele>340.645414</ele>
        <time>2023-11-25T18:36:58.723Z</time>
      </trkpt>
      <trkpt lat="41.052924" lon="16.417555">
        <ele>345.060635</ele>
        <time>2023-11-25T18:37:52.967Z</time>
      </trkpt>
      <trkpt lat="41.052668" lon="16.417319">
        <ele>346.431174</ele>
        <time>2023-11-25T18:38:12.477Z</time>
      </trkpt>
      <trkpt lat="41.052435" lon="16.417198">
        <ele>347.941034</ele>
        <time>2023-11-25T18:38:28.976Z</time>
      </trkpt>
      <trkpt lat="41.052042" lon="16.417155">
        <ele>351.431422</ele>
        <time>2023-11-25T18:38:56.317Z</time>
      </trkpt>
      <trkpt lat="41.051689" lon="16.416815">
        <ele>355.293169</ele>
        <time>2023-11-25T18:39:28.873Z</time>
      </trkpt>
      <trkpt lat="41.051494" lon="16.416881">
        <ele>357.074511</ele>
        <time>2023-11-25T18:39:44.896Z</time>
      </trkpt>
      <trkpt lat="41.050746" lon="16.416263">
        <ele>364.268102</ele>
        <time>2023-11-25T18:40:53.252Z</time>
      </trkpt>
      <trkpt lat="41.049846" lon="16.415801">
        <ele>369.973393</ele>
        <time>2023-11-25T18:41:54.463Z</time>
      </trkpt>
      <trkpt lat="41.049654" lon="16.416060">
        <ele>371.592538</ele>
        <time>2023-11-25T18:42:08.944Z</time>
      </trkpt>
      <trkpt lat="41.048922" lon="16.417017">
        <ele>375.010201</ele>
        <time>2023-11-25T18:42:56.927Z</time>
      </trkpt>
      <trkpt lat="41.048737" lon="16.417208">
        <ele>375.472324</ele>
        <time>2023-11-25T18:43:06.951Z</time>
      </trkpt>
      <trkpt lat="41.048675" lon="16.417236">
        <ele>375.601417</ele>
        <time>2023-11-25T18:43:09.609Z</time>
      </trkpt>
      <trkpt lat="41.048418" lon="16.417243">
        <ele>376.108065</ele>
        <time>2023-11-25T18:43:20.807Z</time>
      </trkpt>
      <trkpt lat="41.048063" lon="16.417134">
        <ele>376.826275</ele>
        <time>2023-11-25T18:43:36.913Z</time>
      </trkpt>
      <trkpt lat="41.047830" lon="16.417138">
        <ele>377.270059</ele>
        <time>2023-11-25T18:43:47.180Z</time>
      </trkpt>
      <trkpt lat="41.047642" lon="16.417282">
        <ele>377.588118</ele>
        <time>2023-11-25T18:43:56.551Z</time>
      </trkpt>
      <trkpt lat="41.047607" lon="16.417322">
        <ele>377.655807</ele>
        <time>2023-11-25T18:43:58.436Z</time>
      </trkpt>
      <trkpt lat="41.047134" lon="16.417893">
        <ele>378.592882</ele>
        <time>2023-11-25T18:44:25.038Z</time>
      </trkpt>
      <trkpt lat="41.047018" lon="16.418063">
        <ele>378.846168</ele>
        <time>2023-11-25T18:44:32.290Z</time>
      </trkpt>
      <trkpt lat="41.047021" lon="16.418427">
        <ele>379.248347</ele>
        <time>2023-11-25T18:44:43.955Z</time>
      </trkpt>
      <trkpt lat="41.046965" lon="16.418557">
        <ele>379.413751</ele>
        <time>2023-11-25T18:44:48.938Z</time>
      </trkpt>
      <trkpt lat="41.046851" lon="16.418729">
        <ele>379.666737</ele>
        <time>2023-11-25T18:44:56.719Z</time>
      </trkpt>
      <trkpt lat="41.046603" lon="16.419134">
        <ele>380.196894</ele>
        <time>2023-11-25T18:45:14.386Z</time>
      </trkpt>
      <trkpt lat="41.046505" lon="16.419255">
        <ele>380.369391</ele>
        <time>2023-11-25T18:45:20.246Z</time>
      </trkpt>
      <trkpt lat="41.046407" lon="16.419305">
        <ele>380.504654</ele>
        <time>2023-11-25T18:45:24.798Z</time>
      </trkpt>
      <trkpt lat="41.045850" lon="16.419440">
        <ele>381.234050</ele>
        <time>2023-11-25T18:45:47.780Z</time>
      </trkpt>
      <trkpt lat="41.045377" lon="16.419989">
        <ele>382.043819</ele>
        <time>2023-11-25T18:46:13.594Z</time>
      </trkpt>
      <trkpt lat="41.045325" lon="16.420069">
        <ele>382.146423</ele>
        <time>2023-11-25T18:46:16.978Z</time>
      </trkpt>
      <trkpt lat="41.045315" lon="16.420152">
        <ele>382.185508</ele>
        <time>2023-11-25T18:46:19.757Z</time>
      </trkpt>
      <trkpt lat="41.045342" lon="16.420442">
        <ele>382.232434</ele>
        <time>2023-11-25T18:46:29.705Z</time>
      </trkpt>
      <trkpt lat="41.045329" lon="16.420919">
        <ele>382.309087</ele>
        <time>2023-11-25T18:46:45.340Z</time>
      </trkpt>
      <trkpt lat="41.045288" lon="16.421087">
        <ele>382.337444</ele>
        <time>2023-11-25T18:46:50.809Z</time>
      </trkpt>
      <trkpt lat="41.045211" lon="16.421198">
        <ele>382.361663</ele>
        <time>2023-11-25T18:46:55.460Z</time>
      </trkpt>
      <trkpt lat="41.044324" lon="16.421877">
        <ele>382.484599</ele>
        <time>2023-11-25T18:47:31.014Z</time>
      </trkpt>
      <trkpt lat="41.044201" lon="16.421926">
        <ele>382.379743</ele>
        <time>2023-11-25T18:47:35.083Z</time>
      </trkpt>
      <trkpt lat="41.044068" lon="16.422034">
        <ele>382.252411</ele>
        <time>2023-11-25T18:47:40.007Z</time>
      </trkpt>
      <trkpt lat="41.043262" lon="16.422522">
        <ele>381.529001</ele>
        <time>2023-11-25T18:48:09.043Z</time>
      </trkpt>
      <trkpt lat="41.042648" lon="16.423248">
        <ele>381.138831</ele>
        <time>2023-11-25T18:48:40.093Z</time>
      </trkpt>
      <trkpt lat="41.042007" lon="16.424007">
        <ele>381.280315</ele>
        <time>2023-11-25T18:49:14.497Z</time>
      </trkpt>
      <trkpt lat="41.041943" lon="16.424069">
        <ele>381.293364</ele>
        <time>2023-11-25T18:49:17.739Z</time>
      </trkpt>
      <trkpt lat="41.041635" lon="16.424363">
        <ele>381.355843</ele>
        <time>2023-11-25T18:49:32.949Z</time>
      </trkpt>
      <trkpt lat="41.037351" lon="16.426811">
        <ele>375.018066</ele>
        <time>2023-11-25T18:52:04.111Z</time>
      </trkpt>
      <trkpt lat="41.037095" lon="16.426932">
        <ele>374.666365</ele>
        <time>2023-11-25T18:52:13.357Z</time>
      </trkpt>
      <trkpt lat="41.036123" lon="16.427521">
        <ele>373.311323</ele>
        <time>2023-11-25T18:52:49.382Z</time>
      </trkpt>
      <trkpt lat="41.035241" lon="16.428017">
        <ele>372.135871</ele>
        <time>2023-11-25T18:53:21.442Z</time>
      </trkpt>
      <trkpt lat="41.034968" lon="16.428108">
        <ele>371.790504</ele>
        <time>2023-11-25T18:53:30.635Z</time>
      </trkpt>
      <trkpt lat="41.034575" lon="16.428172">
        <ele>371.236007</ele>
        <time>2023-11-25T18:53:43.372Z</time>
      </trkpt>
      <trkpt lat="41.034092" lon="16.428100">
        <ele>370.507649</ele>
        <time>2023-11-25T18:53:58.929Z</time>
      </trkpt>
      <trkpt lat="41.033830" lon="16.427979">
        <ele>370.091888</ele>
        <time>2023-11-25T18:54:07.914Z</time>
      </trkpt>
      <trkpt lat="41.032626" lon="16.427304">
        <ele>368.264848</ele>
        <time>2023-11-25T18:54:50.775Z</time>
      </trkpt>
      <trkpt lat="41.031495" lon="16.426671">
        <ele>366.733609</ele>
        <time>2023-11-25T18:55:30.810Z</time>
      </trkpt>
      <trkpt lat="41.031431" lon="16.426635">
        <ele>366.706250</ele>
        <time>2023-11-25T18:55:33.327Z</time>
      </trkpt>
      <trkpt lat="41.031335" lon="16.426577">
        <ele>366.840686</ele>
        <time>2023-11-25T18:55:36.796Z</time>
      </trkpt>
      <trkpt lat="41.031092" lon="16.426150">
        <ele>367.354841</ele>
        <time>2023-11-25T18:55:52.058Z</time>
      </trkpt>
      <trkpt lat="41.030970" lon="16.425984">
        <ele>367.577620</ele>
        <time>2023-11-25T18:55:59.477Z</time>
      </trkpt>
      <trkpt lat="41.030851" lon="16.425926">
        <ele>367.739183</ele>
        <time>2023-11-25T18:56:04.318Z</time>
      </trkpt>
      <trkpt lat="41.030749" lon="16.425912">
        <ele>367.869854</ele>
        <time>2023-11-25T18:56:08.697Z</time>
      </trkpt>
      <trkpt lat="41.029246" lon="16.426301">
        <ele>370.733871</ele>
        <time>2023-11-25T18:57:21.409Z</time>
      </trkpt>
      <trkpt lat="41.029140" lon="16.426353">
        <ele>371.031984</ele>
        <time>2023-11-25T18:57:27.380Z</time>
      </trkpt>
      <trkpt lat="41.029076" lon="16.426388">
        <ele>371.214589</ele>
        <time>2023-11-25T18:57:30.989Z</time>
      </trkpt>
      <trkpt lat="41.028794" lon="16.426559">
        <ele>372.032508</ele>
        <time>2023-11-25T18:57:46.739Z</time>
      </trkpt>
      <trkpt lat="41.027386" lon="16.427377">
        <ele>374.695581</ele>
        <time>2023-11-25T18:58:56.086Z</time>
      </trkpt>
      <trkpt lat="41.027239" lon="16.427541">
        <ele>374.905403</ele>
        <time>2023-11-25T18:59:03.789Z</time>
      </trkpt>
      <trkpt lat="41.026479" lon="16.428670">
        <ele>375.472746</ele>
        <time>2023-11-25T18:59:46.328Z</time>
      </trkpt>
      <trkpt lat="41.026094" lon="16.429028">
        <ele>375.252712</ele>
        <time>2023-11-25T19:00:03.217Z</time>
      </trkpt>
      <trkpt lat="41.025823" lon="16.429195">
        <ele>375.112885</ele>
        <time>2023-11-25T19:00:13.858Z</time>
      </trkpt>
      <trkpt lat="41.025617" lon="16.429258">
        <ele>375.013971</ele>
        <time>2023-11-25T19:00:21.364Z</time>
      </trkpt>
      <trkpt lat="41.025429" lon="16.429278">
        <ele>374.925727</ele>
        <time>2023-11-25T19:00:28.119Z</time>
      </trkpt>
      <trkpt lat="41.024528" lon="16.429199">
        <ele>372.279198</ele>
        <time>2023-11-25T19:00:57.416Z</time>
      </trkpt>
      <trkpt lat="41.024333" lon="16.429219">
        <ele>371.574089</ele>
        <time>2023-11-25T19:01:03.208Z</time>
      </trkpt>
      <trkpt lat="41.024077" lon="16.429301">
        <ele>370.624602</ele>
        <time>2023-11-25T19:01:10.656Z</time>
      </trkpt>
      <trkpt lat="41.023844" lon="16.429438">
        <ele>369.705661</ele>
        <time>2023-11-25T19:01:17.622Z</time>
      </trkpt>
      <trkpt lat="41.023654" lon="16.429426">
        <ele>369.019902</ele>
        <time>2023-11-25T19:01:22.767Z</time>
      </trkpt>
      <trkpt lat="41.023670" lon="16.429534">
        <ele>368.720546</ele>
        <time>2023-11-25T19:01:24.975Z</time>
      </trkpt>
      <trkpt lat="41.023424" lon="16.429683">
        <ele>367.433862</ele>
        <time>2023-11-25T19:01:32.053Z</time>
      </trkpt>
      <trkpt lat="41.023326" lon="16.429699">
        <ele>366.894558</ele>
        <time>2023-11-25T19:01:34.594Z</time>
      </trkpt>
      <trkpt lat="41.023218" lon="16.429652">
        <ele>366.273701</ele>
        <time>2023-11-25T19:01:37.541Z</time>
      </trkpt>
      <trkpt lat="41.023098" lon="16.429651">
        <ele>365.618269</ele>
        <time>2023-11-25T19:01:40.660Z</time>
      </trkpt>
      <trkpt lat="41.023022" lon="16.429798">
        <ele>364.883951</ele>
        <time>2023-11-25T19:01:44.119Z</time>
      </trkpt>
      <trkpt lat="41.023028" lon="16.429912">
        <ele>364.413054</ele>
        <time>2023-11-25T19:01:46.314Z</time>
      </trkpt>
      <trkpt lat="41.022998" lon="16.430002">
        <ele>364.007611</ele>
        <time>2023-11-25T19:01:48.230Z</time>
      </trkpt>
      <trkpt lat="41.022924" lon="16.430052">
        <ele>363.553951</ele>
        <time>2023-11-25T19:01:50.376Z</time>
      </trkpt>
      <trkpt lat="41.022763" lon="16.430167">
        <ele>362.555040</ele>
        <time>2023-11-25T19:01:55.080Z</time>
      </trkpt>
      <trkpt lat="41.022556" lon="16.430789">
        <ele>359.753695</ele>
        <time>2023-11-25T19:02:08.865Z</time>
      </trkpt>
      <trkpt lat="41.022477" lon="16.430901">
        <ele>359.121891</ele>
        <time>2023-11-25T19:02:12.173Z</time>
      </trkpt>
      <trkpt lat="41.022235" lon="16.431631">
        <ele>360.383176</ele>
        <time>2023-11-25T19:02:33.104Z</time>
      </trkpt>
      <trkpt lat="41.022273" lon="16.431865">
        <ele>361.063787</ele>
        <time>2023-11-25T19:02:41.781Z</time>
      </trkpt>
      <trkpt lat="41.022122" lon="16.432167">
        <ele>362.093980</ele>
        <time>2023-11-25T19:02:56.699Z</time>
      </trkpt>
      <trkpt lat="41.021538" lon="16.433529">
        <ele>367.095324</ele>
        <time>2023-11-25T19:04:15.723Z</time>
      </trkpt>
      <trkpt lat="41.021493" lon="16.433636">
        <ele>367.596873</ele>
        <time>2023-11-25T19:04:22.401Z</time>
      </trkpt>
      <trkpt lat="41.021321" lon="16.434062">
        <ele>369.575075</ele>
        <time>2023-11-25T19:04:47.354Z</time>
      </trkpt>
      <trkpt lat="41.021269" lon="16.434065">
        <ele>369.857530</ele>
        <time>2023-11-25T19:04:50.702Z</time>
      </trkpt>
      <trkpt lat="41.021237" lon="16.434157">
        <ele>370.272304</ele>
        <time>2023-11-25T19:04:55.619Z</time>
      </trkpt>
      <trkpt lat="41.021260" lon="16.434211">
        <ele>370.526193</ele>
        <time>2023-11-25T19:04:58.553Z</time>
      </trkpt>
      <trkpt lat="41.021191" lon="16.434407">
        <ele>371.411728</ele>
        <time>2023-11-25T19:05:08.617Z</time>
      </trkpt>
      <trkpt lat="41.021119" lon="16.434644">
        <ele>372.457781</ele>
        <time>2023-11-25T19:05:19.453Z</time>
      </trkpt>
      <trkpt lat="41.021096" lon="16.434841">
        <ele>373.273952</ele>
        <time>2023-11-25T19:05:27.457Z</time>
      </trkpt>
      <trkpt lat="41.021072" lon="16.436154">
        <ele>374.874485</ele>
        <time>2023-11-25T19:06:08.113Z</time>
      </trkpt>
      <trkpt lat="41.021051" lon="16.436371">
        <ele>374.826568</ele>
        <time>2023-11-25T19:06:13.659Z</time>
      </trkpt>
      <trkpt lat="41.021015" lon="16.436515">
        <ele>374.793344</ele>
        <time>2023-11-25T19:06:17.507Z</time>
      </trkpt>
      <trkpt lat="41.020941" lon="16.436661">
        <ele>374.754821</ele>
        <time>2023-11-25T19:06:21.847Z</time>
      </trkpt>
      <trkpt lat="41.020853" lon="16.436925">
        <ele>374.691609</ele>
        <time>2023-11-25T19:06:28.872Z</time>
      </trkpt>
      <trkpt lat="41.020673" lon="16.437206">
        <ele>374.610874</ele>
        <time>2023-11-25T19:06:37.866Z</time>
      </trkpt>
      <trkpt lat="41.019784" lon="16.438076">
        <ele>373.971247</ele>
        <time>2023-11-25T19:07:14.588Z</time>
      </trkpt>
      <trkpt lat="41.019528" lon="16.438453">
        <ele>373.720739</ele>
        <time>2023-11-25T19:07:28.189Z</time>
      </trkpt>
      <trkpt lat="41.019259" lon="16.438962">
        <ele>373.413806</ele>
        <time>2023-11-25T19:07:45.580Z</time>
      </trkpt>
      <trkpt lat="41.019180" lon="16.439237">
        <ele>373.444825</ele>
        <time>2023-11-25T19:07:53.941Z</time>
      </trkpt>
      <trkpt lat="41.019059" lon="16.439654">
        <ele>373.620311</ele>
        <time>2023-11-25T19:08:06.816Z</time>
      </trkpt>
      <trkpt lat="41.018899" lon="16.440372">
        <ele>373.914372</ele>
        <time>2023-11-25T19:08:28.817Z</time>
      </trkpt>
      <trkpt lat="41.018225" lon="16.443540">
        <ele>376.038122</ele>
        <time>2023-11-25T19:10:09.075Z</time>
      </trkpt>
      <trkpt lat="41.016250" lon="16.444156">
        <ele>380.218192</ele>
        <time>2023-11-25T19:11:41.800Z</time>
      </trkpt>
      <trkpt lat="41.016126" lon="16.444211">
        <ele>380.527273</ele>
        <time>2023-11-25T19:11:48.062Z</time>
      </trkpt>
      <trkpt lat="41.016005" lon="16.444332">
        <ele>380.885565</ele>
        <time>2023-11-25T19:11:55.329Z</time>
      </trkpt>
      <trkpt lat="41.015911" lon="16.444383">
        <ele>381.125653</ele>
        <time>2023-11-25T19:12:00.192Z</time>
      </trkpt>
      <trkpt lat="41.015645" lon="16.444428">
        <ele>381.759507</ele>
        <time>2023-11-25T19:12:13.096Z</time>
      </trkpt>
      <trkpt lat="41.013485" lon="16.446774">
        <ele>387.679865</ele>
        <time>2023-11-25T19:14:21.385Z</time>
      </trkpt>
      <trkpt lat="41.013417" lon="16.446867">
        <ele>387.703041</ele>
        <time>2023-11-25T19:14:25.322Z</time>
      </trkpt>
      <trkpt lat="41.013391" lon="16.446998">
        <ele>387.727283</ele>
        <time>2023-11-25T19:14:29.268Z</time>
      </trkpt>
      <trkpt lat="41.013369" lon="16.447100">
        <ele>387.746269</ele>
        <time>2023-11-25T19:14:32.314Z</time>
      </trkpt>
      <trkpt lat="41.013282" lon="16.447217">
        <ele>387.775667</ele>
        <time>2023-11-25T19:14:37.196Z</time>
      </trkpt>
      <trkpt lat="41.013067" lon="16.447248">
        <ele>387.826962</ele>
        <time>2023-11-25T19:14:45.364Z</time>
      </trkpt>
      <trkpt lat="41.012995" lon="16.447301">
        <ele>387.846496</ele>
        <time>2023-11-25T19:14:48.531Z</time>
      </trkpt>
      <trkpt lat="41.012495" lon="16.447835">
        <ele>387.998802</ele>
        <time>2023-11-25T19:15:13.540Z</time>
      </trkpt>
      <trkpt lat="41.012020" lon="16.448361">
        <ele>387.729665</ele>
        <time>2023-11-25T19:15:34.363Z</time>
      </trkpt>
      <trkpt lat="41.011904" lon="16.448537">
        <ele>387.366271</ele>
        <time>2023-11-25T19:15:40.387Z</time>
      </trkpt>
      <trkpt lat="41.011818" lon="16.448730">
        <ele>387.017721</ele>
        <time>2023-11-25T19:15:45.793Z</time>
      </trkpt>
      <trkpt lat="41.011593" lon="16.448932">
        <ele>386.457649</ele>
        <time>2023-11-25T19:15:54.829Z</time>
      </trkpt>
      <trkpt lat="41.012078" lon="16.449700">
        <ele>384.900301</ele>
        <time>2023-11-25T19:16:08.665Z</time>
      </trkpt>
      <trkpt lat="41.011981" lon="16.449877">
        <ele>384.560124</ele>
        <time>2023-11-25T19:16:13.659Z</time>
      </trkpt>
      <trkpt lat="41.011960" lon="16.449990">
        <ele>384.345436</ele>
        <time>2023-11-25T19:16:16.239Z</time>
      </trkpt>
      <trkpt lat="41.012091" lon="16.450647">
        <ele>381.169530</ele>
        <time>2023-11-25T19:16:30.530Z</time>
      </trkpt>
      <trkpt lat="41.012106" lon="16.450931">
        <ele>379.838999</ele>
        <time>2023-11-25T19:16:36.155Z</time>
      </trkpt>
      <trkpt lat="41.012087" lon="16.451254">
        <ele>378.324867</ele>
        <time>2023-11-25T19:16:42.476Z</time>
      </trkpt>
      <trkpt lat="41.012006" lon="16.451468">
        <ele>377.205956</ele>
        <time>2023-11-25T19:16:47.077Z</time>
      </trkpt>
      <trkpt lat="41.011860" lon="16.451624">
        <ele>376.044383</ele>
        <time>2023-11-25T19:16:51.901Z</time>
      </trkpt>
      <trkpt lat="41.011369" lon="16.451828">
        <ele>372.824036</ele>
        <time>2023-11-25T19:17:05.150Z</time>
      </trkpt>
      <trkpt lat="41.011315" lon="16.451911">
        <ele>372.269016</ele>
        <time>2023-11-25T19:17:07.276Z</time>
      </trkpt>
      <trkpt lat="41.011300" lon="16.452065">
        <ele>371.482619</ele>
        <time>2023-11-25T19:17:10.283Z</time>
      </trkpt>
      <trkpt lat="41.011333" lon="16.452631">
        <ele>368.607594</ele>
        <time>2023-11-25T19:17:21.294Z</time>
      </trkpt>
      <trkpt lat="41.011241" lon="16.452651">
        <ele>367.981872</ele>
        <time>2023-11-25T19:17:23.722Z</time>
      </trkpt>
      <trkpt lat="41.011121" lon="16.452745">
        <ele>367.046301</ele>
        <time>2023-11-25T19:17:27.320Z</time>
      </trkpt>
      <trkpt lat="41.011033" lon="16.452759">
        <ele>366.451438</ele>
        <time>2023-11-25T19:17:29.593Z</time>
      </trkpt>
      <trkpt lat="41.010804" lon="16.452616">
        <ele>364.752396</ele>
        <time>2023-11-25T19:17:36.186Z</time>
      </trkpt>
      <trkpt lat="41.010564" lon="16.452564">
        <ele>363.120220</ele>
        <time>2023-11-25T19:17:42.567Z</time>
      </trkpt>
      <trkpt lat="41.009986" lon="16.452564">
        <ele>360.557161</ele>
        <time>2023-11-25T19:17:58.228Z</time>
      </trkpt>
      <trkpt lat="41.009911" lon="16.452624">
        <ele>360.367475</ele>
        <time>2023-11-25T19:18:00.779Z</time>
      </trkpt>
      <trkpt lat="41.009867" lon="16.452749">
        <ele>360.142115</ele>
        <time>2023-11-25T19:18:03.819Z</time>
      </trkpt>
      <trkpt lat="41.009890" lon="16.452882">
        <ele>359.919178</ele>
        <time>2023-11-25T19:18:06.846Z</time>
      </trkpt>
      <trkpt lat="41.009957" lon="16.453038">
        <ele>359.625904</ele>
        <time>2023-11-25T19:18:11.004Z</time>
      </trkpt>
      <trkpt lat="41.010273" lon="16.453524">
        <ele>358.577735</ele>
        <time>2023-11-25T19:18:26.836Z</time>
      </trkpt>
      <trkpt lat="41.010613" lon="16.453962">
        <ele>357.551058</ele>
        <time>2023-11-25T19:18:43.384Z</time>
      </trkpt>
      <trkpt lat="41.010808" lon="16.454048">
        <ele>357.514484</ele>
        <time>2023-11-25T19:18:51.159Z</time>
      </trkpt>
      <trkpt lat="41.011011" lon="16.454239">
        <ele>358.175121</ele>
        <time>2023-11-25T19:19:01.173Z</time>
      </trkpt>
      <trkpt lat="41.011037" lon="16.454320">
        <ele>358.351375</ele>
        <time>2023-11-25T19:19:03.901Z</time>
      </trkpt>
      <trkpt lat="41.011036" lon="16.454645">
        <ele>359.002144</ele>
        <time>2023-11-25T19:19:14.642Z</time>
      </trkpt>
      <trkpt lat="41.010972" lon="16.454914">
        <ele>359.566916</ele>
        <time>2023-11-25T19:19:24.680Z</time>
      </trkpt>
      <trkpt lat="41.010920" lon="16.454977">
        <ele>359.753874</ele>
        <time>2023-11-25T19:19:28.094Z</time>
      </trkpt>
      <trkpt lat="41.010874" lon="16.454990">
        <ele>359.878684</ele>
        <time>2023-11-25T19:19:30.432Z</time>
      </trkpt>
      <trkpt lat="41.010572" lon="16.454870">
        <ele>360.715314</ele>
        <time>2023-11-25T19:19:46.815Z</time>
      </trkpt>
      <trkpt lat="41.010436" lon="16.454855">
        <ele>361.077449</ele>
        <time>2023-11-25T19:19:54.169Z</time>
      </trkpt>
      <trkpt lat="41.010281" lon="16.454889">
        <ele>361.494350</ele>
        <time>2023-11-25T19:20:02.913Z</time>
      </trkpt>
      <trkpt lat="41.009819" lon="16.455234">
        <ele>363.411388</ele>
        <time>2023-11-25T19:20:32.779Z</time>
      </trkpt>
      <trkpt lat="41.009422" lon="16.455961">
        <ele>366.300138</ele>
        <time>2023-11-25T19:21:10.020Z</time>
      </trkpt>
      <trkpt lat="41.009155" lon="16.456552">
        <ele>368.517494</ele>
        <time>2023-11-25T19:21:37.702Z</time>
      </trkpt>
      <trkpt lat="41.009147" lon="16.456657">
        <ele>368.857214</ele>
        <time>2023-11-25T19:21:41.857Z</time>
      </trkpt>
      <trkpt lat="41.009228" lon="16.456733">
        <ele>369.280592</ele>
        <time>2023-11-25T19:21:47.065Z</time>
      </trkpt>
      <trkpt lat="41.009291" lon="16.456701">
        <ele>369.568408</ele>
        <time>2023-11-25T19:21:50.596Z</time>
      </trkpt>
      <trkpt lat="41.009548" lon="16.456434">
        <ele>370.558275</ele>
        <time>2023-11-25T19:22:07.711Z</time>
      </trkpt>
      <trkpt lat="41.009699" lon="16.456301">
        <ele>371.077399</ele>
        <time>2023-11-25T19:22:17.162Z</time>
      </trkpt>
      <trkpt lat="41.009783" lon="16.456260">
        <ele>371.333700</ele>
        <time>2023-11-25T19:22:21.763Z</time>
      </trkpt>
      <trkpt lat="41.010242" lon="16.456287">
        <ele>372.649193</ele>
        <time>2023-11-25T19:22:44.659Z</time>
      </trkpt>
      <trkpt lat="41.010597" lon="16.456371">
        <ele>373.681696</ele>
        <time>2023-11-25T19:23:01.573Z</time>
      </trkpt>
      <trkpt lat="41.010683" lon="16.456408">
        <ele>373.940581</ele>
        <time>2023-11-25T19:23:05.649Z</time>
      </trkpt>
      <trkpt lat="41.010749" lon="16.456505">
        <ele>374.222767</ele>
        <time>2023-11-25T19:23:10.131Z</time>
      </trkpt>
      <trkpt lat="41.010853" lon="16.456829">
        <ele>374.910216</ele>
        <time>2023-11-25T19:23:21.836Z</time>
      </trkpt>
      <trkpt lat="41.010899" lon="16.457090">
        <ele>375.058112</ele>
        <time>2023-11-25T19:23:30.703Z</time>
      </trkpt>
      <trkpt lat="41.010905" lon="16.457318">
        <ele>375.183998</ele>
        <time>2023-11-25T19:23:38.006Z</time>
      </trkpt>
      <trkpt lat="41.010901" lon="16.457545">
        <ele>375.309291</ele>
        <time>2023-11-25T19:23:45.391Z</time>
      </trkpt>
      <trkpt lat="41.010970" lon="16.457943">
        <ele>375.534629</ele>
        <time>2023-11-25T19:23:58.147Z</time>
      </trkpt>
      <trkpt lat="41.011406" lon="16.460188">
        <ele>376.432357</ele>
        <time>2023-11-25T19:25:02.906Z</time>
      </trkpt>
      <trkpt lat="41.012513" lon="16.465879">
        <ele>377.760883</ele>
        <time>2023-11-25T19:27:53.634Z</time>
      </trkpt>
      <trkpt lat="41.012534" lon="16.466094">
        <ele>377.789225</ele>
        <time>2023-11-25T19:27:59.904Z</time>
      </trkpt>
      <trkpt lat="41.012507" lon="16.466459">
        <ele>377.702030</ele>
        <time>2023-11-25T19:28:10.429Z</time>
      </trkpt>
      <trkpt lat="41.012399" lon="16.466806">
        <ele>377.612789</ele>
        <time>2023-11-25T19:28:21.073Z</time>
      </trkpt>
      <trkpt lat="41.012315" lon="16.466955">
        <ele>377.568569</ele>
        <time>2023-11-25T19:28:26.136Z</time>
      </trkpt>
      <trkpt lat="41.011932" lon="16.467444">
        <ele>377.401000</ele>
        <time>2023-11-25T19:28:45.258Z</time>
      </trkpt>
      <trkpt lat="41.009952" lon="16.469806">
        <ele>375.242609</ele>
        <time>2023-11-25T19:30:15.114Z</time>
      </trkpt>
      <trkpt lat="41.009877" lon="16.469941">
        <ele>375.157824</ele>
        <time>2023-11-25T19:30:19.509Z</time>
      </trkpt>
      <trkpt lat="41.009820" lon="16.470088">
        <ele>375.074236</ele>
        <time>2023-11-25T19:30:23.826Z</time>
      </trkpt>
      <trkpt lat="41.009800" lon="16.470338">
        <ele>374.947089</ele>
        <time>2023-11-25T19:30:30.394Z</time>
      </trkpt>
      <trkpt lat="41.010010" lon="16.471942">
        <ele>374.233537</ele>
        <time>2023-11-25T19:31:13.638Z</time>
      </trkpt>
      <trkpt lat="41.010031" lon="16.472231">
        <ele>374.200818</ele>
        <time>2023-11-25T19:31:21.533Z</time>
      </trkpt>
      <trkpt lat="41.009998" lon="16.472496">
        <ele>374.170551</ele>
        <time>2023-11-25T19:31:28.784Z</time>
      </trkpt>
      <trkpt lat="41.009921" lon="16.472748">
        <ele>374.139914</ele>
        <time>2023-11-25T19:31:36.039Z</time>
      </trkpt>
      <trkpt lat="41.009821" lon="16.472941">
        <ele>374.113531</ele>
        <time>2023-11-25T19:31:42.330Z</time>
      </trkpt>
      <trkpt lat="41.009721" lon="16.473081">
        <ele>374.091807</ele>
        <time>2023-11-25T19:31:47.606Z</time>
      </trkpt>
      <trkpt lat="41.009285" lon="16.473530">
        <ele>374.009347</ele>
        <time>2023-11-25T19:32:08.264Z</time>
      </trkpt>
      <trkpt lat="41.008954" lon="16.473848">
        <ele>374.040405</ele>
        <time>2023-11-25T19:32:24.399Z</time>
      </trkpt>
      <trkpt lat="41.008719" lon="16.474120">
        <ele>374.083012</ele>
        <time>2023-11-25T19:32:36.904Z</time>
      </trkpt>
      <trkpt lat="41.008653" lon="16.474233">
        <ele>374.097736</ele>
        <time>2023-11-25T19:32:41.304Z</time>
      </trkpt>
      <trkpt lat="41.008538" lon="16.474534">
        <ele>374.132502</ele>
        <time>2023-11-25T19:32:51.625Z</time>
      </trkpt>
      <trkpt lat="41.008507" lon="16.474744">
        <ele>374.154551</ele>
        <time>2023-11-25T19:32:57.789Z</time>
      </trkpt>
      <trkpt lat="41.008503" lon="16.474965">
        <ele>374.177331</ele>
        <time>2023-11-25T19:33:03.693Z</time>
      </trkpt>
      <trkpt lat="41.008549" lon="16.475307">
        <ele>374.213128</ele>
        <time>2023-11-25T19:33:12.874Z</time>
      </trkpt>
      <trkpt lat="41.008649" lon="16.476526">
        <ele>373.897267</ele>
        <time>2023-11-25T19:33:44.598Z</time>
      </trkpt>
      <trkpt lat="41.008638" lon="16.476652">
        <ele>373.851033</ele>
        <time>2023-11-25T19:33:47.843Z</time>
      </trkpt>
      <trkpt lat="41.008598" lon="16.476774">
        <ele>373.802547</ele>
        <time>2023-11-25T19:33:51.399Z</time>
      </trkpt>
      <trkpt lat="41.008522" lon="16.476904">
        <ele>373.742604</ele>
        <time>2023-11-25T19:33:55.880Z</time>
      </trkpt>
      <trkpt lat="41.008421" lon="16.477010">
        <ele>373.680370</ele>
        <time>2023-11-25T19:34:00.451Z</time>
      </trkpt>
      <trkpt lat="41.007782" lon="16.477186">
        <ele>373.371020</ele>
        <time>2023-11-25T19:34:24.312Z</time>
      </trkpt>
      <trkpt lat="41.007631" lon="16.477252">
        <ele>373.350299</ele>
        <time>2023-11-25T19:34:29.839Z</time>
      </trkpt>
      <trkpt lat="41.007538" lon="16.477353">
        <ele>373.334629</ele>
        <time>2023-11-25T19:34:34.247Z</time>
      </trkpt>
      <trkpt lat="41.006947" lon="16.478530">
        <ele>373.195598</ele>
        <time>2023-11-25T19:35:12.975Z</time>
      </trkpt>
      <trkpt lat="41.006981" lon="16.479667">
        <ele>373.010514</ele>
        <time>2023-11-25T19:35:45.379Z</time>
      </trkpt>
      <trkpt lat="41.006943" lon="16.479909">
        <ele>372.953927</ele>
        <time>2023-11-25T19:35:52.117Z</time>
      </trkpt>
      <trkpt lat="41.006826" lon="16.480134">
        <ele>372.891372</ele>
        <time>2023-11-25T19:35:59.190Z</time>
      </trkpt>
      <trkpt lat="41.006089" lon="16.480785">
        <ele>372.622671</ele>
        <time>2023-11-25T19:36:29.033Z</time>
      </trkpt>
      <trkpt lat="41.004493" lon="16.482055">
        <ele>374.538959</ele>
        <time>2023-11-25T19:37:46.412Z</time>
      </trkpt>
      <trkpt lat="41.004384" lon="16.482196">
        <ele>374.884410</ele>
        <time>2023-11-25T19:37:53.404Z</time>
      </trkpt>
      <trkpt lat="41.004381" lon="16.482201">
        <ele>374.896973</ele>
        <time>2023-11-25T19:37:53.609Z</time>
      </trkpt>
      <trkpt lat="41.004261" lon="16.482435">
        <ele>375.453403</ele>
        <time>2023-11-25T19:38:03.816Z</time>
      </trkpt>
      <trkpt lat="41.004172" lon="16.482833">
        <ele>376.269824</ele>
        <time>2023-11-25T19:38:18.925Z</time>
      </trkpt>
      <trkpt lat="41.004231" lon="16.482842">
        <ele>376.424604</ele>
        <time>2023-11-25T19:38:21.658Z</time>
      </trkpt>
      <trkpt lat="41.004429" lon="16.483020">
        <ele>377.048174</ele>
        <time>2023-11-25T19:38:33.187Z</time>
      </trkpt>
      <trkpt lat="41.004185" lon="16.483450">
        <ele>378.106290</ele>
        <time>2023-11-25T19:38:47.542Z</time>
      </trkpt>
      <trkpt lat="41.003357" lon="16.484846">
        <ele>380.562045</ele>
        <time>2023-11-25T19:39:31.599Z</time>
      </trkpt>
      <trkpt lat="41.003129" lon="16.485089">
        <ele>380.986011</ele>
        <time>2023-11-25T19:39:39.537Z</time>
      </trkpt>
      <trkpt lat="41.003079" lon="16.485109">
        <ele>381.061688</ele>
        <time>2023-11-25T19:39:41.037Z</time>
      </trkpt>
      <trkpt lat="41.002851" lon="16.485166">
        <ele>381.397881</ele>
        <time>2023-11-25T19:39:46.593Z</time>
      </trkpt>
      <trkpt lat="41.002721" lon="16.485096">
        <ele>381.601205</ele>
        <time>2023-11-25T19:39:50.197Z</time>
      </trkpt>
      <trkpt lat="41.002767" lon="16.485223">
        <ele>381.755246</ele>
        <time>2023-11-25T19:39:52.423Z</time>
      </trkpt>
      <trkpt lat="41.002766" lon="16.485380">
        <ele>381.802428</ele>
        <time>2023-11-25T19:39:54.969Z</time>
      </trkpt>
      <trkpt lat="41.002717" lon="16.485536">
        <ele>381.579401</ele>
        <time>2023-11-25T19:39:57.926Z</time>
      </trkpt>
      <trkpt lat="41.001338" lon="16.488097">
        <ele>377.239643</ele>
        <time>2023-11-25T19:40:39.169Z</time>
      </trkpt>
      <trkpt lat="41.001261" lon="16.488240">
        <ele>376.974322</ele>
        <time>2023-11-25T19:40:41.421Z</time>
      </trkpt>
      <trkpt lat="41.001091" lon="16.488431">
        <ele>376.528260</ele>
        <time>2023-11-25T19:40:45.205Z</time>
      </trkpt>
      <trkpt lat="41.000511" lon="16.488796">
        <ele>375.243244</ele>
        <time>2023-11-25T19:40:56.603Z</time>
      </trkpt>
      <trkpt lat="41.000064" lon="16.489040">
        <ele>374.953113</ele>
        <time>2023-11-25T19:41:05.682Z</time>
      </trkpt>
      <trkpt lat="40.999814" lon="16.489268">
        <ele>374.830098</ele>
        <time>2023-11-25T19:41:11.680Z</time>
      </trkpt>
      <trkpt lat="40.999752" lon="16.489365">
        <ele>374.791214</ele>
        <time>2023-11-25T19:41:13.688Z</time>
      </trkpt>
      <trkpt lat="40.997834" lon="16.492391">
        <ele>374.599639</ele>
        <time>2023-11-25T19:42:22.705Z</time>
      </trkpt>
      <trkpt lat="40.997039" lon="16.493687">
        <ele>374.376034</ele>
        <time>2023-11-25T19:42:47.789Z</time>
      </trkpt>
      <trkpt lat="40.996885" lon="16.493907">
        <ele>374.335860</ele>
        <time>2023-11-25T19:42:52.667Z</time>
      </trkpt>
      <trkpt lat="40.996774" lon="16.494008">
        <ele>374.373457</ele>
        <time>2023-11-25T19:42:55.591Z</time>
      </trkpt>
      <trkpt lat="40.996758" lon="16.494023">
        <ele>374.407781</ele>
        <time>2023-11-25T19:42:55.981Z</time>
      </trkpt>
      <trkpt lat="40.995256" lon="16.495151">
        <ele>377.431209</ele>
        <time>2023-11-25T19:43:48.214Z</time>
      </trkpt>
      <trkpt lat="40.995303" lon="16.495241">
        <ele>377.531652</ele>
        <time>2023-11-25T19:43:52.110Z</time>
      </trkpt>
      <trkpt lat="40.995209" lon="16.495304">
        <ele>377.640944</ele>
        <time>2023-11-25T19:43:57.470Z</time>
      </trkpt>
      <trkpt lat="40.995008" lon="16.495513">
        <ele>377.906034</ele>
        <time>2023-11-25T19:44:09.871Z</time>
      </trkpt>
      <trkpt lat="40.994478" lon="16.496160">
        <ele>378.653732</ele>
        <time>2023-11-25T19:44:41.452Z</time>
      </trkpt>
      <trkpt lat="40.993961" lon="16.496881">
        <ele>379.122656</ele>
        <time>2023-11-25T19:45:08.907Z</time>
      </trkpt>
      <trkpt lat="40.993864" lon="16.496933">
        <ele>378.891556</ele>
        <time>2023-11-25T19:45:12.287Z</time>
      </trkpt>
      <trkpt lat="40.993668" lon="16.496962">
        <ele>378.455992</ele>
        <time>2023-11-25T19:45:18.643Z</time>
      </trkpt>
      <trkpt lat="40.993580" lon="16.497438">
        <ele>377.639063</ele>
        <time>2023-11-25T19:45:24.817Z</time>
      </trkpt>
      <trkpt lat="40.992812" lon="16.501152">
        <ele>371.313618</ele>
        <time>2023-11-25T19:46:13.422Z</time>
      </trkpt>
      <trkpt lat="40.992790" lon="16.501293">
        <ele>371.418714</ele>
        <time>2023-11-25T19:46:16.364Z</time>
      </trkpt>
      <trkpt lat="40.991493" lon="16.500448">
        <ele>372.816445</ele>
        <time>2023-11-25T19:47:19.358Z</time>
      </trkpt>
      <trkpt lat="40.991441" lon="16.500956">
        <ele>373.019505</ele>
        <time>2023-11-25T19:47:37.347Z</time>
      </trkpt>
      <trkpt lat="40.991431" lon="16.502264">
        <ele>373.202112</ele>
        <time>2023-11-25T19:48:16.095Z</time>
      </trkpt>
      <trkpt lat="40.991402" lon="16.502560">
        <ele>373.243780</ele>
        <time>2023-11-25T19:48:23.518Z</time>
      </trkpt>
      <trkpt lat="40.991425" lon="16.502945">
        <ele>373.297694</ele>
        <time>2023-11-25T19:48:32.937Z</time>
      </trkpt>
      <trkpt lat="40.991416" lon="16.503175">
        <ele>373.242738</ele>
        <time>2023-11-25T19:48:38.637Z</time>
      </trkpt>
      <trkpt lat="40.991388" lon="16.503337">
        <ele>373.154628</ele>
        <time>2023-11-25T19:48:42.753Z</time>
      </trkpt>
      <trkpt lat="40.991286" lon="16.503617">
        <ele>372.989796</ele>
        <time>2023-11-25T19:48:50.491Z</time>
      </trkpt>
      <trkpt lat="40.990853" lon="16.504477">
        <ele>372.441721</ele>
        <time>2023-11-25T19:49:17.234Z</time>
      </trkpt>
      <trkpt lat="40.990775" lon="16.504608">
        <ele>372.353261</ele>
        <time>2023-11-25T19:49:21.768Z</time>
      </trkpt>
      <trkpt lat="40.990619" lon="16.504780">
        <ele>372.210706</ele>
        <time>2023-11-25T19:49:29.047Z</time>
      </trkpt>
      <trkpt lat="40.990361" lon="16.504925">
        <ele>372.065016</ele>
        <time>2023-11-25T19:49:39.350Z</time>
      </trkpt>
      <trkpt lat="40.989497" lon="16.505312">
        <ele>372.374757</ele>
        <time>2023-11-25T19:50:14.739Z</time>
      </trkpt>
      <trkpt lat="40.989358" lon="16.505408">
        <ele>372.427993</ele>
        <time>2023-11-25T19:50:21.115Z</time>
      </trkpt>
      <trkpt lat="40.989151" lon="16.505680">
        <ele>372.527008</ele>
        <time>2023-11-25T19:50:33.147Z</time>
      </trkpt>
      <trkpt lat="40.987209" lon="16.509168">
        <ele>372.873320</ele>
        <time>2023-11-25T19:52:34.929Z</time>
      </trkpt>
      <trkpt lat="40.987156" lon="16.509301">
        <ele>372.877465</ele>
        <time>2023-11-25T19:52:39.100Z</time>
      </trkpt>
      <trkpt lat="40.987124" lon="16.509397">
        <ele>372.880357</ele>
        <time>2023-11-25T19:52:42.000Z</time>
      </trkpt>
      <trkpt lat="40.987110" lon="16.509442">
        <ele>372.881699</ele>
        <time>2023-11-25T19:52:43.337Z</time>
      </trkpt>
      <trkpt lat="40.987078" lon="16.509878">
        <ele>372.893773</ele>
        <time>2023-11-25T19:52:55.594Z</time>
      </trkpt>
      <trkpt lat="40.987167" lon="16.510405">
        <ele>372.911723</ele>
        <time>2023-11-25T19:53:10.774Z</time>
      </trkpt>
      <trkpt lat="40.987228" lon="16.511060">
        <ele>372.935949</ele>
        <time>2023-11-25T19:53:29.397Z</time>
      </trkpt>
      <trkpt lat="40.987293" lon="16.511254">
        <ele>372.943741</ele>
        <time>2023-11-25T19:53:35.448Z</time>
      </trkpt>
      <trkpt lat="40.987376" lon="16.511770">
        <ele>372.963108</ele>
        <time>2023-11-25T19:53:50.412Z</time>
      </trkpt>
      <trkpt lat="40.987408" lon="16.512051">
        <ele>372.973540</ele>
        <time>2023-11-25T19:53:58.497Z</time>
      </trkpt>
      <trkpt lat="40.987406" lon="16.512376">
        <ele>372.985471</ele>
        <time>2023-11-25T19:54:07.577Z</time>
      </trkpt>
      <trkpt lat="40.987359" lon="16.512790">
        <ele>372.962559</ele>
        <time>2023-11-25T19:54:19.228Z</time>
      </trkpt>
      <trkpt lat="40.987280" lon="16.513097">
        <ele>372.941789</ele>
        <time>2023-11-25T19:54:28.228Z</time>
      </trkpt>
      <trkpt lat="40.987188" lon="16.513360">
        <ele>372.923226</ele>
        <time>2023-11-25T19:54:36.205Z</time>
      </trkpt>
      <trkpt lat="40.986941" lon="16.513858">
        <ele>372.885067</ele>
        <time>2023-11-25T19:54:52.671Z</time>
      </trkpt>
      <trkpt lat="40.986665" lon="16.514339">
        <ele>372.846376</ele>
        <time>2023-11-25T19:55:09.266Z</time>
      </trkpt>
      <trkpt lat="40.986410" lon="16.514892">
        <ele>372.805406</ele>
        <time>2023-11-25T19:55:27.233Z</time>
      </trkpt>
      <trkpt lat="40.986284" lon="16.515396">
        <ele>372.772017</ele>
        <time>2023-11-25T19:55:42.031Z</time>
      </trkpt>
      <trkpt lat="40.985662" lon="16.520145">
        <ele>371.730982</ele>
        <time>2023-11-25T19:57:55.563Z</time>
      </trkpt>
      <trkpt lat="40.985661" lon="16.520222">
        <ele>371.675677</ele>
        <time>2023-11-25T19:57:57.465Z</time>
      </trkpt>
      <trkpt lat="40.985560" lon="16.520635">
        <ele>371.363908</ele>
        <time>2023-11-25T19:58:08.096Z</time>
      </trkpt>
      <trkpt lat="40.985503" lon="16.520790">
        <ele>371.240089</ele>
        <time>2023-11-25T19:58:12.258Z</time>
      </trkpt>
      <trkpt lat="40.985262" lon="16.521257">
        <ele>370.833835</ele>
        <time>2023-11-25T19:58:26.002Z</time>
      </trkpt>
      <trkpt lat="40.984914" lon="16.521697">
        <ele>370.436757</ele>
        <time>2023-11-25T19:58:41.466Z</time>
      </trkpt>
      <trkpt lat="40.984687" lon="16.521850">
        <ele>370.231704</ele>
        <time>2023-11-25T19:58:49.567Z</time>
      </trkpt>
      <trkpt lat="40.984462" lon="16.521960">
        <ele>370.038614</ele>
        <time>2023-11-25T19:58:57.379Z</time>
      </trkpt>
      <trkpt lat="40.983664" lon="16.522203">
        <ele>369.379389</ele>
        <time>2023-11-25T19:59:26.289Z</time>
      </trkpt>
      <trkpt lat="40.982903" lon="16.522557">
        <ele>370.277638</ele>
        <time>2023-11-25T20:00:00.489Z</time>
      </trkpt>
      <trkpt lat="40.982466" lon="16.522986">
        <ele>370.984213</ele>
        <time>2023-11-25T20:00:24.519Z</time>
      </trkpt>
      <trkpt lat="40.982232" lon="16.523355">
        <ele>371.456807</ele>
        <time>2023-11-25T20:00:40.326Z</time>
      </trkpt>
      <trkpt lat="40.982012" lon="16.523920">
        <ele>371.922412</ele>
        <time>2023-11-25T20:01:00.992Z</time>
      </trkpt>
      <trkpt lat="40.981915" lon="16.524488">
        <ele>372.279686</ele>
        <time>2023-11-25T20:01:19.313Z</time>
      </trkpt>
      <trkpt lat="40.981963" lon="16.525121">
        <ele>372.669986</ele>
        <time>2023-11-25T20:01:38.509Z</time>
      </trkpt>
      <trkpt lat="40.982158" lon="16.526716">
        <ele>373.566556</ele>
        <time>2023-11-25T20:02:24.176Z</time>
      </trkpt>
      <trkpt lat="40.982143" lon="16.526887">
        <ele>373.653676</ele>
        <time>2023-11-25T20:02:29.193Z</time>
      </trkpt>
      <trkpt lat="40.982221" lon="16.527245">
        <ele>373.842244</ele>
        <time>2023-11-25T20:02:40.040Z</time>
      </trkpt>
      <trkpt lat="40.982275" lon="16.527643">
        <ele>374.046887</ele>
        <time>2023-11-25T20:02:52.236Z</time>
      </trkpt>
      <trkpt lat="40.982470" lon="16.529577">
        <ele>375.515494</ele>
        <time>2023-11-25T20:03:56.585Z</time>
      </trkpt>
      <trkpt lat="40.982742" lon="16.531738">
        <ele>375.912914</ele>
        <time>2023-11-25T20:05:01.272Z</time>
      </trkpt>
      <trkpt lat="40.982943" lon="16.533686">
        <ele>375.075540</ele>
        <time>2023-11-25T20:05:49.592Z</time>
      </trkpt>
      <trkpt lat="40.982891" lon="16.533904">
        <ele>374.956785</ele>
        <time>2023-11-25T20:05:55.025Z</time>
      </trkpt>
      <trkpt lat="40.982082" lon="16.535938">
        <ele>374.232860</ele>
        <time>2023-11-25T20:06:59.010Z</time>
      </trkpt>
      <trkpt lat="40.981948" lon="16.536254">
        <ele>374.226669</ele>
        <time>2023-11-25T20:07:09.912Z</time>
      </trkpt>
      <trkpt lat="40.981850" lon="16.536483">
        <ele>374.222173</ele>
        <time>2023-11-25T20:07:17.603Z</time>
      </trkpt>
      <trkpt lat="40.981463" lon="16.537324">
        <ele>374.077983</ele>
        <time>2023-11-25T20:07:44.498Z</time>
      </trkpt>
      <trkpt lat="40.981097" lon="16.537728">
        <ele>373.577633</ele>
        <time>2023-11-25T20:08:00.696Z</time>
      </trkpt>
      <trkpt lat="40.979892" lon="16.538493">
        <ele>372.196619</ele>
        <time>2023-11-25T20:08:44.661Z</time>
      </trkpt>
      <trkpt lat="40.979453" lon="16.538844">
        <ele>371.741180</ele>
        <time>2023-11-25T20:09:01.802Z</time>
      </trkpt>
      <trkpt lat="40.979242" lon="16.539369">
        <ele>371.342375</ele>
        <time>2023-11-25T20:09:17.167Z</time>
      </trkpt>
      <trkpt lat="40.979145" lon="16.540657">
        <ele>370.558584</ele>
        <time>2023-11-25T20:09:51.420Z</time>
      </trkpt>
      <trkpt lat="40.978855" lon="16.541251">
        <ele>370.245717</ele>
        <time>2023-11-25T20:10:09.829Z</time>
      </trkpt>
      <trkpt lat="40.977429" lon="16.542817">
        <ele>369.715632</ele>
        <time>2023-11-25T20:11:15.012Z</time>
      </trkpt>
      <trkpt lat="40.976367" lon="16.544208">
        <ele>370.061684</ele>
        <time>2023-11-25T20:12:14.085Z</time>
      </trkpt>
      <trkpt lat="40.975890" lon="16.545038">
        <ele>370.475336</ele>
        <time>2023-11-25T20:12:45.685Z</time>
      </trkpt>
      <trkpt lat="40.975540" lon="16.545581">
        <ele>370.685282</ele>
        <time>2023-11-25T20:13:06.395Z</time>
      </trkpt>
      <trkpt lat="40.971344" lon="16.550429">
        <ele>369.132319</ele>
        <time>2023-11-25T20:16:25.320Z</time>
      </trkpt>
      <trkpt lat="40.971186" lon="16.550639">
        <ele>369.200617</ele>
        <time>2023-11-25T20:16:33.691Z</time>
      </trkpt>
      <trkpt lat="40.971021" lon="16.550918">
        <ele>369.282262</ele>
        <time>2023-11-25T20:16:43.973Z</time>
      </trkpt>
      <trkpt lat="40.970870" lon="16.551497">
        <ele>369.423383</ele>
        <time>2023-11-25T20:17:01.946Z</time>
      </trkpt>
      <trkpt lat="40.970846" lon="16.551765">
        <ele>369.485557</ele>
        <time>2023-11-25T20:17:10.008Z</time>
      </trkpt>
      <trkpt lat="40.970878" lon="16.552298">
        <ele>369.609661</ele>
        <time>2023-11-25T20:17:25.951Z</time>
      </trkpt>
      <trkpt lat="40.971150" lon="16.553311">
        <ele>369.888805</ele>
        <time>2023-11-25T20:17:58.379Z</time>
      </trkpt>
      <trkpt lat="40.971178" lon="16.553757">
        <ele>370.005001</ele>
        <time>2023-11-25T20:18:11.489Z</time>
      </trkpt>
      <trkpt lat="40.971150" lon="16.553971">
        <ele>370.061390</ele>
        <time>2023-11-25T20:18:17.696Z</time>
      </trkpt>
      <trkpt lat="40.971014" lon="16.554329">
        <ele>370.165440</ele>
        <time>2023-11-25T20:18:28.939Z</time>
      </trkpt>
      <trkpt lat="40.970615" lon="16.555018">
        <ele>370.081127</ele>
        <time>2023-11-25T20:18:52.534Z</time>
      </trkpt>
      <trkpt lat="40.970503" lon="16.555300">
        <ele>370.013951</ele>
        <time>2023-11-25T20:19:00.959Z</time>
      </trkpt>
      <trkpt lat="40.969499" lon="16.557387">
        <ele>370.007484</ele>
        <time>2023-11-25T20:20:08.172Z</time>
      </trkpt>
      <trkpt lat="40.969403" lon="16.557672">
        <ele>370.092037</ele>
        <time>2023-11-25T20:20:17.516Z</time>
      </trkpt>
      <trkpt lat="40.969335" lon="16.557973">
        <ele>370.177162</ele>
        <time>2023-11-25T20:20:27.070Z</time>
      </trkpt>
      <trkpt lat="40.969214" lon="16.559832">
        <ele>370.954751</ele>
        <time>2023-11-25T20:21:25.120Z</time>
      </trkpt>
      <trkpt lat="40.969153" lon="16.560211">
        <ele>371.149120</ele>
        <time>2023-11-25T20:21:37.068Z</time>
      </trkpt>
      <trkpt lat="40.969104" lon="16.560370">
        <ele>371.235258</ele>
        <time>2023-11-25T20:21:42.312Z</time>
      </trkpt>
      <trkpt lat="40.966792" lon="16.565139">
        <ele>371.029563</ele>
        <time>2023-11-25T20:24:18.027Z</time>
      </trkpt>
      <trkpt lat="40.966427" lon="16.565934">
        <ele>371.130049</ele>
        <time>2023-11-25T20:24:44.830Z</time>
      </trkpt>
      <trkpt lat="40.965796" lon="16.568818">
        <ele>370.579398</ele>
        <time>2023-11-25T20:26:10.388Z</time>
      </trkpt>
      <trkpt lat="40.965838" lon="16.569161">
        <ele>370.449042</ele>
        <time>2023-11-25T20:26:18.738Z</time>
      </trkpt>
      <trkpt lat="40.965836" lon="16.569461">
        <ele>370.214575</ele>
        <time>2023-11-25T20:26:25.755Z</time>
      </trkpt>
      <trkpt lat="40.965859" lon="16.569606">
        <ele>369.922608</ele>
        <time>2023-11-25T20:26:29.232Z</time>
      </trkpt>
      <trkpt lat="40.965977" lon="16.569738">
        <ele>369.519512</ele>
        <time>2023-11-25T20:26:33.887Z</time>
      </trkpt>
      <trkpt lat="40.966014" lon="16.569896">
        <ele>369.193536</ele>
        <time>2023-11-25T20:26:35.975Z</time>
      </trkpt>
      <trkpt lat="40.966002" lon="16.570266">
        <ele>368.463760</ele>
        <time>2023-11-25T20:26:40.628Z</time>
      </trkpt>
      <trkpt lat="40.965962" lon="16.570812">
        <ele>367.382787</ele>
        <time>2023-11-25T20:26:47.401Z</time>
      </trkpt>
      <trkpt lat="40.965908" lon="16.571669">
        <ele>365.688154</ele>
        <time>2023-11-25T20:27:06.756Z</time>
      </trkpt>
      <trkpt lat="40.965909" lon="16.571670">
        <ele>365.684883</ele>
        <time>2023-11-25T20:27:06.780Z</time>
      </trkpt>
      <trkpt lat="40.965920" lon="16.572007">
        <ele>365.416166</ele>
        <time>2023-11-25T20:27:14.732Z</time>
      </trkpt>
      <trkpt lat="40.965974" lon="16.572316">
        <ele>365.171258</ele>
        <time>2023-11-25T20:27:22.348Z</time>
      </trkpt>
      <trkpt lat="40.966107" lon="16.572926">
        <ele>364.680990</ele>
        <time>2023-11-25T20:27:31.479Z</time>
      </trkpt>
      <trkpt lat="40.966235" lon="16.573330">
        <ele>364.342685</ele>
        <time>2023-11-25T20:27:38.297Z</time>
      </trkpt>
      <trkpt lat="40.966534" lon="16.574350">
        <ele>364.041229</ele>
        <time>2023-11-25T20:27:57.013Z</time>
      </trkpt>
      <trkpt lat="40.966394" lon="16.574446">
        <ele>364.142161</ele>
        <time>2023-11-25T20:28:00.796Z</time>
      </trkpt>
      <trkpt lat="40.966195" lon="16.574582">
        <ele>364.285528</ele>
        <time>2023-11-25T20:28:06.242Z</time>
      </trkpt>
      <trkpt lat="40.966352" lon="16.575028">
        <ele>364.523413</ele>
        <time>2023-11-25T20:28:15.362Z</time>
      </trkpt>
      <trkpt lat="40.966605" lon="16.575724">
        <ele>364.896833</ele>
        <time>2023-11-25T20:28:30.290Z</time>
      </trkpt>
      <trkpt lat="40.965906" lon="16.576124">
        <ele>365.386543</ele>
        <time>2023-11-25T20:28:51.625Z</time>
      </trkpt>
      <trkpt lat="40.966029" lon="16.576509">
        <ele>365.589749</ele>
        <time>2023-11-25T20:28:59.879Z</time>
      </trkpt>
      <trkpt lat="40.966355" lon="16.576680">
        <ele>365.815471</ele>
        <time>2023-11-25T20:29:08.142Z</time>
      </trkpt>
      <trkpt lat="40.966903" lon="16.576902">
        <ele>366.141385</ele>
        <time>2023-11-25T20:29:20.720Z</time>
      </trkpt>
      <trkpt lat="40.967093" lon="16.576979">
        <ele>366.141385</ele>
        <time>2023-11-25T20:29:24.995Z</time>
      </trkpt>
      <trkpt lat="40.967214" lon="16.577062">
        <ele>366.141385</ele>
        <time>2023-11-25T20:29:27.876Z</time>
      </trkpt>
      <trkpt lat="40.967221" lon="16.577137">
        <ele>366.141385</ele>
        <time>2023-11-25T20:29:29.088Z</time>
      </trkpt>
      <trkpt lat="40.967581" lon="16.577331">
        <ele>366.141385</ele>
        <time>2023-11-25T20:29:37.298Z</time>
      </trkpt>
      <trkpt lat="40.967611" lon="16.577434">
        <ele>366.141385</ele>
        <time>2023-11-25T20:29:43.123Z</time>
      </trkpt>
      <trkpt lat="40.967683" lon="16.577506">
        <ele>366.141385</ele>
        <time>2023-11-25T20:29:49.403Z</time>
      </trkpt>
      <trkpt lat="40.967740" lon="16.577493">
        <ele>366.141385</ele>
        <time>2023-11-25T20:29:53.408Z</time>
      </trkpt>
    </trkseg>
  </trk>
</gpx>