<?xml version='1.0' encoding='UTF-8'?>
<gpx version="1.1" creator="https://www.komoot.de" xmlns="http://www.topografix.com/GPX/1/1" xmlns:xsi="http://www.w3.org/2001/XMLSchema-instance" xsi:schemaLocation="http://www.topografix.com/GPX/1/1 http://www.topografix.com/GPX/1/1/gpx.xsd">
  <metadata>
    <name>Bici e Radici - Monopoli 14/9 2025 (first)</name>
    <author>
      <link href="https://www.komoot.de">
        <text>komoot</text>
        <type>text/html</type>
      </link>
    </author>
  </metadata>
  <trk>
    <name>Bici e Radici - Monopoli 14/9 2025 (first)</name>
    <trkseg>
      <trkpt lat="40.940510" lon="17.313683">
        <ele>15.330427</ele>
        <time>2025-09-14T05:16:41.999Z</time>
      </trkpt>
      <trkpt lat="40.940483" lon="17.313809">
        <ele>15.330427</ele>
        <time>2025-09-14T05:16:51.998Z</time>
      </trkpt>
      <trkpt lat="40.940573" lon="17.313911">
        <ele>15.330427</ele>
        <time>2025-09-14T05:16:55.998Z</time>
      </trkpt>
      <trkpt lat="40.940548" lon="17.313780">
        <ele>15.330427</ele>
        <time>2025-09-14T05:17:06.999Z</time>
      </trkpt>
      <trkpt lat="40.940470" lon="17.313588">
        <ele>15.330427</ele>
        <time>2025-09-14T05:19:11.999Z</time>
      </trkpt>
      <trkpt lat="40.940393" lon="17.313477">
        <ele>15.330427</ele>
        <time>2025-09-14T05:19:15.999Z</time>
      </trkpt>
      <trkpt lat="40.940342" lon="17.313374">
        <ele>15.330427</ele>
        <time>2025-09-14T05:19:18.999Z</time>
      </trkpt>
      <trkpt lat="40.940283" lon="17.313266">
        <ele>15.330427</ele>
        <time>2025-09-14T05:19:21.999Z</time>
      </trkpt>
      <trkpt lat="40.940221" lon="17.313174">
        <ele>15.330427</ele>
        <time>2025-09-14T05:19:24.999Z</time>
      </trkpt>
      <trkpt lat="40.940177" lon="17.313066">
        <ele>15.247959</ele>
        <time>2025-09-14T05:19:27.999Z</time>
      </trkpt>
      <trkpt lat="40.940189" lon="17.313185">
        <ele>15.152331</ele>
        <time>2025-09-14T05:19:36.999Z</time>
      </trkpt>
      <trkpt lat="40.940266" lon="17.313323">
        <ele>15.015676</ele>
        <time>2025-09-14T05:19:42.999Z</time>
      </trkpt>
      <trkpt lat="40.940317" lon="17.313458">
        <ele>14.895448</ele>
        <time>2025-09-14T05:19:46.999Z</time>
      </trkpt>
      <trkpt lat="40.940406" lon="17.313557">
        <ele>14.772870</ele>
        <time>2025-09-14T05:19:49.999Z</time>
      </trkpt>
      <trkpt lat="40.940482" lon="17.313675">
        <ele>14.649355</ele>
        <time>2025-09-14T05:19:52.999Z</time>
      </trkpt>
      <trkpt lat="40.940574" lon="17.313941">
        <ele>14.416328</ele>
        <time>2025-09-14T05:33:46.999Z</time>
      </trkpt>
      <trkpt lat="40.940648" lon="17.314017">
        <ele>14.317570</ele>
        <time>2025-09-14T05:33:50.999Z</time>
      </trkpt>
      <trkpt lat="40.940610" lon="17.313901">
        <ele>14.216860</ele>
        <time>2025-09-14T05:33:53.999Z</time>
      </trkpt>
      <trkpt lat="40.940531" lon="17.313827">
        <ele>14.114814</ele>
        <time>2025-09-14T05:33:57.999Z</time>
      </trkpt>
      <trkpt lat="40.940573" lon="17.313975">
        <ele>13.988885</ele>
        <time>2025-09-14T05:36:55.999Z</time>
      </trkpt>
      <trkpt lat="40.940641" lon="17.314082">
        <ele>13.877507</ele>
        <time>2025-09-14T05:36:59.999Z</time>
      </trkpt>
      <trkpt lat="40.940708" lon="17.314197">
        <ele>13.761828</ele>
        <time>2025-09-14T05:37:03.999Z</time>
      </trkpt>
      <trkpt lat="40.940797" lon="17.314232">
        <ele>13.663929</ele>
        <time>2025-09-14T05:37:09.999Z</time>
      </trkpt>
      <trkpt lat="40.940885" lon="17.314191">
        <ele>13.565558</ele>
        <time>2025-09-14T05:37:20.999Z</time>
      </trkpt>
      <trkpt lat="40.940961" lon="17.314117">
        <ele>13.466078</ele>
        <time>2025-09-14T05:37:26.999Z</time>
      </trkpt>
      <trkpt lat="40.940869" lon="17.313905">
        <ele>13.415918</ele>
        <time>2025-09-14T05:38:15.999Z</time>
      </trkpt>
      <trkpt lat="40.940776" lon="17.313822">
        <ele>13.402868</ele>
        <time>2025-09-14T05:38:18.999Z</time>
      </trkpt>
      <trkpt lat="40.940698" lon="17.313753">
        <ele>13.391953</ele>
        <time>2025-09-14T05:38:21.999Z</time>
      </trkpt>
      <trkpt lat="40.940626" lon="17.313674">
        <ele>13.381073</ele>
        <time>2025-09-14T05:38:26.999Z</time>
      </trkpt>
      <trkpt lat="40.940568" lon="17.313565">
        <ele>13.369355</ele>
        <time>2025-09-14T05:38:44.999Z</time>
      </trkpt>
      <trkpt lat="40.940588" lon="17.313440">
        <ele>13.358125</ele>
        <time>2025-09-14T05:38:48.999Z</time>
      </trkpt>
      <trkpt lat="40.940681" lon="17.313432">
        <ele>13.347281</ele>
        <time>2025-09-14T05:38:52.999Z</time>
      </trkpt>
      <trkpt lat="40.940734" lon="17.313561">
        <ele>13.334375</ele>
        <time>2025-09-14T05:38:56.999Z</time>
      </trkpt>
      <trkpt lat="40.940817" lon="17.313639">
        <ele>13.322532</ele>
        <time>2025-09-14T05:39:00.999Z</time>
      </trkpt>
      <trkpt lat="40.940919" lon="17.313686">
        <ele>13.309966</ele>
        <time>2025-09-14T05:39:04.999Z</time>
      </trkpt>
      <trkpt lat="40.941003" lon="17.313738">
        <ele>13.299177</ele>
        <time>2025-09-14T05:39:11.999Z</time>
      </trkpt>
      <trkpt lat="40.941089" lon="17.313780">
        <ele>13.288512</ele>
        <time>2025-09-14T05:39:17.999Z</time>
      </trkpt>
      <trkpt lat="40.941142" lon="17.313894">
        <ele>13.276747</ele>
        <time>2025-09-14T05:39:22.999Z</time>
      </trkpt>
      <trkpt lat="40.941051" lon="17.313979">
        <ele>13.263789</ele>
        <time>2025-09-14T05:39:27.999Z</time>
      </trkpt>
      <trkpt lat="40.940985" lon="17.314093">
        <ele>13.251166</ele>
        <time>2025-09-14T05:39:32.999Z</time>
      </trkpt>
      <trkpt lat="40.941125" lon="17.313924">
        <ele>13.229121</ele>
        <time>2025-09-14T05:43:22.999Z</time>
      </trkpt>
      <trkpt lat="40.941193" lon="17.313827">
        <ele>13.179839</ele>
        <time>2025-09-14T05:43:26.999Z</time>
      </trkpt>
      <trkpt lat="40.941254" lon="17.313731">
        <ele>13.110248</ele>
        <time>2025-09-14T05:43:29.999Z</time>
      </trkpt>
      <trkpt lat="40.941334" lon="17.313618">
        <ele>13.024336</ele>
        <time>2025-09-14T05:43:33.999Z</time>
      </trkpt>
      <trkpt lat="40.941401" lon="17.313528">
        <ele>12.954239</ele>
        <time>2025-09-14T05:43:36.999Z</time>
      </trkpt>
      <trkpt lat="40.941482" lon="17.313411">
        <ele>12.866199</ele>
        <time>2025-09-14T05:43:40.999Z</time>
      </trkpt>
      <trkpt lat="40.941562" lon="17.313329">
        <ele>12.791897</ele>
        <time>2025-09-14T05:43:43.999Z</time>
      </trkpt>
      <trkpt lat="40.941639" lon="17.313225">
        <ele>12.711114</ele>
        <time>2025-09-14T05:43:46.999Z</time>
      </trkpt>
      <trkpt lat="40.941721" lon="17.313119">
        <ele>12.626948</ele>
        <time>2025-09-14T05:43:49.999Z</time>
      </trkpt>
      <trkpt lat="40.941803" lon="17.313009">
        <ele>12.541217</ele>
        <time>2025-09-14T05:43:52.999Z</time>
      </trkpt>
      <trkpt lat="40.941889" lon="17.312888">
        <ele>12.449053</ele>
        <time>2025-09-14T05:43:55.999Z</time>
      </trkpt>
      <trkpt lat="40.941981" lon="17.312778">
        <ele>12.358014</ele>
        <time>2025-09-14T05:43:58.999Z</time>
      </trkpt>
      <trkpt lat="40.942069" lon="17.312666">
        <ele>12.268367</ele>
        <time>2025-09-14T05:44:01.999Z</time>
      </trkpt>
      <trkpt lat="40.942139" lon="17.312554">
        <ele>12.187728</ele>
        <time>2025-09-14T05:44:04.999Z</time>
      </trkpt>
      <trkpt lat="40.942213" lon="17.312460">
        <ele>12.112413</ele>
        <time>2025-09-14T05:44:07.999Z</time>
      </trkpt>
      <trkpt lat="40.942292" lon="17.312356">
        <ele>12.030595</ele>
        <time>2025-09-14T05:44:11.999Z</time>
      </trkpt>
      <trkpt lat="40.942368" lon="17.312288">
        <ele>11.963231</ele>
        <time>2025-09-14T05:44:15.999Z</time>
      </trkpt>
      <trkpt lat="40.942422" lon="17.312173">
        <ele>11.950764</ele>
        <time>2025-09-14T05:44:19.999Z</time>
      </trkpt>
      <trkpt lat="40.942390" lon="17.312059">
        <ele>12.154580</ele>
        <time>2025-09-14T05:44:21.999Z</time>
      </trkpt>
      <trkpt lat="40.942316" lon="17.311918">
        <ele>12.442317</ele>
        <time>2025-09-14T05:44:24.999Z</time>
      </trkpt>
      <trkpt lat="40.942240" lon="17.311785">
        <ele>12.721803</ele>
        <time>2025-09-14T05:44:27.999Z</time>
      </trkpt>
      <trkpt lat="40.942181" lon="17.311657">
        <ele>12.973102</ele>
        <time>2025-09-14T05:44:30.999Z</time>
      </trkpt>
      <trkpt lat="40.942122" lon="17.311533">
        <ele>13.218703</ele>
        <time>2025-09-14T05:44:33.999Z</time>
      </trkpt>
      <trkpt lat="40.942063" lon="17.311413">
        <ele>13.458659</ele>
        <time>2025-09-14T05:44:36.999Z</time>
      </trkpt>
      <trkpt lat="40.942005" lon="17.311295">
        <ele>13.694595</ele>
        <time>2025-09-14T05:44:39.999Z</time>
      </trkpt>
      <trkpt lat="40.941937" lon="17.311193">
        <ele>13.922591</ele>
        <time>2025-09-14T05:44:42.999Z</time>
      </trkpt>
      <trkpt lat="40.941896" lon="17.311084">
        <ele>14.126659</ele>
        <time>2025-09-14T05:44:46.999Z</time>
      </trkpt>
      <trkpt lat="40.941833" lon="17.310982">
        <ele>14.347471</ele>
        <time>2025-09-14T05:44:49.999Z</time>
      </trkpt>
      <trkpt lat="40.941769" lon="17.310865">
        <ele>14.589564</ele>
        <time>2025-09-14T05:44:52.999Z</time>
      </trkpt>
      <trkpt lat="40.941715" lon="17.310747">
        <ele>14.820781</ele>
        <time>2025-09-14T05:44:55.999Z</time>
      </trkpt>
      <trkpt lat="40.941662" lon="17.310633">
        <ele>15.045120</ele>
        <time>2025-09-14T05:44:58.999Z</time>
      </trkpt>
      <trkpt lat="40.941600" lon="17.310516">
        <ele>15.284639</ele>
        <time>2025-09-14T05:45:01.999Z</time>
      </trkpt>
      <trkpt lat="40.941560" lon="17.310385">
        <ele>15.521441</ele>
        <time>2025-09-14T05:45:04.999Z</time>
      </trkpt>
      <trkpt lat="40.941518" lon="17.310238">
        <ele>15.784833</ele>
        <time>2025-09-14T05:45:07.999Z</time>
      </trkpt>
      <trkpt lat="40.941487" lon="17.310097">
        <ele>15.975774</ele>
        <time>2025-09-14T05:45:10.999Z</time>
      </trkpt>
      <trkpt lat="40.941490" lon="17.309954">
        <ele>16.118778</ele>
        <time>2025-09-14T05:45:13.999Z</time>
      </trkpt>
      <trkpt lat="40.941503" lon="17.309807">
        <ele>16.266729</ele>
        <time>2025-09-14T05:45:16.999Z</time>
      </trkpt>
      <trkpt lat="40.941548" lon="17.309683">
        <ele>16.404248</ele>
        <time>2025-09-14T05:45:19.999Z</time>
      </trkpt>
      <trkpt lat="40.941621" lon="17.309573">
        <ele>16.550617</ele>
        <time>2025-09-14T05:45:22.999Z</time>
      </trkpt>
      <trkpt lat="40.941690" lon="17.309477">
        <ele>16.683084</ele>
        <time>2025-09-14T05:45:25.999Z</time>
      </trkpt>
      <trkpt lat="40.941740" lon="17.309367">
        <ele>16.811418</ele>
        <time>2025-09-14T05:45:28.999Z</time>
      </trkpt>
      <trkpt lat="40.941809" lon="17.309276">
        <ele>16.940309</ele>
        <time>2025-09-14T05:45:31.999Z</time>
      </trkpt>
      <trkpt lat="40.941861" lon="17.309155">
        <ele>17.079470</ele>
        <time>2025-09-14T05:45:34.999Z</time>
      </trkpt>
      <trkpt lat="40.941877" lon="17.309015">
        <ele>17.221012</ele>
        <time>2025-09-14T05:45:38.999Z</time>
      </trkpt>
      <trkpt lat="40.941893" lon="17.308883">
        <ele>17.354653</ele>
        <time>2025-09-14T05:45:44.999Z</time>
      </trkpt>
      <trkpt lat="40.941954" lon="17.308795">
        <ele>17.474047</ele>
        <time>2025-09-14T05:45:47.999Z</time>
      </trkpt>
      <trkpt lat="40.942015" lon="17.308687">
        <ele>17.608851</ele>
        <time>2025-09-14T05:45:50.999Z</time>
      </trkpt>
      <trkpt lat="40.942077" lon="17.308586">
        <ele>17.738949</ele>
        <time>2025-09-14T05:45:53.999Z</time>
      </trkpt>
      <trkpt lat="40.942146" lon="17.308472">
        <ele>17.884978</ele>
        <time>2025-09-14T05:45:56.999Z</time>
      </trkpt>
      <trkpt lat="40.942215" lon="17.308359">
        <ele>18.030228</ele>
        <time>2025-09-14T05:45:59.999Z</time>
      </trkpt>
      <trkpt lat="40.942284" lon="17.308247">
        <ele>18.174702</ele>
        <time>2025-09-14T05:46:02.999Z</time>
      </trkpt>
      <trkpt lat="40.942346" lon="17.308144">
        <ele>18.314409</ele>
        <time>2025-09-14T05:46:05.998Z</time>
      </trkpt>
      <trkpt lat="40.942396" lon="17.308032">
        <ele>18.477315</ele>
        <time>2025-09-14T05:46:10.998Z</time>
      </trkpt>
      <trkpt lat="40.942402" lon="17.307893">
        <ele>18.651653</ele>
        <time>2025-09-14T05:46:19.999Z</time>
      </trkpt>
      <trkpt lat="40.942345" lon="17.307801">
        <ele>18.800648</ele>
        <time>2025-09-14T05:46:22.999Z</time>
      </trkpt>
      <trkpt lat="40.942274" lon="17.307661">
        <ele>19.011800</ele>
        <time>2025-09-14T05:46:25.999Z</time>
      </trkpt>
      <trkpt lat="40.942214" lon="17.307545">
        <ele>19.187844</ele>
        <time>2025-09-14T05:46:27.999Z</time>
      </trkpt>
      <trkpt lat="40.942147" lon="17.307426">
        <ele>19.373693</ele>
        <time>2025-09-14T05:46:29.999Z</time>
      </trkpt>
      <trkpt lat="40.942082" lon="17.307311">
        <ele>19.553545</ele>
        <time>2025-09-14T05:46:31.999Z</time>
      </trkpt>
      <trkpt lat="40.942016" lon="17.307176">
        <ele>19.754908</ele>
        <time>2025-09-14T05:46:33.999Z</time>
      </trkpt>
      <trkpt lat="40.941948" lon="17.307050">
        <ele>19.948815</ele>
        <time>2025-09-14T05:46:35.999Z</time>
      </trkpt>
      <trkpt lat="40.941888" lon="17.306916">
        <ele>20.143874</ele>
        <time>2025-09-14T05:46:37.999Z</time>
      </trkpt>
      <trkpt lat="40.941763" lon="17.306823">
        <ele>20.381569</ele>
        <time>2025-09-14T05:46:40.999Z</time>
      </trkpt>
      <trkpt lat="40.941715" lon="17.306665">
        <ele>20.594818</ele>
        <time>2025-09-14T05:46:43.999Z</time>
      </trkpt>
      <trkpt lat="40.941651" lon="17.306527">
        <ele>20.797591</ele>
        <time>2025-09-14T05:46:46.999Z</time>
      </trkpt>
      <trkpt lat="40.941581" lon="17.306413">
        <ele>20.981555</ele>
        <time>2025-09-14T05:46:49.999Z</time>
      </trkpt>
      <trkpt lat="40.941521" lon="17.306308">
        <ele>21.146419</ele>
        <time>2025-09-14T05:46:52.999Z</time>
      </trkpt>
      <trkpt lat="40.941460" lon="17.306206">
        <ele>21.359745</ele>
        <time>2025-09-14T05:46:55.999Z</time>
      </trkpt>
      <trkpt lat="40.941411" lon="17.306101">
        <ele>21.660752</ele>
        <time>2025-09-14T05:46:58.999Z</time>
      </trkpt>
      <trkpt lat="40.941334" lon="17.305982">
        <ele>22.042897</ele>
        <time>2025-09-14T05:47:02.999Z</time>
      </trkpt>
      <trkpt lat="40.941272" lon="17.305866">
        <ele>22.389462</ele>
        <time>2025-09-14T05:47:06.999Z</time>
      </trkpt>
      <trkpt lat="40.941204" lon="17.305767">
        <ele>22.715803</ele>
        <time>2025-09-14T05:47:10.999Z</time>
      </trkpt>
      <trkpt lat="40.941098" lon="17.305707">
        <ele>23.088011</ele>
        <time>2025-09-14T05:47:14.999Z</time>
      </trkpt>
      <trkpt lat="40.941006" lon="17.305712">
        <ele>23.385297</ele>
        <time>2025-09-14T05:47:17.999Z</time>
      </trkpt>
      <trkpt lat="40.940922" lon="17.305762">
        <ele>23.682657</ele>
        <time>2025-09-14T05:47:20.999Z</time>
      </trkpt>
      <trkpt lat="40.940833" lon="17.305717">
        <ele>23.990252</ele>
        <time>2025-09-14T05:47:24.999Z</time>
      </trkpt>
      <trkpt lat="40.940815" lon="17.305570">
        <ele>24.353447</ele>
        <time>2025-09-14T05:47:27.999Z</time>
      </trkpt>
      <trkpt lat="40.940753" lon="17.305460">
        <ele>24.688175</ele>
        <time>2025-09-14T05:47:30.999Z</time>
      </trkpt>
      <trkpt lat="40.940676" lon="17.305366">
        <ele>25.026350</ele>
        <time>2025-09-14T05:47:33.999Z</time>
      </trkpt>
      <trkpt lat="40.940601" lon="17.305260">
        <ele>25.380567</ele>
        <time>2025-09-14T05:47:36.999Z</time>
      </trkpt>
      <trkpt lat="40.940540" lon="17.305138">
        <ele>25.737387</ele>
        <time>2025-09-14T05:47:39.999Z</time>
      </trkpt>
      <trkpt lat="40.940481" lon="17.305032">
        <ele>26.058511</ele>
        <time>2025-09-14T05:47:42.999Z</time>
      </trkpt>
      <trkpt lat="40.940422" lon="17.304932">
        <ele>26.367976</ele>
        <time>2025-09-14T05:47:45.999Z</time>
      </trkpt>
      <trkpt lat="40.940363" lon="17.304827">
        <ele>26.687139</ele>
        <time>2025-09-14T05:47:48.999Z</time>
      </trkpt>
      <trkpt lat="40.940299" lon="17.304697">
        <ele>27.065602</ele>
        <time>2025-09-14T05:47:52.999Z</time>
      </trkpt>
      <trkpt lat="40.940232" lon="17.304603">
        <ele>27.382973</ele>
        <time>2025-09-14T05:47:55.999Z</time>
      </trkpt>
      <trkpt lat="40.940169" lon="17.304480">
        <ele>27.747909</ele>
        <time>2025-09-14T05:47:59.999Z</time>
      </trkpt>
      <trkpt lat="40.940107" lon="17.304375">
        <ele>28.075184</ele>
        <time>2025-09-14T05:48:03.998Z</time>
      </trkpt>
      <trkpt lat="40.940051" lon="17.304271">
        <ele>28.388818</ele>
        <time>2025-09-14T05:48:07.998Z</time>
      </trkpt>
      <trkpt lat="40.939983" lon="17.304144">
        <ele>28.771089</ele>
        <time>2025-09-14T05:48:12.998Z</time>
      </trkpt>
      <trkpt lat="40.939908" lon="17.304031">
        <ele>29.140478</ele>
        <time>2025-09-14T05:48:16.998Z</time>
      </trkpt>
      <trkpt lat="40.939855" lon="17.303902">
        <ele>29.501086</ele>
        <time>2025-09-14T05:48:20.998Z</time>
      </trkpt>
      <trkpt lat="40.939798" lon="17.303778">
        <ele>29.857540</ele>
        <time>2025-09-14T05:48:24.999Z</time>
      </trkpt>
      <trkpt lat="40.939740" lon="17.303651">
        <ele>30.221980</ele>
        <time>2025-09-14T05:48:28.999Z</time>
      </trkpt>
      <trkpt lat="40.939659" lon="17.303575">
        <ele>30.544733</ele>
        <time>2025-09-14T05:48:32.999Z</time>
      </trkpt>
      <trkpt lat="40.939562" lon="17.303538">
        <ele>30.872896</ele>
        <time>2025-09-14T05:48:36.999Z</time>
      </trkpt>
      <trkpt lat="40.939451" lon="17.303512">
        <ele>31.239347</ele>
        <time>2025-09-14T05:48:41.999Z</time>
      </trkpt>
      <trkpt lat="40.939358" lon="17.303497">
        <ele>31.543913</ele>
        <time>2025-09-14T05:48:45.999Z</time>
      </trkpt>
      <trkpt lat="40.939269" lon="17.303522">
        <ele>31.839681</ele>
        <time>2025-09-14T05:48:51.999Z</time>
      </trkpt>
      <trkpt lat="40.939180" lon="17.303583">
        <ele>32.165487</ele>
        <time>2025-09-14T05:48:56.999Z</time>
      </trkpt>
      <trkpt lat="40.939091" lon="17.303543">
        <ele>32.471034</ele>
        <time>2025-09-14T05:49:02.999Z</time>
      </trkpt>
      <trkpt lat="40.939022" lon="17.303435">
        <ele>32.818389</ele>
        <time>2025-09-14T05:49:08.999Z</time>
      </trkpt>
      <trkpt lat="40.938935" lon="17.303342">
        <ele>33.012207</ele>
        <time>2025-09-14T05:49:13.999Z</time>
      </trkpt>
      <trkpt lat="40.938905" lon="17.303191">
        <ele>33.155934</ele>
        <time>2025-09-14T05:49:24.999Z</time>
      </trkpt>
      <trkpt lat="40.938829" lon="17.303111">
        <ele>33.274257</ele>
        <time>2025-09-14T05:49:29.999Z</time>
      </trkpt>
      <trkpt lat="40.938775" lon="17.302976">
        <ele>33.414876</ele>
        <time>2025-09-14T05:49:34.999Z</time>
      </trkpt>
      <trkpt lat="40.938731" lon="17.302864">
        <ele>33.531084</ele>
        <time>2025-09-14T05:49:37.999Z</time>
      </trkpt>
      <trkpt lat="40.938624" lon="17.302804">
        <ele>33.672688</ele>
        <time>2025-09-14T05:49:41.999Z</time>
      </trkpt>
      <trkpt lat="40.938529" lon="17.302754">
        <ele>33.797268</ele>
        <time>2025-09-14T05:49:44.999Z</time>
      </trkpt>
      <trkpt lat="40.938440" lon="17.302697">
        <ele>33.917748</ele>
        <time>2025-09-14T05:49:47.999Z</time>
      </trkpt>
      <trkpt lat="40.938350" lon="17.302645">
        <ele>34.037412</ele>
        <time>2025-09-14T05:49:50.999Z</time>
      </trkpt>
      <trkpt lat="40.938274" lon="17.302582">
        <ele>34.146684</ele>
        <time>2025-09-14T05:49:53.999Z</time>
      </trkpt>
      <trkpt lat="40.938189" lon="17.302518">
        <ele>34.265847</ele>
        <time>2025-09-14T05:49:56.999Z</time>
      </trkpt>
      <trkpt lat="40.938094" lon="17.302471">
        <ele>34.389433</ele>
        <time>2025-09-14T05:49:59.999Z</time>
      </trkpt>
      <trkpt lat="40.937982" lon="17.302449">
        <ele>34.527409</ele>
        <time>2025-09-14T05:50:02.999Z</time>
      </trkpt>
      <trkpt lat="40.937880" lon="17.302428">
        <ele>34.653199</ele>
        <time>2025-09-14T05:50:05.999Z</time>
      </trkpt>
      <trkpt lat="40.937770" lon="17.302432">
        <ele>34.787294</ele>
        <time>2025-09-14T05:50:08.999Z</time>
      </trkpt>
      <trkpt lat="40.937652" lon="17.302465">
        <ele>34.934261</ele>
        <time>2025-09-14T05:50:11.999Z</time>
      </trkpt>
      <trkpt lat="40.937542" lon="17.302493">
        <ele>35.070761</ele>
        <time>2025-09-14T05:50:14.998Z</time>
      </trkpt>
      <trkpt lat="40.937444" lon="17.302469">
        <ele>35.178956</ele>
        <time>2025-09-14T05:50:17.998Z</time>
      </trkpt>
      <trkpt lat="40.937337" lon="17.302504">
        <ele>35.293480</ele>
        <time>2025-09-14T05:50:20.998Z</time>
      </trkpt>
      <trkpt lat="40.937209" lon="17.302550">
        <ele>35.431294</ele>
        <time>2025-09-14T05:50:23.998Z</time>
      </trkpt>
      <trkpt lat="40.937081" lon="17.302575">
        <ele>35.565734</ele>
        <time>2025-09-14T05:50:26.998Z</time>
      </trkpt>
      <trkpt lat="40.936965" lon="17.302586">
        <ele>35.686574</ele>
        <time>2025-09-14T05:50:29.998Z</time>
      </trkpt>
      <trkpt lat="40.936854" lon="17.302576">
        <ele>35.802176</ele>
        <time>2025-09-14T05:50:32.999Z</time>
      </trkpt>
      <trkpt lat="40.936731" lon="17.302574">
        <ele>35.929990</ele>
        <time>2025-09-14T05:50:35.999Z</time>
      </trkpt>
      <trkpt lat="40.936605" lon="17.302611">
        <ele>36.064095</ele>
        <time>2025-09-14T05:50:38.999Z</time>
      </trkpt>
      <trkpt lat="40.936489" lon="17.302651">
        <ele>36.188648</ele>
        <time>2025-09-14T05:50:41.999Z</time>
      </trkpt>
      <trkpt lat="40.936367" lon="17.302686">
        <ele>36.318357</ele>
        <time>2025-09-14T05:50:44.999Z</time>
      </trkpt>
      <trkpt lat="40.936238" lon="17.302737">
        <ele>36.458246</ele>
        <time>2025-09-14T05:50:47.999Z</time>
      </trkpt>
      <trkpt lat="40.936147" lon="17.302766">
        <ele>36.555502</ele>
        <time>2025-09-14T05:50:49.999Z</time>
      </trkpt>
      <trkpt lat="40.936058" lon="17.302794">
        <ele>36.650555</ele>
        <time>2025-09-14T05:50:51.999Z</time>
      </trkpt>
      <trkpt lat="40.935949" lon="17.302863">
        <ele>36.776097</ele>
        <time>2025-09-14T05:50:54.999Z</time>
      </trkpt>
      <trkpt lat="40.935843" lon="17.302862">
        <ele>36.886240</ele>
        <time>2025-09-14T05:50:57.999Z</time>
      </trkpt>
      <trkpt lat="40.935751" lon="17.302916">
        <ele>36.992980</ele>
        <time>2025-09-14T05:51:00.999Z</time>
      </trkpt>
      <trkpt lat="40.935666" lon="17.302960">
        <ele>37.098284</ele>
        <time>2025-09-14T05:51:02.999Z</time>
      </trkpt>
      <trkpt lat="40.935536" lon="17.302992">
        <ele>37.250848</ele>
        <time>2025-09-14T05:51:05.999Z</time>
      </trkpt>
      <trkpt lat="40.935446" lon="17.303031">
        <ele>37.360111</ele>
        <time>2025-09-14T05:51:07.999Z</time>
      </trkpt>
      <trkpt lat="40.935322" lon="17.303088">
        <ele>37.511562</ele>
        <time>2025-09-14T05:51:10.999Z</time>
      </trkpt>
      <trkpt lat="40.935204" lon="17.303129">
        <ele>37.652321</ele>
        <time>2025-09-14T05:51:13.999Z</time>
      </trkpt>
      <trkpt lat="40.935099" lon="17.303194">
        <ele>37.786062</ele>
        <time>2025-09-14T05:51:16.999Z</time>
      </trkpt>
      <trkpt lat="40.934998" lon="17.303166">
        <ele>37.905122</ele>
        <time>2025-09-14T05:51:19.999Z</time>
      </trkpt>
      <trkpt lat="40.935001" lon="17.303018">
        <ele>38.034170</ele>
        <time>2025-09-14T05:51:22.999Z</time>
      </trkpt>
      <trkpt lat="40.934992" lon="17.302889">
        <ele>38.147089</ele>
        <time>2025-09-14T05:51:25.999Z</time>
      </trkpt>
      <trkpt lat="40.934975" lon="17.302750">
        <ele>38.269824</ele>
        <time>2025-09-14T05:51:28.999Z</time>
      </trkpt>
      <trkpt lat="40.934957" lon="17.302608">
        <ele>38.395326</ele>
        <time>2025-09-14T05:51:31.999Z</time>
      </trkpt>
      <trkpt lat="40.934946" lon="17.302467">
        <ele>38.518879</ele>
        <time>2025-09-14T05:51:34.999Z</time>
      </trkpt>
      <trkpt lat="40.934925" lon="17.302334">
        <ele>38.637312</ele>
        <time>2025-09-14T05:51:37.999Z</time>
      </trkpt>
      <trkpt lat="40.934908" lon="17.302184">
        <ele>38.769520</ele>
        <time>2025-09-14T05:51:41.999Z</time>
      </trkpt>
      <trkpt lat="40.934898" lon="17.302036">
        <ele>38.899036</ele>
        <time>2025-09-14T05:51:44.999Z</time>
      </trkpt>
      <trkpt lat="40.934866" lon="17.301915">
        <ele>39.010780</ele>
        <time>2025-09-14T05:51:46.999Z</time>
      </trkpt>
      <trkpt lat="40.934866" lon="17.301741">
        <ele>39.144485</ele>
        <time>2025-09-14T05:51:49.999Z</time>
      </trkpt>
      <trkpt lat="40.934851" lon="17.301621">
        <ele>39.234095</ele>
        <time>2025-09-14T05:51:51.999Z</time>
      </trkpt>
      <trkpt lat="40.934837" lon="17.301455">
        <ele>39.357153</ele>
        <time>2025-09-14T05:51:54.999Z</time>
      </trkpt>
      <trkpt lat="40.934825" lon="17.301335">
        <ele>39.446333</ele>
        <time>2025-09-14T05:51:56.999Z</time>
      </trkpt>
      <trkpt lat="40.934820" lon="17.301213">
        <ele>39.536346</ele>
        <time>2025-09-14T05:51:58.999Z</time>
      </trkpt>
      <trkpt lat="40.934810" lon="17.301079">
        <ele>39.635550</ele>
        <time>2025-09-14T05:52:00.999Z</time>
      </trkpt>
      <trkpt lat="40.934810" lon="17.300950">
        <ele>39.730588</ele>
        <time>2025-09-14T05:52:02.999Z</time>
      </trkpt>
      <trkpt lat="40.934798" lon="17.300825">
        <ele>39.823421</ele>
        <time>2025-09-14T05:52:04.999Z</time>
      </trkpt>
      <trkpt lat="40.934810" lon="17.300648">
        <ele>39.954347</ele>
        <time>2025-09-14T05:52:07.999Z</time>
      </trkpt>
      <trkpt lat="40.934798" lon="17.300492">
        <ele>40.069872</ele>
        <time>2025-09-14T05:52:10.999Z</time>
      </trkpt>
      <trkpt lat="40.934801" lon="17.300352">
        <ele>40.173057</ele>
        <time>2025-09-14T05:52:13.999Z</time>
      </trkpt>
      <trkpt lat="40.934798" lon="17.300206">
        <ele>40.280660</ele>
        <time>2025-09-14T05:52:16.999Z</time>
      </trkpt>
      <trkpt lat="40.934802" lon="17.300052">
        <ele>40.394185</ele>
        <time>2025-09-14T05:52:19.998Z</time>
      </trkpt>
      <trkpt lat="40.934791" lon="17.299887">
        <ele>40.516218</ele>
        <time>2025-09-14T05:52:22.998Z</time>
      </trkpt>
      <trkpt lat="40.934792" lon="17.299726">
        <ele>40.634837</ele>
        <time>2025-09-14T05:52:25.998Z</time>
      </trkpt>
      <trkpt lat="40.934787" lon="17.299563">
        <ele>40.755024</ele>
        <time>2025-09-14T05:52:28.998Z</time>
      </trkpt>
      <trkpt lat="40.934767" lon="17.299396">
        <ele>40.833859</ele>
        <time>2025-09-14T05:52:31.998Z</time>
      </trkpt>
      <trkpt lat="40.934712" lon="17.299252">
        <ele>40.884018</ele>
        <time>2025-09-14T05:52:34.998Z</time>
      </trkpt>
      <trkpt lat="40.934654" lon="17.299103">
        <ele>40.936122</ele>
        <time>2025-09-14T05:52:37.999Z</time>
      </trkpt>
      <trkpt lat="40.934623" lon="17.298955">
        <ele>40.983863</ele>
        <time>2025-09-14T05:52:40.999Z</time>
      </trkpt>
      <trkpt lat="40.934593" lon="17.298823">
        <ele>41.026712</ele>
        <time>2025-09-14T05:52:43.999Z</time>
      </trkpt>
      <trkpt lat="40.934587" lon="17.298682">
        <ele>41.070612</ele>
        <time>2025-09-14T05:52:46.999Z</time>
      </trkpt>
      <trkpt lat="40.934628" lon="17.298560">
        <ele>41.112119</ele>
        <time>2025-09-14T05:52:49.999Z</time>
      </trkpt>
      <trkpt lat="40.934668" lon="17.298424">
        <ele>41.157486</ele>
        <time>2025-09-14T05:52:52.999Z</time>
      </trkpt>
      <trkpt lat="40.934692" lon="17.298294">
        <ele>41.199086</ele>
        <time>2025-09-14T05:52:55.998Z</time>
      </trkpt>
      <trkpt lat="40.934717" lon="17.298161">
        <ele>41.241690</ele>
        <time>2025-09-14T05:52:58.998Z</time>
      </trkpt>
      <trkpt lat="40.934742" lon="17.298026">
        <ele>41.284897</ele>
        <time>2025-09-14T05:53:01.998Z</time>
      </trkpt>
      <trkpt lat="40.934781" lon="17.297889">
        <ele>41.330407</ele>
        <time>2025-09-14T05:53:04.998Z</time>
      </trkpt>
      <trkpt lat="40.934807" lon="17.297759">
        <ele>41.372210</ele>
        <time>2025-09-14T05:53:07.998Z</time>
      </trkpt>
      <trkpt lat="40.934802" lon="17.297618">
        <ele>41.416088</ele>
        <time>2025-09-14T05:53:10.998Z</time>
      </trkpt>
      <trkpt lat="40.934789" lon="17.297470">
        <ele>41.462404</ele>
        <time>2025-09-14T05:53:13.997Z</time>
      </trkpt>
      <trkpt lat="40.934808" lon="17.297335">
        <ele>41.505091</ele>
        <time>2025-09-14T05:53:16.997Z</time>
      </trkpt>
      <trkpt lat="40.934823" lon="17.297211">
        <ele>41.538822</ele>
        <time>2025-09-14T05:53:19.997Z</time>
      </trkpt>
      <trkpt lat="40.934763" lon="17.297120">
        <ele>41.520302</ele>
        <time>2025-09-14T05:53:22.997Z</time>
      </trkpt>
      <trkpt lat="40.934740" lon="17.297004">
        <ele>41.501914</ele>
        <time>2025-09-14T05:53:59.997Z</time>
      </trkpt>
      <trkpt lat="40.934560" lon="17.296910">
        <ele>41.462641</ele>
        <time>2025-09-14T05:54:57.998Z</time>
      </trkpt>
      <trkpt lat="40.934467" lon="17.296869">
        <ele>41.442747</ele>
        <time>2025-09-14T05:54:59.998Z</time>
      </trkpt>
      <trkpt lat="40.934365" lon="17.296809">
        <ele>41.420093</ele>
        <time>2025-09-14T05:55:01.998Z</time>
      </trkpt>
      <trkpt lat="40.934260" lon="17.296756">
        <ele>41.397286</ele>
        <time>2025-09-14T05:55:03.998Z</time>
      </trkpt>
      <trkpt lat="40.934149" lon="17.296724">
        <ele>41.374229</ele>
        <time>2025-09-14T05:55:05.998Z</time>
      </trkpt>
      <trkpt lat="40.934046" lon="17.296689">
        <ele>41.352647</ele>
        <time>2025-09-14T05:55:07.999Z</time>
      </trkpt>
      <trkpt lat="40.933947" lon="17.296651">
        <ele>41.331726</ele>
        <time>2025-09-14T05:55:09.999Z</time>
      </trkpt>
      <trkpt lat="40.933844" lon="17.296633">
        <ele>41.310640</ele>
        <time>2025-09-14T05:55:11.999Z</time>
      </trkpt>
      <trkpt lat="40.933734" lon="17.296659">
        <ele>41.287962</ele>
        <time>2025-09-14T05:55:13.999Z</time>
      </trkpt>
      <trkpt lat="40.933602" lon="17.296705">
        <ele>41.260258</ele>
        <time>2025-09-14T05:55:15.999Z</time>
      </trkpt>
      <trkpt lat="40.933472" lon="17.296664">
        <ele>41.233135</ele>
        <time>2025-09-14T05:55:17.999Z</time>
      </trkpt>
      <trkpt lat="40.933354" lon="17.296585">
        <ele>41.206297</ele>
        <time>2025-09-14T05:55:19.999Z</time>
      </trkpt>
      <trkpt lat="40.933243" lon="17.296529">
        <ele>41.182188</ele>
        <time>2025-09-14T05:55:21.999Z</time>
      </trkpt>
      <trkpt lat="40.933157" lon="17.296607">
        <ele>41.330655</ele>
        <time>2025-09-14T05:55:25.999Z</time>
      </trkpt>
      <trkpt lat="40.933113" lon="17.296730">
        <ele>41.553962</ele>
        <time>2025-09-14T05:55:28.999Z</time>
      </trkpt>
      <trkpt lat="40.933061" lon="17.296829">
        <ele>41.751811</ele>
        <time>2025-09-14T05:55:31.999Z</time>
      </trkpt>
      <trkpt lat="40.933017" lon="17.296942">
        <ele>41.960406</ele>
        <time>2025-09-14T05:55:34.999Z</time>
      </trkpt>
      <trkpt lat="40.932972" lon="17.297064">
        <ele>42.183176</ele>
        <time>2025-09-14T05:55:37.999Z</time>
      </trkpt>
      <trkpt lat="40.932920" lon="17.297184">
        <ele>42.410170</ele>
        <time>2025-09-14T05:55:40.999Z</time>
      </trkpt>
      <trkpt lat="40.932868" lon="17.297312">
        <ele>42.648641</ele>
        <time>2025-09-14T05:55:43.999Z</time>
      </trkpt>
      <trkpt lat="40.932787" lon="17.297404">
        <ele>42.880458</ele>
        <time>2025-09-14T05:55:46.999Z</time>
      </trkpt>
      <trkpt lat="40.932686" lon="17.297399">
        <ele>43.099978</ele>
        <time>2025-09-14T05:55:50.999Z</time>
      </trkpt>
      <trkpt lat="40.932615" lon="17.297302">
        <ele>43.321594</ele>
        <time>2025-09-14T05:55:53.999Z</time>
      </trkpt>
      <trkpt lat="40.932510" lon="17.297217">
        <ele>43.588917</ele>
        <time>2025-09-14T05:55:56.999Z</time>
      </trkpt>
      <trkpt lat="40.932404" lon="17.297129">
        <ele>43.860679</ele>
        <time>2025-09-14T05:55:59.999Z</time>
      </trkpt>
      <trkpt lat="40.932285" lon="17.297060">
        <ele>44.142851</ele>
        <time>2025-09-14T05:56:02.999Z</time>
      </trkpt>
      <trkpt lat="40.932159" lon="17.297026">
        <ele>44.422145</ele>
        <time>2025-09-14T05:56:05.999Z</time>
      </trkpt>
      <trkpt lat="40.932031" lon="17.297023">
        <ele>44.700198</ele>
        <time>2025-09-14T05:56:08.999Z</time>
      </trkpt>
      <trkpt lat="40.931902" lon="17.296999">
        <ele>44.983134</ele>
        <time>2025-09-14T05:56:11.999Z</time>
      </trkpt>
      <trkpt lat="40.931778" lon="17.296959">
        <ele>45.154121</ele>
        <time>2025-09-14T05:56:14.999Z</time>
      </trkpt>
      <trkpt lat="40.931669" lon="17.296898">
        <ele>45.257994</ele>
        <time>2025-09-14T05:56:17.999Z</time>
      </trkpt>
      <trkpt lat="40.931568" lon="17.296841">
        <ele>45.354366</ele>
        <time>2025-09-14T05:56:20.999Z</time>
      </trkpt>
      <trkpt lat="40.931469" lon="17.296783">
        <ele>45.449393</ele>
        <time>2025-09-14T05:56:23.999Z</time>
      </trkpt>
      <trkpt lat="40.931388" lon="17.296728">
        <ele>45.529299</ele>
        <time>2025-09-14T05:56:25.998Z</time>
      </trkpt>
      <trkpt lat="40.931307" lon="17.296654">
        <ele>45.615685</ele>
        <time>2025-09-14T05:56:27.998Z</time>
      </trkpt>
      <trkpt lat="40.931218" lon="17.296578">
        <ele>45.708650</ele>
        <time>2025-09-14T05:56:29.998Z</time>
      </trkpt>
      <trkpt lat="40.931118" lon="17.296522">
        <ele>45.803955</ele>
        <time>2025-09-14T05:56:31.998Z</time>
      </trkpt>
      <trkpt lat="40.931012" lon="17.296498">
        <ele>45.898346</ele>
        <time>2025-09-14T05:56:33.998Z</time>
      </trkpt>
      <trkpt lat="40.930907" lon="17.296469">
        <ele>45.992493</ele>
        <time>2025-09-14T05:56:35.998Z</time>
      </trkpt>
      <trkpt lat="40.930787" lon="17.296375">
        <ele>46.114884</ele>
        <time>2025-09-14T05:56:38.998Z</time>
      </trkpt>
      <trkpt lat="40.930710" lon="17.296311">
        <ele>46.194690</ele>
        <time>2025-09-14T05:56:40.998Z</time>
      </trkpt>
      <trkpt lat="40.930602" lon="17.296224">
        <ele>46.305661</ele>
        <time>2025-09-14T05:56:43.998Z</time>
      </trkpt>
      <trkpt lat="40.930487" lon="17.296151">
        <ele>46.417608</ele>
        <time>2025-09-14T05:56:46.998Z</time>
      </trkpt>
      <trkpt lat="40.930404" lon="17.296104">
        <ele>46.496847</ele>
        <time>2025-09-14T05:56:48.999Z</time>
      </trkpt>
      <trkpt lat="40.930291" lon="17.296035">
        <ele>46.606076</ele>
        <time>2025-09-14T05:56:51.999Z</time>
      </trkpt>
      <trkpt lat="40.930174" lon="17.295978">
        <ele>46.851732</ele>
        <time>2025-09-14T05:56:54.999Z</time>
      </trkpt>
      <trkpt lat="40.930064" lon="17.295916">
        <ele>47.218052</ele>
        <time>2025-09-14T05:56:57.999Z</time>
      </trkpt>
      <trkpt lat="40.929953" lon="17.295873">
        <ele>47.572418</ele>
        <time>2025-09-14T05:57:00.999Z</time>
      </trkpt>
      <trkpt lat="40.929843" lon="17.295833">
        <ele>47.921940</ele>
        <time>2025-09-14T05:57:03.999Z</time>
      </trkpt>
      <trkpt lat="40.929730" lon="17.295831">
        <ele>48.268198</ele>
        <time>2025-09-14T05:57:06.999Z</time>
      </trkpt>
      <trkpt lat="40.929616" lon="17.295834">
        <ele>48.617557</ele>
        <time>2025-09-14T05:57:09.999Z</time>
      </trkpt>
      <trkpt lat="40.929509" lon="17.295844">
        <ele>48.946216</ele>
        <time>2025-09-14T05:57:12.999Z</time>
      </trkpt>
      <trkpt lat="40.929413" lon="17.295841">
        <ele>49.240437</ele>
        <time>2025-09-14T05:57:15.999Z</time>
      </trkpt>
      <trkpt lat="40.929323" lon="17.295825">
        <ele>49.518669</ele>
        <time>2025-09-14T05:57:18.999Z</time>
      </trkpt>
      <trkpt lat="40.929221" lon="17.295795">
        <ele>49.838815</ele>
        <time>2025-09-14T05:57:22.999Z</time>
      </trkpt>
      <trkpt lat="40.929102" lon="17.295778">
        <ele>50.205543</ele>
        <time>2025-09-14T05:57:26.999Z</time>
      </trkpt>
      <trkpt lat="40.928993" lon="17.295772">
        <ele>50.539802</ele>
        <time>2025-09-14T05:57:29.999Z</time>
      </trkpt>
      <trkpt lat="40.928897" lon="17.295768">
        <ele>50.834087</ele>
        <time>2025-09-14T05:57:32.999Z</time>
      </trkpt>
      <trkpt lat="40.928782" lon="17.295775">
        <ele>51.186814</ele>
        <time>2025-09-14T05:57:36.999Z</time>
      </trkpt>
      <trkpt lat="40.928690" lon="17.295753">
        <ele>51.473261</ele>
        <time>2025-09-14T05:57:39.999Z</time>
      </trkpt>
      <trkpt lat="40.928581" lon="17.295759">
        <ele>51.807520</ele>
        <time>2025-09-14T05:57:42.999Z</time>
      </trkpt>
      <trkpt lat="40.928474" lon="17.295758">
        <ele>52.135371</ele>
        <time>2025-09-14T05:57:45.999Z</time>
      </trkpt>
      <trkpt lat="40.928374" lon="17.295743">
        <ele>52.244824</ele>
        <time>2025-09-14T05:57:48.999Z</time>
      </trkpt>
      <trkpt lat="40.928272" lon="17.295730">
        <ele>52.329166</ele>
        <time>2025-09-14T05:57:51.999Z</time>
      </trkpt>
      <trkpt lat="40.928162" lon="17.295705">
        <ele>52.421028</ele>
        <time>2025-09-14T05:57:54.999Z</time>
      </trkpt>
      <trkpt lat="40.928054" lon="17.295669">
        <ele>52.512695</ele>
        <time>2025-09-14T05:57:57.999Z</time>
      </trkpt>
      <trkpt lat="40.927939" lon="17.295667">
        <ele>52.607356</ele>
        <time>2025-09-14T05:58:00.999Z</time>
      </trkpt>
      <trkpt lat="40.927826" lon="17.295656">
        <ele>52.700613</ele>
        <time>2025-09-14T05:58:03.999Z</time>
      </trkpt>
      <trkpt lat="40.927707" lon="17.295662">
        <ele>52.798630</ele>
        <time>2025-09-14T05:58:06.999Z</time>
      </trkpt>
      <trkpt lat="40.927589" lon="17.295652">
        <ele>52.895950</ele>
        <time>2025-09-14T05:58:09.999Z</time>
      </trkpt>
      <trkpt lat="40.927475" lon="17.295647">
        <ele>52.989831</ele>
        <time>2025-09-14T05:58:12.999Z</time>
      </trkpt>
      <trkpt lat="40.927363" lon="17.295646">
        <ele>53.082017</ele>
        <time>2025-09-14T05:58:15.999Z</time>
      </trkpt>
      <trkpt lat="40.927252" lon="17.295637">
        <ele>53.173549</ele>
        <time>2025-09-14T05:58:18.998Z</time>
      </trkpt>
      <trkpt lat="40.927139" lon="17.295631">
        <ele>53.266630</ele>
        <time>2025-09-14T05:58:21.998Z</time>
      </trkpt>
      <trkpt lat="40.927023" lon="17.295630">
        <ele>53.362108</ele>
        <time>2025-09-14T05:58:24.998Z</time>
      </trkpt>
      <trkpt lat="40.926911" lon="17.295625">
        <ele>53.454344</ele>
        <time>2025-09-14T05:58:27.998Z</time>
      </trkpt>
      <trkpt lat="40.926793" lon="17.295623">
        <ele>53.551474</ele>
        <time>2025-09-14T05:58:30.998Z</time>
      </trkpt>
      <trkpt lat="40.926681" lon="17.295617">
        <ele>53.643733</ele>
        <time>2025-09-14T05:58:33.998Z</time>
      </trkpt>
      <trkpt lat="40.926568" lon="17.295611">
        <ele>53.807782</ele>
        <time>2025-09-14T05:58:36.998Z</time>
      </trkpt>
      <trkpt lat="40.926454" lon="17.295605">
        <ele>53.980420</ele>
        <time>2025-09-14T05:58:39.998Z</time>
      </trkpt>
      <trkpt lat="40.926346" lon="17.295582">
        <ele>54.145944</ele>
        <time>2025-09-14T05:58:42.998Z</time>
      </trkpt>
      <trkpt lat="40.926244" lon="17.295546">
        <ele>54.305681</ele>
        <time>2025-09-14T05:58:45.998Z</time>
      </trkpt>
      <trkpt lat="40.926135" lon="17.295510">
        <ele>54.475674</ele>
        <time>2025-09-14T05:58:48.998Z</time>
      </trkpt>
      <trkpt lat="40.926024" lon="17.295476">
        <ele>54.648075</ele>
        <time>2025-09-14T05:58:51.998Z</time>
      </trkpt>
      <trkpt lat="40.925913" lon="17.295451">
        <ele>54.818452</ele>
        <time>2025-09-14T05:58:54.999Z</time>
      </trkpt>
      <trkpt lat="40.925806" lon="17.295419">
        <ele>54.984443</ele>
        <time>2025-09-14T05:58:57.999Z</time>
      </trkpt>
      <trkpt lat="40.925697" lon="17.295385">
        <ele>55.153897</ele>
        <time>2025-09-14T05:59:00.999Z</time>
      </trkpt>
      <trkpt lat="40.925593" lon="17.295365">
        <ele>55.312919</ele>
        <time>2025-09-14T05:59:03.999Z</time>
      </trkpt>
      <trkpt lat="40.925492" lon="17.295335">
        <ele>55.469551</ele>
        <time>2025-09-14T05:59:06.999Z</time>
      </trkpt>
      <trkpt lat="40.925388" lon="17.295310">
        <ele>55.629495</ele>
        <time>2025-09-14T05:59:09.999Z</time>
      </trkpt>
      <trkpt lat="40.925275" lon="17.295282">
        <ele>55.803454</ele>
        <time>2025-09-14T05:59:12.999Z</time>
      </trkpt>
      <trkpt lat="40.925170" lon="17.295247">
        <ele>55.967298</ele>
        <time>2025-09-14T05:59:15.999Z</time>
      </trkpt>
      <trkpt lat="40.925053" lon="17.295232">
        <ele>56.145168</ele>
        <time>2025-09-14T05:59:18.999Z</time>
      </trkpt>
      <trkpt lat="40.924939" lon="17.295215">
        <ele>56.318761</ele>
        <time>2025-09-14T05:59:21.999Z</time>
      </trkpt>
      <trkpt lat="40.924838" lon="17.295191">
        <ele>56.477415</ele>
        <time>2025-09-14T05:59:24.999Z</time>
      </trkpt>
      <trkpt lat="40.924735" lon="17.295147">
        <ele>56.646714</ele>
        <time>2025-09-14T05:59:27.999Z</time>
      </trkpt>
      <trkpt lat="40.924627" lon="17.295098">
        <ele>56.825300</ele>
        <time>2025-09-14T05:59:30.999Z</time>
      </trkpt>
      <trkpt lat="40.924527" lon="17.295041">
        <ele>56.995612</ele>
        <time>2025-09-14T05:59:33.999Z</time>
      </trkpt>
      <trkpt lat="40.924424" lon="17.294988">
        <ele>57.168475</ele>
        <time>2025-09-14T05:59:36.999Z</time>
      </trkpt>
      <trkpt lat="40.924327" lon="17.294927">
        <ele>57.336462</ele>
        <time>2025-09-14T05:59:39.999Z</time>
      </trkpt>
      <trkpt lat="40.924217" lon="17.294882">
        <ele>57.516558</ele>
        <time>2025-09-14T05:59:42.999Z</time>
      </trkpt>
      <trkpt lat="40.924104" lon="17.294846">
        <ele>57.698363</ele>
        <time>2025-09-14T05:59:45.999Z</time>
      </trkpt>
      <trkpt lat="40.923987" lon="17.294807">
        <ele>57.887092</ele>
        <time>2025-09-14T05:59:48.999Z</time>
      </trkpt>
      <trkpt lat="40.923878" lon="17.294792">
        <ele>58.058511</ele>
        <time>2025-09-14T05:59:51.999Z</time>
      </trkpt>
      <trkpt lat="40.923776" lon="17.294774">
        <ele>58.219474</ele>
        <time>2025-09-14T05:59:54.999Z</time>
      </trkpt>
      <trkpt lat="40.923670" lon="17.294769">
        <ele>58.385386</ele>
        <time>2025-09-14T05:59:57.999Z</time>
      </trkpt>
      <trkpt lat="40.923560" lon="17.294765">
        <ele>58.557515</ele>
        <time>2025-09-14T06:00:00.999Z</time>
      </trkpt>
      <trkpt lat="40.923460" lon="17.294779">
        <ele>58.714810</ele>
        <time>2025-09-14T06:00:03.999Z</time>
      </trkpt>
      <trkpt lat="40.923349" lon="17.294773">
        <ele>58.888583</ele>
        <time>2025-09-14T06:00:06.999Z</time>
      </trkpt>
      <trkpt lat="40.923237" lon="17.294786">
        <ele>59.064448</ele>
        <time>2025-09-14T06:00:09.999Z</time>
      </trkpt>
      <trkpt lat="40.923125" lon="17.294795">
        <ele>59.244545</ele>
        <time>2025-09-14T06:00:12.999Z</time>
      </trkpt>
      <trkpt lat="40.923022" lon="17.294802">
        <ele>59.419908</ele>
        <time>2025-09-14T06:00:15.998Z</time>
      </trkpt>
      <trkpt lat="40.922916" lon="17.294800">
        <ele>59.600159</ele>
        <time>2025-09-14T06:00:18.998Z</time>
      </trkpt>
      <trkpt lat="40.922813" lon="17.294804">
        <ele>59.775367</ele>
        <time>2025-09-14T06:00:21.998Z</time>
      </trkpt>
      <trkpt lat="40.922710" lon="17.294810">
        <ele>59.950668</ele>
        <time>2025-09-14T06:00:24.998Z</time>
      </trkpt>
      <trkpt lat="40.922611" lon="17.294807">
        <ele>60.119043</ele>
        <time>2025-09-14T06:00:27.998Z</time>
      </trkpt>
      <trkpt lat="40.922501" lon="17.294817">
        <ele>60.306518</ele>
        <time>2025-09-14T06:00:30.998Z</time>
      </trkpt>
      <trkpt lat="40.922394" lon="17.294816">
        <ele>60.488456</ele>
        <time>2025-09-14T06:00:33.998Z</time>
      </trkpt>
      <trkpt lat="40.922282" lon="17.294828">
        <ele>60.679514</ele>
        <time>2025-09-14T06:00:36.998Z</time>
      </trkpt>
      <trkpt lat="40.922170" lon="17.294840">
        <ele>60.870572</ele>
        <time>2025-09-14T06:00:39.998Z</time>
      </trkpt>
      <trkpt lat="40.922062" lon="17.294858">
        <ele>61.055656</ele>
        <time>2025-09-14T06:00:42.998Z</time>
      </trkpt>
      <trkpt lat="40.921950" lon="17.294872">
        <ele>61.246938</ele>
        <time>2025-09-14T06:00:45.998Z</time>
      </trkpt>
      <trkpt lat="40.921848" lon="17.294830">
        <ele>61.428570</ele>
        <time>2025-09-14T06:00:48.998Z</time>
      </trkpt>
      <trkpt lat="40.921754" lon="17.294786">
        <ele>61.598102</ele>
        <time>2025-09-14T06:00:51.998Z</time>
      </trkpt>
      <trkpt lat="40.921659" lon="17.294754">
        <ele>61.764781</ele>
        <time>2025-09-14T06:00:54.998Z</time>
      </trkpt>
      <trkpt lat="40.921565" lon="17.294712">
        <ele>61.933474</ele>
        <time>2025-09-14T06:00:57.998Z</time>
      </trkpt>
      <trkpt lat="40.921468" lon="17.294670">
        <ele>62.107007</ele>
        <time>2025-09-14T06:01:00.999Z</time>
      </trkpt>
      <trkpt lat="40.921368" lon="17.294627">
        <ele>62.279603</ele>
        <time>2025-09-14T06:01:03.999Z</time>
      </trkpt>
      <trkpt lat="40.921255" lon="17.294578">
        <ele>62.450717</ele>
        <time>2025-09-14T06:01:06.999Z</time>
      </trkpt>
      <trkpt lat="40.921150" lon="17.294530">
        <ele>62.610573</ele>
        <time>2025-09-14T06:01:09.999Z</time>
      </trkpt>
      <trkpt lat="40.921041" lon="17.294485">
        <ele>62.774880</ele>
        <time>2025-09-14T06:01:12.999Z</time>
      </trkpt>
      <trkpt lat="40.920939" lon="17.294433">
        <ele>62.932173</ele>
        <time>2025-09-14T06:01:15.999Z</time>
      </trkpt>
      <trkpt lat="40.920828" lon="17.294388">
        <ele>63.099229</ele>
        <time>2025-09-14T06:01:18.999Z</time>
      </trkpt>
      <trkpt lat="40.920721" lon="17.294350">
        <ele>63.258650</ele>
        <time>2025-09-14T06:01:21.999Z</time>
      </trkpt>
      <trkpt lat="40.920611" lon="17.294313">
        <ele>63.421974</ele>
        <time>2025-09-14T06:01:24.999Z</time>
      </trkpt>
      <trkpt lat="40.920495" lon="17.294273">
        <ele>63.594472</ele>
        <time>2025-09-14T06:01:27.999Z</time>
      </trkpt>
      <trkpt lat="40.920379" lon="17.294247">
        <ele>63.763774</ele>
        <time>2025-09-14T06:01:30.999Z</time>
      </trkpt>
      <trkpt lat="40.920268" lon="17.294223">
        <ele>63.925622</ele>
        <time>2025-09-14T06:01:33.999Z</time>
      </trkpt>
      <trkpt lat="40.920166" lon="17.294214">
        <ele>64.072726</ele>
        <time>2025-09-14T06:01:36.999Z</time>
      </trkpt>
      <trkpt lat="40.920059" lon="17.294204">
        <ele>64.227084</ele>
        <time>2025-09-14T06:01:39.999Z</time>
      </trkpt>
      <trkpt lat="40.919947" lon="17.294196">
        <ele>64.388487</ele>
        <time>2025-09-14T06:01:42.999Z</time>
      </trkpt>
      <trkpt lat="40.919841" lon="17.294198">
        <ele>64.541037</ele>
        <time>2025-09-14T06:01:45.999Z</time>
      </trkpt>
      <trkpt lat="40.919729" lon="17.294202">
        <ele>64.702265</ele>
        <time>2025-09-14T06:01:48.999Z</time>
      </trkpt>
      <trkpt lat="40.919623" lon="17.294212">
        <ele>64.843089</ele>
        <time>2025-09-14T06:01:51.999Z</time>
      </trkpt>
      <trkpt lat="40.919506" lon="17.294243">
        <ele>64.917621</ele>
        <time>2025-09-14T06:01:54.999Z</time>
      </trkpt>
      <trkpt lat="40.919393" lon="17.294268">
        <ele>64.989183</ele>
        <time>2025-09-14T06:01:57.999Z</time>
      </trkpt>
      <trkpt lat="40.919278" lon="17.294294">
        <ele>65.062056</ele>
        <time>2025-09-14T06:02:00.999Z</time>
      </trkpt>
      <trkpt lat="40.919160" lon="17.294313">
        <ele>65.136306</ele>
        <time>2025-09-14T06:02:03.999Z</time>
      </trkpt>
      <trkpt lat="40.919043" lon="17.294339">
        <ele>65.210411</ele>
        <time>2025-09-14T06:02:06.999Z</time>
      </trkpt>
      <trkpt lat="40.918940" lon="17.294366">
        <ele>65.275997</ele>
        <time>2025-09-14T06:02:09.998Z</time>
      </trkpt>
      <trkpt lat="40.918849" lon="17.294392">
        <ele>65.334148</ele>
        <time>2025-09-14T06:02:12.998Z</time>
      </trkpt>
      <trkpt lat="40.918730" lon="17.294431">
        <ele>65.410724</ele>
        <time>2025-09-14T06:02:16.998Z</time>
      </trkpt>
      <trkpt lat="40.918629" lon="17.294444">
        <ele>65.474110</ele>
        <time>2025-09-14T06:02:19.998Z</time>
      </trkpt>
      <trkpt lat="40.918524" lon="17.294456">
        <ele>65.539940</ele>
        <time>2025-09-14T06:02:22.998Z</time>
      </trkpt>
      <trkpt lat="40.918427" lon="17.294477">
        <ele>65.601334</ele>
        <time>2025-09-14T06:02:25.998Z</time>
      </trkpt>
      <trkpt lat="40.918322" lon="17.294462">
        <ele>65.667301</ele>
        <time>2025-09-14T06:02:28.998Z</time>
      </trkpt>
      <trkpt lat="40.918241" lon="17.294366">
        <ele>65.735220</ele>
        <time>2025-09-14T06:02:31.998Z</time>
      </trkpt>
      <trkpt lat="40.918177" lon="17.294256">
        <ele>65.800747</ele>
        <time>2025-09-14T06:02:34.998Z</time>
      </trkpt>
      <trkpt lat="40.918107" lon="17.294145">
        <ele>65.868987</ele>
        <time>2025-09-14T06:02:37.998Z</time>
      </trkpt>
      <trkpt lat="40.918027" lon="17.294037">
        <ele>65.940370</ele>
        <time>2025-09-14T06:02:40.998Z</time>
      </trkpt>
      <trkpt lat="40.917954" lon="17.293931">
        <ele>66.018266</ele>
        <time>2025-09-14T06:02:43.998Z</time>
      </trkpt>
      <trkpt lat="40.917883" lon="17.293823">
        <ele>66.099412</ele>
        <time>2025-09-14T06:02:46.998Z</time>
      </trkpt>
      <trkpt lat="40.917803" lon="17.293725">
        <ele>66.181190</ele>
        <time>2025-09-14T06:02:49.998Z</time>
      </trkpt>
      <trkpt lat="40.917713" lon="17.293637">
        <ele>66.265133</ele>
        <time>2025-09-14T06:02:54.998Z</time>
      </trkpt>
      <trkpt lat="40.917613" lon="17.293594">
        <ele>66.344010</ele>
        <time>2025-09-14T06:02:58.998Z</time>
      </trkpt>
      <trkpt lat="40.917538" lon="17.293517">
        <ele>66.415218</ele>
        <time>2025-09-14T06:03:01.998Z</time>
      </trkpt>
      <trkpt lat="40.917458" lon="17.293445">
        <ele>66.487794</ele>
        <time>2025-09-14T06:03:04.998Z</time>
      </trkpt>
      <trkpt lat="40.917377" lon="17.293367">
        <ele>66.562941</ele>
        <time>2025-09-14T06:03:07.999Z</time>
      </trkpt>
      <trkpt lat="40.917287" lon="17.293289">
        <ele>66.643645</ele>
        <time>2025-09-14T06:03:10.999Z</time>
      </trkpt>
      <trkpt lat="40.917207" lon="17.293208">
        <ele>66.719208</ele>
        <time>2025-09-14T06:03:13.999Z</time>
      </trkpt>
      <trkpt lat="40.917120" lon="17.293110">
        <ele>66.804914</ele>
        <time>2025-09-14T06:03:16.999Z</time>
      </trkpt>
      <trkpt lat="40.917032" lon="17.293016">
        <ele>66.889750</ele>
        <time>2025-09-14T06:03:19.999Z</time>
      </trkpt>
      <trkpt lat="40.916939" lon="17.292910">
        <ele>66.981824</ele>
        <time>2025-09-14T06:03:22.999Z</time>
      </trkpt>
      <trkpt lat="40.916855" lon="17.292810">
        <ele>67.066582</ele>
        <time>2025-09-14T06:03:25.999Z</time>
      </trkpt>
      <trkpt lat="40.916750" lon="17.292715">
        <ele>67.161999</ele>
        <time>2025-09-14T06:03:28.999Z</time>
      </trkpt>
      <trkpt lat="40.916653" lon="17.292624">
        <ele>67.251194</ele>
        <time>2025-09-14T06:03:31.999Z</time>
      </trkpt>
      <trkpt lat="40.916563" lon="17.292528">
        <ele>67.354944</ele>
        <time>2025-09-14T06:03:34.999Z</time>
      </trkpt>
      <trkpt lat="40.916474" lon="17.292433">
        <ele>67.487329</ele>
        <time>2025-09-14T06:03:37.999Z</time>
      </trkpt>
      <trkpt lat="40.916396" lon="17.292324">
        <ele>67.618667</ele>
        <time>2025-09-14T06:03:40.999Z</time>
      </trkpt>
      <trkpt lat="40.916296" lon="17.292237">
        <ele>67.757224</ele>
        <time>2025-09-14T06:03:43.999Z</time>
      </trkpt>
      <trkpt lat="40.916195" lon="17.292156">
        <ele>67.893957</ele>
        <time>2025-09-14T06:03:46.999Z</time>
      </trkpt>
      <trkpt lat="40.916088" lon="17.292077">
        <ele>68.035817</ele>
        <time>2025-09-14T06:03:49.999Z</time>
      </trkpt>
      <trkpt lat="40.915988" lon="17.292003">
        <ele>68.168467</ele>
        <time>2025-09-14T06:03:52.999Z</time>
      </trkpt>
      <trkpt lat="40.915885" lon="17.291939">
        <ele>68.300210</ele>
        <time>2025-09-14T06:03:55.999Z</time>
      </trkpt>
      <trkpt lat="40.915777" lon="17.291875">
        <ele>68.437215</ele>
        <time>2025-09-14T06:03:58.999Z</time>
      </trkpt>
      <trkpt lat="40.915672" lon="17.291799">
        <ele>68.575778</ele>
        <time>2025-09-14T06:04:01.999Z</time>
      </trkpt>
      <trkpt lat="40.915572" lon="17.291712">
        <ele>68.714336</ele>
        <time>2025-09-14T06:04:04.999Z</time>
      </trkpt>
      <trkpt lat="40.915476" lon="17.291624">
        <ele>68.849544</ele>
        <time>2025-09-14T06:04:07.999Z</time>
      </trkpt>
      <trkpt lat="40.915366" lon="17.291591">
        <ele>68.980132</ele>
        <time>2025-09-14T06:04:10.999Z</time>
      </trkpt>
      <trkpt lat="40.915259" lon="17.291563">
        <ele>69.106413</ele>
        <time>2025-09-14T06:04:13.998Z</time>
      </trkpt>
      <trkpt lat="40.915148" lon="17.291530">
        <ele>69.238130</ele>
        <time>2025-09-14T06:04:16.998Z</time>
      </trkpt>
      <trkpt lat="40.915048" lon="17.291497">
        <ele>69.357454</ele>
        <time>2025-09-14T06:04:19.998Z</time>
      </trkpt>
      <trkpt lat="40.914945" lon="17.291456">
        <ele>69.486622</ele>
        <time>2025-09-14T06:04:22.998Z</time>
      </trkpt>
      <trkpt lat="40.914838" lon="17.291417">
        <ele>69.621528</ele>
        <time>2025-09-14T06:04:25.998Z</time>
      </trkpt>
      <trkpt lat="40.914730" lon="17.291374">
        <ele>69.758619</ele>
        <time>2025-09-14T06:04:28.998Z</time>
      </trkpt>
      <trkpt lat="40.914622" lon="17.291327">
        <ele>69.896813</ele>
        <time>2025-09-14T06:04:31.998Z</time>
      </trkpt>
      <trkpt lat="40.914519" lon="17.291266">
        <ele>70.033980</ele>
        <time>2025-09-14T06:04:34.998Z</time>
      </trkpt>
      <trkpt lat="40.914412" lon="17.291228">
        <ele>70.168645</ele>
        <time>2025-09-14T06:04:37.998Z</time>
      </trkpt>
      <trkpt lat="40.914296" lon="17.291187">
        <ele>70.314590</ele>
        <time>2025-09-14T06:04:40.998Z</time>
      </trkpt>
      <trkpt lat="40.914187" lon="17.291154">
        <ele>70.450507</ele>
        <time>2025-09-14T06:04:43.998Z</time>
      </trkpt>
      <trkpt lat="40.914079" lon="17.291101">
        <ele>70.590521</ele>
        <time>2025-09-14T06:04:46.998Z</time>
      </trkpt>
      <trkpt lat="40.913969" lon="17.291028">
        <ele>70.740102</ele>
        <time>2025-09-14T06:04:49.998Z</time>
      </trkpt>
      <trkpt lat="40.913867" lon="17.290953">
        <ele>70.881942</ele>
        <time>2025-09-14T06:04:52.998Z</time>
      </trkpt>
      <trkpt lat="40.913777" lon="17.290857">
        <ele>71.022456</ele>
        <time>2025-09-14T06:04:55.998Z</time>
      </trkpt>
      <trkpt lat="40.913684" lon="17.290759">
        <ele>71.166965</ele>
        <time>2025-09-14T06:04:58.998Z</time>
      </trkpt>
      <trkpt lat="40.913600" lon="17.290659">
        <ele>71.304309</ele>
        <time>2025-09-14T06:05:01.998Z</time>
      </trkpt>
      <trkpt lat="40.913509" lon="17.290554">
        <ele>71.451067</ele>
        <time>2025-09-14T06:05:04.998Z</time>
      </trkpt>
      <trkpt lat="40.913421" lon="17.290465">
        <ele>71.586904</ele>
        <time>2025-09-14T06:05:07.998Z</time>
      </trkpt>
      <trkpt lat="40.913325" lon="17.290383">
        <ele>71.741900</ele>
        <time>2025-09-14T06:05:10.999Z</time>
      </trkpt>
      <trkpt lat="40.913222" lon="17.290309">
        <ele>71.900882</ele>
        <time>2025-09-14T06:05:13.999Z</time>
      </trkpt>
      <trkpt lat="40.913136" lon="17.290205">
        <ele>72.058917</ele>
        <time>2025-09-14T06:05:16.999Z</time>
      </trkpt>
      <trkpt lat="40.913061" lon="17.290073">
        <ele>72.228209</ele>
        <time>2025-09-14T06:05:19.999Z</time>
      </trkpt>
      <trkpt lat="40.912980" lon="17.289963">
        <ele>72.385650</ele>
        <time>2025-09-14T06:05:22.999Z</time>
      </trkpt>
      <trkpt lat="40.912884" lon="17.289874">
        <ele>72.544652</ele>
        <time>2025-09-14T06:05:25.999Z</time>
      </trkpt>
      <trkpt lat="40.912773" lon="17.289790">
        <ele>72.718106</ele>
        <time>2025-09-14T06:05:28.999Z</time>
      </trkpt>
      <trkpt lat="40.912677" lon="17.289701">
        <ele>72.877108</ele>
        <time>2025-09-14T06:05:31.999Z</time>
      </trkpt>
      <trkpt lat="40.912579" lon="17.289621">
        <ele>73.033304</ele>
        <time>2025-09-14T06:05:34.999Z</time>
      </trkpt>
      <trkpt lat="40.912487" lon="17.289534">
        <ele>73.186693</ele>
        <time>2025-09-14T06:05:37.999Z</time>
      </trkpt>
      <trkpt lat="40.912396" lon="17.289443">
        <ele>73.341418</ele>
        <time>2025-09-14T06:05:40.999Z</time>
      </trkpt>
      <trkpt lat="40.912310" lon="17.289355">
        <ele>73.488886</ele>
        <time>2025-09-14T06:05:43.999Z</time>
      </trkpt>
      <trkpt lat="40.912224" lon="17.289266">
        <ele>73.636983</ele>
        <time>2025-09-14T06:05:46.999Z</time>
      </trkpt>
      <trkpt lat="40.912135" lon="17.289181">
        <ele>73.785871</ele>
        <time>2025-09-14T06:05:49.999Z</time>
      </trkpt>
      <trkpt lat="40.912047" lon="17.289093">
        <ele>73.935495</ele>
        <time>2025-09-14T06:05:52.999Z</time>
      </trkpt>
      <trkpt lat="40.911961" lon="17.289011">
        <ele>74.102114</ele>
        <time>2025-09-14T06:05:55.999Z</time>
      </trkpt>
      <trkpt lat="40.911872" lon="17.288935">
        <ele>74.296940</ele>
        <time>2025-09-14T06:05:58.999Z</time>
      </trkpt>
      <trkpt lat="40.911773" lon="17.288886">
        <ele>74.491354</ele>
        <time>2025-09-14T06:06:01.999Z</time>
      </trkpt>
      <trkpt lat="40.911664" lon="17.288854">
        <ele>74.696714</ele>
        <time>2025-09-14T06:06:04.999Z</time>
      </trkpt>
      <trkpt lat="40.911548" lon="17.288822">
        <ele>74.914662</ele>
        <time>2025-09-14T06:06:07.999Z</time>
      </trkpt>
      <trkpt lat="40.911444" lon="17.288778">
        <ele>75.115491</ele>
        <time>2025-09-14T06:06:10.998Z</time>
      </trkpt>
      <trkpt lat="40.911346" lon="17.288731">
        <ele>75.307218</ele>
        <time>2025-09-14T06:06:13.998Z</time>
      </trkpt>
      <trkpt lat="40.911237" lon="17.288685">
        <ele>75.517653</ele>
        <time>2025-09-14T06:06:16.998Z</time>
      </trkpt>
      <trkpt lat="40.911141" lon="17.288638">
        <ele>75.705926</ele>
        <time>2025-09-14T06:06:19.998Z</time>
      </trkpt>
      <trkpt lat="40.911049" lon="17.288566">
        <ele>75.902524</ele>
        <time>2025-09-14T06:06:22.998Z</time>
      </trkpt>
      <trkpt lat="40.910969" lon="17.288481">
        <ele>76.091234</ele>
        <time>2025-09-14T06:06:25.998Z</time>
      </trkpt>
      <trkpt lat="40.910885" lon="17.288399">
        <ele>76.283231</ele>
        <time>2025-09-14T06:06:28.998Z</time>
      </trkpt>
      <trkpt lat="40.910807" lon="17.288314">
        <ele>76.469088</ele>
        <time>2025-09-14T06:06:31.998Z</time>
      </trkpt>
      <trkpt lat="40.910735" lon="17.288232">
        <ele>76.643816</ele>
        <time>2025-09-14T06:06:34.998Z</time>
      </trkpt>
      <trkpt lat="40.910654" lon="17.288144">
        <ele>76.836583</ele>
        <time>2025-09-14T06:06:37.998Z</time>
      </trkpt>
      <trkpt lat="40.910571" lon="17.288064">
        <ele>77.025454</ele>
        <time>2025-09-14T06:06:40.998Z</time>
      </trkpt>
      <trkpt lat="40.910486" lon="17.287988">
        <ele>77.214142</ele>
        <time>2025-09-14T06:06:43.998Z</time>
      </trkpt>
      <trkpt lat="40.910396" lon="17.287907">
        <ele>77.455803</ele>
        <time>2025-09-14T06:06:46.998Z</time>
      </trkpt>
      <trkpt lat="40.910307" lon="17.287832">
        <ele>77.738380</ele>
        <time>2025-09-14T06:06:49.998Z</time>
      </trkpt>
      <trkpt lat="40.910219" lon="17.287757">
        <ele>78.018701</ele>
        <time>2025-09-14T06:06:52.998Z</time>
      </trkpt>
      <trkpt lat="40.910130" lon="17.287667">
        <ele>78.318680</ele>
        <time>2025-09-14T06:06:55.998Z</time>
      </trkpt>
      <trkpt lat="40.910039" lon="17.287604">
        <ele>78.593722</ele>
        <time>2025-09-14T06:06:58.998Z</time>
      </trkpt>
      <trkpt lat="40.909950" lon="17.287569">
        <ele>78.842372</ele>
        <time>2025-09-14T06:07:01.998Z</time>
      </trkpt>
      <trkpt lat="40.909857" lon="17.287530">
        <ele>79.103638</ele>
        <time>2025-09-14T06:07:04.998Z</time>
      </trkpt>
      <trkpt lat="40.909760" lon="17.287487">
        <ele>79.377598</ele>
        <time>2025-09-14T06:07:07.998Z</time>
      </trkpt>
      <trkpt lat="40.909667" lon="17.287444">
        <ele>79.641424</ele>
        <time>2025-09-14T06:07:10.998Z</time>
      </trkpt>
      <trkpt lat="40.909574" lon="17.287398">
        <ele>79.907313</ele>
        <time>2025-09-14T06:07:13.998Z</time>
      </trkpt>
      <trkpt lat="40.909489" lon="17.287350">
        <ele>80.154810</ele>
        <time>2025-09-14T06:07:16.999Z</time>
      </trkpt>
      <trkpt lat="40.909391" lon="17.287269">
        <ele>80.464252</ele>
        <time>2025-09-14T06:07:20.999Z</time>
      </trkpt>
      <trkpt lat="40.909289" lon="17.287190">
        <ele>80.780767</ele>
        <time>2025-09-14T06:07:24.999Z</time>
      </trkpt>
      <trkpt lat="40.909191" lon="17.287125">
        <ele>81.074341</ele>
        <time>2025-09-14T06:07:28.999Z</time>
      </trkpt>
      <trkpt lat="40.909107" lon="17.287079">
        <ele>81.317800</ele>
        <time>2025-09-14T06:07:31.999Z</time>
      </trkpt>
      <trkpt lat="40.908992" lon="17.287067">
        <ele>81.626731</ele>
        <time>2025-09-14T06:07:35.999Z</time>
      </trkpt>
      <trkpt lat="40.908879" lon="17.287037">
        <ele>81.935381</ele>
        <time>2025-09-14T06:07:39.999Z</time>
      </trkpt>
      <trkpt lat="40.908791" lon="17.286990">
        <ele>82.211296</ele>
        <time>2025-09-14T06:07:42.999Z</time>
      </trkpt>
      <trkpt lat="40.908699" lon="17.286948">
        <ele>82.587118</ele>
        <time>2025-09-14T06:07:45.999Z</time>
      </trkpt>
      <trkpt lat="40.908593" lon="17.286913">
        <ele>83.009004</ele>
        <time>2025-09-14T06:07:48.999Z</time>
      </trkpt>
      <trkpt lat="40.908498" lon="17.286847">
        <ele>83.423352</ele>
        <time>2025-09-14T06:07:51.999Z</time>
      </trkpt>
      <trkpt lat="40.908401" lon="17.286765">
        <ele>83.867852</ele>
        <time>2025-09-14T06:07:54.999Z</time>
      </trkpt>
      <trkpt lat="40.908310" lon="17.286712">
        <ele>84.251798</ele>
        <time>2025-09-14T06:07:57.999Z</time>
      </trkpt>
      <trkpt lat="40.908218" lon="17.286642">
        <ele>84.661618</ele>
        <time>2025-09-14T06:08:00.999Z</time>
      </trkpt>
      <trkpt lat="40.908127" lon="17.286583">
        <ele>85.052946</ele>
        <time>2025-09-14T06:08:03.999Z</time>
      </trkpt>
      <trkpt lat="40.908041" lon="17.286535">
        <ele>85.413384</ele>
        <time>2025-09-14T06:08:06.999Z</time>
      </trkpt>
      <trkpt lat="40.907957" lon="17.286479">
        <ele>85.776608</ele>
        <time>2025-09-14T06:08:10.999Z</time>
      </trkpt>
      <trkpt lat="40.907866" lon="17.286418">
        <ele>86.170539</ele>
        <time>2025-09-14T06:08:14.998Z</time>
      </trkpt>
      <trkpt lat="40.907768" lon="17.286360">
        <ele>86.585112</ele>
        <time>2025-09-14T06:08:18.998Z</time>
      </trkpt>
      <trkpt lat="40.907671" lon="17.286300">
        <ele>86.998600</ele>
        <time>2025-09-14T06:08:22.998Z</time>
      </trkpt>
      <trkpt lat="40.907575" lon="17.286224">
        <ele>87.430606</ele>
        <time>2025-09-14T06:08:26.998Z</time>
      </trkpt>
      <trkpt lat="40.907486" lon="17.286129">
        <ele>87.872185</ele>
        <time>2025-09-14T06:08:30.998Z</time>
      </trkpt>
      <trkpt lat="40.907400" lon="17.286047">
        <ele>88.281530</ele>
        <time>2025-09-14T06:08:34.998Z</time>
      </trkpt>
      <trkpt lat="40.907318" lon="17.285963">
        <ele>88.681994</ele>
        <time>2025-09-14T06:08:38.998Z</time>
      </trkpt>
      <trkpt lat="40.907231" lon="17.285882">
        <ele>89.094907</ele>
        <time>2025-09-14T06:08:42.998Z</time>
      </trkpt>
      <trkpt lat="40.907140" lon="17.285794">
        <ele>89.665069</ele>
        <time>2025-09-14T06:08:46.998Z</time>
      </trkpt>
      <trkpt lat="40.907060" lon="17.285708">
        <ele>90.186477</ele>
        <time>2025-09-14T06:08:50.998Z</time>
      </trkpt>
      <trkpt lat="40.906971" lon="17.285622">
        <ele>90.743959</ele>
        <time>2025-09-14T06:08:54.998Z</time>
      </trkpt>
      <trkpt lat="40.906887" lon="17.285542">
        <ele>91.267500</ele>
        <time>2025-09-14T06:08:58.998Z</time>
      </trkpt>
      <trkpt lat="40.906802" lon="17.285452">
        <ele>91.818197</ele>
        <time>2025-09-14T06:09:02.998Z</time>
      </trkpt>
      <trkpt lat="40.906721" lon="17.285376">
        <ele>92.320500</ele>
        <time>2025-09-14T06:09:06.998Z</time>
      </trkpt>
      <trkpt lat="40.906643" lon="17.285287">
        <ele>92.841513</ele>
        <time>2025-09-14T06:09:10.998Z</time>
      </trkpt>
      <trkpt lat="40.906566" lon="17.285204">
        <ele>93.343913</ele>
        <time>2025-09-14T06:09:15.998Z</time>
      </trkpt>
      <trkpt lat="40.906384" lon="17.285025">
        <ele>94.491045</ele>
        <time>2025-09-14T06:09:49.999Z</time>
      </trkpt>
      <trkpt lat="40.906298" lon="17.284938">
        <ele>95.038661</ele>
        <time>2025-09-14T06:09:53.999Z</time>
      </trkpt>
      <trkpt lat="40.906208" lon="17.284868">
        <ele>95.566758</ele>
        <time>2025-09-14T06:09:57.999Z</time>
      </trkpt>
      <trkpt lat="40.906132" lon="17.284765">
        <ele>96.117089</ele>
        <time>2025-09-14T06:10:01.999Z</time>
      </trkpt>
      <trkpt lat="40.906044" lon="17.284672">
        <ele>96.686804</ele>
        <time>2025-09-14T06:10:05.999Z</time>
      </trkpt>
      <trkpt lat="40.905959" lon="17.284583">
        <ele>97.235123</ele>
        <time>2025-09-14T06:10:09.998Z</time>
      </trkpt>
      <trkpt lat="40.905881" lon="17.284485">
        <ele>97.779234</ele>
        <time>2025-09-14T06:10:13.998Z</time>
      </trkpt>
      <trkpt lat="40.905797" lon="17.284395">
        <ele>98.340551</ele>
        <time>2025-09-14T06:10:17.998Z</time>
      </trkpt>
      <trkpt lat="40.905710" lon="17.284302">
        <ele>98.964496</ele>
        <time>2025-09-14T06:10:21.998Z</time>
      </trkpt>
      <trkpt lat="40.905640" lon="17.284219">
        <ele>99.488861</ele>
        <time>2025-09-14T06:10:25.998Z</time>
      </trkpt>
      <trkpt lat="40.905553" lon="17.284143">
        <ele>100.070441</ele>
        <time>2025-09-14T06:10:29.998Z</time>
      </trkpt>
      <trkpt lat="40.905469" lon="17.284067">
        <ele>100.638130</ele>
        <time>2025-09-14T06:10:33.998Z</time>
      </trkpt>
      <trkpt lat="40.905385" lon="17.284017">
        <ele>101.151972</ele>
        <time>2025-09-14T06:10:37.998Z</time>
      </trkpt>
      <trkpt lat="40.905296" lon="17.283982">
        <ele>101.669937</ele>
        <time>2025-09-14T06:10:41.998Z</time>
      </trkpt>
      <trkpt lat="40.905187" lon="17.283949">
        <ele>102.293723</ele>
        <time>2025-09-14T06:10:46.998Z</time>
      </trkpt>
      <trkpt lat="40.905114" lon="17.283874">
        <ele>102.809321</ele>
        <time>2025-09-14T06:10:51.998Z</time>
      </trkpt>
      <trkpt lat="40.905039" lon="17.283792">
        <ele>103.352083</ele>
        <time>2025-09-14T06:10:56.998Z</time>
      </trkpt>
      <trkpt lat="40.904952" lon="17.283728">
        <ele>103.907395</ele>
        <time>2025-09-14T06:11:01.998Z</time>
      </trkpt>
      <trkpt lat="40.904879" lon="17.283648">
        <ele>104.436185</ele>
        <time>2025-09-14T06:11:06.998Z</time>
      </trkpt>
      <trkpt lat="40.904788" lon="17.283579">
        <ele>105.021294</ele>
        <time>2025-09-14T06:11:12.998Z</time>
      </trkpt>
      <trkpt lat="40.904691" lon="17.283511">
        <ele>105.633684</ele>
        <time>2025-09-14T06:11:17.998Z</time>
      </trkpt>
      <trkpt lat="40.904639" lon="17.283614">
        <ele>106.155941</ele>
        <time>2025-09-14T06:11:22.998Z</time>
      </trkpt>
      <trkpt lat="40.904541" lon="17.283678">
        <ele>106.765616</ele>
        <time>2025-09-14T06:11:27.998Z</time>
      </trkpt>
      <trkpt lat="40.904474" lon="17.283589">
        <ele>107.295256</ele>
        <time>2025-09-14T06:11:31.999Z</time>
      </trkpt>
      <trkpt lat="40.904388" lon="17.283506">
        <ele>107.889093</ele>
        <time>2025-09-14T06:11:35.999Z</time>
      </trkpt>
      <trkpt lat="40.904298" lon="17.283424">
        <ele>108.214122</ele>
        <time>2025-09-14T06:11:40.999Z</time>
      </trkpt>
      <trkpt lat="40.904221" lon="17.283356">
        <ele>108.206262</ele>
        <time>2025-09-14T06:11:44.999Z</time>
      </trkpt>
      <trkpt lat="40.904138" lon="17.283275">
        <ele>108.197506</ele>
        <time>2025-09-14T06:11:49.999Z</time>
      </trkpt>
      <trkpt lat="40.904051" lon="17.283200">
        <ele>108.188690</ele>
        <time>2025-09-14T06:11:54.999Z</time>
      </trkpt>
      <trkpt lat="40.903959" lon="17.283237">
        <ele>108.180526</ele>
        <time>2025-09-14T06:11:58.999Z</time>
      </trkpt>
      <trkpt lat="40.903881" lon="17.283302">
        <ele>108.172700</ele>
        <time>2025-09-14T06:12:02.999Z</time>
      </trkpt>
      <trkpt lat="40.903783" lon="17.283310">
        <ele>108.164364</ele>
        <time>2025-09-14T06:12:07.999Z</time>
      </trkpt>
      <trkpt lat="40.903714" lon="17.283389">
        <ele>108.156616</ele>
        <time>2025-09-14T06:12:38.998Z</time>
      </trkpt>
      <trkpt lat="40.903638" lon="17.283475">
        <ele>108.148126</ele>
        <time>2025-09-14T06:12:42.998Z</time>
      </trkpt>
      <trkpt lat="40.903576" lon="17.283589">
        <ele>108.139114</ele>
        <time>2025-09-14T06:12:45.998Z</time>
      </trkpt>
      <trkpt lat="40.903481" lon="17.283651">
        <ele>108.130120</ele>
        <time>2025-09-14T06:12:48.998Z</time>
      </trkpt>
      <trkpt lat="40.903392" lon="17.283752">
        <ele>108.120165</ele>
        <time>2025-09-14T06:12:51.998Z</time>
      </trkpt>
      <trkpt lat="40.903336" lon="17.283858">
        <ele>108.111866</ele>
        <time>2025-09-14T06:12:53.998Z</time>
      </trkpt>
      <trkpt lat="40.903265" lon="17.283948">
        <ele>108.103518</ele>
        <time>2025-09-14T06:12:55.998Z</time>
      </trkpt>
      <trkpt lat="40.903196" lon="17.284035">
        <ele>108.095426</ele>
        <time>2025-09-14T06:12:57.998Z</time>
      </trkpt>
      <trkpt lat="40.903125" lon="17.284112">
        <ele>108.087632</ele>
        <time>2025-09-14T06:12:59.998Z</time>
      </trkpt>
      <trkpt lat="40.903006" lon="17.284120">
        <ele>108.077515</ele>
        <time>2025-09-14T06:13:02.998Z</time>
      </trkpt>
      <trkpt lat="40.902904" lon="17.284156">
        <ele>108.068553</ele>
        <time>2025-09-14T06:13:05.998Z</time>
      </trkpt>
      <trkpt lat="40.902803" lon="17.284218">
        <ele>107.873485</ele>
        <time>2025-09-14T06:13:08.998Z</time>
      </trkpt>
      <trkpt lat="40.902703" lon="17.284293">
        <ele>107.588487</ele>
        <time>2025-09-14T06:13:11.998Z</time>
      </trkpt>
      <trkpt lat="40.902603" lon="17.284382">
        <ele>107.289678</ele>
        <time>2025-09-14T06:13:14.998Z</time>
      </trkpt>
      <trkpt lat="40.902493" lon="17.284482">
        <ele>106.958775</ele>
        <time>2025-09-14T06:13:17.998Z</time>
      </trkpt>
      <trkpt lat="40.902428" lon="17.284568">
        <ele>106.730863</ele>
        <time>2025-09-14T06:13:19.998Z</time>
      </trkpt>
      <trkpt lat="40.902337" lon="17.284683">
        <ele>106.418859</ele>
        <time>2025-09-14T06:13:22.998Z</time>
      </trkpt>
      <trkpt lat="40.902317" lon="17.284838">
        <ele>106.124195</ele>
        <time>2025-09-14T06:13:25.998Z</time>
      </trkpt>
      <trkpt lat="40.902354" lon="17.284961">
        <ele>105.876114</ele>
        <time>2025-09-14T06:13:27.998Z</time>
      </trkpt>
      <trkpt lat="40.902362" lon="17.285094">
        <ele>105.626091</ele>
        <time>2025-09-14T06:13:29.998Z</time>
      </trkpt>
      <trkpt lat="40.902353" lon="17.285238">
        <ele>105.355322</ele>
        <time>2025-09-14T06:13:31.998Z</time>
      </trkpt>
      <trkpt lat="40.902344" lon="17.285389">
        <ele>105.071477</ele>
        <time>2025-09-14T06:13:33.998Z</time>
      </trkpt>
      <trkpt lat="40.902328" lon="17.285543">
        <ele>104.780175</ele>
        <time>2025-09-14T06:13:35.999Z</time>
      </trkpt>
      <trkpt lat="40.902310" lon="17.285680">
        <ele>104.519594</ele>
        <time>2025-09-14T06:13:37.999Z</time>
      </trkpt>
      <trkpt lat="40.902284" lon="17.285805">
        <ele>104.276642</ele>
        <time>2025-09-14T06:13:39.999Z</time>
      </trkpt>
      <trkpt lat="40.902254" lon="17.285951">
        <ele>103.993115</ele>
        <time>2025-09-14T06:13:42.999Z</time>
      </trkpt>
      <trkpt lat="40.902291" lon="17.286096">
        <ele>103.706324</ele>
        <time>2025-09-14T06:13:45.999Z</time>
      </trkpt>
      <trkpt lat="40.902356" lon="17.286246">
        <ele>103.273680</ele>
        <time>2025-09-14T06:13:48.999Z</time>
      </trkpt>
      <trkpt lat="40.902427" lon="17.286391">
        <ele>102.792858</ele>
        <time>2025-09-14T06:13:51.999Z</time>
      </trkpt>
      <trkpt lat="40.902457" lon="17.286510">
        <ele>102.443740</ele>
        <time>2025-09-14T06:13:53.999Z</time>
      </trkpt>
      <trkpt lat="40.902477" lon="17.286631">
        <ele>102.099035</ele>
        <time>2025-09-14T06:13:55.999Z</time>
      </trkpt>
      <trkpt lat="40.902496" lon="17.286754">
        <ele>101.749647</ele>
        <time>2025-09-14T06:13:57.999Z</time>
      </trkpt>
      <trkpt lat="40.902538" lon="17.286870">
        <ele>101.391686</ele>
        <time>2025-09-14T06:13:59.999Z</time>
      </trkpt>
      <trkpt lat="40.902586" lon="17.287030">
        <ele>100.912608</ele>
        <time>2025-09-14T06:14:02.999Z</time>
      </trkpt>
      <trkpt lat="40.902647" lon="17.287185">
        <ele>100.426266</ele>
        <time>2025-09-14T06:14:05.999Z</time>
      </trkpt>
      <trkpt lat="40.902740" lon="17.287304">
        <ele>99.949881</ele>
        <time>2025-09-14T06:14:08.999Z</time>
      </trkpt>
      <trkpt lat="40.902812" lon="17.287391">
        <ele>99.590844</ele>
        <time>2025-09-14T06:14:10.999Z</time>
      </trkpt>
      <trkpt lat="40.902878" lon="17.287482">
        <ele>99.239851</ele>
        <time>2025-09-14T06:14:12.999Z</time>
      </trkpt>
      <trkpt lat="40.902946" lon="17.287580">
        <ele>98.869613</ele>
        <time>2025-09-14T06:14:14.999Z</time>
      </trkpt>
      <trkpt lat="40.903032" lon="17.287661">
        <ele>98.480910</ele>
        <time>2025-09-14T06:14:16.998Z</time>
      </trkpt>
      <trkpt lat="40.903113" lon="17.287768">
        <ele>98.059451</ele>
        <time>2025-09-14T06:14:18.998Z</time>
      </trkpt>
      <trkpt lat="40.903190" lon="17.287890">
        <ele>97.617113</ele>
        <time>2025-09-14T06:14:20.998Z</time>
      </trkpt>
      <trkpt lat="40.903259" lon="17.288003">
        <ele>97.212828</ele>
        <time>2025-09-14T06:14:22.998Z</time>
      </trkpt>
      <trkpt lat="40.903331" lon="17.288099">
        <ele>96.807448</ele>
        <time>2025-09-14T06:14:24.998Z</time>
      </trkpt>
      <trkpt lat="40.903405" lon="17.288198">
        <ele>96.343509</ele>
        <time>2025-09-14T06:14:26.998Z</time>
      </trkpt>
      <trkpt lat="40.903478" lon="17.288287">
        <ele>95.905890</ele>
        <time>2025-09-14T06:14:28.998Z</time>
      </trkpt>
      <trkpt lat="40.903527" lon="17.288411">
        <ele>95.439658</ele>
        <time>2025-09-14T06:14:30.998Z</time>
      </trkpt>
      <trkpt lat="40.903584" lon="17.288520">
        <ele>94.998013</ele>
        <time>2025-09-14T06:14:32.998Z</time>
      </trkpt>
      <trkpt lat="40.903674" lon="17.288585">
        <ele>94.545984</ele>
        <time>2025-09-14T06:14:34.998Z</time>
      </trkpt>
      <trkpt lat="40.903767" lon="17.288661">
        <ele>94.064092</ele>
        <time>2025-09-14T06:14:36.998Z</time>
      </trkpt>
      <trkpt lat="40.903848" lon="17.288760">
        <ele>93.577959</ele>
        <time>2025-09-14T06:14:38.998Z</time>
      </trkpt>
      <trkpt lat="40.903918" lon="17.288869">
        <ele>93.101371</ele>
        <time>2025-09-14T06:14:40.998Z</time>
      </trkpt>
      <trkpt lat="40.903987" lon="17.288979">
        <ele>92.625067</ele>
        <time>2025-09-14T06:14:42.998Z</time>
      </trkpt>
      <trkpt lat="40.904027" lon="17.289116">
        <ele>92.135708</ele>
        <time>2025-09-14T06:14:44.998Z</time>
      </trkpt>
      <trkpt lat="40.904084" lon="17.289259">
        <ele>91.597033</ele>
        <time>2025-09-14T06:14:46.998Z</time>
      </trkpt>
      <trkpt lat="40.904189" lon="17.289362">
        <ele>91.020793</ele>
        <time>2025-09-14T06:14:48.998Z</time>
      </trkpt>
      <trkpt lat="40.904316" lon="17.289429">
        <ele>90.418046</ele>
        <time>2025-09-14T06:14:50.998Z</time>
      </trkpt>
      <trkpt lat="40.904419" lon="17.289527">
        <ele>89.858753</ele>
        <time>2025-09-14T06:14:52.998Z</time>
      </trkpt>
      <trkpt lat="40.904449" lon="17.289704">
        <ele>89.254347</ele>
        <time>2025-09-14T06:14:54.998Z</time>
      </trkpt>
      <trkpt lat="40.904494" lon="17.289855">
        <ele>88.855575</ele>
        <time>2025-09-14T06:14:56.998Z</time>
      </trkpt>
      <trkpt lat="40.904595" lon="17.289954">
        <ele>88.532565</ele>
        <time>2025-09-14T06:14:58.998Z</time>
      </trkpt>
      <trkpt lat="40.904685" lon="17.290056">
        <ele>88.228040</ele>
        <time>2025-09-14T06:15:00.998Z</time>
      </trkpt>
      <trkpt lat="40.904763" lon="17.290159">
        <ele>87.944852</ele>
        <time>2025-09-14T06:15:02.998Z</time>
      </trkpt>
      <trkpt lat="40.904833" lon="17.290255">
        <ele>87.685772</ele>
        <time>2025-09-14T06:15:04.998Z</time>
      </trkpt>
      <trkpt lat="40.904893" lon="17.290351">
        <ele>87.443826</ele>
        <time>2025-09-14T06:15:06.998Z</time>
      </trkpt>
      <trkpt lat="40.904937" lon="17.290461">
        <ele>87.202107</ele>
        <time>2025-09-14T06:15:08.998Z</time>
      </trkpt>
      <trkpt lat="40.905000" lon="17.290601">
        <ele>86.885651</ele>
        <time>2025-09-14T06:15:11.998Z</time>
      </trkpt>
      <trkpt lat="40.905067" lon="17.290757">
        <ele>86.537164</ele>
        <time>2025-09-14T06:15:14.998Z</time>
      </trkpt>
      <trkpt lat="40.905119" lon="17.290906">
        <ele>86.218413</ele>
        <time>2025-09-14T06:15:17.998Z</time>
      </trkpt>
      <trkpt lat="40.905192" lon="17.291036">
        <ele>85.903865</ele>
        <time>2025-09-14T06:15:20.998Z</time>
      </trkpt>
      <trkpt lat="40.905276" lon="17.291169">
        <ele>85.567234</ele>
        <time>2025-09-14T06:15:23.998Z</time>
      </trkpt>
      <trkpt lat="40.905361" lon="17.291295">
        <ele>85.239213</ele>
        <time>2025-09-14T06:15:26.998Z</time>
      </trkpt>
      <trkpt lat="40.905434" lon="17.291419">
        <ele>84.933941</ele>
        <time>2025-09-14T06:15:29.998Z</time>
      </trkpt>
      <trkpt lat="40.905523" lon="17.291554">
        <ele>84.586012</ele>
        <time>2025-09-14T06:15:32.998Z</time>
      </trkpt>
      <trkpt lat="40.905584" lon="17.291653">
        <ele>84.398431</ele>
        <time>2025-09-14T06:15:34.998Z</time>
      </trkpt>
      <trkpt lat="40.905646" lon="17.291747">
        <ele>84.311903</ele>
        <time>2025-09-14T06:15:36.998Z</time>
      </trkpt>
      <trkpt lat="40.905708" lon="17.291855">
        <ele>84.217843</ele>
        <time>2025-09-14T06:15:38.998Z</time>
      </trkpt>
      <trkpt lat="40.905775" lon="17.291959">
        <ele>84.123067</ele>
        <time>2025-09-14T06:15:40.999Z</time>
      </trkpt>
      <trkpt lat="40.905848" lon="17.292066">
        <ele>84.023096</ele>
        <time>2025-09-14T06:15:42.999Z</time>
      </trkpt>
      <trkpt lat="40.905919" lon="17.292167">
        <ele>83.927433</ele>
        <time>2025-09-14T06:15:44.999Z</time>
      </trkpt>
      <trkpt lat="40.905974" lon="17.292285">
        <ele>83.831284</ele>
        <time>2025-09-14T06:15:48.999Z</time>
      </trkpt>
      <trkpt lat="40.905888" lon="17.292343">
        <ele>83.742706</ele>
        <time>2025-09-14T06:15:51.999Z</time>
      </trkpt>
      <trkpt lat="40.905768" lon="17.292378">
        <ele>83.629946</ele>
        <time>2025-09-14T06:15:54.999Z</time>
      </trkpt>
      <trkpt lat="40.905694" lon="17.292455">
        <ele>83.543558</ele>
        <time>2025-09-14T06:15:56.999Z</time>
      </trkpt>
      <trkpt lat="40.905608" lon="17.292525">
        <ele>83.450903</ele>
        <time>2025-09-14T06:15:58.999Z</time>
      </trkpt>
      <trkpt lat="40.905520" lon="17.292592">
        <ele>83.357736</ele>
        <time>2025-09-14T06:16:00.999Z</time>
      </trkpt>
      <trkpt lat="40.905427" lon="17.292668">
        <ele>83.257430</ele>
        <time>2025-09-14T06:16:02.999Z</time>
      </trkpt>
      <trkpt lat="40.905335" lon="17.292739">
        <ele>83.159696</ele>
        <time>2025-09-14T06:16:04.999Z</time>
      </trkpt>
      <trkpt lat="40.905228" lon="17.292824">
        <ele>83.045171</ele>
        <time>2025-09-14T06:16:07.999Z</time>
      </trkpt>
      <trkpt lat="40.905136" lon="17.292829">
        <ele>82.960677</ele>
        <time>2025-09-14T06:16:09.999Z</time>
      </trkpt>
      <trkpt lat="40.905024" lon="17.292768">
        <ele>82.849535</ele>
        <time>2025-09-14T06:16:12.999Z</time>
      </trkpt>
      <trkpt lat="40.904935" lon="17.292687">
        <ele>82.881694</ele>
        <time>2025-09-14T06:16:15.999Z</time>
      </trkpt>
      <trkpt lat="40.904869" lon="17.292571">
        <ele>83.205839</ele>
        <time>2025-09-14T06:16:18.998Z</time>
      </trkpt>
      <trkpt lat="40.904798" lon="17.292439">
        <ele>83.567533</ele>
        <time>2025-09-14T06:16:21.998Z</time>
      </trkpt>
      <trkpt lat="40.904716" lon="17.292315">
        <ele>83.935364</ele>
        <time>2025-09-14T06:16:24.998Z</time>
      </trkpt>
      <trkpt lat="40.904647" lon="17.292189">
        <ele>84.282732</ele>
        <time>2025-09-14T06:16:27.998Z</time>
      </trkpt>
      <trkpt lat="40.904578" lon="17.292076">
        <ele>84.607047</ele>
        <time>2025-09-14T06:16:30.998Z</time>
      </trkpt>
      <trkpt lat="40.904502" lon="17.291996">
        <ele>84.893914</ele>
        <time>2025-09-14T06:16:33.998Z</time>
      </trkpt>
      <trkpt lat="40.904399" lon="17.292006">
        <ele>85.198973</ele>
        <time>2025-09-14T06:16:36.998Z</time>
      </trkpt>
      <trkpt lat="40.904300" lon="17.292075">
        <ele>85.529491</ele>
        <time>2025-09-14T06:16:39.998Z</time>
      </trkpt>
      <trkpt lat="40.904196" lon="17.292133">
        <ele>85.862860</ele>
        <time>2025-09-14T06:16:42.998Z</time>
      </trkpt>
      <trkpt lat="40.904085" lon="17.292119">
        <ele>86.192218</ele>
        <time>2025-09-14T06:16:45.998Z</time>
      </trkpt>
      <trkpt lat="40.903974" lon="17.292093">
        <ele>86.525188</ele>
        <time>2025-09-14T06:16:48.998Z</time>
      </trkpt>
      <trkpt lat="40.903859" lon="17.292075">
        <ele>86.867243</ele>
        <time>2025-09-14T06:16:51.998Z</time>
      </trkpt>
      <trkpt lat="40.903749" lon="17.292053">
        <ele>87.195852</ele>
        <time>2025-09-14T06:16:54.998Z</time>
      </trkpt>
      <trkpt lat="40.903652" lon="17.292024">
        <ele>87.489594</ele>
        <time>2025-09-14T06:16:57.998Z</time>
      </trkpt>
      <trkpt lat="40.903543" lon="17.291995">
        <ele>87.818003</ele>
        <time>2025-09-14T06:17:00.998Z</time>
      </trkpt>
      <trkpt lat="40.903448" lon="17.291940">
        <ele>88.121257</ele>
        <time>2025-09-14T06:17:03.998Z</time>
      </trkpt>
      <trkpt lat="40.903367" lon="17.291856">
        <ele>88.394326</ele>
        <time>2025-09-14T06:17:06.998Z</time>
      </trkpt>
      <trkpt lat="40.903290" lon="17.291747">
        <ele>88.693529</ele>
        <time>2025-09-14T06:17:09.998Z</time>
      </trkpt>
      <trkpt lat="40.903217" lon="17.291624">
        <ele>89.007154</ele>
        <time>2025-09-14T06:17:12.998Z</time>
      </trkpt>
      <trkpt lat="40.903135" lon="17.291513">
        <ele>89.318424</ele>
        <time>2025-09-14T06:17:15.998Z</time>
      </trkpt>
      <trkpt lat="40.903034" lon="17.291446">
        <ele>89.618206</ele>
        <time>2025-09-14T06:17:18.998Z</time>
      </trkpt>
      <trkpt lat="40.902918" lon="17.291440">
        <ele>89.926226</ele>
        <time>2025-09-14T06:17:21.998Z</time>
      </trkpt>
      <trkpt lat="40.902835" lon="17.291486">
        <ele>90.164991</ele>
        <time>2025-09-14T06:17:23.998Z</time>
      </trkpt>
      <trkpt lat="40.902737" lon="17.291604">
        <ele>90.516576</ele>
        <time>2025-09-14T06:17:26.998Z</time>
      </trkpt>
      <trkpt lat="40.902642" lon="17.291705">
        <ele>90.839938</ele>
        <time>2025-09-14T06:17:29.998Z</time>
      </trkpt>
      <trkpt lat="40.902554" lon="17.291796">
        <ele>91.136287</ele>
        <time>2025-09-14T06:17:32.998Z</time>
      </trkpt>
      <trkpt lat="40.902433" lon="17.291808">
        <ele>91.458238</ele>
        <time>2025-09-14T06:17:35.998Z</time>
      </trkpt>
      <trkpt lat="40.902321" lon="17.291796">
        <ele>91.756382</ele>
        <time>2025-09-14T06:17:38.998Z</time>
      </trkpt>
      <trkpt lat="40.902212" lon="17.291809">
        <ele>92.046766</ele>
        <time>2025-09-14T06:17:41.998Z</time>
      </trkpt>
      <trkpt lat="40.902109" lon="17.291790">
        <ele>92.322701</ele>
        <time>2025-09-14T06:17:44.998Z</time>
      </trkpt>
      <trkpt lat="40.902009" lon="17.291803">
        <ele>92.589310</ele>
        <time>2025-09-14T06:17:47.999Z</time>
      </trkpt>
      <trkpt lat="40.901911" lon="17.291797">
        <ele>92.849613</ele>
        <time>2025-09-14T06:17:50.999Z</time>
      </trkpt>
      <trkpt lat="40.901813" lon="17.291794">
        <ele>93.031331</ele>
        <time>2025-09-14T06:17:53.999Z</time>
      </trkpt>
      <trkpt lat="40.901708" lon="17.291781">
        <ele>93.220890</ele>
        <time>2025-09-14T06:17:56.999Z</time>
      </trkpt>
      <trkpt lat="40.901601" lon="17.291762">
        <ele>93.414944</ele>
        <time>2025-09-14T06:17:59.999Z</time>
      </trkpt>
      <trkpt lat="40.901491" lon="17.291746">
        <ele>93.613857</ele>
        <time>2025-09-14T06:18:02.999Z</time>
      </trkpt>
      <trkpt lat="40.901381" lon="17.291717">
        <ele>93.815467</ele>
        <time>2025-09-14T06:18:05.999Z</time>
      </trkpt>
      <trkpt lat="40.901256" lon="17.291700">
        <ele>94.041335</ele>
        <time>2025-09-14T06:18:08.999Z</time>
      </trkpt>
      <trkpt lat="40.901141" lon="17.291683">
        <ele>94.249330</ele>
        <time>2025-09-14T06:18:11.999Z</time>
      </trkpt>
      <trkpt lat="40.901024" lon="17.291630">
        <ele>94.471620</ele>
        <time>2025-09-14T06:18:14.999Z</time>
      </trkpt>
      <trkpt lat="40.900916" lon="17.291552">
        <ele>94.692788</ele>
        <time>2025-09-14T06:18:17.999Z</time>
      </trkpt>
      <trkpt lat="40.900810" lon="17.291470">
        <ele>94.913500</ele>
        <time>2025-09-14T06:18:20.999Z</time>
      </trkpt>
      <trkpt lat="40.900709" lon="17.291387">
        <ele>95.127216</ele>
        <time>2025-09-14T06:18:23.998Z</time>
      </trkpt>
      <trkpt lat="40.900617" lon="17.291325">
        <ele>95.312801</ele>
        <time>2025-09-14T06:18:26.998Z</time>
      </trkpt>
      <trkpt lat="40.900540" lon="17.291256">
        <ele>95.479965</ele>
        <time>2025-09-14T06:18:29.999Z</time>
      </trkpt>
      <trkpt lat="40.900461" lon="17.291163">
        <ele>95.670041</ele>
        <time>2025-09-14T06:18:32.999Z</time>
      </trkpt>
      <trkpt lat="40.900379" lon="17.291072">
        <ele>95.862421</ele>
        <time>2025-09-14T06:18:35.999Z</time>
      </trkpt>
      <trkpt lat="40.900296" lon="17.290998">
        <ele>96.042325</ele>
        <time>2025-09-14T06:18:38.999Z</time>
      </trkpt>
      <trkpt lat="40.900206" lon="17.290962">
        <ele>96.155063</ele>
        <time>2025-09-14T06:18:41.999Z</time>
      </trkpt>
      <trkpt lat="40.900106" lon="17.291017">
        <ele>96.251576</ele>
        <time>2025-09-14T06:18:44.999Z</time>
      </trkpt>
      <trkpt lat="40.900014" lon="17.291103">
        <ele>96.351966</ele>
        <time>2025-09-14T06:18:47.999Z</time>
      </trkpt>
      <trkpt lat="40.899910" lon="17.291195">
        <ele>96.463460</ele>
        <time>2025-09-14T06:18:50.999Z</time>
      </trkpt>
      <trkpt lat="40.899797" lon="17.291282">
        <ele>96.579975</ele>
        <time>2025-09-14T06:18:53.999Z</time>
      </trkpt>
      <trkpt lat="40.899663" lon="17.291271">
        <ele>96.699624</ele>
        <time>2025-09-14T06:18:56.999Z</time>
      </trkpt>
      <trkpt lat="40.899586" lon="17.291206">
        <ele>96.781024</ele>
        <time>2025-09-14T06:18:58.999Z</time>
      </trkpt>
      <trkpt lat="40.899480" lon="17.291120">
        <ele>96.891839</ele>
        <time>2025-09-14T06:19:01.999Z</time>
      </trkpt>
      <trkpt lat="40.899374" lon="17.291047">
        <ele>96.998337</ele>
        <time>2025-09-14T06:19:04.999Z</time>
      </trkpt>
      <trkpt lat="40.899273" lon="17.290988">
        <ele>97.096731</ele>
        <time>2025-09-14T06:19:07.999Z</time>
      </trkpt>
      <trkpt lat="40.899188" lon="17.290925">
        <ele>97.183559</ele>
        <time>2025-09-14T06:19:10.999Z</time>
      </trkpt>
      <trkpt lat="40.899095" lon="17.290870">
        <ele>97.274344</ele>
        <time>2025-09-14T06:19:13.999Z</time>
      </trkpt>
      <trkpt lat="40.899009" lon="17.290802">
        <ele>97.363631</ele>
        <time>2025-09-14T06:19:16.999Z</time>
      </trkpt>
      <trkpt lat="40.898912" lon="17.290786">
        <ele>97.450746</ele>
        <time>2025-09-14T06:19:19.999Z</time>
      </trkpt>
      <trkpt lat="40.898802" lon="17.290795">
        <ele>97.548964</ele>
        <time>2025-09-14T06:19:22.999Z</time>
      </trkpt>
      <trkpt lat="40.898684" lon="17.290806">
        <ele>97.654385</ele>
        <time>2025-09-14T06:19:25.999Z</time>
      </trkpt>
      <trkpt lat="40.898556" lon="17.290854">
        <ele>98.018625</ele>
        <time>2025-09-14T06:19:28.999Z</time>
      </trkpt>
      <trkpt lat="40.898466" lon="17.290959">
        <ele>98.499349</ele>
        <time>2025-09-14T06:19:31.999Z</time>
      </trkpt>
      <trkpt lat="40.898391" lon="17.291085">
        <ele>98.984999</ele>
        <time>2025-09-14T06:19:34.999Z</time>
      </trkpt>
      <trkpt lat="40.898306" lon="17.291159">
        <ele>99.392639</ele>
        <time>2025-09-14T06:19:37.999Z</time>
      </trkpt>
      <trkpt lat="40.898190" lon="17.291167">
        <ele>99.857986</ele>
        <time>2025-09-14T06:19:40.999Z</time>
      </trkpt>
      <trkpt lat="40.898087" lon="17.291139">
        <ele>100.279243</ele>
        <time>2025-09-14T06:19:43.999Z</time>
      </trkpt>
      <trkpt lat="40.897985" lon="17.291126">
        <ele>100.689764</ele>
        <time>2025-09-14T06:19:46.999Z</time>
      </trkpt>
      <trkpt lat="40.897888" lon="17.291111">
        <ele>101.081008</ele>
        <time>2025-09-14T06:19:49.999Z</time>
      </trkpt>
      <trkpt lat="40.897796" lon="17.291092">
        <ele>101.454040</ele>
        <time>2025-09-14T06:19:53.000Z</time>
      </trkpt>
      <trkpt lat="40.897697" lon="17.291084">
        <ele>101.851390</ele>
        <time>2025-09-14T06:19:56.000Z</time>
      </trkpt>
      <trkpt lat="40.897603" lon="17.291044">
        <ele>102.246971</ele>
        <time>2025-09-14T06:19:59.000Z</time>
      </trkpt>
      <trkpt lat="40.897513" lon="17.290951">
        <ele>102.704476</ele>
        <time>2025-09-14T06:20:03.000Z</time>
      </trkpt>
      <trkpt lat="40.897443" lon="17.290868">
        <ele>103.081058</ele>
        <time>2025-09-14T06:20:06.000Z</time>
      </trkpt>
      <trkpt lat="40.897336" lon="17.290817">
        <ele>103.536690</ele>
        <time>2025-09-14T06:20:10.000Z</time>
      </trkpt>
      <trkpt lat="40.897248" lon="17.290791">
        <ele>103.897918</ele>
        <time>2025-09-14T06:20:13.000Z</time>
      </trkpt>
      <trkpt lat="40.897157" lon="17.290761">
        <ele>104.273628</ele>
        <time>2025-09-14T06:20:16.000Z</time>
      </trkpt>
      <trkpt lat="40.897067" lon="17.290717">
        <ele>104.658015</ele>
        <time>2025-09-14T06:20:19.000Z</time>
      </trkpt>
      <trkpt lat="40.896975" lon="17.290684">
        <ele>105.125763</ele>
        <time>2025-09-14T06:20:22.000Z</time>
      </trkpt>
      <trkpt lat="40.896884" lon="17.290663">
        <ele>105.737395</ele>
        <time>2025-09-14T06:20:25.000Z</time>
      </trkpt>
      <trkpt lat="40.896798" lon="17.290614">
        <ele>106.357388</ele>
        <time>2025-09-14T06:20:27.999Z</time>
      </trkpt>
      <trkpt lat="40.896696" lon="17.290609">
        <ele>107.033219</ele>
        <time>2025-09-14T06:20:30.999Z</time>
      </trkpt>
      <trkpt lat="40.896601" lon="17.290591">
        <ele>107.668657</ele>
        <time>2025-09-14T06:20:33.999Z</time>
      </trkpt>
      <trkpt lat="40.896496" lon="17.290573">
        <ele>108.369701</ele>
        <time>2025-09-14T06:20:36.999Z</time>
      </trkpt>
      <trkpt lat="40.896393" lon="17.290552">
        <ele>109.059741</ele>
        <time>2025-09-14T06:20:39.999Z</time>
      </trkpt>
      <trkpt lat="40.896301" lon="17.290501">
        <ele>109.720214</ele>
        <time>2025-09-14T06:20:44.999Z</time>
      </trkpt>
      <trkpt lat="40.896284" lon="17.290381">
        <ele>110.331268</ele>
        <time>2025-09-14T06:20:48.999Z</time>
      </trkpt>
      <trkpt lat="40.896294" lon="17.290246">
        <ele>111.010176</ele>
        <time>2025-09-14T06:20:52.999Z</time>
      </trkpt>
      <trkpt lat="40.896323" lon="17.290123">
        <ele>111.655039</ele>
        <time>2025-09-14T06:20:56.999Z</time>
      </trkpt>
      <trkpt lat="40.896327" lon="17.289991">
        <ele>112.316226</ele>
        <time>2025-09-14T06:21:01.999Z</time>
      </trkpt>
      <trkpt lat="40.896305" lon="17.289856">
        <ele>113.007421</ele>
        <time>2025-09-14T06:21:06.999Z</time>
      </trkpt>
      <trkpt lat="40.896216" lon="17.289796">
        <ele>113.668817</ele>
        <time>2025-09-14T06:21:11.999Z</time>
      </trkpt>
      <trkpt lat="40.896186" lon="17.289684">
        <ele>114.263529</ele>
        <time>2025-09-14T06:21:16.999Z</time>
      </trkpt>
      <trkpt lat="40.896188" lon="17.289560">
        <ele>114.884288</ele>
        <time>2025-09-14T06:21:21.999Z</time>
      </trkpt>
      <trkpt lat="40.896166" lon="17.289435">
        <ele>115.526645</ele>
        <time>2025-09-14T06:21:28.999Z</time>
      </trkpt>
      <trkpt lat="40.896104" lon="17.289326">
        <ele>116.209392</ele>
        <time>2025-09-14T06:21:35.999Z</time>
      </trkpt>
      <trkpt lat="40.896116" lon="17.289200">
        <ele>116.847834</ele>
        <time>2025-09-14T06:21:41.999Z</time>
      </trkpt>
      <trkpt lat="40.896066" lon="17.289082">
        <ele>117.594750</ele>
        <time>2025-09-14T06:21:48.999Z</time>
      </trkpt>
      <trkpt lat="40.896027" lon="17.288968">
        <ele>118.285661</ele>
        <time>2025-09-14T06:22:04.000Z</time>
      </trkpt>
      <trkpt lat="40.895970" lon="17.288866">
        <ele>118.986044</ele>
        <time>2025-09-14T06:22:15.000Z</time>
      </trkpt>
      <trkpt lat="40.895918" lon="17.288758">
        <ele>119.693060</ele>
        <time>2025-09-14T06:22:28.999Z</time>
      </trkpt>
      <trkpt lat="40.895856" lon="17.288662">
        <ele>120.390244</ele>
        <time>2025-09-14T06:22:40.999Z</time>
      </trkpt>
      <trkpt lat="40.895770" lon="17.288455">
        <ele>121.694448</ele>
        <time>2025-09-14T06:26:56.999Z</time>
      </trkpt>
      <trkpt lat="40.895686" lon="17.288385">
        <ele>122.419613</ele>
        <time>2025-09-14T06:27:05.999Z</time>
      </trkpt>
      <trkpt lat="40.895602" lon="17.288316">
        <ele>123.141851</ele>
        <time>2025-09-14T06:27:10.999Z</time>
      </trkpt>
      <trkpt lat="40.895537" lon="17.288213">
        <ele>123.882705</ele>
        <time>2025-09-14T06:27:16.999Z</time>
      </trkpt>
      <trkpt lat="40.895435" lon="17.288150">
        <ele>124.704969</ele>
        <time>2025-09-14T06:27:22.999Z</time>
      </trkpt>
      <trkpt lat="40.895365" lon="17.288049">
        <ele>125.461569</ele>
        <time>2025-09-14T06:27:27.999Z</time>
      </trkpt>
      <trkpt lat="40.895310" lon="17.287948">
        <ele>126.148883</ele>
        <time>2025-09-14T06:27:32.999Z</time>
      </trkpt>
      <trkpt lat="40.895232" lon="17.287884">
        <ele>126.819326</ele>
        <time>2025-09-14T06:27:37.999Z</time>
      </trkpt>
      <trkpt lat="40.895134" lon="17.287843">
        <ele>127.570111</ele>
        <time>2025-09-14T06:27:42.999Z</time>
      </trkpt>
      <trkpt lat="40.895040" lon="17.287838">
        <ele>128.257289</ele>
        <time>2025-09-14T06:27:46.999Z</time>
      </trkpt>
      <trkpt lat="40.894924" lon="17.287911">
        <ele>129.195599</ele>
        <time>2025-09-14T06:27:50.999Z</time>
      </trkpt>
      <trkpt lat="40.894850" lon="17.287994">
        <ele>129.904264</ele>
        <time>2025-09-14T06:27:52.999Z</time>
      </trkpt>
      <trkpt lat="40.894771" lon="17.288086">
        <ele>129.712464</ele>
        <time>2025-09-14T06:27:54.999Z</time>
      </trkpt>
      <trkpt lat="40.894668" lon="17.288144">
        <ele>129.435047</ele>
        <time>2025-09-14T06:27:56.999Z</time>
      </trkpt>
      <trkpt lat="40.894557" lon="17.288214">
        <ele>129.130309</ele>
        <time>2025-09-14T06:27:59.999Z</time>
      </trkpt>
      <trkpt lat="40.894459" lon="17.288293">
        <ele>128.845907</ele>
        <time>2025-09-14T06:28:02.999Z</time>
      </trkpt>
      <trkpt lat="40.894405" lon="17.288393">
        <ele>128.615686</ele>
        <time>2025-09-14T06:28:04.999Z</time>
      </trkpt>
      <trkpt lat="40.894314" lon="17.288490">
        <ele>128.326070</ele>
        <time>2025-09-14T06:28:06.999Z</time>
      </trkpt>
      <trkpt lat="40.894222" lon="17.288579">
        <ele>128.043618</ele>
        <time>2025-09-14T06:28:08.999Z</time>
      </trkpt>
      <trkpt lat="40.894130" lon="17.288661">
        <ele>127.768703</ele>
        <time>2025-09-14T06:28:10.999Z</time>
      </trkpt>
      <trkpt lat="40.894028" lon="17.288740">
        <ele>127.475789</ele>
        <time>2025-09-14T06:28:12.999Z</time>
      </trkpt>
      <trkpt lat="40.893932" lon="17.288841">
        <ele>127.171817</ele>
        <time>2025-09-14T06:28:14.999Z</time>
      </trkpt>
      <trkpt lat="40.893816" lon="17.288887">
        <ele>126.871707</ele>
        <time>2025-09-14T06:28:16.999Z</time>
      </trkpt>
      <trkpt lat="40.893698" lon="17.288922">
        <ele>126.572018</ele>
        <time>2025-09-14T06:28:18.999Z</time>
      </trkpt>
      <trkpt lat="40.893589" lon="17.288950">
        <ele>126.296848</ele>
        <time>2025-09-14T06:28:20.999Z</time>
      </trkpt>
      <trkpt lat="40.893477" lon="17.288976">
        <ele>126.015048</ele>
        <time>2025-09-14T06:28:22.999Z</time>
      </trkpt>
      <trkpt lat="40.893380" lon="17.288985">
        <ele>125.774071</ele>
        <time>2025-09-14T06:28:24.999Z</time>
      </trkpt>
      <trkpt lat="40.893279" lon="17.289034">
        <ele>125.507471</ele>
        <time>2025-09-14T06:28:29.999Z</time>
      </trkpt>
      <trkpt lat="40.893200" lon="17.288977">
        <ele>125.804614</ele>
        <time>2025-09-14T06:28:33.999Z</time>
      </trkpt>
      <trkpt lat="40.893115" lon="17.288917">
        <ele>126.146369</ele>
        <time>2025-09-14T06:28:38.999Z</time>
      </trkpt>
      <trkpt lat="40.893015" lon="17.288878">
        <ele>126.516187</ele>
        <time>2025-09-14T06:28:43.999Z</time>
      </trkpt>
      <trkpt lat="40.892924" lon="17.288844">
        <ele>126.851613</ele>
        <time>2025-09-14T06:28:47.999Z</time>
      </trkpt>
      <trkpt lat="40.892845" lon="17.288786">
        <ele>127.172110</ele>
        <time>2025-09-14T06:28:51.999Z</time>
      </trkpt>
      <trkpt lat="40.892755" lon="17.288748">
        <ele>127.507228</ele>
        <time>2025-09-14T06:28:55.999Z</time>
      </trkpt>
      <trkpt lat="40.892672" lon="17.288689">
        <ele>127.841464</ele>
        <time>2025-09-14T06:29:00.999Z</time>
      </trkpt>
      <trkpt lat="40.892591" lon="17.288610">
        <ele>128.198439</ele>
        <time>2025-09-14T06:29:05.999Z</time>
      </trkpt>
      <trkpt lat="40.892507" lon="17.288532">
        <ele>128.562488</ele>
        <time>2025-09-14T06:29:11.999Z</time>
      </trkpt>
      <trkpt lat="40.892412" lon="17.288479">
        <ele>128.928218</ele>
        <time>2025-09-14T06:29:16.999Z</time>
      </trkpt>
      <trkpt lat="40.892330" lon="17.288415">
        <ele>129.265945</ele>
        <time>2025-09-14T06:29:20.999Z</time>
      </trkpt>
      <trkpt lat="40.892236" lon="17.288350">
        <ele>129.642192</ele>
        <time>2025-09-14T06:29:25.999Z</time>
      </trkpt>
      <trkpt lat="40.892149" lon="17.288277">
        <ele>130.007648</ele>
        <time>2025-09-14T06:29:30.999Z</time>
      </trkpt>
      <trkpt lat="40.892055" lon="17.288198">
        <ele>130.402690</ele>
        <time>2025-09-14T06:29:35.999Z</time>
      </trkpt>
      <trkpt lat="40.891957" lon="17.288143">
        <ele>130.780311</ele>
        <time>2025-09-14T06:29:40.999Z</time>
      </trkpt>
      <trkpt lat="40.891849" lon="17.288132">
        <ele>131.164547</ele>
        <time>2025-09-14T06:30:02.999Z</time>
      </trkpt>
      <trkpt lat="40.891763" lon="17.288090">
        <ele>131.489735</ele>
        <time>2025-09-14T06:30:05.999Z</time>
      </trkpt>
      <trkpt lat="40.891725" lon="17.287968">
        <ele>131.843563</ele>
        <time>2025-09-14T06:30:09.999Z</time>
      </trkpt>
      <trkpt lat="40.891679" lon="17.287855">
        <ele>132.071403</ele>
        <time>2025-09-14T06:30:14.999Z</time>
      </trkpt>
      <trkpt lat="40.891593" lon="17.287797">
        <ele>132.284974</ele>
        <time>2025-09-14T06:30:19.999Z</time>
      </trkpt>
      <trkpt lat="40.891492" lon="17.287737">
        <ele>132.529930</ele>
        <time>2025-09-14T06:30:24.999Z</time>
      </trkpt>
      <trkpt lat="40.891422" lon="17.287660">
        <ele>132.731349</ele>
        <time>2025-09-14T06:30:28.999Z</time>
      </trkpt>
      <trkpt lat="40.891336" lon="17.287587">
        <ele>132.957423</ele>
        <time>2025-09-14T06:30:33.999Z</time>
      </trkpt>
      <trkpt lat="40.891246" lon="17.287524">
        <ele>133.182703</ele>
        <time>2025-09-14T06:30:36.999Z</time>
      </trkpt>
      <trkpt lat="40.891180" lon="17.287417">
        <ele>133.413675</ele>
        <time>2025-09-14T06:30:40.999Z</time>
      </trkpt>
      <trkpt lat="40.891134" lon="17.287306">
        <ele>133.625389</ele>
        <time>2025-09-14T06:30:44.999Z</time>
      </trkpt>
      <trkpt lat="40.891080" lon="17.287210">
        <ele>133.825522</ele>
        <time>2025-09-14T06:30:47.999Z</time>
      </trkpt>
      <trkpt lat="40.891008" lon="17.287132">
        <ele>134.031420</ele>
        <time>2025-09-14T06:30:51.999Z</time>
      </trkpt>
      <trkpt lat="40.890933" lon="17.287060">
        <ele>134.236444</ele>
        <time>2025-09-14T06:30:56.999Z</time>
      </trkpt>
      <trkpt lat="40.890878" lon="17.286944">
        <ele>134.465458</ele>
        <time>2025-09-14T06:31:01.999Z</time>
      </trkpt>
      <trkpt lat="40.890814" lon="17.286856">
        <ele>134.669693</ele>
        <time>2025-09-14T06:31:05.999Z</time>
      </trkpt>
      <trkpt lat="40.890708" lon="17.286788">
        <ele>134.930334</ele>
        <time>2025-09-14T06:31:10.999Z</time>
      </trkpt>
      <trkpt lat="40.890626" lon="17.286711">
        <ele>135.152817</ele>
        <time>2025-09-14T06:31:14.999Z</time>
      </trkpt>
      <trkpt lat="40.890557" lon="17.286626">
        <ele>135.361420</ele>
        <time>2025-09-14T06:31:19.999Z</time>
      </trkpt>
      <trkpt lat="40.890467" lon="17.286562">
        <ele>135.587488</ele>
        <time>2025-09-14T06:31:23.999Z</time>
      </trkpt>
      <trkpt lat="40.890376" lon="17.286484">
        <ele>135.827392</ele>
        <time>2025-09-14T06:31:28.999Z</time>
      </trkpt>
      <trkpt lat="40.890278" lon="17.286438">
        <ele>136.239924</ele>
        <time>2025-09-14T06:31:47.999Z</time>
      </trkpt>
      <trkpt lat="40.890206" lon="17.286350">
        <ele>136.655222</ele>
        <time>2025-09-14T06:31:52.999Z</time>
      </trkpt>
      <trkpt lat="40.890139" lon="17.286255">
        <ele>137.071320</ele>
        <time>2025-09-14T06:31:58.999Z</time>
      </trkpt>
      <trkpt lat="40.890083" lon="17.286149">
        <ele>137.485485</ele>
        <time>2025-09-14T06:32:15.999Z</time>
      </trkpt>
      <trkpt lat="40.890027" lon="17.286043">
        <ele>137.899651</ele>
        <time>2025-09-14T06:32:27.999Z</time>
      </trkpt>
      <trkpt lat="40.889937" lon="17.285984">
        <ele>138.325190</ele>
        <time>2025-09-14T06:32:37.999Z</time>
      </trkpt>
      <trkpt lat="40.889864" lon="17.285883">
        <ele>138.772713</ele>
        <time>2025-09-14T06:32:43.999Z</time>
      </trkpt>
      <trkpt lat="40.889782" lon="17.285801">
        <ele>139.208203</ele>
        <time>2025-09-14T06:32:49.999Z</time>
      </trkpt>
      <trkpt lat="40.889708" lon="17.285715">
        <ele>139.625509</ele>
        <time>2025-09-14T06:32:54.999Z</time>
      </trkpt>
      <trkpt lat="40.889653" lon="17.285617">
        <ele>140.016409</ele>
        <time>2025-09-14T06:33:00.999Z</time>
      </trkpt>
      <trkpt lat="40.889586" lon="17.285517">
        <ele>140.444357</ele>
        <time>2025-09-14T06:33:06.999Z</time>
      </trkpt>
      <trkpt lat="40.889527" lon="17.285424">
        <ele>140.833191</ele>
        <time>2025-09-14T06:33:10.999Z</time>
      </trkpt>
      <trkpt lat="40.889467" lon="17.285314">
        <ele>141.267616</ele>
        <time>2025-09-14T06:33:14.999Z</time>
      </trkpt>
      <trkpt lat="40.889372" lon="17.285315">
        <ele>141.670096</ele>
        <time>2025-09-14T06:34:05.999Z</time>
      </trkpt>
      <trkpt lat="40.889294" lon="17.285424">
        <ele>142.150785</ele>
        <time>2025-09-14T06:34:09.999Z</time>
      </trkpt>
      <trkpt lat="40.889249" lon="17.285529">
        <ele>142.537349</ele>
        <time>2025-09-14T06:34:11.999Z</time>
      </trkpt>
      <trkpt lat="40.889190" lon="17.285620">
        <ele>142.921299</ele>
        <time>2025-09-14T06:34:14.999Z</time>
      </trkpt>
      <trkpt lat="40.889116" lon="17.285706">
        <ele>143.338607</ele>
        <time>2025-09-14T06:34:28.999Z</time>
      </trkpt>
      <trkpt lat="40.889023" lon="17.285732">
        <ele>143.821154</ele>
        <time>2025-09-14T06:34:34.000Z</time>
      </trkpt>
      <trkpt lat="40.888933" lon="17.285815">
        <ele>144.426895</ele>
        <time>2025-09-14T06:34:39.000Z</time>
      </trkpt>
      <trkpt lat="40.888841" lon="17.285774">
        <ele>144.962890</ele>
        <time>2025-09-14T06:34:46.000Z</time>
      </trkpt>
      <trkpt lat="40.888837" lon="17.285639">
        <ele>145.526792</ele>
        <time>2025-09-14T06:34:52.999Z</time>
      </trkpt>
      <trkpt lat="40.888803" lon="17.285528">
        <ele>146.026675</ele>
        <time>2025-09-14T06:35:08.999Z</time>
      </trkpt>
      <trkpt lat="40.888721" lon="17.285474">
        <ele>146.532407</ele>
        <time>2025-09-14T06:35:20.999Z</time>
      </trkpt>
      <trkpt lat="40.888626" lon="17.285477">
        <ele>147.057062</ele>
        <time>2025-09-14T06:35:31.999Z</time>
      </trkpt>
      <trkpt lat="40.888609" lon="17.285352">
        <ele>147.587170</ele>
        <time>2025-09-14T06:35:43.999Z</time>
      </trkpt>
      <trkpt lat="40.888446" lon="17.285138">
        <ele>148.855127</ele>
        <time>2025-09-14T06:37:35.999Z</time>
      </trkpt>
      <trkpt lat="40.888400" lon="17.285018">
        <ele>149.416703</ele>
        <time>2025-09-14T06:37:40.999Z</time>
      </trkpt>
      <trkpt lat="40.888356" lon="17.284913">
        <ele>149.917786</ele>
        <time>2025-09-14T06:37:45.999Z</time>
      </trkpt>
      <trkpt lat="40.888302" lon="17.284807">
        <ele>150.451296</ele>
        <time>2025-09-14T06:37:49.999Z</time>
      </trkpt>
      <trkpt lat="40.888237" lon="17.284685">
        <ele>151.074264</ele>
        <time>2025-09-14T06:37:53.999Z</time>
      </trkpt>
      <trkpt lat="40.888159" lon="17.284572">
        <ele>151.712942</ele>
        <time>2025-09-14T06:37:58.999Z</time>
      </trkpt>
      <trkpt lat="40.888111" lon="17.284451">
        <ele>152.283292</ele>
        <time>2025-09-14T06:38:03.999Z</time>
      </trkpt>
      <trkpt lat="40.888038" lon="17.284340">
        <ele>152.897370</ele>
        <time>2025-09-14T06:38:08.999Z</time>
      </trkpt>
      <trkpt lat="40.887994" lon="17.284232">
        <ele>153.409264</ele>
        <time>2025-09-14T06:38:13.999Z</time>
      </trkpt>
      <trkpt lat="40.887920" lon="17.284112">
        <ele>153.936976</ele>
        <time>2025-09-14T06:38:19.999Z</time>
      </trkpt>
      <trkpt lat="40.887891" lon="17.283999">
        <ele>154.343628</ele>
        <time>2025-09-14T06:38:25.999Z</time>
      </trkpt>
      <trkpt lat="40.887796" lon="17.283996">
        <ele>154.771969</ele>
        <time>2025-09-14T06:38:31.999Z</time>
      </trkpt>
      <trkpt lat="40.887709" lon="17.284052">
        <ele>155.208094</ele>
        <time>2025-09-14T06:38:35.999Z</time>
      </trkpt>
      <trkpt lat="40.887643" lon="17.283964">
        <ele>155.630507</ele>
        <time>2025-09-14T06:38:40.999Z</time>
      </trkpt>
      <trkpt lat="40.887575" lon="17.283869">
        <ele>156.076324</ele>
        <time>2025-09-14T06:38:47.999Z</time>
      </trkpt>
      <trkpt lat="40.887582" lon="17.283736">
        <ele>156.530646</ele>
        <time>2025-09-14T06:38:54.000Z</time>
      </trkpt>
      <trkpt lat="40.887501" lon="17.283680">
        <ele>156.942622</ele>
        <time>2025-09-14T06:39:01.000Z</time>
      </trkpt>
      <trkpt lat="40.887489" lon="17.283550">
        <ele>157.388914</ele>
        <time>2025-09-14T06:39:08.000Z</time>
      </trkpt>
      <trkpt lat="40.887496" lon="17.283408">
        <ele>157.873836</ele>
        <time>2025-09-14T06:45:19.000Z</time>
      </trkpt>
      <trkpt lat="40.887418" lon="17.283330">
        <ele>158.314593</ele>
        <time>2025-09-14T06:45:25.000Z</time>
      </trkpt>
      <trkpt lat="40.887331" lon="17.283269">
        <ele>158.758438</ele>
        <time>2025-09-14T06:45:29.999Z</time>
      </trkpt>
      <trkpt lat="40.887252" lon="17.283179">
        <ele>159.228403</ele>
        <time>2025-09-14T06:45:34.999Z</time>
      </trkpt>
      <trkpt lat="40.887175" lon="17.283104">
        <ele>159.659434</ele>
        <time>2025-09-14T06:45:39.999Z</time>
      </trkpt>
      <trkpt lat="40.887106" lon="17.283023">
        <ele>160.075277</ele>
        <time>2025-09-14T06:45:44.999Z</time>
      </trkpt>
      <trkpt lat="40.887019" lon="17.282958">
        <ele>160.525667</ele>
        <time>2025-09-14T06:45:49.999Z</time>
      </trkpt>
      <trkpt lat="40.886956" lon="17.282858">
        <ele>160.969254</ele>
        <time>2025-09-14T06:45:54.999Z</time>
      </trkpt>
      <trkpt lat="40.886880" lon="17.282790">
        <ele>161.382842</ele>
        <time>2025-09-14T06:45:59.999Z</time>
      </trkpt>
      <trkpt lat="40.886800" lon="17.282718">
        <ele>161.981654</ele>
        <time>2025-09-14T06:46:04.999Z</time>
      </trkpt>
      <trkpt lat="40.886721" lon="17.282656">
        <ele>162.617967</ele>
        <time>2025-09-14T06:46:09.999Z</time>
      </trkpt>
      <trkpt lat="40.886634" lon="17.282606">
        <ele>163.275051</ele>
        <time>2025-09-14T06:46:14.999Z</time>
      </trkpt>
      <trkpt lat="40.886552" lon="17.282548">
        <ele>163.919184</ele>
        <time>2025-09-14T06:46:19.999Z</time>
      </trkpt>
      <trkpt lat="40.886461" lon="17.282484">
        <ele>164.633114</ele>
        <time>2025-09-14T06:46:24.999Z</time>
      </trkpt>
      <trkpt lat="40.886371" lon="17.282433">
        <ele>165.311354</ele>
        <time>2025-09-14T06:46:30.999Z</time>
      </trkpt>
      <trkpt lat="40.886265" lon="17.282409">
        <ele>166.056305</ele>
        <time>2025-09-14T06:46:36.999Z</time>
      </trkpt>
      <trkpt lat="40.886172" lon="17.282358">
        <ele>166.753695</ele>
        <time>2025-09-14T06:46:42.999Z</time>
      </trkpt>
      <trkpt lat="40.886089" lon="17.282283">
        <ele>167.449997</ele>
        <time>2025-09-14T06:46:48.999Z</time>
      </trkpt>
      <trkpt lat="40.885993" lon="17.282222">
        <ele>168.187749</ele>
        <time>2025-09-14T06:46:54.999Z</time>
      </trkpt>
      <trkpt lat="40.885905" lon="17.282193">
        <ele>168.815967</ele>
        <time>2025-09-14T06:46:59.999Z</time>
      </trkpt>
      <trkpt lat="40.885813" lon="17.282129">
        <ele>169.536022</ele>
        <time>2025-09-14T06:47:06.999Z</time>
      </trkpt>
      <trkpt lat="40.885741" lon="17.282046">
        <ele>170.197604</ele>
        <time>2025-09-14T06:47:18.999Z</time>
      </trkpt>
      <trkpt lat="40.885674" lon="17.281958">
        <ele>170.851661</ele>
        <time>2025-09-14T06:47:28.999Z</time>
      </trkpt>
      <trkpt lat="40.885629" lon="17.281843">
        <ele>171.529806</ele>
        <time>2025-09-14T06:47:40.999Z</time>
      </trkpt>
      <trkpt lat="40.885566" lon="17.281745">
        <ele>172.203492</ele>
        <time>2025-09-14T06:47:56.999Z</time>
      </trkpt>
      <trkpt lat="40.885506" lon="17.281649">
        <ele>172.855800</ele>
        <time>2025-09-14T06:48:07.999Z</time>
      </trkpt>
      <trkpt lat="40.885454" lon="17.281543">
        <ele>173.517549</ele>
        <time>2025-09-14T06:48:19.999Z</time>
      </trkpt>
      <trkpt lat="40.885396" lon="17.281443">
        <ele>174.230403</ele>
        <time>2025-09-14T06:48:30.999Z</time>
      </trkpt>
      <trkpt lat="40.885321" lon="17.281356">
        <ele>175.101777</ele>
        <time>2025-09-14T06:48:41.999Z</time>
      </trkpt>
      <trkpt lat="40.885269" lon="17.281256">
        <ele>175.903298</ele>
        <time>2025-09-14T06:48:53.999Z</time>
      </trkpt>
      <trkpt lat="40.885213" lon="17.281156">
        <ele>176.725124</ele>
        <time>2025-09-14T06:49:19.999Z</time>
      </trkpt>
      <trkpt lat="40.885166" lon="17.281054">
        <ele>177.513976</ele>
        <time>2025-09-14T06:49:28.999Z</time>
      </trkpt>
      <trkpt lat="40.885130" lon="17.280938">
        <ele>178.342063</ele>
        <time>2025-09-14T06:49:39.999Z</time>
      </trkpt>
      <trkpt lat="40.885068" lon="17.280846">
        <ele>179.155964</ele>
        <time>2025-09-14T06:49:52.999Z</time>
      </trkpt>
      <trkpt lat="40.885018" lon="17.280742">
        <ele>179.969881</ele>
        <time>2025-09-14T06:50:02.999Z</time>
      </trkpt>
      <trkpt lat="40.884974" lon="17.280634">
        <ele>180.780072</ele>
        <time>2025-09-14T06:50:12.999Z</time>
      </trkpt>
      <trkpt lat="40.884931" lon="17.280522">
        <ele>181.609621</ele>
        <time>2025-09-14T06:50:22.999Z</time>
      </trkpt>
      <trkpt lat="40.884888" lon="17.280412">
        <ele>182.427416</ele>
        <time>2025-09-14T06:50:39.999Z</time>
      </trkpt>
      <trkpt lat="40.884840" lon="17.280305">
        <ele>183.249070</ele>
        <time>2025-09-14T06:50:50.999Z</time>
      </trkpt>
      <trkpt lat="40.884824" lon="17.280182">
        <ele>184.073292</ele>
        <time>2025-09-14T06:51:00.999Z</time>
      </trkpt>
      <trkpt lat="40.884777" lon="17.280055">
        <ele>185.007087</ele>
        <time>2025-09-14T06:51:07.999Z</time>
      </trkpt>
      <trkpt lat="40.884700" lon="17.279979">
        <ele>185.846311</ele>
        <time>2025-09-14T06:51:13.999Z</time>
      </trkpt>
      <trkpt lat="40.884657" lon="17.279857">
        <ele>186.735249</ele>
        <time>2025-09-14T06:51:31.999Z</time>
      </trkpt>
      <trkpt lat="40.884625" lon="17.279725">
        <ele>187.650692</ele>
        <time>2025-09-14T06:51:36.999Z</time>
      </trkpt>
      <trkpt lat="40.884593" lon="17.279596">
        <ele>188.547290</ele>
        <time>2025-09-14T06:51:41.999Z</time>
      </trkpt>
      <trkpt lat="40.884564" lon="17.279479">
        <ele>189.360422</ele>
        <time>2025-09-14T06:51:46.999Z</time>
      </trkpt>
      <trkpt lat="40.884483" lon="17.279388">
        <ele>190.254312</ele>
        <time>2025-09-14T06:51:52.999Z</time>
      </trkpt>
      <trkpt lat="40.884396" lon="17.279324">
        <ele>191.074169</ele>
        <time>2025-09-14T06:51:58.999Z</time>
      </trkpt>
      <trkpt lat="40.884301" lon="17.279315">
        <ele>191.858559</ele>
        <time>2025-09-14T06:52:04.999Z</time>
      </trkpt>
      <trkpt lat="40.884210" lon="17.279312">
        <ele>192.608234</ele>
        <time>2025-09-14T06:52:09.999Z</time>
      </trkpt>
      <trkpt lat="40.884117" lon="17.279285">
        <ele>193.392381</ele>
        <time>2025-09-14T06:52:15.999Z</time>
      </trkpt>
      <trkpt lat="40.884025" lon="17.279252">
        <ele>194.177425</ele>
        <time>2025-09-14T06:52:21.999Z</time>
      </trkpt>
      <trkpt lat="40.883927" lon="17.279213">
        <ele>195.020256</ele>
        <time>2025-09-14T06:52:27.999Z</time>
      </trkpt>
      <trkpt lat="40.883828" lon="17.279238">
        <ele>195.850310</ele>
        <time>2025-09-14T06:52:34.999Z</time>
      </trkpt>
      <trkpt lat="40.883632" lon="17.279285">
        <ele>197.490807</ele>
        <time>2025-09-14T06:55:47.999Z</time>
      </trkpt>
      <trkpt lat="40.883533" lon="17.279251">
        <ele>198.333170</ele>
        <time>2025-09-14T06:55:54.999Z</time>
      </trkpt>
      <trkpt lat="40.883436" lon="17.279231">
        <ele>199.141675</ele>
        <time>2025-09-14T06:56:01.999Z</time>
      </trkpt>
      <trkpt lat="40.883337" lon="17.279234">
        <ele>199.957216</ele>
        <time>2025-09-14T06:56:08.999Z</time>
      </trkpt>
      <trkpt lat="40.883239" lon="17.279249">
        <ele>200.769694</ele>
        <time>2025-09-14T06:56:15.999Z</time>
      </trkpt>
      <trkpt lat="40.883144" lon="17.279247">
        <ele>201.552178</ele>
        <time>2025-09-14T06:56:22.999Z</time>
      </trkpt>
      <trkpt lat="40.883075" lon="17.279329">
        <ele>202.316118</ele>
        <time>2025-09-14T06:56:28.999Z</time>
      </trkpt>
      <trkpt lat="40.882985" lon="17.279395">
        <ele>203.163625</ele>
        <time>2025-09-14T06:56:33.999Z</time>
      </trkpt>
      <trkpt lat="40.882892" lon="17.279442">
        <ele>203.983544</ele>
        <time>2025-09-14T06:56:39.999Z</time>
      </trkpt>
      <trkpt lat="40.882684" lon="17.279654">
        <ele>204.414772</ele>
        <time>2025-09-14T06:57:58.999Z</time>
      </trkpt>
      <trkpt lat="40.882582" lon="17.279729">
        <ele>204.365249</ele>
        <time>2025-09-14T06:58:01.999Z</time>
      </trkpt>
      <trkpt lat="40.882469" lon="17.279818">
        <ele>204.309438</ele>
        <time>2025-09-14T06:58:04.999Z</time>
      </trkpt>
      <trkpt lat="40.882396" lon="17.279886">
        <ele>204.271549</ele>
        <time>2025-09-14T06:58:06.999Z</time>
      </trkpt>
      <trkpt lat="40.882317" lon="17.279964">
        <ele>204.229714</ele>
        <time>2025-09-14T06:58:08.999Z</time>
      </trkpt>
      <trkpt lat="40.882247" lon="17.280064">
        <ele>204.185990</ele>
        <time>2025-09-14T06:58:10.999Z</time>
      </trkpt>
      <trkpt lat="40.882167" lon="17.280128">
        <ele>204.146314</ele>
        <time>2025-09-14T06:58:12.999Z</time>
      </trkpt>
      <trkpt lat="40.882055" lon="17.280208">
        <ele>204.092298</ele>
        <time>2025-09-14T06:58:15.999Z</time>
      </trkpt>
      <trkpt lat="40.881936" lon="17.280273">
        <ele>204.037663</ele>
        <time>2025-09-14T06:58:18.999Z</time>
      </trkpt>
      <trkpt lat="40.881839" lon="17.280277">
        <ele>203.996480</ele>
        <time>2025-09-14T06:58:21.999Z</time>
      </trkpt>
      <trkpt lat="40.881734" lon="17.280208">
        <ele>203.946725</ele>
        <time>2025-09-14T06:58:45.999Z</time>
      </trkpt>
      <trkpt lat="40.881647" lon="17.280155">
        <ele>203.906078</ele>
        <time>2025-09-14T06:58:50.999Z</time>
      </trkpt>
      <trkpt lat="40.881606" lon="17.280043">
        <ele>203.866153</ele>
        <time>2025-09-14T06:58:54.999Z</time>
      </trkpt>
      <trkpt lat="40.881508" lon="17.279986">
        <ele>203.820723</ele>
        <time>2025-09-14T06:58:59.999Z</time>
      </trkpt>
      <trkpt lat="40.881466" lon="17.279863">
        <ele>203.777421</ele>
        <time>2025-09-14T06:59:04.999Z</time>
      </trkpt>
      <trkpt lat="40.881409" lon="17.279759">
        <ele>203.737010</ele>
        <time>2025-09-14T06:59:10.999Z</time>
      </trkpt>
      <trkpt lat="40.881311" lon="17.279705">
        <ele>203.959904</ele>
        <time>2025-09-14T06:59:15.999Z</time>
      </trkpt>
      <trkpt lat="40.881213" lon="17.279678">
        <ele>204.170074</ele>
        <time>2025-09-14T06:59:19.999Z</time>
      </trkpt>
      <trkpt lat="40.881142" lon="17.279579">
        <ele>204.386677</ele>
        <time>2025-09-14T06:59:24.999Z</time>
      </trkpt>
      <trkpt lat="40.881087" lon="17.279481">
        <ele>204.580415</ele>
        <time>2025-09-14T06:59:30.999Z</time>
      </trkpt>
      <trkpt lat="40.881018" lon="17.279393">
        <ele>204.781660</ele>
        <time>2025-09-14T06:59:36.999Z</time>
      </trkpt>
      <trkpt lat="40.880937" lon="17.279341">
        <ele>204.970696</ele>
        <time>2025-09-14T06:59:43.999Z</time>
      </trkpt>
      <trkpt lat="40.880787" lon="17.279678">
        <ele>205.591463</ele>
        <time>2025-09-14T07:01:06.999Z</time>
      </trkpt>
      <trkpt lat="40.880700" lon="17.279751">
        <ele>205.807778</ele>
        <time>2025-09-14T07:01:09.999Z</time>
      </trkpt>
      <trkpt lat="40.880588" lon="17.279788">
        <ele>206.050148</ele>
        <time>2025-09-14T07:01:13.999Z</time>
      </trkpt>
      <trkpt lat="40.880479" lon="17.279815">
        <ele>206.282975</ele>
        <time>2025-09-14T07:01:17.999Z</time>
      </trkpt>
      <trkpt lat="40.880372" lon="17.279813">
        <ele>206.507646</ele>
        <time>2025-09-14T07:01:21.999Z</time>
      </trkpt>
      <trkpt lat="40.880294" lon="17.279914">
        <ele>206.736826</ele>
        <time>2025-09-14T07:01:25.999Z</time>
      </trkpt>
      <trkpt lat="40.880244" lon="17.280038">
        <ele>206.959907</ele>
        <time>2025-09-14T07:01:30.999Z</time>
      </trkpt>
      <trkpt lat="40.880183" lon="17.280141">
        <ele>207.167597</ele>
        <time>2025-09-14T07:01:35.999Z</time>
      </trkpt>
      <trkpt lat="40.880144" lon="17.280261">
        <ele>207.374939</ele>
        <time>2025-09-14T07:01:41.999Z</time>
      </trkpt>
      <trkpt lat="40.880093" lon="17.280364">
        <ele>207.408139</ele>
        <time>2025-09-14T07:01:46.999Z</time>
      </trkpt>
      <trkpt lat="40.880064" lon="17.280490">
        <ele>207.029829</ele>
        <time>2025-09-14T07:01:51.999Z</time>
      </trkpt>
      <trkpt lat="40.880007" lon="17.280607">
        <ele>206.630045</ele>
        <time>2025-09-14T07:01:57.999Z</time>
      </trkpt>
      <trkpt lat="40.879970" lon="17.280718">
        <ele>206.281607</ele>
        <time>2025-09-14T07:02:03.999Z</time>
      </trkpt>
      <trkpt lat="40.879950" lon="17.280836">
        <ele>205.934260</ele>
        <time>2025-09-14T07:02:07.999Z</time>
      </trkpt>
      <trkpt lat="40.879897" lon="17.280941">
        <ele>205.571632</ele>
        <time>2025-09-14T07:02:13.999Z</time>
      </trkpt>
      <trkpt lat="40.879861" lon="17.281060">
        <ele>205.203480</ele>
        <time>2025-09-14T07:02:19.999Z</time>
      </trkpt>
      <trkpt lat="40.879832" lon="17.281184">
        <ele>204.830661</ele>
        <time>2025-09-14T07:02:24.999Z</time>
      </trkpt>
      <trkpt lat="40.879816" lon="17.281316">
        <ele>204.446671</ele>
        <time>2025-09-14T07:02:29.999Z</time>
      </trkpt>
      <trkpt lat="40.879863" lon="17.281445">
        <ele>204.035364</ele>
        <time>2025-09-14T07:02:34.999Z</time>
      </trkpt>
      <trkpt lat="40.879918" lon="17.281583">
        <ele>203.587284</ele>
        <time>2025-09-14T07:02:37.999Z</time>
      </trkpt>
      <trkpt lat="40.879965" lon="17.281862">
        <ele>202.766254</ele>
        <time>2025-09-14T07:05:16.999Z</time>
      </trkpt>
      <trkpt lat="40.880059" lon="17.281915">
        <ele>202.378057</ele>
        <time>2025-09-14T07:05:24.999Z</time>
      </trkpt>
      <trkpt lat="40.880163" lon="17.281958">
        <ele>201.964109</ele>
        <time>2025-09-14T07:05:41.999Z</time>
      </trkpt>
      <trkpt lat="40.880225" lon="17.282073">
        <ele>201.558417</ele>
        <time>2025-09-14T07:05:45.999Z</time>
      </trkpt>
      <trkpt lat="40.880309" lon="17.282154">
        <ele>201.163496</ele>
        <time>2025-09-14T07:05:50.999Z</time>
      </trkpt>
      <trkpt lat="40.880378" lon="17.282240">
        <ele>200.803316</ele>
        <time>2025-09-14T07:06:05.999Z</time>
      </trkpt>
      <trkpt lat="40.880436" lon="17.282333">
        <ele>200.469822</ele>
        <time>2025-09-14T07:06:15.999Z</time>
      </trkpt>
      <trkpt lat="40.880527" lon="17.282324">
        <ele>200.143053</ele>
        <time>2025-09-14T07:06:26.999Z</time>
      </trkpt>
      <trkpt lat="40.880632" lon="17.282320">
        <ele>199.766905</ele>
        <time>2025-09-14T07:06:31.999Z</time>
      </trkpt>
      <trkpt lat="40.880602" lon="17.282453">
        <ele>199.391137</ele>
        <time>2025-09-14T07:06:35.999Z</time>
      </trkpt>
      <trkpt lat="40.880495" lon="17.282674">
        <ele>198.680633</ele>
        <time>2025-09-14T07:07:15.999Z</time>
      </trkpt>
      <trkpt lat="40.880452" lon="17.282813">
        <ele>198.274020</ele>
        <time>2025-09-14T07:07:20.999Z</time>
      </trkpt>
      <trkpt lat="40.880378" lon="17.282893">
        <ele>197.931778</ele>
        <time>2025-09-14T07:07:25.999Z</time>
      </trkpt>
      <trkpt lat="40.880438" lon="17.282796">
        <ele>197.592469</ele>
        <time>2025-09-14T07:08:01.999Z</time>
      </trkpt>
      <trkpt lat="40.880489" lon="17.282696">
        <ele>197.265892</ele>
        <time>2025-09-14T07:08:06.999Z</time>
      </trkpt>
      <trkpt lat="40.880525" lon="17.282587">
        <ele>196.943856</ele>
        <time>2025-09-14T07:08:11.000Z</time>
      </trkpt>
      <trkpt lat="40.880580" lon="17.282480">
        <ele>196.593555</ele>
        <time>2025-09-14T07:08:14.000Z</time>
      </trkpt>
      <trkpt lat="40.880635" lon="17.282369">
        <ele>196.234247</ele>
        <time>2025-09-14T07:08:17.000Z</time>
      </trkpt>
      <trkpt lat="40.880707" lon="17.282252">
        <ele>195.825818</ele>
        <time>2025-09-14T07:08:21.000Z</time>
      </trkpt>
      <trkpt lat="40.880775" lon="17.282158">
        <ele>195.473597</ele>
        <time>2025-09-14T07:08:23.999Z</time>
      </trkpt>
      <trkpt lat="40.880853" lon="17.282088">
        <ele>195.136061</ele>
        <time>2025-09-14T07:08:26.999Z</time>
      </trkpt>
      <trkpt lat="40.880906" lon="17.281984">
        <ele>194.796502</ele>
        <time>2025-09-14T07:08:47.999Z</time>
      </trkpt>
      <trkpt lat="40.880861" lon="17.281867">
        <ele>194.441106</ele>
        <time>2025-09-14T07:09:01.999Z</time>
      </trkpt>
      <trkpt lat="40.880861" lon="17.281734">
        <ele>194.129134</ele>
        <time>2025-09-14T07:09:12.999Z</time>
      </trkpt>
      <trkpt lat="40.880913" lon="17.281621">
        <ele>193.880101</ele>
        <time>2025-09-14T07:09:17.999Z</time>
      </trkpt>
      <trkpt lat="40.880987" lon="17.281551">
        <ele>193.653572</ele>
        <time>2025-09-14T07:09:22.999Z</time>
      </trkpt>
      <trkpt lat="40.881074" lon="17.281607">
        <ele>193.412659</ele>
        <time>2025-09-14T07:09:26.999Z</time>
      </trkpt>
      <trkpt lat="40.881188" lon="17.281623">
        <ele>193.127215</ele>
        <time>2025-09-14T07:09:30.999Z</time>
      </trkpt>
      <trkpt lat="40.881289" lon="17.281646">
        <ele>192.872034</ele>
        <time>2025-09-14T07:09:34.999Z</time>
      </trkpt>
      <trkpt lat="40.881407" lon="17.281688">
        <ele>192.567771</ele>
        <time>2025-09-14T07:09:38.999Z</time>
      </trkpt>
      <trkpt lat="40.881502" lon="17.281664">
        <ele>192.326953</ele>
        <time>2025-09-14T07:09:41.999Z</time>
      </trkpt>
      <trkpt lat="40.881611" lon="17.281666">
        <ele>192.055526</ele>
        <time>2025-09-14T07:09:44.999Z</time>
      </trkpt>
      <trkpt lat="40.881693" lon="17.281783">
        <ele>191.755194</ele>
        <time>2025-09-14T07:09:47.999Z</time>
      </trkpt>
      <trkpt lat="40.881759" lon="17.281918">
        <ele>191.452549</ele>
        <time>2025-09-14T07:09:50.999Z</time>
      </trkpt>
      <trkpt lat="40.881837" lon="17.282052">
        <ele>191.134189</ele>
        <time>2025-09-14T07:09:53.999Z</time>
      </trkpt>
      <trkpt lat="40.881886" lon="17.282171">
        <ele>190.879100</ele>
        <time>2025-09-14T07:09:55.999Z</time>
      </trkpt>
      <trkpt lat="40.881964" lon="17.282260">
        <ele>190.622604</ele>
        <time>2025-09-14T07:09:57.999Z</time>
      </trkpt>
      <trkpt lat="40.882029" lon="17.282378">
        <ele>190.347761</ele>
        <time>2025-09-14T07:09:59.999Z</time>
      </trkpt>
      <trkpt lat="40.882098" lon="17.282490">
        <ele>190.075784</ele>
        <time>2025-09-14T07:10:02.999Z</time>
      </trkpt>
      <trkpt lat="40.882190" lon="17.282517">
        <ele>189.841141</ele>
        <time>2025-09-14T07:10:04.999Z</time>
      </trkpt>
      <trkpt lat="40.882290" lon="17.282540">
        <ele>189.575083</ele>
        <time>2025-09-14T07:10:06.999Z</time>
      </trkpt>
      <trkpt lat="40.882398" lon="17.282531">
        <ele>189.284764</ele>
        <time>2025-09-14T07:10:08.999Z</time>
      </trkpt>
      <trkpt lat="40.882508" lon="17.282511">
        <ele>188.986879</ele>
        <time>2025-09-14T07:10:10.999Z</time>
      </trkpt>
      <trkpt lat="40.882601" lon="17.282404">
        <ele>188.656191</ele>
        <time>2025-09-14T07:10:13.999Z</time>
      </trkpt>
      <trkpt lat="40.882613" lon="17.282263">
        <ele>188.368388</ele>
        <time>2025-09-14T07:10:17.000Z</time>
      </trkpt>
      <trkpt lat="40.882676" lon="17.282147">
        <ele>188.078685</ele>
        <time>2025-09-14T07:10:21.000Z</time>
      </trkpt>
      <trkpt lat="40.882772" lon="17.282106">
        <ele>187.808041</ele>
        <time>2025-09-14T07:10:24.000Z</time>
      </trkpt>
      <trkpt lat="40.882863" lon="17.282153">
        <ele>187.545952</ele>
        <time>2025-09-14T07:10:27.000Z</time>
      </trkpt>
      <trkpt lat="40.882930" lon="17.282279">
        <ele>187.233501</ele>
        <time>2025-09-14T07:10:30.000Z</time>
      </trkpt>
      <trkpt lat="40.883019" lon="17.282333">
        <ele>186.970806</ele>
        <time>2025-09-14T07:10:33.999Z</time>
      </trkpt>
      <trkpt lat="40.883113" lon="17.282287">
        <ele>186.701915</ele>
        <time>2025-09-14T07:10:39.999Z</time>
      </trkpt>
      <trkpt lat="40.883168" lon="17.282166">
        <ele>186.415545</ele>
        <time>2025-09-14T07:10:43.999Z</time>
      </trkpt>
      <trkpt lat="40.883247" lon="17.282071">
        <ele>186.129102</ele>
        <time>2025-09-14T07:10:47.999Z</time>
      </trkpt>
      <trkpt lat="40.883336" lon="17.282040">
        <ele>185.882191</ele>
        <time>2025-09-14T07:10:51.999Z</time>
      </trkpt>
      <trkpt lat="40.883450" lon="17.282088">
        <ele>185.561228</ele>
        <time>2025-09-14T07:10:55.999Z</time>
      </trkpt>
      <trkpt lat="40.883513" lon="17.282238">
        <ele>185.213185</ele>
        <time>2025-09-14T07:10:58.999Z</time>
      </trkpt>
      <trkpt lat="40.883587" lon="17.282319">
        <ele>184.955491</ele>
        <time>2025-09-14T07:11:01.999Z</time>
      </trkpt>
      <trkpt lat="40.883689" lon="17.282412">
        <ele>184.673395</ele>
        <time>2025-09-14T07:11:04.999Z</time>
      </trkpt>
      <trkpt lat="40.883619" lon="17.282322">
        <ele>184.453701</ele>
        <time>2025-09-14T07:12:02.999Z</time>
      </trkpt>
      <trkpt lat="40.883529" lon="17.282264">
        <ele>184.228397</ele>
        <time>2025-09-14T07:12:08.999Z</time>
      </trkpt>
      <trkpt lat="40.883455" lon="17.282163">
        <ele>183.989097</ele>
        <time>2025-09-14T07:12:15.999Z</time>
      </trkpt>
      <trkpt lat="40.883436" lon="17.282047">
        <ele>183.787150</ele>
        <time>2025-09-14T07:12:20.999Z</time>
      </trkpt>
      <trkpt lat="40.883485" lon="17.281928">
        <ele>183.556596</ele>
        <time>2025-09-14T07:12:45.999Z</time>
      </trkpt>
      <trkpt lat="40.883558" lon="17.281845">
        <ele>183.339957</ele>
        <time>2025-09-14T07:12:51.999Z</time>
      </trkpt>
      <trkpt lat="40.883628" lon="17.281736">
        <ele>183.096624</ele>
        <time>2025-09-14T07:12:57.999Z</time>
      </trkpt>
      <trkpt lat="40.883682" lon="17.281616">
        <ele>182.859021</ele>
        <time>2025-09-14T07:13:01.999Z</time>
      </trkpt>
      <trkpt lat="40.883742" lon="17.281508">
        <ele>182.630989</ele>
        <time>2025-09-14T07:13:05.999Z</time>
      </trkpt>
      <trkpt lat="40.883816" lon="17.281427">
        <ele>182.414825</ele>
        <time>2025-09-14T07:13:08.999Z</time>
      </trkpt>
      <trkpt lat="40.883881" lon="17.281337">
        <ele>182.203055</ele>
        <time>2025-09-14T07:13:11.999Z</time>
      </trkpt>
      <trkpt lat="40.883988" lon="17.281283">
        <ele>181.945322</ele>
        <time>2025-09-14T07:13:15.999Z</time>
      </trkpt>
      <trkpt lat="40.884118" lon="17.281305">
        <ele>181.650377</ele>
        <time>2025-09-14T07:13:18.999Z</time>
      </trkpt>
      <trkpt lat="40.884249" lon="17.281327">
        <ele>181.353199</ele>
        <time>2025-09-14T07:13:21.999Z</time>
      </trkpt>
      <trkpt lat="40.884331" lon="17.281435">
        <ele>181.092776</ele>
        <time>2025-09-14T07:13:24.999Z</time>
      </trkpt>
      <trkpt lat="40.884451" lon="17.281475">
        <ele>180.662522</ele>
        <time>2025-09-14T07:13:27.999Z</time>
      </trkpt>
      <trkpt lat="40.884533" lon="17.281427">
        <ele>180.041100</ele>
        <time>2025-09-14T07:13:29.999Z</time>
      </trkpt>
      <trkpt lat="40.884630" lon="17.281312">
        <ele>179.138385</ele>
        <time>2025-09-14T07:13:32.999Z</time>
      </trkpt>
      <trkpt lat="40.884698" lon="17.281225">
        <ele>178.482765</ele>
        <time>2025-09-14T07:14:04.999Z</time>
      </trkpt>
      <trkpt lat="40.884810" lon="17.281227">
        <ele>177.706534</ele>
        <time>2025-09-14T07:14:09.999Z</time>
      </trkpt>
      <trkpt lat="40.884901" lon="17.281263">
        <ele>177.048302</ele>
        <time>2025-09-14T07:14:12.999Z</time>
      </trkpt>
      <trkpt lat="40.884996" lon="17.281298">
        <ele>176.364890</ele>
        <time>2025-09-14T07:14:15.999Z</time>
      </trkpt>
      <trkpt lat="40.885057" lon="17.281401">
        <ele>175.679386</ele>
        <time>2025-09-14T07:14:18.999Z</time>
      </trkpt>
      <trkpt lat="40.885081" lon="17.281565">
        <ele>174.804200</ele>
        <time>2025-09-14T07:14:21.999Z</time>
      </trkpt>
      <trkpt lat="40.885039" lon="17.281728">
        <ele>173.901965</ele>
        <time>2025-09-14T07:14:24.999Z</time>
      </trkpt>
      <trkpt lat="40.885059" lon="17.281852">
        <ele>173.237677</ele>
        <time>2025-09-14T07:14:27.999Z</time>
      </trkpt>
      <trkpt lat="40.885119" lon="17.281970">
        <ele>172.492627</ele>
        <time>2025-09-14T07:14:30.999Z</time>
      </trkpt>
      <trkpt lat="40.885221" lon="17.282064">
        <ele>171.631118</ele>
        <time>2025-09-14T07:14:34.999Z</time>
      </trkpt>
      <trkpt lat="40.885346" lon="17.282059">
        <ele>170.764472</ele>
        <time>2025-09-14T07:14:37.999Z</time>
      </trkpt>
      <trkpt lat="40.885465" lon="17.282039">
        <ele>169.933171</ele>
        <time>2025-09-14T07:14:40.999Z</time>
      </trkpt>
      <trkpt lat="40.885563" lon="17.282069">
        <ele>169.236080</ele>
        <time>2025-09-14T07:14:43.999Z</time>
      </trkpt>
      <trkpt lat="40.885689" lon="17.282116">
        <ele>168.300085</ele>
        <time>2025-09-14T07:14:46.999Z</time>
      </trkpt>
      <trkpt lat="40.885797" lon="17.282186">
        <ele>167.211125</ele>
        <time>2025-09-14T07:14:49.999Z</time>
      </trkpt>
      <trkpt lat="40.885850" lon="17.282308">
        <ele>166.247948</ele>
        <time>2025-09-14T07:14:52.999Z</time>
      </trkpt>
      <trkpt lat="40.885896" lon="17.282423">
        <ele>165.357352</ele>
        <time>2025-09-14T07:14:55.999Z</time>
      </trkpt>
      <trkpt lat="40.885932" lon="17.282540">
        <ele>164.492670</ele>
        <time>2025-09-14T07:14:58.999Z</time>
      </trkpt>
      <trkpt lat="40.885964" lon="17.282674">
        <ele>163.530736</ele>
        <time>2025-09-14T07:15:01.999Z</time>
      </trkpt>
      <trkpt lat="40.886016" lon="17.282797">
        <ele>162.566071</ele>
        <time>2025-09-14T07:15:04.999Z</time>
      </trkpt>
      <trkpt lat="40.885999" lon="17.282924">
        <ele>161.683206</ele>
        <time>2025-09-14T07:15:07.999Z</time>
      </trkpt>
      <trkpt lat="40.885928" lon="17.283053">
        <ele>160.590952</ele>
        <time>2025-09-14T07:15:10.999Z</time>
      </trkpt>
      <trkpt lat="40.885896" lon="17.283165">
        <ele>159.771363</ele>
        <time>2025-09-14T07:15:13.999Z</time>
      </trkpt>
      <trkpt lat="40.885845" lon="17.283281">
        <ele>158.852807</ele>
        <time>2025-09-14T07:15:16.999Z</time>
      </trkpt>
      <trkpt lat="40.885714" lon="17.283277">
        <ele>157.666369</ele>
        <time>2025-09-14T07:18:38.999Z</time>
      </trkpt>
      <trkpt lat="40.885703" lon="17.283395">
        <ele>156.852512</ele>
        <time>2025-09-14T07:18:43.999Z</time>
      </trkpt>
      <trkpt lat="40.885763" lon="17.283488">
        <ele>156.015611</ele>
        <time>2025-09-14T07:18:47.999Z</time>
      </trkpt>
      <trkpt lat="40.885801" lon="17.283619">
        <ele>155.055142</ele>
        <time>2025-09-14T07:18:50.999Z</time>
      </trkpt>
      <trkpt lat="40.885787" lon="17.283737">
        <ele>154.237517</ele>
        <time>2025-09-14T07:18:53.999Z</time>
      </trkpt>
      <trkpt lat="40.885730" lon="17.283836">
        <ele>153.385691</ele>
        <time>2025-09-14T07:18:56.999Z</time>
      </trkpt>
      <trkpt lat="40.885666" lon="17.283951">
        <ele>152.408201</ele>
        <time>2025-09-14T07:18:59.999Z</time>
      </trkpt>
      <trkpt lat="40.885586" lon="17.284014">
        <ele>151.660841</ele>
        <time>2025-09-14T07:19:01.999Z</time>
      </trkpt>
      <trkpt lat="40.885470" lon="17.284039">
        <ele>150.774663</ele>
        <time>2025-09-14T07:19:04.999Z</time>
      </trkpt>
      <trkpt lat="40.885392" lon="17.284109">
        <ele>150.063950</ele>
        <time>2025-09-14T07:19:07.999Z</time>
      </trkpt>
      <trkpt lat="40.885292" lon="17.284170">
        <ele>149.233628</ele>
        <time>2025-09-14T07:19:10.999Z</time>
      </trkpt>
      <trkpt lat="40.885214" lon="17.284276">
        <ele>148.390419</ele>
        <time>2025-09-14T07:19:13.999Z</time>
      </trkpt>
      <trkpt lat="40.885230" lon="17.284428">
        <ele>147.515594</ele>
        <time>2025-09-14T07:19:16.999Z</time>
      </trkpt>
      <trkpt lat="40.885276" lon="17.284553">
        <ele>146.723109</ele>
        <time>2025-09-14T07:19:19.999Z</time>
      </trkpt>
      <trkpt lat="40.885339" lon="17.284658">
        <ele>145.958974</ele>
        <time>2025-09-14T07:19:26.999Z</time>
      </trkpt>
      <trkpt lat="40.885385" lon="17.284794">
        <ele>145.109666</ele>
        <time>2025-09-14T07:19:30.999Z</time>
      </trkpt>
      <trkpt lat="40.885418" lon="17.284913">
        <ele>144.387121</ele>
        <time>2025-09-14T07:19:33.999Z</time>
      </trkpt>
      <trkpt lat="40.885492" lon="17.285039">
        <ele>143.477611</ele>
        <time>2025-09-14T07:19:36.999Z</time>
      </trkpt>
      <trkpt lat="40.885612" lon="17.285102">
        <ele>142.504142</ele>
        <time>2025-09-14T07:19:39.999Z</time>
      </trkpt>
      <trkpt lat="40.885681" lon="17.285192">
        <ele>141.773472</ele>
        <time>2025-09-14T07:19:42.999Z</time>
      </trkpt>
      <trkpt lat="40.885774" lon="17.285299">
        <ele>140.844094</ele>
        <time>2025-09-14T07:19:45.999Z</time>
      </trkpt>
      <trkpt lat="40.885804" lon="17.285451">
        <ele>139.948595</ele>
        <time>2025-09-14T07:19:48.999Z</time>
      </trkpt>
      <trkpt lat="40.885814" lon="17.285598">
        <ele>139.107253</ele>
        <time>2025-09-14T07:19:51.999Z</time>
      </trkpt>
      <trkpt lat="40.885824" lon="17.285719">
        <ele>138.486667</ele>
        <time>2025-09-14T07:19:53.999Z</time>
      </trkpt>
      <trkpt lat="40.885796" lon="17.285843">
        <ele>138.082936</ele>
        <time>2025-09-14T07:19:55.999Z</time>
      </trkpt>
      <trkpt lat="40.885751" lon="17.285947">
        <ele>137.709104</ele>
        <time>2025-09-14T07:19:57.999Z</time>
      </trkpt>
      <trkpt lat="40.885767" lon="17.286084">
        <ele>137.276633</ele>
        <time>2025-09-14T07:19:59.999Z</time>
      </trkpt>
      <trkpt lat="40.885752" lon="17.286206">
        <ele>136.891027</ele>
        <time>2025-09-14T07:20:01.999Z</time>
      </trkpt>
      <trkpt lat="40.885739" lon="17.286327">
        <ele>136.509749</ele>
        <time>2025-09-14T07:20:03.999Z</time>
      </trkpt>
      <trkpt lat="40.885697" lon="17.286436">
        <ele>136.128080</ele>
        <time>2025-09-14T07:20:05.999Z</time>
      </trkpt>
      <trkpt lat="40.885616" lon="17.286520">
        <ele>135.703350</ele>
        <time>2025-09-14T07:20:08.999Z</time>
      </trkpt>
      <trkpt lat="40.885525" lon="17.286590">
        <ele>135.268953</ele>
        <time>2025-09-14T07:20:12.999Z</time>
      </trkpt>
      <trkpt lat="40.885496" lon="17.286750">
        <ele>134.755652</ele>
        <time>2025-09-14T07:20:15.999Z</time>
      </trkpt>
      <trkpt lat="40.885491" lon="17.286922">
        <ele>134.218662</ele>
        <time>2025-09-14T07:20:18.999Z</time>
      </trkpt>
      <trkpt lat="40.885476" lon="17.287046">
        <ele>133.826895</ele>
        <time>2025-09-14T07:20:20.999Z</time>
      </trkpt>
      <trkpt lat="40.885462" lon="17.287174">
        <ele>133.423412</ele>
        <time>2025-09-14T07:20:22.999Z</time>
      </trkpt>
      <trkpt lat="40.885463" lon="17.287294">
        <ele>133.049021</ele>
        <time>2025-09-14T07:20:24.999Z</time>
      </trkpt>
      <trkpt lat="40.885469" lon="17.287443">
        <ele>132.583522</ele>
        <time>2025-09-14T07:20:27.999Z</time>
      </trkpt>
      <trkpt lat="40.885643" lon="17.287427">
        <ele>131.863775</ele>
        <time>2025-09-14T07:21:57.999Z</time>
      </trkpt>
      <trkpt lat="40.885739" lon="17.287366">
        <ele>131.424290</ele>
        <time>2025-09-14T07:22:01.999Z</time>
      </trkpt>
      <trkpt lat="40.885824" lon="17.287311">
        <ele>131.053797</ele>
        <time>2025-09-14T07:22:05.999Z</time>
      </trkpt>
      <trkpt lat="40.885932" lon="17.287296">
        <ele>130.680745</ele>
        <time>2025-09-14T07:22:09.999Z</time>
      </trkpt>
      <trkpt lat="40.886039" lon="17.287327">
        <ele>130.304453</ele>
        <time>2025-09-14T07:22:13.999Z</time>
      </trkpt>
      <trkpt lat="40.886147" lon="17.287354">
        <ele>129.926872</ele>
        <time>2025-09-14T07:22:17.999Z</time>
      </trkpt>
      <trkpt lat="40.886248" lon="17.287385">
        <ele>129.570688</ele>
        <time>2025-09-14T07:22:21.999Z</time>
      </trkpt>
      <trkpt lat="40.886343" lon="17.287430">
        <ele>129.224039</ele>
        <time>2025-09-14T07:22:24.999Z</time>
      </trkpt>
      <trkpt lat="40.886463" lon="17.287506">
        <ele>128.766985</ele>
        <time>2025-09-14T07:22:27.999Z</time>
      </trkpt>
      <trkpt lat="40.886542" lon="17.287577">
        <ele>128.438879</ele>
        <time>2025-09-14T07:22:29.999Z</time>
      </trkpt>
      <trkpt lat="40.886615" lon="17.287652">
        <ele>128.121342</ele>
        <time>2025-09-14T07:22:31.999Z</time>
      </trkpt>
      <trkpt lat="40.886683" lon="17.287734">
        <ele>127.805237</ele>
        <time>2025-09-14T07:22:33.999Z</time>
      </trkpt>
      <trkpt lat="40.886748" lon="17.287831">
        <ele>127.468601</ele>
        <time>2025-09-14T07:22:35.999Z</time>
      </trkpt>
      <trkpt lat="40.886818" lon="17.287927">
        <ele>127.122208</ele>
        <time>2025-09-14T07:22:37.999Z</time>
      </trkpt>
      <trkpt lat="40.886893" lon="17.288027">
        <ele>126.756378</ele>
        <time>2025-09-14T07:22:39.999Z</time>
      </trkpt>
      <trkpt lat="40.886974" lon="17.288135">
        <ele>126.361281</ele>
        <time>2025-09-14T07:22:41.999Z</time>
      </trkpt>
      <trkpt lat="40.887062" lon="17.288231">
        <ele>125.969426</ele>
        <time>2025-09-14T07:22:43.999Z</time>
      </trkpt>
      <trkpt lat="40.887136" lon="17.288344">
        <ele>125.581161</ele>
        <time>2025-09-14T07:22:45.999Z</time>
      </trkpt>
      <trkpt lat="40.887207" lon="17.288419">
        <ele>125.269023</ele>
        <time>2025-09-14T07:22:47.999Z</time>
      </trkpt>
      <trkpt lat="40.887200" lon="17.288561">
        <ele>124.951321</ele>
        <time>2025-09-14T07:22:51.999Z</time>
      </trkpt>
      <trkpt lat="40.887102" lon="17.288654">
        <ele>124.824437</ele>
        <time>2025-09-14T07:22:54.999Z</time>
      </trkpt>
      <trkpt lat="40.887019" lon="17.288763">
        <ele>124.701396</ele>
        <time>2025-09-14T07:22:57.999Z</time>
      </trkpt>
      <trkpt lat="40.886955" lon="17.288849">
        <ele>124.605421</ele>
        <time>2025-09-14T07:22:59.999Z</time>
      </trkpt>
      <trkpt lat="40.886899" lon="17.288971">
        <ele>124.491908</ele>
        <time>2025-09-14T07:23:01.999Z</time>
      </trkpt>
      <trkpt lat="40.886819" lon="17.289098">
        <ele>124.360435</ele>
        <time>2025-09-14T07:23:03.999Z</time>
      </trkpt>
      <trkpt lat="40.886704" lon="17.289212">
        <ele>124.209251</ele>
        <time>2025-09-14T07:23:05.999Z</time>
      </trkpt>
      <trkpt lat="40.886583" lon="17.289312">
        <ele>124.059156</ele>
        <time>2025-09-14T07:23:07.999Z</time>
      </trkpt>
      <trkpt lat="40.886501" lon="17.289412">
        <ele>123.941824</ele>
        <time>2025-09-14T07:23:10.999Z</time>
      </trkpt>
      <trkpt lat="40.886495" lon="17.289567">
        <ele>123.818387</ele>
        <time>2025-09-14T07:23:14.999Z</time>
      </trkpt>
      <trkpt lat="40.886484" lon="17.289691">
        <ele>123.719091</ele>
        <time>2025-09-14T07:23:17.999Z</time>
      </trkpt>
      <trkpt lat="40.886451" lon="17.289816">
        <ele>123.613788</ele>
        <time>2025-09-14T07:23:20.999Z</time>
      </trkpt>
      <trkpt lat="40.886369" lon="17.289934">
        <ele>123.486317</ele>
        <time>2025-09-14T07:23:24.999Z</time>
      </trkpt>
      <trkpt lat="40.886295" lon="17.290031">
        <ele>123.376718</ele>
        <time>2025-09-14T07:23:27.999Z</time>
      </trkpt>
      <trkpt lat="40.886221" lon="17.290111">
        <ele>123.276177</ele>
        <time>2025-09-14T07:23:30.999Z</time>
      </trkpt>
      <trkpt lat="40.886136" lon="17.290184">
        <ele>123.169561</ele>
        <time>2025-09-14T07:23:33.999Z</time>
      </trkpt>
      <trkpt lat="40.886070" lon="17.290303">
        <ele>123.075799</ele>
        <time>2025-09-14T07:23:37.999Z</time>
      </trkpt>
      <trkpt lat="40.886107" lon="17.290438">
        <ele>123.051929</ele>
        <time>2025-09-14T07:23:40.999Z</time>
      </trkpt>
      <trkpt lat="40.886155" lon="17.290587">
        <ele>123.025006</ele>
        <time>2025-09-14T07:23:43.999Z</time>
      </trkpt>
      <trkpt lat="40.886136" lon="17.290746">
        <ele>122.998247</ele>
        <time>2025-09-14T07:23:46.999Z</time>
      </trkpt>
      <trkpt lat="40.886066" lon="17.290898">
        <ele>122.968661</ele>
        <time>2025-09-14T07:23:49.999Z</time>
      </trkpt>
      <trkpt lat="40.886019" lon="17.291023">
        <ele>122.945455</ele>
        <time>2025-09-14T07:23:51.999Z</time>
      </trkpt>
      <trkpt lat="40.885966" lon="17.291144">
        <ele>122.922209</ele>
        <time>2025-09-14T07:23:53.999Z</time>
      </trkpt>
      <trkpt lat="40.885911" lon="17.291267">
        <ele>122.898454</ele>
        <time>2025-09-14T07:23:55.999Z</time>
      </trkpt>
      <trkpt lat="40.885867" lon="17.291392">
        <ele>122.875533</ele>
        <time>2025-09-14T07:23:57.999Z</time>
      </trkpt>
      <trkpt lat="40.885823" lon="17.291516">
        <ele>122.852763</ele>
        <time>2025-09-14T07:23:59.999Z</time>
      </trkpt>
      <trkpt lat="40.885774" lon="17.291640">
        <ele>122.829505</ele>
        <time>2025-09-14T07:24:01.999Z</time>
      </trkpt>
      <trkpt lat="40.885717" lon="17.291750">
        <ele>122.807336</ele>
        <time>2025-09-14T07:24:03.999Z</time>
      </trkpt>
      <trkpt lat="40.885662" lon="17.291854">
        <ele>122.786238</ele>
        <time>2025-09-14T07:24:05.999Z</time>
      </trkpt>
      <trkpt lat="40.885595" lon="17.291943">
        <ele>122.765360</ele>
        <time>2025-09-14T07:24:07.999Z</time>
      </trkpt>
      <trkpt lat="40.885523" lon="17.292015">
        <ele>122.745514</ele>
        <time>2025-09-14T07:24:09.999Z</time>
      </trkpt>
      <trkpt lat="40.885429" lon="17.292111">
        <ele>122.719402</ele>
        <time>2025-09-14T07:24:12.999Z</time>
      </trkpt>
      <trkpt lat="40.885363" lon="17.292193">
        <ele>122.699492</ele>
        <time>2025-09-14T07:24:14.999Z</time>
      </trkpt>
      <trkpt lat="40.885316" lon="17.292337">
        <ele>122.533926</ele>
        <time>2025-09-14T07:24:17.999Z</time>
      </trkpt>
      <trkpt lat="40.885393" lon="17.292408">
        <ele>122.294197</ele>
        <time>2025-09-14T07:24:19.999Z</time>
      </trkpt>
      <trkpt lat="40.885504" lon="17.292389">
        <ele>122.008337</ele>
        <time>2025-09-14T07:24:21.999Z</time>
      </trkpt>
      <trkpt lat="40.885599" lon="17.292445">
        <ele>121.742701</ele>
        <time>2025-09-14T07:24:23.999Z</time>
      </trkpt>
      <trkpt lat="40.885698" lon="17.292488">
        <ele>121.476569</ele>
        <time>2025-09-14T07:24:25.999Z</time>
      </trkpt>
      <trkpt lat="40.885793" lon="17.292527">
        <ele>121.222520</ele>
        <time>2025-09-14T07:24:27.999Z</time>
      </trkpt>
      <trkpt lat="40.885882" lon="17.292564">
        <ele>120.984249</ele>
        <time>2025-09-14T07:24:29.999Z</time>
      </trkpt>
      <trkpt lat="40.885980" lon="17.292601">
        <ele>120.723958</ele>
        <time>2025-09-14T07:24:31.999Z</time>
      </trkpt>
      <trkpt lat="40.886070" lon="17.292641">
        <ele>120.481467</ele>
        <time>2025-09-14T07:24:33.999Z</time>
      </trkpt>
      <trkpt lat="40.886176" lon="17.292704">
        <ele>120.184667</ele>
        <time>2025-09-14T07:24:35.999Z</time>
      </trkpt>
      <trkpt lat="40.886283" lon="17.292753">
        <ele>119.895472</ele>
        <time>2025-09-14T07:24:37.999Z</time>
      </trkpt>
      <trkpt lat="40.886380" lon="17.292756">
        <ele>119.647664</ele>
        <time>2025-09-14T07:24:39.999Z</time>
      </trkpt>
      <trkpt lat="40.886421" lon="17.292875">
        <ele>119.395155</ele>
        <time>2025-09-14T07:24:41.999Z</time>
      </trkpt>
      <trkpt lat="40.886448" lon="17.293016">
        <ele>119.114305</ele>
        <time>2025-09-14T07:24:43.999Z</time>
      </trkpt>
      <trkpt lat="40.886490" lon="17.293168">
        <ele>118.801825</ele>
        <time>2025-09-14T07:24:45.999Z</time>
      </trkpt>
      <trkpt lat="40.886545" lon="17.293327">
        <ele>118.464208</ele>
        <time>2025-09-14T07:24:47.999Z</time>
      </trkpt>
      <trkpt lat="40.886647" lon="17.293428">
        <ele>118.138789</ele>
        <time>2025-09-14T07:24:49.999Z</time>
      </trkpt>
      <trkpt lat="40.886757" lon="17.293519">
        <ele>117.744392</ele>
        <time>2025-09-14T07:24:51.999Z</time>
      </trkpt>
      <trkpt lat="40.886882" lon="17.293556">
        <ele>117.344978</ele>
        <time>2025-09-14T07:24:53.999Z</time>
      </trkpt>
      <trkpt lat="40.886985" lon="17.293624">
        <ele>116.986023</ele>
        <time>2025-09-14T07:24:55.999Z</time>
      </trkpt>
      <trkpt lat="40.887080" lon="17.293710">
        <ele>116.627063</ele>
        <time>2025-09-14T07:24:57.999Z</time>
      </trkpt>
      <trkpt lat="40.887141" lon="17.293855">
        <ele>116.235888</ele>
        <time>2025-09-14T07:24:59.999Z</time>
      </trkpt>
      <trkpt lat="40.887190" lon="17.294010">
        <ele>115.839838</ele>
        <time>2025-09-14T07:25:01.999Z</time>
      </trkpt>
      <trkpt lat="40.887228" lon="17.294143">
        <ele>115.504667</ele>
        <time>2025-09-14T07:25:03.999Z</time>
      </trkpt>
      <trkpt lat="40.887287" lon="17.294240">
        <ele>115.211183</ele>
        <time>2025-09-14T07:25:05.999Z</time>
      </trkpt>
      <trkpt lat="40.887360" lon="17.294321">
        <ele>114.914072</ele>
        <time>2025-09-14T07:25:07.999Z</time>
      </trkpt>
      <trkpt lat="40.887453" lon="17.294396">
        <ele>114.574434</ele>
        <time>2025-09-14T07:25:10.999Z</time>
      </trkpt>
      <trkpt lat="40.887552" lon="17.294464">
        <ele>114.226595</ele>
        <time>2025-09-14T07:25:13.999Z</time>
      </trkpt>
      <trkpt lat="40.887582" lon="17.294587">
        <ele>113.921926</ele>
        <time>2025-09-14T07:25:16.999Z</time>
      </trkpt>
      <trkpt lat="40.887627" lon="17.294765">
        <ele>113.479479</ele>
        <time>2025-09-14T07:25:19.999Z</time>
      </trkpt>
      <trkpt lat="40.887671" lon="17.294902">
        <ele>113.128589</ele>
        <time>2025-09-14T07:25:21.999Z</time>
      </trkpt>
      <trkpt lat="40.887699" lon="17.295060">
        <ele>112.746034</ele>
        <time>2025-09-14T07:25:23.999Z</time>
      </trkpt>
      <trkpt lat="40.887755" lon="17.295221">
        <ele>112.262919</ele>
        <time>2025-09-14T07:25:25.999Z</time>
      </trkpt>
      <trkpt lat="40.887832" lon="17.295367">
        <ele>111.667512</ele>
        <time>2025-09-14T07:25:27.999Z</time>
      </trkpt>
      <trkpt lat="40.887888" lon="17.295532">
        <ele>111.062581</ele>
        <time>2025-09-14T07:25:29.999Z</time>
      </trkpt>
      <trkpt lat="40.887957" lon="17.295684">
        <ele>110.469582</ele>
        <time>2025-09-14T07:25:31.999Z</time>
      </trkpt>
      <trkpt lat="40.888001" lon="17.295850">
        <ele>109.881232</ele>
        <time>2025-09-14T07:25:33.999Z</time>
      </trkpt>
      <trkpt lat="40.888040" lon="17.296009">
        <ele>109.322141</ele>
        <time>2025-09-14T07:25:35.999Z</time>
      </trkpt>
      <trkpt lat="40.888098" lon="17.296165">
        <ele>108.740691</ele>
        <time>2025-09-14T07:25:37.999Z</time>
      </trkpt>
      <trkpt lat="40.888173" lon="17.296317">
        <ele>108.133601</ele>
        <time>2025-09-14T07:25:39.999Z</time>
      </trkpt>
      <trkpt lat="40.888246" lon="17.296474">
        <ele>107.517121</ele>
        <time>2025-09-14T07:25:41.999Z</time>
      </trkpt>
      <trkpt lat="40.888313" lon="17.296626">
        <ele>106.928631</ele>
        <time>2025-09-14T07:25:43.999Z</time>
      </trkpt>
      <trkpt lat="40.888394" lon="17.296768">
        <ele>106.333662</ele>
        <time>2025-09-14T07:25:45.999Z</time>
      </trkpt>
      <trkpt lat="40.888480" lon="17.296895">
        <ele>105.763404</ele>
        <time>2025-09-14T07:25:47.999Z</time>
      </trkpt>
      <trkpt lat="40.888545" lon="17.297029">
        <ele>105.230897</ele>
        <time>2025-09-14T07:25:49.999Z</time>
      </trkpt>
      <trkpt lat="40.888612" lon="17.297156">
        <ele>104.712927</ele>
        <time>2025-09-14T07:25:51.999Z</time>
      </trkpt>
      <trkpt lat="40.888692" lon="17.297283">
        <ele>104.202476</ele>
        <time>2025-09-14T07:25:53.999Z</time>
      </trkpt>
      <trkpt lat="40.888744" lon="17.297431">
        <ele>103.719813</ele>
        <time>2025-09-14T07:25:55.999Z</time>
      </trkpt>
      <trkpt lat="40.888765" lon="17.297590">
        <ele>103.242460</ele>
        <time>2025-09-14T07:25:57.999Z</time>
      </trkpt>
      <trkpt lat="40.888774" lon="17.297767">
        <ele>102.717813</ele>
        <time>2025-09-14T07:26:00.999Z</time>
      </trkpt>
      <trkpt lat="40.888740" lon="17.297897">
        <ele>102.310989</ele>
        <time>2025-09-14T07:26:02.999Z</time>
      </trkpt>
      <trkpt lat="40.888717" lon="17.298043">
        <ele>101.869929</ele>
        <time>2025-09-14T07:26:04.999Z</time>
      </trkpt>
      <trkpt lat="40.888680" lon="17.298184">
        <ele>101.428524</ele>
        <time>2025-09-14T07:26:06.999Z</time>
      </trkpt>
      <trkpt lat="40.888648" lon="17.298331">
        <ele>100.976117</ele>
        <time>2025-09-14T07:26:08.999Z</time>
      </trkpt>
      <trkpt lat="40.888625" lon="17.298468">
        <ele>100.561078</ele>
        <time>2025-09-14T07:26:10.999Z</time>
      </trkpt>
      <trkpt lat="40.888606" lon="17.298611">
        <ele>100.131683</ele>
        <time>2025-09-14T07:26:12.999Z</time>
      </trkpt>
      <trkpt lat="40.888582" lon="17.298773">
        <ele>99.643466</ele>
        <time>2025-09-14T07:26:14.999Z</time>
      </trkpt>
      <trkpt lat="40.888547" lon="17.298929">
        <ele>99.162217</ele>
        <time>2025-09-14T07:26:16.999Z</time>
      </trkpt>
      <trkpt lat="40.888514" lon="17.299075">
        <ele>98.711545</ele>
        <time>2025-09-14T07:26:18.999Z</time>
      </trkpt>
      <trkpt lat="40.888489" lon="17.299232">
        <ele>98.237039</ele>
        <time>2025-09-14T07:26:20.999Z</time>
      </trkpt>
      <trkpt lat="40.888462" lon="17.299368">
        <ele>97.821189</ele>
        <time>2025-09-14T07:26:22.999Z</time>
      </trkpt>
      <trkpt lat="40.888437" lon="17.299524">
        <ele>97.359758</ele>
        <time>2025-09-14T07:26:25.999Z</time>
      </trkpt>
      <trkpt lat="40.888492" lon="17.299654">
        <ele>96.951045</ele>
        <time>2025-09-14T07:26:28.999Z</time>
      </trkpt>
      <trkpt lat="40.888553" lon="17.299777">
        <ele>96.547459</ele>
        <time>2025-09-14T07:26:31.999Z</time>
      </trkpt>
      <trkpt lat="40.888602" lon="17.299878">
        <ele>96.218211</ele>
        <time>2025-09-14T07:26:33.999Z</time>
      </trkpt>
      <trkpt lat="40.888652" lon="17.299996">
        <ele>95.847090</ele>
        <time>2025-09-14T07:26:35.999Z</time>
      </trkpt>
      <trkpt lat="40.888699" lon="17.300121">
        <ele>95.464074</ele>
        <time>2025-09-14T07:26:37.999Z</time>
      </trkpt>
      <trkpt lat="40.888745" lon="17.300241">
        <ele>95.094945</ele>
        <time>2025-09-14T07:26:39.999Z</time>
      </trkpt>
      <trkpt lat="40.888668" lon="17.300366">
        <ele>94.652571</ele>
        <time>2025-09-14T07:26:43.999Z</time>
      </trkpt>
      <trkpt lat="40.888590" lon="17.300496">
        <ele>94.197233</ele>
        <time>2025-09-14T07:26:46.999Z</time>
      </trkpt>
      <trkpt lat="40.888590" lon="17.300630">
        <ele>93.829600</ele>
        <time>2025-09-14T07:26:48.999Z</time>
      </trkpt>
      <trkpt lat="40.888618" lon="17.300757">
        <ele>93.466657</ele>
        <time>2025-09-14T07:26:50.999Z</time>
      </trkpt>
      <trkpt lat="40.888634" lon="17.300893">
        <ele>93.089046</ele>
        <time>2025-09-14T07:26:52.999Z</time>
      </trkpt>
      <trkpt lat="40.888645" lon="17.301036">
        <ele>92.694696</ele>
        <time>2025-09-14T07:26:54.999Z</time>
      </trkpt>
      <trkpt lat="40.888665" lon="17.301179">
        <ele>92.295714</ele>
        <time>2025-09-14T07:26:56.999Z</time>
      </trkpt>
      <trkpt lat="40.888679" lon="17.301328">
        <ele>91.883783</ele>
        <time>2025-09-14T07:26:58.999Z</time>
      </trkpt>
      <trkpt lat="40.888702" lon="17.301478">
        <ele>91.463875</ele>
        <time>2025-09-14T07:27:00.999Z</time>
      </trkpt>
      <trkpt lat="40.888701" lon="17.301629">
        <ele>91.049587</ele>
        <time>2025-09-14T07:27:02.999Z</time>
      </trkpt>
      <trkpt lat="40.888702" lon="17.301770">
        <ele>90.838068</ele>
        <time>2025-09-14T07:27:04.999Z</time>
      </trkpt>
      <trkpt lat="40.888816" lon="17.301854">
        <ele>90.641100</ele>
        <time>2025-09-14T07:27:07.999Z</time>
      </trkpt>
      <trkpt lat="40.888924" lon="17.301834">
        <ele>90.476494</ele>
        <time>2025-09-14T07:27:09.999Z</time>
      </trkpt>
      <trkpt lat="40.889023" lon="17.301859">
        <ele>90.324364</ele>
        <time>2025-09-14T07:27:11.999Z</time>
      </trkpt>
      <trkpt lat="40.889121" lon="17.301907">
        <ele>90.166628</ele>
        <time>2025-09-14T07:27:13.999Z</time>
      </trkpt>
      <trkpt lat="40.889215" lon="17.301949">
        <ele>90.016868</ele>
        <time>2025-09-14T07:27:15.999Z</time>
      </trkpt>
      <trkpt lat="40.889306" lon="17.301987">
        <ele>89.872830</ele>
        <time>2025-09-14T07:27:17.999Z</time>
      </trkpt>
      <trkpt lat="40.889402" lon="17.302047">
        <ele>89.712567</ele>
        <time>2025-09-14T07:27:19.999Z</time>
      </trkpt>
      <trkpt lat="40.889505" lon="17.302073">
        <ele>89.554292</ele>
        <time>2025-09-14T07:27:21.999Z</time>
      </trkpt>
      <trkpt lat="40.889595" lon="17.302133">
        <ele>89.402168</ele>
        <time>2025-09-14T07:27:23.999Z</time>
      </trkpt>
      <trkpt lat="40.889688" lon="17.302177">
        <ele>89.253085</ele>
        <time>2025-09-14T07:27:25.999Z</time>
      </trkpt>
      <trkpt lat="40.889787" lon="17.302215">
        <ele>89.097489</ele>
        <time>2025-09-14T07:27:27.999Z</time>
      </trkpt>
      <trkpt lat="40.889889" lon="17.302244">
        <ele>88.940014</ele>
        <time>2025-09-14T07:27:29.999Z</time>
      </trkpt>
      <trkpt lat="40.889987" lon="17.302280">
        <ele>88.786494</ele>
        <time>2025-09-14T07:27:31.999Z</time>
      </trkpt>
      <trkpt lat="40.890195" lon="17.302344">
        <ele>88.464155</ele>
        <time>2025-09-14T07:29:54.999Z</time>
      </trkpt>
      <trkpt lat="40.890284" lon="17.302371">
        <ele>88.326331</ele>
        <time>2025-09-14T07:29:59.999Z</time>
      </trkpt>
      <trkpt lat="40.890393" lon="17.302385">
        <ele>88.135189</ele>
        <time>2025-09-14T07:30:05.999Z</time>
      </trkpt>
      <trkpt lat="40.890499" lon="17.302415">
        <ele>87.922973</ele>
        <time>2025-09-14T07:30:09.999Z</time>
      </trkpt>
      <trkpt lat="40.890602" lon="17.302430">
        <ele>87.720108</ele>
        <time>2025-09-14T07:30:18.999Z</time>
      </trkpt>
      <trkpt lat="40.890691" lon="17.302476">
        <ele>87.533042</ele>
        <time>2025-09-14T07:30:29.999Z</time>
      </trkpt>
      <trkpt lat="40.890791" lon="17.302501">
        <ele>87.333803</ele>
        <time>2025-09-14T07:30:41.999Z</time>
      </trkpt>
      <trkpt lat="40.890885" lon="17.302544">
        <ele>87.139083</ele>
        <time>2025-09-14T07:30:45.999Z</time>
      </trkpt>
      <trkpt lat="40.890984" lon="17.302549">
        <ele>86.945126</ele>
        <time>2025-09-14T07:30:59.999Z</time>
      </trkpt>
      <trkpt lat="40.891080" lon="17.302599">
        <ele>86.743140</ele>
        <time>2025-09-14T07:31:03.999Z</time>
      </trkpt>
      <trkpt lat="40.891175" lon="17.302640">
        <ele>86.547507</ele>
        <time>2025-09-14T07:31:07.999Z</time>
      </trkpt>
      <trkpt lat="40.891270" lon="17.302675">
        <ele>86.354444</ele>
        <time>2025-09-14T07:31:11.999Z</time>
      </trkpt>
      <trkpt lat="40.891388" lon="17.302709">
        <ele>86.118015</ele>
        <time>2025-09-14T07:31:15.999Z</time>
      </trkpt>
      <trkpt lat="40.891505" lon="17.302707">
        <ele>85.888941</ele>
        <time>2025-09-14T07:31:19.999Z</time>
      </trkpt>
      <trkpt lat="40.891605" lon="17.302700">
        <ele>85.692893</ele>
        <time>2025-09-14T07:31:22.999Z</time>
      </trkpt>
      <trkpt lat="40.891697" lon="17.302703">
        <ele>85.512727</ele>
        <time>2025-09-14T07:31:25.999Z</time>
      </trkpt>
      <trkpt lat="40.891790" lon="17.302696">
        <ele>85.330363</ele>
        <time>2025-09-14T07:31:28.999Z</time>
      </trkpt>
      <trkpt lat="40.891892" lon="17.302656">
        <ele>85.122085</ele>
        <time>2025-09-14T07:31:32.999Z</time>
      </trkpt>
      <trkpt lat="40.891995" lon="17.302633">
        <ele>84.917585</ele>
        <time>2025-09-14T07:31:35.999Z</time>
      </trkpt>
      <trkpt lat="40.892103" lon="17.302616">
        <ele>84.713903</ele>
        <time>2025-09-14T07:31:39.999Z</time>
      </trkpt>
      <trkpt lat="40.892196" lon="17.302571">
        <ele>84.601093</ele>
        <time>2025-09-14T07:31:43.999Z</time>
      </trkpt>
      <trkpt lat="40.892285" lon="17.302543">
        <ele>84.496876</ele>
        <time>2025-09-14T07:31:46.999Z</time>
      </trkpt>
      <trkpt lat="40.892404" lon="17.302526">
        <ele>84.360523</ele>
        <time>2025-09-14T07:31:50.999Z</time>
      </trkpt>
      <trkpt lat="40.892516" lon="17.302493">
        <ele>84.229807</ele>
        <time>2025-09-14T07:31:54.999Z</time>
      </trkpt>
      <trkpt lat="40.892613" lon="17.302454">
        <ele>84.114313</ele>
        <time>2025-09-14T07:31:57.999Z</time>
      </trkpt>
      <trkpt lat="40.892722" lon="17.302444">
        <ele>83.989843</ele>
        <time>2025-09-14T07:32:00.999Z</time>
      </trkpt>
      <trkpt lat="40.892826" lon="17.302423">
        <ele>83.869994</ele>
        <time>2025-09-14T07:32:03.999Z</time>
      </trkpt>
      <trkpt lat="40.892922" lon="17.302389">
        <ele>83.756779</ele>
        <time>2025-09-14T07:32:06.999Z</time>
      </trkpt>
      <trkpt lat="40.893034" lon="17.302347">
        <ele>83.624162</ele>
        <time>2025-09-14T07:32:10.999Z</time>
      </trkpt>
      <trkpt lat="40.893143" lon="17.302299">
        <ele>83.493290</ele>
        <time>2025-09-14T07:32:15.999Z</time>
      </trkpt>
      <trkpt lat="40.893240" lon="17.302260">
        <ele>83.377796</ele>
        <time>2025-09-14T07:32:19.999Z</time>
      </trkpt>
      <trkpt lat="40.893355" lon="17.302224">
        <ele>83.243170</ele>
        <time>2025-09-14T07:32:23.999Z</time>
      </trkpt>
      <trkpt lat="40.893445" lon="17.302192">
        <ele>83.137004</ele>
        <time>2025-09-14T07:32:26.999Z</time>
      </trkpt>
      <trkpt lat="40.893555" lon="17.302160">
        <ele>83.008698</ele>
        <time>2025-09-14T07:32:30.999Z</time>
      </trkpt>
      <trkpt lat="40.893671" lon="17.302151">
        <ele>82.876324</ele>
        <time>2025-09-14T07:32:34.999Z</time>
      </trkpt>
      <trkpt lat="40.893789" lon="17.302211">
        <ele>82.732310</ele>
        <time>2025-09-14T07:32:38.999Z</time>
      </trkpt>
      <trkpt lat="40.893883" lon="17.302265">
        <ele>82.583110</ele>
        <time>2025-09-14T07:32:41.999Z</time>
      </trkpt>
      <trkpt lat="40.894002" lon="17.302299">
        <ele>82.372045</ele>
        <time>2025-09-14T07:32:44.999Z</time>
      </trkpt>
      <trkpt lat="40.894096" lon="17.302280">
        <ele>82.207189</ele>
        <time>2025-09-14T07:32:47.999Z</time>
      </trkpt>
      <trkpt lat="40.894194" lon="17.302313">
        <ele>82.031871</ele>
        <time>2025-09-14T07:32:50.999Z</time>
      </trkpt>
      <trkpt lat="40.894307" lon="17.302317">
        <ele>81.835895</ele>
        <time>2025-09-14T07:32:54.999Z</time>
      </trkpt>
      <trkpt lat="40.894420" lon="17.302345">
        <ele>81.636583</ele>
        <time>2025-09-14T07:32:58.999Z</time>
      </trkpt>
      <trkpt lat="40.894515" lon="17.302336">
        <ele>81.471462</ele>
        <time>2025-09-14T07:33:01.999Z</time>
      </trkpt>
      <trkpt lat="40.894635" lon="17.302370">
        <ele>81.258703</ele>
        <time>2025-09-14T07:33:05.999Z</time>
      </trkpt>
      <trkpt lat="40.894736" lon="17.302329">
        <ele>81.075544</ele>
        <time>2025-09-14T07:33:09.999Z</time>
      </trkpt>
      <trkpt lat="40.894838" lon="17.302365">
        <ele>80.892524</ele>
        <time>2025-09-14T07:33:15.999Z</time>
      </trkpt>
      <trkpt lat="40.894940" lon="17.302371">
        <ele>80.715514</ele>
        <time>2025-09-14T07:33:19.999Z</time>
      </trkpt>
      <trkpt lat="40.895058" lon="17.302365">
        <ele>80.510790</ele>
        <time>2025-09-14T07:33:24.999Z</time>
      </trkpt>
      <trkpt lat="40.895155" lon="17.302326">
        <ele>80.335028</ele>
        <time>2025-09-14T07:33:28.999Z</time>
      </trkpt>
      <trkpt lat="40.895263" lon="17.302337">
        <ele>80.147237</ele>
        <time>2025-09-14T07:33:33.999Z</time>
      </trkpt>
      <trkpt lat="40.895330" lon="17.302431">
        <ele>79.977923</ele>
        <time>2025-09-14T07:33:36.999Z</time>
      </trkpt>
      <trkpt lat="40.895429" lon="17.302456">
        <ele>79.803190</ele>
        <time>2025-09-14T07:33:41.999Z</time>
      </trkpt>
      <trkpt lat="40.895507" lon="17.302374">
        <ele>79.630465</ele>
        <time>2025-09-14T07:33:45.999Z</time>
      </trkpt>
      <trkpt lat="40.895616" lon="17.302355">
        <ele>79.475860</ele>
        <time>2025-09-14T07:33:49.999Z</time>
      </trkpt>
      <trkpt lat="40.895719" lon="17.302361">
        <ele>79.350902</ele>
        <time>2025-09-14T07:33:52.999Z</time>
      </trkpt>
      <trkpt lat="40.895822" lon="17.302377">
        <ele>79.225207</ele>
        <time>2025-09-14T07:33:55.999Z</time>
      </trkpt>
      <trkpt lat="40.895928" lon="17.302359">
        <ele>79.095680</ele>
        <time>2025-09-14T07:33:58.999Z</time>
      </trkpt>
      <trkpt lat="40.896044" lon="17.302363">
        <ele>78.955039</ele>
        <time>2025-09-14T07:34:01.999Z</time>
      </trkpt>
      <trkpt lat="40.896143" lon="17.302397">
        <ele>78.831073</ele>
        <time>2025-09-14T07:34:04.999Z</time>
      </trkpt>
      <trkpt lat="40.896355" lon="17.302405">
        <ele>78.574022</ele>
        <time>2025-09-14T07:36:51.999Z</time>
      </trkpt>
      <trkpt lat="40.896467" lon="17.302415">
        <ele>78.437968</ele>
        <time>2025-09-14T07:36:55.999Z</time>
      </trkpt>
      <trkpt lat="40.896580" lon="17.302432">
        <ele>78.300128</ele>
        <time>2025-09-14T07:36:59.999Z</time>
      </trkpt>
      <trkpt lat="40.896687" lon="17.302415">
        <ele>78.169511</ele>
        <time>2025-09-14T07:37:02.999Z</time>
      </trkpt>
      <trkpt lat="40.896794" lon="17.302405">
        <ele>78.039503</ele>
        <time>2025-09-14T07:37:05.999Z</time>
      </trkpt>
      <trkpt lat="40.896892" lon="17.302354">
        <ele>77.911866</ele>
        <time>2025-09-14T07:37:09.999Z</time>
      </trkpt>
      <trkpt lat="40.897001" lon="17.302315">
        <ele>77.775011</ele>
        <time>2025-09-14T07:37:12.999Z</time>
      </trkpt>
      <trkpt lat="40.897108" lon="17.302323">
        <ele>77.645119</ele>
        <time>2025-09-14T07:37:15.999Z</time>
      </trkpt>
      <trkpt lat="40.897206" lon="17.302300">
        <ele>77.524487</ele>
        <time>2025-09-14T07:37:18.999Z</time>
      </trkpt>
      <trkpt lat="40.897310" lon="17.302336">
        <ele>77.394195</ele>
        <time>2025-09-14T07:37:21.999Z</time>
      </trkpt>
      <trkpt lat="40.897416" lon="17.302358">
        <ele>77.250744</ele>
        <time>2025-09-14T07:37:24.999Z</time>
      </trkpt>
      <trkpt lat="40.897526" lon="17.302377">
        <ele>77.100668</ele>
        <time>2025-09-14T07:37:27.999Z</time>
      </trkpt>
      <trkpt lat="40.897630" lon="17.302385">
        <ele>76.959735</ele>
        <time>2025-09-14T07:37:30.999Z</time>
      </trkpt>
      <trkpt lat="40.897728" lon="17.302393">
        <ele>76.826904</ele>
        <time>2025-09-14T07:37:33.999Z</time>
      </trkpt>
      <trkpt lat="40.897837" lon="17.302346">
        <ele>76.671809</ele>
        <time>2025-09-14T07:37:37.999Z</time>
      </trkpt>
      <trkpt lat="40.897946" lon="17.302273">
        <ele>76.506530</ele>
        <time>2025-09-14T07:37:41.999Z</time>
      </trkpt>
      <trkpt lat="40.898039" lon="17.302245">
        <ele>76.377499</ele>
        <time>2025-09-14T07:37:44.999Z</time>
      </trkpt>
      <trkpt lat="40.898132" lon="17.302191">
        <ele>76.240100</ele>
        <time>2025-09-14T07:37:47.999Z</time>
      </trkpt>
      <trkpt lat="40.898241" lon="17.302205">
        <ele>76.091946</ele>
        <time>2025-09-14T07:37:50.999Z</time>
      </trkpt>
      <trkpt lat="40.898299" lon="17.302112">
        <ele>75.968655</ele>
        <time>2025-09-14T07:37:55.999Z</time>
      </trkpt>
      <trkpt lat="40.898397" lon="17.302098">
        <ele>75.835305</ele>
        <time>2025-09-14T07:37:58.999Z</time>
      </trkpt>
      <trkpt lat="40.898488" lon="17.302075">
        <ele>75.709970</ele>
        <time>2025-09-14T07:38:01.999Z</time>
      </trkpt>
      <trkpt lat="40.898602" lon="17.302082">
        <ele>75.555579</ele>
        <time>2025-09-14T07:38:05.999Z</time>
      </trkpt>
      <trkpt lat="40.898712" lon="17.302056">
        <ele>75.404410</ele>
        <time>2025-09-14T07:38:09.999Z</time>
      </trkpt>
      <trkpt lat="40.898813" lon="17.302034">
        <ele>75.265933</ele>
        <time>2025-09-14T07:38:13.999Z</time>
      </trkpt>
      <trkpt lat="40.898904" lon="17.301945">
        <ele>75.112837</ele>
        <time>2025-09-14T07:38:18.999Z</time>
      </trkpt>
      <trkpt lat="40.898995" lon="17.301995">
        <ele>74.979533</ele>
        <time>2025-09-14T07:38:22.999Z</time>
      </trkpt>
      <trkpt lat="40.899087" lon="17.301930">
        <ele>74.834472</ele>
        <time>2025-09-14T07:38:26.999Z</time>
      </trkpt>
      <trkpt lat="40.899173" lon="17.301884">
        <ele>74.704366</ele>
        <time>2025-09-14T07:38:30.999Z</time>
      </trkpt>
      <trkpt lat="40.899287" lon="17.301859">
        <ele>74.542290</ele>
        <time>2025-09-14T07:38:35.999Z</time>
      </trkpt>
      <trkpt lat="40.899377" lon="17.301843">
        <ele>74.414924</ele>
        <time>2025-09-14T07:38:38.999Z</time>
      </trkpt>
      <trkpt lat="40.899471" lon="17.301827">
        <ele>74.281995</ele>
        <time>2025-09-14T07:38:43.999Z</time>
      </trkpt>
      <trkpt lat="40.899565" lon="17.301819">
        <ele>74.149881</ele>
        <time>2025-09-14T07:38:46.999Z</time>
      </trkpt>
      <trkpt lat="40.899663" lon="17.301811">
        <ele>74.012167</ele>
        <time>2025-09-14T07:38:51.999Z</time>
      </trkpt>
      <trkpt lat="40.899761" lon="17.301817">
        <ele>73.874567</ele>
        <time>2025-09-14T07:38:56.999Z</time>
      </trkpt>
      <trkpt lat="40.899840" lon="17.301750">
        <ele>73.742952</ele>
        <time>2025-09-14T07:39:01.999Z</time>
      </trkpt>
      <trkpt lat="40.899930" lon="17.301760">
        <ele>73.616276</ele>
        <time>2025-09-14T07:39:05.999Z</time>
      </trkpt>
      <trkpt lat="40.900023" lon="17.301765">
        <ele>73.485729</ele>
        <time>2025-09-14T07:39:09.999Z</time>
      </trkpt>
      <trkpt lat="40.900126" lon="17.301760">
        <ele>73.341166</ele>
        <time>2025-09-14T07:39:14.999Z</time>
      </trkpt>
      <trkpt lat="40.900228" lon="17.301751">
        <ele>73.197786</ele>
        <time>2025-09-14T07:39:19.999Z</time>
      </trkpt>
      <trkpt lat="40.900338" lon="17.301735">
        <ele>73.042573</ele>
        <time>2025-09-14T07:39:23.999Z</time>
      </trkpt>
      <trkpt lat="40.900432" lon="17.301747">
        <ele>72.910118</ele>
        <time>2025-09-14T07:39:27.999Z</time>
      </trkpt>
      <trkpt lat="40.900551" lon="17.301760">
        <ele>72.742644</ele>
        <time>2025-09-14T07:39:32.999Z</time>
      </trkpt>
      <trkpt lat="40.900655" lon="17.301787">
        <ele>72.593994</ele>
        <time>2025-09-14T07:39:36.999Z</time>
      </trkpt>
      <trkpt lat="40.900751" lon="17.301855">
        <ele>72.441263</ele>
        <time>2025-09-14T07:39:40.999Z</time>
      </trkpt>
      <trkpt lat="40.900840" lon="17.301946">
        <ele>72.293335</ele>
        <time>2025-09-14T07:39:44.999Z</time>
      </trkpt>
      <trkpt lat="40.900935" lon="17.301985">
        <ele>72.163623</ele>
        <time>2025-09-14T07:39:48.999Z</time>
      </trkpt>
      <trkpt lat="40.901023" lon="17.302062">
        <ele>72.026040</ele>
        <time>2025-09-14T07:39:52.999Z</time>
      </trkpt>
      <trkpt lat="40.901123" lon="17.302107">
        <ele>71.888298</ele>
        <time>2025-09-14T07:39:56.999Z</time>
      </trkpt>
      <trkpt lat="40.901184" lon="17.302207">
        <ele>71.761637</ele>
        <time>2025-09-14T07:40:00.999Z</time>
      </trkpt>
      <trkpt lat="40.901282" lon="17.302274">
        <ele>71.617786</ele>
        <time>2025-09-14T07:40:05.999Z</time>
      </trkpt>
      <trkpt lat="40.901374" lon="17.302354">
        <ele>71.474220</ele>
        <time>2025-09-14T07:40:09.999Z</time>
      </trkpt>
      <trkpt lat="40.901487" lon="17.302399">
        <ele>71.320331</ele>
        <time>2025-09-14T07:40:13.999Z</time>
      </trkpt>
      <trkpt lat="40.901558" lon="17.302512">
        <ele>71.175495</ele>
        <time>2025-09-14T07:40:17.999Z</time>
      </trkpt>
      <trkpt lat="40.901646" lon="17.302535">
        <ele>71.058520</ele>
        <time>2025-09-14T07:40:20.999Z</time>
      </trkpt>
      <trkpt lat="40.901739" lon="17.302596">
        <ele>70.923158</ele>
        <time>2025-09-14T07:40:24.999Z</time>
      </trkpt>
      <trkpt lat="40.901811" lon="17.302693">
        <ele>70.789156</ele>
        <time>2025-09-14T07:40:27.999Z</time>
      </trkpt>
      <trkpt lat="40.901894" lon="17.302772">
        <ele>70.655821</ele>
        <time>2025-09-14T07:40:30.999Z</time>
      </trkpt>
      <trkpt lat="40.901972" lon="17.302840">
        <ele>70.534008</ele>
        <time>2025-09-14T07:40:33.999Z</time>
      </trkpt>
      <trkpt lat="40.902042" lon="17.302921">
        <ele>70.412737</ele>
        <time>2025-09-14T07:40:36.999Z</time>
      </trkpt>
      <trkpt lat="40.902115" lon="17.303013">
        <ele>70.281265</ele>
        <time>2025-09-14T07:40:40.999Z</time>
      </trkpt>
      <trkpt lat="40.902177" lon="17.303127">
        <ele>70.142837</ele>
        <time>2025-09-14T07:40:44.999Z</time>
      </trkpt>
      <trkpt lat="40.902255" lon="17.303187">
        <ele>70.029018</ele>
        <time>2025-09-14T07:40:47.999Z</time>
      </trkpt>
      <trkpt lat="40.902309" lon="17.303287">
        <ele>69.916691</ele>
        <time>2025-09-14T07:40:50.999Z</time>
      </trkpt>
      <trkpt lat="40.902382" lon="17.303365">
        <ele>69.803225</ele>
        <time>2025-09-14T07:40:53.999Z</time>
      </trkpt>
      <trkpt lat="40.902444" lon="17.303461">
        <ele>69.687816</ele>
        <time>2025-09-14T07:40:56.999Z</time>
      </trkpt>
      <trkpt lat="40.902518" lon="17.303550">
        <ele>69.566886</ele>
        <time>2025-09-14T07:40:59.999Z</time>
      </trkpt>
      <trkpt lat="40.902592" lon="17.303643">
        <ele>69.443468</ele>
        <time>2025-09-14T07:41:02.999Z</time>
      </trkpt>
      <trkpt lat="40.902652" lon="17.303740">
        <ele>69.328909</ele>
        <time>2025-09-14T07:41:06.999Z</time>
      </trkpt>
      <trkpt lat="40.902721" lon="17.303850">
        <ele>69.198260</ele>
        <time>2025-09-14T07:41:10.999Z</time>
      </trkpt>
      <trkpt lat="40.902800" lon="17.303944">
        <ele>69.069781</ele>
        <time>2025-09-14T07:41:14.999Z</time>
      </trkpt>
      <trkpt lat="40.902872" lon="17.304026">
        <ele>68.954903</ele>
        <time>2025-09-14T07:41:17.999Z</time>
      </trkpt>
      <trkpt lat="40.902954" lon="17.304109">
        <ele>68.830056</ele>
        <time>2025-09-14T07:41:21.999Z</time>
      </trkpt>
      <trkpt lat="40.903006" lon="17.304207">
        <ele>68.720620</ele>
        <time>2025-09-14T07:41:25.999Z</time>
      </trkpt>
      <trkpt lat="40.903093" lon="17.304255">
        <ele>68.606636</ele>
        <time>2025-09-14T07:41:41.999Z</time>
      </trkpt>
      <trkpt lat="40.903091" lon="17.304386">
        <ele>68.486883</ele>
        <time>2025-09-14T07:42:59.999Z</time>
      </trkpt>
      <trkpt lat="40.902987" lon="17.304425">
        <ele>68.356169</ele>
        <time>2025-09-14T07:43:02.999Z</time>
      </trkpt>
      <trkpt lat="40.902904" lon="17.304498">
        <ele>68.235650</ele>
        <time>2025-09-14T07:43:05.999Z</time>
      </trkpt>
      <trkpt lat="40.902807" lon="17.304573">
        <ele>68.099794</ele>
        <time>2025-09-14T07:43:08.999Z</time>
      </trkpt>
      <trkpt lat="40.902696" lon="17.304655">
        <ele>67.946063</ele>
        <time>2025-09-14T07:43:11.999Z</time>
      </trkpt>
      <trkpt lat="40.902602" lon="17.304750">
        <ele>67.917030</ele>
        <time>2025-09-14T07:43:14.999Z</time>
      </trkpt>
      <trkpt lat="40.902529" lon="17.304877">
        <ele>67.937491</ele>
        <time>2025-09-14T07:43:17.999Z</time>
      </trkpt>
      <trkpt lat="40.902467" lon="17.305032">
        <ele>67.959979</ele>
        <time>2025-09-14T07:43:20.999Z</time>
      </trkpt>
      <trkpt lat="40.902403" lon="17.305186">
        <ele>67.982516</ele>
        <time>2025-09-14T07:43:23.999Z</time>
      </trkpt>
      <trkpt lat="40.902363" lon="17.305327">
        <ele>68.001829</ele>
        <time>2025-09-14T07:43:26.999Z</time>
      </trkpt>
      <trkpt lat="40.902324" lon="17.305453">
        <ele>68.019289</ele>
        <time>2025-09-14T07:43:29.999Z</time>
      </trkpt>
      <trkpt lat="40.902279" lon="17.305563">
        <ele>68.035328</ele>
        <time>2025-09-14T07:43:32.999Z</time>
      </trkpt>
      <trkpt lat="40.902220" lon="17.305684">
        <ele>68.053794</ele>
        <time>2025-09-14T07:43:35.999Z</time>
      </trkpt>
      <trkpt lat="40.902160" lon="17.305812">
        <ele>68.073108</ele>
        <time>2025-09-14T07:43:38.999Z</time>
      </trkpt>
      <trkpt lat="40.902081" lon="17.305909">
        <ele>68.091394</ele>
        <time>2025-09-14T07:43:41.999Z</time>
      </trkpt>
      <trkpt lat="40.901996" lon="17.305999">
        <ele>68.109865</ele>
        <time>2025-09-14T07:43:44.999Z</time>
      </trkpt>
      <trkpt lat="40.901910" lon="17.306065">
        <ele>68.126733</ele>
        <time>2025-09-14T07:43:47.999Z</time>
      </trkpt>
      <trkpt lat="40.901820" lon="17.306097">
        <ele>68.142545</ele>
        <time>2025-09-14T07:43:50.999Z</time>
      </trkpt>
      <trkpt lat="40.901733" lon="17.306179">
        <ele>68.160668</ele>
        <time>2025-09-14T07:43:53.999Z</time>
      </trkpt>
      <trkpt lat="40.901629" lon="17.306196">
        <ele>68.178447</ele>
        <time>2025-09-14T07:43:56.999Z</time>
      </trkpt>
      <trkpt lat="40.901519" lon="17.306217">
        <ele>68.197303</ele>
        <time>2025-09-14T07:43:59.999Z</time>
      </trkpt>
      <trkpt lat="40.901413" lon="17.306250">
        <ele>68.232073</ele>
        <time>2025-09-14T07:44:02.999Z</time>
      </trkpt>
      <trkpt lat="40.901328" lon="17.306292">
        <ele>68.280418</ele>
        <time>2025-09-14T07:44:04.999Z</time>
      </trkpt>
      <trkpt lat="40.901241" lon="17.306418">
        <ele>68.349148</ele>
        <time>2025-09-14T07:44:07.999Z</time>
      </trkpt>
      <trkpt lat="40.901172" lon="17.306497">
        <ele>68.397768</ele>
        <time>2025-09-14T07:44:09.999Z</time>
      </trkpt>
      <trkpt lat="40.901095" lon="17.306563">
        <ele>68.446653</ele>
        <time>2025-09-14T07:44:11.999Z</time>
      </trkpt>
      <trkpt lat="40.901017" lon="17.306624">
        <ele>68.494931</ele>
        <time>2025-09-14T07:44:13.999Z</time>
      </trkpt>
      <trkpt lat="40.900905" lon="17.306716">
        <ele>68.565174</ele>
        <time>2025-09-14T07:44:16.999Z</time>
      </trkpt>
      <trkpt lat="40.900832" lon="17.306850">
        <ele>68.631696</ele>
        <time>2025-09-14T07:44:19.999Z</time>
      </trkpt>
      <trkpt lat="40.900780" lon="17.306979">
        <ele>68.690575</ele>
        <time>2025-09-14T07:44:22.999Z</time>
      </trkpt>
      <trkpt lat="40.900716" lon="17.307084">
        <ele>68.744898</ele>
        <time>2025-09-14T07:44:25.999Z</time>
      </trkpt>
      <trkpt lat="40.900660" lon="17.307184">
        <ele>68.795021</ele>
        <time>2025-09-14T07:44:28.999Z</time>
      </trkpt>
      <trkpt lat="40.900627" lon="17.307329">
        <ele>68.856007</ele>
        <time>2025-09-14T07:44:32.999Z</time>
      </trkpt>
      <trkpt lat="40.900528" lon="17.307402">
        <ele>68.916396</ele>
        <time>2025-09-14T07:44:35.999Z</time>
      </trkpt>
      <trkpt lat="40.900460" lon="17.307503">
        <ele>68.970869</ele>
        <time>2025-09-14T07:44:38.999Z</time>
      </trkpt>
      <trkpt lat="40.900364" lon="17.307583">
        <ele>69.031321</ele>
        <time>2025-09-14T07:44:42.999Z</time>
      </trkpt>
      <trkpt lat="40.900276" lon="17.307638">
        <ele>69.083178</ele>
        <time>2025-09-14T07:44:45.999Z</time>
      </trkpt>
      <trkpt lat="40.900187" lon="17.307689">
        <ele>69.134856</ele>
        <time>2025-09-14T07:44:48.999Z</time>
      </trkpt>
      <trkpt lat="40.900094" lon="17.307741">
        <ele>69.195158</ele>
        <time>2025-09-14T07:44:51.999Z</time>
      </trkpt>
      <trkpt lat="40.900006" lon="17.307823">
        <ele>69.269369</ele>
        <time>2025-09-14T07:44:54.999Z</time>
      </trkpt>
      <trkpt lat="40.899918" lon="17.307883">
        <ele>69.337625</ele>
        <time>2025-09-14T07:44:57.999Z</time>
      </trkpt>
      <trkpt lat="40.899828" lon="17.307944">
        <ele>69.407346</ele>
        <time>2025-09-14T07:45:00.999Z</time>
      </trkpt>
      <trkpt lat="40.899737" lon="17.308002">
        <ele>69.476989</ele>
        <time>2025-09-14T07:45:03.999Z</time>
      </trkpt>
      <trkpt lat="40.899642" lon="17.308082">
        <ele>69.554631</ele>
        <time>2025-09-14T07:45:07.999Z</time>
      </trkpt>
      <trkpt lat="40.899557" lon="17.308119">
        <ele>69.616326</ele>
        <time>2025-09-14T07:45:10.999Z</time>
      </trkpt>
      <trkpt lat="40.899471" lon="17.308178">
        <ele>69.683118</ele>
        <time>2025-09-14T07:45:13.999Z</time>
      </trkpt>
      <trkpt lat="40.899370" lon="17.308244">
        <ele>69.760785</ele>
        <time>2025-09-14T07:45:17.999Z</time>
      </trkpt>
      <trkpt lat="40.899280" lon="17.308304">
        <ele>69.830270</ele>
        <time>2025-09-14T07:45:20.999Z</time>
      </trkpt>
      <trkpt lat="40.899195" lon="17.308362">
        <ele>69.896211</ele>
        <time>2025-09-14T07:45:23.999Z</time>
      </trkpt>
      <trkpt lat="40.899111" lon="17.308420">
        <ele>69.961539</ele>
        <time>2025-09-14T07:45:26.999Z</time>
      </trkpt>
      <trkpt lat="40.899011" lon="17.308486">
        <ele>70.038589</ele>
        <time>2025-09-14T07:45:29.999Z</time>
      </trkpt>
      <trkpt lat="40.898910" lon="17.308528">
        <ele>70.111584</ele>
        <time>2025-09-14T07:45:32.999Z</time>
      </trkpt>
      <trkpt lat="40.898810" lon="17.308592">
        <ele>70.188174</ele>
        <time>2025-09-14T07:45:35.999Z</time>
      </trkpt>
      <trkpt lat="40.898707" lon="17.308659">
        <ele>70.267309</ele>
        <time>2025-09-14T07:45:38.999Z</time>
      </trkpt>
      <trkpt lat="40.898617" lon="17.308698">
        <ele>70.332605</ele>
        <time>2025-09-14T07:45:41.999Z</time>
      </trkpt>
      <trkpt lat="40.898525" lon="17.308765">
        <ele>70.405011</ele>
        <time>2025-09-14T07:45:44.999Z</time>
      </trkpt>
      <trkpt lat="40.898451" lon="17.308836">
        <ele>70.485093</ele>
        <time>2025-09-14T07:45:47.999Z</time>
      </trkpt>
      <trkpt lat="40.898374" lon="17.308923">
        <ele>70.574299</ele>
        <time>2025-09-14T07:45:50.999Z</time>
      </trkpt>
      <trkpt lat="40.898294" lon="17.308994">
        <ele>70.659166</ele>
        <time>2025-09-14T07:45:53.999Z</time>
      </trkpt>
      <trkpt lat="40.898212" lon="17.309075">
        <ele>70.749321</ele>
        <time>2025-09-14T07:45:56.999Z</time>
      </trkpt>
      <trkpt lat="40.898137" lon="17.309161">
        <ele>70.836758</ele>
        <time>2025-09-14T07:45:59.999Z</time>
      </trkpt>
      <trkpt lat="40.898058" lon="17.309237">
        <ele>70.922810</ele>
        <time>2025-09-14T07:46:02.999Z</time>
      </trkpt>
      <trkpt lat="40.897972" lon="17.309313">
        <ele>71.013922</ele>
        <time>2025-09-14T07:46:05.999Z</time>
      </trkpt>
      <trkpt lat="40.897884" lon="17.309395">
        <ele>71.108747</ele>
        <time>2025-09-14T07:46:08.999Z</time>
      </trkpt>
      <trkpt lat="40.897808" lon="17.309486">
        <ele>71.199051</ele>
        <time>2025-09-14T07:46:11.999Z</time>
      </trkpt>
      <trkpt lat="40.897720" lon="17.309581">
        <ele>71.299112</ele>
        <time>2025-09-14T07:46:14.999Z</time>
      </trkpt>
      <trkpt lat="40.897629" lon="17.309660">
        <ele>71.395000</ele>
        <time>2025-09-14T07:46:17.999Z</time>
      </trkpt>
      <trkpt lat="40.897550" lon="17.309755">
        <ele>71.489051</ele>
        <time>2025-09-14T07:46:20.999Z</time>
      </trkpt>
      <trkpt lat="40.897466" lon="17.309839">
        <ele>71.581815</ele>
        <time>2025-09-14T07:46:23.999Z</time>
      </trkpt>
      <trkpt lat="40.897378" lon="17.309933">
        <ele>71.681457</ele>
        <time>2025-09-14T07:46:26.999Z</time>
      </trkpt>
      <trkpt lat="40.897284" lon="17.310005">
        <ele>71.777146</ele>
        <time>2025-09-14T07:46:29.999Z</time>
      </trkpt>
      <trkpt lat="40.897196" lon="17.310103">
        <ele>71.878482</ele>
        <time>2025-09-14T07:46:32.999Z</time>
      </trkpt>
      <trkpt lat="40.897094" lon="17.310185">
        <ele>71.983631</ele>
        <time>2025-09-14T07:46:35.999Z</time>
      </trkpt>
      <trkpt lat="40.897013" lon="17.310294">
        <ele>72.057158</ele>
        <time>2025-09-14T07:46:38.999Z</time>
      </trkpt>
      <trkpt lat="40.896931" lon="17.310403">
        <ele>72.128854</ele>
        <time>2025-09-14T07:46:41.999Z</time>
      </trkpt>
      <trkpt lat="40.896866" lon="17.310521">
        <ele>72.196926</ele>
        <time>2025-09-14T07:46:44.999Z</time>
      </trkpt>
      <trkpt lat="40.896852" lon="17.310660">
        <ele>72.262303</ele>
        <time>2025-09-14T07:46:47.999Z</time>
      </trkpt>
      <trkpt lat="40.896855" lon="17.310796">
        <ele>72.325735</ele>
        <time>2025-09-14T07:46:50.999Z</time>
      </trkpt>
      <trkpt lat="40.896804" lon="17.310930">
        <ele>72.395681</ele>
        <time>2025-09-14T07:46:53.999Z</time>
      </trkpt>
      <trkpt lat="40.896726" lon="17.311054">
        <ele>72.470891</ele>
        <time>2025-09-14T07:46:56.999Z</time>
      </trkpt>
      <trkpt lat="40.896674" lon="17.311185">
        <ele>72.539875</ele>
        <time>2025-09-14T07:46:59.999Z</time>
      </trkpt>
      <trkpt lat="40.896620" lon="17.311317">
        <ele>72.609850</ele>
        <time>2025-09-14T07:47:02.999Z</time>
      </trkpt>
      <trkpt lat="40.896569" lon="17.311440">
        <ele>72.675256</ele>
        <time>2025-09-14T07:47:05.999Z</time>
      </trkpt>
      <trkpt lat="40.896509" lon="17.311569">
        <ele>72.745872</ele>
        <time>2025-09-14T07:47:08.999Z</time>
      </trkpt>
      <trkpt lat="40.896440" lon="17.311683">
        <ele>72.813960</ele>
        <time>2025-09-14T07:47:11.999Z</time>
      </trkpt>
      <trkpt lat="40.896374" lon="17.311801">
        <ele>72.882397</ele>
        <time>2025-09-14T07:47:14.999Z</time>
      </trkpt>
      <trkpt lat="40.896307" lon="17.311917">
        <ele>72.950459</ele>
        <time>2025-09-14T07:47:17.999Z</time>
      </trkpt>
      <trkpt lat="40.896224" lon="17.312030">
        <ele>73.023918</ele>
        <time>2025-09-14T07:47:20.999Z</time>
      </trkpt>
      <trkpt lat="40.896141" lon="17.312145">
        <ele>73.098049</ele>
        <time>2025-09-14T07:47:23.999Z</time>
      </trkpt>
      <trkpt lat="40.896064" lon="17.312252">
        <ele>73.152670</ele>
        <time>2025-09-14T07:47:26.999Z</time>
      </trkpt>
      <trkpt lat="40.895971" lon="17.312323">
        <ele>73.204674</ele>
        <time>2025-09-14T07:47:29.999Z</time>
      </trkpt>
      <trkpt lat="40.895891" lon="17.312399">
        <ele>73.252374</ele>
        <time>2025-09-14T07:47:32.999Z</time>
      </trkpt>
      <trkpt lat="40.895806" lon="17.312451">
        <ele>73.297730</ele>
        <time>2025-09-14T07:47:35.999Z</time>
      </trkpt>
      <trkpt lat="40.895733" lon="17.312526">
        <ele>73.342494</ele>
        <time>2025-09-14T07:47:39.999Z</time>
      </trkpt>
      <trkpt lat="40.895647" lon="17.312570">
        <ele>73.387152</ele>
        <time>2025-09-14T07:47:43.999Z</time>
      </trkpt>
      <trkpt lat="40.895552" lon="17.312659">
        <ele>73.443531</ele>
        <time>2025-09-14T07:47:48.999Z</time>
      </trkpt>
      <trkpt lat="40.895471" lon="17.312723">
        <ele>73.489225</ele>
        <time>2025-09-14T07:47:51.999Z</time>
      </trkpt>
      <trkpt lat="40.895389" lon="17.312806">
        <ele>73.539230</ele>
        <time>2025-09-14T07:47:54.999Z</time>
      </trkpt>
      <trkpt lat="40.895341" lon="17.312910">
        <ele>73.583840</ele>
        <time>2025-09-14T07:48:14.999Z</time>
      </trkpt>
      <trkpt lat="40.895168" lon="17.313119">
        <ele>73.697307</ele>
        <time>2025-09-14T07:51:24.999Z</time>
      </trkpt>
      <trkpt lat="40.895097" lon="17.313240">
        <ele>73.753385</ele>
        <time>2025-09-14T07:51:28.999Z</time>
      </trkpt>
      <trkpt lat="40.895024" lon="17.313327">
        <ele>73.800972</ele>
        <time>2025-09-14T07:51:31.999Z</time>
      </trkpt>
      <trkpt lat="40.894952" lon="17.313435">
        <ele>73.853691</ele>
        <time>2025-09-14T07:51:34.999Z</time>
      </trkpt>
      <trkpt lat="40.894875" lon="17.313540">
        <ele>73.907248</ele>
        <time>2025-09-14T07:51:37.999Z</time>
      </trkpt>
      <trkpt lat="40.894791" lon="17.313654">
        <ele>73.965531</ele>
        <time>2025-09-14T07:51:40.999Z</time>
      </trkpt>
      <trkpt lat="40.894722" lon="17.313768">
        <ele>74.036511</ele>
        <time>2025-09-14T07:51:43.999Z</time>
      </trkpt>
      <trkpt lat="40.894635" lon="17.313887">
        <ele>74.119544</ele>
        <time>2025-09-14T07:51:46.999Z</time>
      </trkpt>
      <trkpt lat="40.894562" lon="17.314021">
        <ele>74.202387</ele>
        <time>2025-09-14T07:51:49.999Z</time>
      </trkpt>
      <trkpt lat="40.894480" lon="17.314128">
        <ele>74.278809</ele>
        <time>2025-09-14T07:51:52.999Z</time>
      </trkpt>
      <trkpt lat="40.894386" lon="17.314210">
        <ele>74.353518</ele>
        <time>2025-09-14T07:51:55.999Z</time>
      </trkpt>
      <trkpt lat="40.894275" lon="17.314267">
        <ele>74.432521</ele>
        <time>2025-09-14T07:51:58.999Z</time>
      </trkpt>
      <trkpt lat="40.894158" lon="17.314307">
        <ele>74.512702</ele>
        <time>2025-09-14T07:52:01.999Z</time>
      </trkpt>
      <trkpt lat="40.894054" lon="17.314392">
        <ele>74.593814</ele>
        <time>2025-09-14T07:52:04.999Z</time>
      </trkpt>
      <trkpt lat="40.893969" lon="17.314518">
        <ele>74.678517</ele>
        <time>2025-09-14T07:52:07.999Z</time>
      </trkpt>
      <trkpt lat="40.893882" lon="17.314637">
        <ele>74.761550</ele>
        <time>2025-09-14T07:52:10.999Z</time>
      </trkpt>
      <trkpt lat="40.893798" lon="17.314759">
        <ele>74.844319</ele>
        <time>2025-09-14T07:52:13.999Z</time>
      </trkpt>
      <trkpt lat="40.893713" lon="17.314863">
        <ele>74.921141</ele>
        <time>2025-09-14T07:52:16.999Z</time>
      </trkpt>
      <trkpt lat="40.893636" lon="17.314982">
        <ele>74.999707</ele>
        <time>2025-09-14T07:52:19.999Z</time>
      </trkpt>
      <trkpt lat="40.893554" lon="17.315074">
        <ele>75.071047</ele>
        <time>2025-09-14T07:52:22.999Z</time>
      </trkpt>
      <trkpt lat="40.893583" lon="17.315205">
        <ele>75.139511</ele>
        <time>2025-09-14T07:52:26.999Z</time>
      </trkpt>
      <trkpt lat="40.893679" lon="17.315285">
        <ele>75.128107</ele>
        <time>2025-09-14T07:52:30.999Z</time>
      </trkpt>
      <trkpt lat="40.893783" lon="17.315367">
        <ele>75.068381</ele>
        <time>2025-09-14T07:52:34.999Z</time>
      </trkpt>
      <trkpt lat="40.893872" lon="17.315463">
        <ele>75.011731</ele>
        <time>2025-09-14T07:52:38.999Z</time>
      </trkpt>
      <trkpt lat="40.893968" lon="17.315550">
        <ele>74.954326</ele>
        <time>2025-09-14T07:52:42.999Z</time>
      </trkpt>
      <trkpt lat="40.894075" lon="17.315622">
        <ele>74.895105</ele>
        <time>2025-09-14T07:52:46.999Z</time>
      </trkpt>
      <trkpt lat="40.894193" lon="17.315633">
        <ele>74.836749</ele>
        <time>2025-09-14T07:52:50.999Z</time>
      </trkpt>
      <trkpt lat="40.894298" lon="17.315639">
        <ele>74.784903</ele>
        <time>2025-09-14T07:52:53.999Z</time>
      </trkpt>
      <trkpt lat="40.894413" lon="17.315668">
        <ele>74.727150</ele>
        <time>2025-09-14T07:52:56.999Z</time>
      </trkpt>
      <trkpt lat="40.894508" lon="17.315726">
        <ele>74.675535</ele>
        <time>2025-09-14T07:52:59.999Z</time>
      </trkpt>
      <trkpt lat="40.894599" lon="17.315778">
        <ele>74.626635</ele>
        <time>2025-09-14T07:53:02.999Z</time>
      </trkpt>
      <trkpt lat="40.894689" lon="17.315807">
        <ele>74.580938</ele>
        <time>2025-09-14T07:53:05.999Z</time>
      </trkpt>
      <trkpt lat="40.894782" lon="17.315869">
        <ele>74.529563</ele>
        <time>2025-09-14T07:53:08.999Z</time>
      </trkpt>
      <trkpt lat="40.894819" lon="17.316020">
        <ele>74.470371</ele>
        <time>2025-09-14T07:53:11.999Z</time>
      </trkpt>
      <trkpt lat="40.894849" lon="17.316157">
        <ele>74.417182</ele>
        <time>2025-09-14T07:53:14.999Z</time>
      </trkpt>
      <trkpt lat="40.894898" lon="17.316293">
        <ele>74.361002</ele>
        <time>2025-09-14T07:53:18.999Z</time>
      </trkpt>
      <trkpt lat="40.894951" lon="17.316418">
        <ele>74.307557</ele>
        <time>2025-09-14T07:53:23.999Z</time>
      </trkpt>
      <trkpt lat="40.895035" lon="17.316679">
        <ele>74.126967</ele>
        <time>2025-09-14T07:56:00.999Z</time>
      </trkpt>
      <trkpt lat="40.895063" lon="17.316811">
        <ele>74.025521</ele>
        <time>2025-09-14T07:56:04.999Z</time>
      </trkpt>
      <trkpt lat="40.895044" lon="17.316934">
        <ele>73.932626</ele>
        <time>2025-09-14T07:56:07.999Z</time>
      </trkpt>
      <trkpt lat="40.895075" lon="17.317065">
        <ele>73.831053</ele>
        <time>2025-09-14T07:56:10.999Z</time>
      </trkpt>
      <trkpt lat="40.895120" lon="17.317209">
        <ele>73.715754</ele>
        <time>2025-09-14T07:56:13.999Z</time>
      </trkpt>
      <trkpt lat="40.895149" lon="17.317347">
        <ele>73.609768</ele>
        <time>2025-09-14T07:56:16.999Z</time>
      </trkpt>
      <trkpt lat="40.895183" lon="17.317491">
        <ele>73.498139</ele>
        <time>2025-09-14T07:56:19.999Z</time>
      </trkpt>
      <trkpt lat="40.895202" lon="17.317640">
        <ele>73.386328</ele>
        <time>2025-09-14T07:56:22.999Z</time>
      </trkpt>
      <trkpt lat="40.895217" lon="17.317808">
        <ele>73.261153</ele>
        <time>2025-09-14T07:56:25.999Z</time>
      </trkpt>
      <trkpt lat="40.895249" lon="17.317944">
        <ele>73.155757</ele>
        <time>2025-09-14T07:56:28.998Z</time>
      </trkpt>
      <trkpt lat="40.895208" lon="17.318051">
        <ele>73.066991</ele>
        <time>2025-09-14T07:56:31.998Z</time>
      </trkpt>
      <trkpt lat="40.895105" lon="17.318067">
        <ele>72.965473</ele>
        <time>2025-09-14T07:56:34.998Z</time>
      </trkpt>
      <trkpt lat="40.895003" lon="17.318083">
        <ele>72.864927</ele>
        <time>2025-09-14T07:56:38.998Z</time>
      </trkpt>
      <trkpt lat="40.894901" lon="17.318093">
        <ele>72.764807</ele>
        <time>2025-09-14T07:56:42.999Z</time>
      </trkpt>
      <trkpt lat="40.894807" lon="17.318117">
        <ele>72.671093</ele>
        <time>2025-09-14T07:56:45.999Z</time>
      </trkpt>
      <trkpt lat="40.894700" lon="17.318131">
        <ele>72.565841</ele>
        <time>2025-09-14T07:56:48.999Z</time>
      </trkpt>
      <trkpt lat="40.894585" lon="17.318132">
        <ele>72.536617</ele>
        <time>2025-09-14T07:56:51.999Z</time>
      </trkpt>
      <trkpt lat="40.894471" lon="17.318140">
        <ele>72.570771</ele>
        <time>2025-09-14T07:56:54.999Z</time>
      </trkpt>
      <trkpt lat="40.894354" lon="17.318122">
        <ele>72.606010</ele>
        <time>2025-09-14T07:56:57.999Z</time>
      </trkpt>
      <trkpt lat="40.894240" lon="17.318114">
        <ele>72.640164</ele>
        <time>2025-09-14T07:57:00.999Z</time>
      </trkpt>
      <trkpt lat="40.894124" lon="17.318118">
        <ele>72.674881</ele>
        <time>2025-09-14T07:57:03.999Z</time>
      </trkpt>
      <trkpt lat="40.893998" lon="17.318142">
        <ele>72.712966</ele>
        <time>2025-09-14T07:57:06.999Z</time>
      </trkpt>
      <trkpt lat="40.893872" lon="17.318173">
        <ele>72.751308</ele>
        <time>2025-09-14T07:57:09.999Z</time>
      </trkpt>
      <trkpt lat="40.893753" lon="17.318188">
        <ele>72.787072</ele>
        <time>2025-09-14T07:57:12.999Z</time>
      </trkpt>
      <trkpt lat="40.893633" lon="17.318212">
        <ele>72.823381</ele>
        <time>2025-09-14T07:57:15.999Z</time>
      </trkpt>
      <trkpt lat="40.893515" lon="17.318243">
        <ele>72.859373</ele>
        <time>2025-09-14T07:57:18.999Z</time>
      </trkpt>
      <trkpt lat="40.893399" lon="17.318272">
        <ele>72.894692</ele>
        <time>2025-09-14T07:57:21.999Z</time>
      </trkpt>
      <trkpt lat="40.893279" lon="17.318288">
        <ele>72.930775</ele>
        <time>2025-09-14T07:57:24.999Z</time>
      </trkpt>
      <trkpt lat="40.893158" lon="17.318332">
        <ele>72.968318</ele>
        <time>2025-09-14T07:57:27.999Z</time>
      </trkpt>
      <trkpt lat="40.893040" lon="17.318360">
        <ele>73.004184</ele>
        <time>2025-09-14T07:57:30.999Z</time>
      </trkpt>
      <trkpt lat="40.892919" lon="17.318384">
        <ele>73.040789</ele>
        <time>2025-09-14T07:57:33.999Z</time>
      </trkpt>
      <trkpt lat="40.892846" lon="17.318490">
        <ele>73.030378</ele>
        <time>2025-09-14T07:57:36.999Z</time>
      </trkpt>
      <trkpt lat="40.892884" lon="17.318626">
        <ele>72.985131</ele>
        <time>2025-09-14T07:57:39.999Z</time>
      </trkpt>
      <trkpt lat="40.892889" lon="17.318751">
        <ele>72.946068</ele>
        <time>2025-09-14T07:57:42.999Z</time>
      </trkpt>
      <trkpt lat="40.892925" lon="17.318865">
        <ele>72.907513</ele>
        <time>2025-09-14T07:57:45.999Z</time>
      </trkpt>
      <trkpt lat="40.892858" lon="17.318966">
        <ele>72.865580</ele>
        <time>2025-09-14T07:57:48.999Z</time>
      </trkpt>
      <trkpt lat="40.892783" lon="17.319049">
        <ele>72.825213</ele>
        <time>2025-09-14T07:57:51.999Z</time>
      </trkpt>
      <trkpt lat="40.892714" lon="17.319165">
        <ele>72.779150</ele>
        <time>2025-09-14T07:57:54.999Z</time>
      </trkpt>
      <trkpt lat="40.892641" lon="17.319274">
        <ele>72.733705</ele>
        <time>2025-09-14T07:57:57.999Z</time>
      </trkpt>
      <trkpt lat="40.892560" lon="17.319375">
        <ele>72.687753</ele>
        <time>2025-09-14T07:58:01.999Z</time>
      </trkpt>
      <trkpt lat="40.892474" lon="17.319473">
        <ele>72.640895</ele>
        <time>2025-09-14T07:58:05.999Z</time>
      </trkpt>
      <trkpt lat="40.892390" lon="17.319568">
        <ele>72.595272</ele>
        <time>2025-09-14T07:58:08.999Z</time>
      </trkpt>
      <trkpt lat="40.892291" lon="17.319674">
        <ele>72.542694</ele>
        <time>2025-09-14T07:58:11.999Z</time>
      </trkpt>
      <trkpt lat="40.892206" lon="17.319783">
        <ele>72.493823</ele>
        <time>2025-09-14T07:58:14.999Z</time>
      </trkpt>
      <trkpt lat="40.892126" lon="17.319894">
        <ele>72.445963</ele>
        <time>2025-09-14T07:58:17.999Z</time>
      </trkpt>
      <trkpt lat="40.892071" lon="17.320018">
        <ele>72.401097</ele>
        <time>2025-09-14T07:58:20.999Z</time>
      </trkpt>
      <trkpt lat="40.892030" lon="17.320138">
        <ele>72.360001</ele>
        <time>2025-09-14T07:58:23.999Z</time>
      </trkpt>
      <trkpt lat="40.891952" lon="17.320257">
        <ele>72.315697</ele>
        <time>2025-09-14T07:58:27.999Z</time>
      </trkpt>
      <trkpt lat="40.891878" lon="17.320337">
        <ele>72.379540</ele>
        <time>2025-09-14T07:58:30.999Z</time>
      </trkpt>
      <trkpt lat="40.891805" lon="17.320409">
        <ele>72.440370</ele>
        <time>2025-09-14T07:58:33.999Z</time>
      </trkpt>
      <trkpt lat="40.891723" lon="17.320471">
        <ele>72.503466</ele>
        <time>2025-09-14T07:58:36.999Z</time>
      </trkpt>
      <trkpt lat="40.891642" lon="17.320545">
        <ele>72.569227</ele>
        <time>2025-09-14T07:58:39.999Z</time>
      </trkpt>
      <trkpt lat="40.891546" lon="17.320630">
        <ele>72.646399</ele>
        <time>2025-09-14T07:58:43.999Z</time>
      </trkpt>
      <trkpt lat="40.891470" lon="17.320695">
        <ele>72.706857</ele>
        <time>2025-09-14T07:58:46.999Z</time>
      </trkpt>
      <trkpt lat="40.891382" lon="17.320803">
        <ele>72.787049</ele>
        <time>2025-09-14T07:58:50.999Z</time>
      </trkpt>
      <trkpt lat="40.891305" lon="17.320879">
        <ele>72.851228</ele>
        <time>2025-09-14T07:58:53.999Z</time>
      </trkpt>
      <trkpt lat="40.891223" lon="17.320960">
        <ele>72.919595</ele>
        <time>2025-09-14T07:58:56.999Z</time>
      </trkpt>
      <trkpt lat="40.891153" lon="17.321052">
        <ele>72.985514</ele>
        <time>2025-09-14T07:58:59.999Z</time>
      </trkpt>
      <trkpt lat="40.891073" lon="17.321137">
        <ele>73.054062</ele>
        <time>2025-09-14T07:59:02.999Z</time>
      </trkpt>
      <trkpt lat="40.890999" lon="17.321223">
        <ele>73.119865</ele>
        <time>2025-09-14T07:59:05.999Z</time>
      </trkpt>
      <trkpt lat="40.890952" lon="17.321336">
        <ele>73.184998</ele>
        <time>2025-09-14T07:59:08.999Z</time>
      </trkpt>
      <trkpt lat="40.890969" lon="17.321466">
        <ele>73.251625</ele>
        <time>2025-09-14T07:59:11.999Z</time>
      </trkpt>
      <trkpt lat="40.891053" lon="17.321552">
        <ele>73.322583</ele>
        <time>2025-09-14T07:59:14.999Z</time>
      </trkpt>
      <trkpt lat="40.891126" lon="17.321638">
        <ele>73.387886</ele>
        <time>2025-09-14T07:59:17.999Z</time>
      </trkpt>
      <trkpt lat="40.891205" lon="17.321717">
        <ele>73.454044</ele>
        <time>2025-09-14T07:59:20.999Z</time>
      </trkpt>
      <trkpt lat="40.891287" lon="17.321803">
        <ele>73.492971</ele>
        <time>2025-09-14T07:59:23.999Z</time>
      </trkpt>
      <trkpt lat="40.891383" lon="17.321881">
        <ele>73.327504</ele>
        <time>2025-09-14T07:59:26.999Z</time>
      </trkpt>
      <trkpt lat="40.891483" lon="17.321968">
        <ele>73.151718</ele>
        <time>2025-09-14T07:59:29.999Z</time>
      </trkpt>
      <trkpt lat="40.891575" lon="17.322052">
        <ele>72.987538</ele>
        <time>2025-09-14T07:59:32.999Z</time>
      </trkpt>
      <trkpt lat="40.891665" lon="17.322122">
        <ele>72.834201</ele>
        <time>2025-09-14T07:59:35.999Z</time>
      </trkpt>
      <trkpt lat="40.891761" lon="17.322166">
        <ele>72.684983</ele>
        <time>2025-09-14T07:59:38.999Z</time>
      </trkpt>
      <trkpt lat="40.891871" lon="17.322211">
        <ele>72.515878</ele>
        <time>2025-09-14T07:59:41.999Z</time>
      </trkpt>
      <trkpt lat="40.891971" lon="17.322296">
        <ele>72.341302</ele>
        <time>2025-09-14T07:59:44.999Z</time>
      </trkpt>
      <trkpt lat="40.892077" lon="17.322377">
        <ele>72.161513</ele>
        <time>2025-09-14T07:59:47.999Z</time>
      </trkpt>
      <trkpt lat="40.892179" lon="17.322458">
        <ele>71.986786</ele>
        <time>2025-09-14T07:59:50.999Z</time>
      </trkpt>
      <trkpt lat="40.892281" lon="17.322557">
        <ele>71.800982</ele>
        <time>2025-09-14T07:59:53.999Z</time>
      </trkpt>
      <trkpt lat="40.892378" lon="17.322681">
        <ele>71.602868</ele>
        <time>2025-09-14T07:59:56.999Z</time>
      </trkpt>
      <trkpt lat="40.892461" lon="17.322808">
        <ele>71.416478</ele>
        <time>2025-09-14T07:59:59.999Z</time>
      </trkpt>
      <trkpt lat="40.892534" lon="17.322948">
        <ele>71.227654</ele>
        <time>2025-09-14T08:00:02.999Z</time>
      </trkpt>
      <trkpt lat="40.892578" lon="17.323097">
        <ele>71.050054</ele>
        <time>2025-09-14T08:00:05.999Z</time>
      </trkpt>
      <trkpt lat="40.892612" lon="17.323256">
        <ele>70.869532</ele>
        <time>2025-09-14T08:00:08.999Z</time>
      </trkpt>
      <trkpt lat="40.892685" lon="17.323394">
        <ele>70.773796</ele>
        <time>2025-09-14T08:00:11.999Z</time>
      </trkpt>
      <trkpt lat="40.892763" lon="17.323511">
        <ele>70.685127</ele>
        <time>2025-09-14T08:00:14.999Z</time>
      </trkpt>
      <trkpt lat="40.892853" lon="17.323634">
        <ele>70.587828</ele>
        <time>2025-09-14T08:00:17.999Z</time>
      </trkpt>
      <trkpt lat="40.892914" lon="17.323726">
        <ele>70.518271</ele>
        <time>2025-09-14T08:00:19.999Z</time>
      </trkpt>
      <trkpt lat="40.893000" lon="17.323856">
        <ele>70.420081</ele>
        <time>2025-09-14T08:00:22.999Z</time>
      </trkpt>
      <trkpt lat="40.893089" lon="17.323974">
        <ele>70.325336</ele>
        <time>2025-09-14T08:00:25.999Z</time>
      </trkpt>
      <trkpt lat="40.893172" lon="17.324098">
        <ele>70.231197</ele>
        <time>2025-09-14T08:00:28.999Z</time>
      </trkpt>
      <trkpt lat="40.893260" lon="17.324219">
        <ele>70.135760</ele>
        <time>2025-09-14T08:00:31.999Z</time>
      </trkpt>
      <trkpt lat="40.893343" lon="17.324349">
        <ele>70.039042</ele>
        <time>2025-09-14T08:00:34.999Z</time>
      </trkpt>
      <trkpt lat="40.893418" lon="17.324477">
        <ele>69.946991</ele>
        <time>2025-09-14T08:00:37.999Z</time>
      </trkpt>
      <trkpt lat="40.893495" lon="17.324600">
        <ele>69.856219</ele>
        <time>2025-09-14T08:00:40.999Z</time>
      </trkpt>
      <trkpt lat="40.893565" lon="17.324737">
        <ele>69.762231</ele>
        <time>2025-09-14T08:00:43.999Z</time>
      </trkpt>
      <trkpt lat="40.893659" lon="17.324842">
        <ele>69.669725</ele>
        <time>2025-09-14T08:00:46.999Z</time>
      </trkpt>
      <trkpt lat="40.893783" lon="17.324871">
        <ele>69.575043</ele>
        <time>2025-09-14T08:00:49.999Z</time>
      </trkpt>
      <trkpt lat="40.893843" lon="17.324961">
        <ele>69.488872</ele>
        <time>2025-09-14T08:00:51.999Z</time>
      </trkpt>
      <trkpt lat="40.893905" lon="17.325112">
        <ele>69.259914</ele>
        <time>2025-09-14T08:00:54.999Z</time>
      </trkpt>
      <trkpt lat="40.893971" lon="17.325258">
        <ele>69.033251</ele>
        <time>2025-09-14T08:00:57.999Z</time>
      </trkpt>
      <trkpt lat="40.894023" lon="17.325356">
        <ele>68.873716</ele>
        <time>2025-09-14T08:00:59.999Z</time>
      </trkpt>
      <trkpt lat="40.894099" lon="17.325489">
        <ele>68.651571</ele>
        <time>2025-09-14T08:01:02.999Z</time>
      </trkpt>
      <trkpt lat="40.894144" lon="17.325594">
        <ele>68.490747</ele>
        <time>2025-09-14T08:01:04.999Z</time>
      </trkpt>
      <trkpt lat="40.894196" lon="17.325734">
        <ele>68.282908</ele>
        <time>2025-09-14T08:01:07.999Z</time>
      </trkpt>
      <trkpt lat="40.894256" lon="17.325884">
        <ele>68.056791</ele>
        <time>2025-09-14T08:01:10.999Z</time>
      </trkpt>
      <trkpt lat="40.894327" lon="17.326032">
        <ele>67.823236</ele>
        <time>2025-09-14T08:01:13.999Z</time>
      </trkpt>
      <trkpt lat="40.894374" lon="17.326136">
        <ele>67.661790</ele>
        <time>2025-09-14T08:01:15.999Z</time>
      </trkpt>
      <trkpt lat="40.894430" lon="17.326288">
        <ele>67.436491</ele>
        <time>2025-09-14T08:01:18.999Z</time>
      </trkpt>
      <trkpt lat="40.894506" lon="17.326412">
        <ele>67.223789</ele>
        <time>2025-09-14T08:01:21.999Z</time>
      </trkpt>
      <trkpt lat="40.894616" lon="17.326462">
        <ele>67.018774</ele>
        <time>2025-09-14T08:01:24.999Z</time>
      </trkpt>
      <trkpt lat="40.894737" lon="17.326501">
        <ele>66.799256</ele>
        <time>2025-09-14T08:01:27.999Z</time>
      </trkpt>
      <trkpt lat="40.894816" lon="17.326636">
        <ele>66.571783</ele>
        <time>2025-09-14T08:01:30.999Z</time>
      </trkpt>
      <trkpt lat="40.894799" lon="17.326759">
        <ele>66.405181</ele>
        <time>2025-09-14T08:01:32.999Z</time>
      </trkpt>
      <trkpt lat="40.894743" lon="17.326912">
        <ele>65.834573</ele>
        <time>2025-09-14T08:01:35.999Z</time>
      </trkpt>
      <trkpt lat="40.894736" lon="17.327063">
        <ele>65.227786</ele>
        <time>2025-09-14T08:01:38.999Z</time>
      </trkpt>
      <trkpt lat="40.894794" lon="17.327214">
        <ele>64.548433</ele>
        <time>2025-09-14T08:01:41.999Z</time>
      </trkpt>
      <trkpt lat="40.894862" lon="17.327308">
        <ele>64.026577</ele>
        <time>2025-09-14T08:01:43.999Z</time>
      </trkpt>
      <trkpt lat="40.894953" lon="17.327448">
        <ele>63.285998</ele>
        <time>2025-09-14T08:01:45.999Z</time>
      </trkpt>
      <trkpt lat="40.895047" lon="17.327594">
        <ele>62.516785</ele>
        <time>2025-09-14T08:01:47.999Z</time>
      </trkpt>
      <trkpt lat="40.895140" lon="17.327730">
        <ele>61.781219</ele>
        <time>2025-09-14T08:01:49.999Z</time>
      </trkpt>
      <trkpt lat="40.895211" lon="17.327894">
        <ele>61.023190</ele>
        <time>2025-09-14T08:01:51.999Z</time>
      </trkpt>
      <trkpt lat="40.895298" lon="17.328047">
        <ele>60.255281</ele>
        <time>2025-09-14T08:01:53.999Z</time>
      </trkpt>
      <trkpt lat="40.895428" lon="17.328127">
        <ele>59.494515</ele>
        <time>2025-09-14T08:01:55.999Z</time>
      </trkpt>
      <trkpt lat="40.895523" lon="17.328208">
        <ele>58.894816</ele>
        <time>2025-09-14T08:01:58.999Z</time>
      </trkpt>
      <trkpt lat="40.895479" lon="17.328320">
        <ele>58.388552</ele>
        <time>2025-09-14T08:02:00.999Z</time>
      </trkpt>
      <trkpt lat="40.895407" lon="17.328408">
        <ele>57.868427</ele>
        <time>2025-09-14T08:02:02.999Z</time>
      </trkpt>
      <trkpt lat="40.895340" lon="17.328502">
        <ele>57.350227</ele>
        <time>2025-09-14T08:02:04.999Z</time>
      </trkpt>
      <trkpt lat="40.895266" lon="17.328577">
        <ele>56.855593</ele>
        <time>2025-09-14T08:02:06.999Z</time>
      </trkpt>
      <trkpt lat="40.895173" lon="17.328696">
        <ele>57.010551</ele>
        <time>2025-09-14T08:02:09.999Z</time>
      </trkpt>
      <trkpt lat="40.895103" lon="17.328807">
        <ele>57.196561</ele>
        <time>2025-09-14T08:02:12.999Z</time>
      </trkpt>
      <trkpt lat="40.895024" lon="17.328875">
        <ele>57.357002</ele>
        <time>2025-09-14T08:02:15.999Z</time>
      </trkpt>
      <trkpt lat="40.894923" lon="17.328881">
        <ele>57.529106</ele>
        <time>2025-09-14T08:02:18.999Z</time>
      </trkpt>
      <trkpt lat="40.894827" lon="17.328885">
        <ele>57.692606</ele>
        <time>2025-09-14T08:02:21.999Z</time>
      </trkpt>
      <trkpt lat="40.894734" lon="17.328914">
        <ele>57.855257</ele>
        <time>2025-09-14T08:02:24.999Z</time>
      </trkpt>
      <trkpt lat="40.894631" lon="17.328948">
        <ele>58.035969</ele>
        <time>2025-09-14T08:02:28.999Z</time>
      </trkpt>
      <trkpt lat="40.894544" lon="17.329012">
        <ele>58.205425</ele>
        <time>2025-09-14T08:02:31.999Z</time>
      </trkpt>
      <trkpt lat="40.894484" lon="17.329158">
        <ele>58.419264</ele>
        <time>2025-09-14T08:02:34.999Z</time>
      </trkpt>
      <trkpt lat="40.894531" lon="17.329286">
        <ele>58.602376</ele>
        <time>2025-09-14T08:02:37.999Z</time>
      </trkpt>
      <trkpt lat="40.894524" lon="17.329415">
        <ele>58.768799</ele>
        <time>2025-09-14T08:02:43.999Z</time>
      </trkpt>
      <trkpt lat="40.894446" lon="17.329494">
        <ele>58.936023</ele>
        <time>2025-09-14T08:02:47.999Z</time>
      </trkpt>
      <trkpt lat="40.894349" lon="17.329565">
        <ele>59.124735</ele>
        <time>2025-09-14T08:02:51.999Z</time>
      </trkpt>
      <trkpt lat="40.894249" lon="17.329627">
        <ele>59.312731</ele>
        <time>2025-09-14T08:02:55.999Z</time>
      </trkpt>
      <trkpt lat="40.894160" lon="17.329717">
        <ele>59.503428</ele>
        <time>2025-09-14T08:02:59.999Z</time>
      </trkpt>
      <trkpt lat="40.894077" lon="17.329773">
        <ele>59.662033</ele>
        <time>2025-09-14T08:03:02.999Z</time>
      </trkpt>
      <trkpt lat="40.893991" lon="17.329815">
        <ele>59.818087</ele>
        <time>2025-09-14T08:03:05.999Z</time>
      </trkpt>
      <trkpt lat="40.893887" lon="17.329885">
        <ele>59.761492</ele>
        <time>2025-09-14T08:03:09.999Z</time>
      </trkpt>
      <trkpt lat="40.893803" lon="17.329938">
        <ele>59.648108</ele>
        <time>2025-09-14T08:03:12.999Z</time>
      </trkpt>
      <trkpt lat="40.893721" lon="17.329994">
        <ele>59.535679</ele>
        <time>2025-09-14T08:03:15.999Z</time>
      </trkpt>
      <trkpt lat="40.893633" lon="17.330071">
        <ele>59.407136</ele>
        <time>2025-09-14T08:03:18.999Z</time>
      </trkpt>
      <trkpt lat="40.893558" lon="17.330156">
        <ele>59.286814</ele>
        <time>2025-09-14T08:03:21.999Z</time>
      </trkpt>
      <trkpt lat="40.893501" lon="17.330263">
        <ele>59.166259</ele>
        <time>2025-09-14T08:03:24.999Z</time>
      </trkpt>
      <trkpt lat="40.893518" lon="17.330417">
        <ele>59.022926</ele>
        <time>2025-09-14T08:03:28.999Z</time>
      </trkpt>
      <trkpt lat="40.893626" lon="17.330512">
        <ele>58.864914</ele>
        <time>2025-09-14T08:03:31.999Z</time>
      </trkpt>
      <trkpt lat="40.893713" lon="17.330562">
        <ele>58.749349</ele>
        <time>2025-09-14T08:03:33.999Z</time>
      </trkpt>
      <trkpt lat="40.893794" lon="17.330620">
        <ele>58.637136</ele>
        <time>2025-09-14T08:03:35.999Z</time>
      </trkpt>
      <trkpt lat="40.893879" lon="17.330690">
        <ele>58.515151</ele>
        <time>2025-09-14T08:03:37.999Z</time>
      </trkpt>
      <trkpt lat="40.893965" lon="17.330772">
        <ele>58.385996</ele>
        <time>2025-09-14T08:03:39.999Z</time>
      </trkpt>
      <trkpt lat="40.894049" lon="17.330847">
        <ele>58.262528</ele>
        <time>2025-09-14T08:03:41.999Z</time>
      </trkpt>
      <trkpt lat="40.894141" lon="17.330929">
        <ele>58.127375</ele>
        <time>2025-09-14T08:03:43.999Z</time>
      </trkpt>
      <trkpt lat="40.894236" lon="17.331020">
        <ele>57.984478</ele>
        <time>2025-09-14T08:03:45.999Z</time>
      </trkpt>
      <trkpt lat="40.894326" lon="17.331101">
        <ele>57.851859</ele>
        <time>2025-09-14T08:03:47.999Z</time>
      </trkpt>
      <trkpt lat="40.894422" lon="17.331194">
        <ele>57.706893</ele>
        <time>2025-09-14T08:03:49.999Z</time>
      </trkpt>
      <trkpt lat="40.894523" lon="17.331284">
        <ele>57.299206</ele>
        <time>2025-09-14T08:03:51.999Z</time>
      </trkpt>
      <trkpt lat="40.894605" lon="17.331387">
        <ele>56.858937</ele>
        <time>2025-09-14T08:03:53.999Z</time>
      </trkpt>
      <trkpt lat="40.894679" lon="17.331486">
        <ele>56.449159</ele>
        <time>2025-09-14T08:03:55.999Z</time>
      </trkpt>
      <trkpt lat="40.894760" lon="17.331575">
        <ele>56.039182</ele>
        <time>2025-09-14T08:03:57.999Z</time>
      </trkpt>
      <trkpt lat="40.894833" lon="17.331680">
        <ele>55.619311</ele>
        <time>2025-09-14T08:03:59.999Z</time>
      </trkpt>
      <trkpt lat="40.894907" lon="17.331785">
        <ele>55.196794</ele>
        <time>2025-09-14T08:04:01.999Z</time>
      </trkpt>
      <trkpt lat="40.894931" lon="17.331941">
        <ele>54.728241</ele>
        <time>2025-09-14T08:04:03.999Z</time>
      </trkpt>
      <trkpt lat="40.894850" lon="17.332080">
        <ele>54.211682</ele>
        <time>2025-09-14T08:04:05.999Z</time>
      </trkpt>
      <trkpt lat="40.894706" lon="17.332123">
        <ele>53.636899</ele>
        <time>2025-09-14T08:04:07.999Z</time>
      </trkpt>
      <trkpt lat="40.894566" lon="17.332168">
        <ele>53.075937</ele>
        <time>2025-09-14T08:04:09.999Z</time>
      </trkpt>
      <trkpt lat="40.894462" lon="17.332254">
        <ele>52.598402</ele>
        <time>2025-09-14T08:04:11.999Z</time>
      </trkpt>
      <trkpt lat="40.894344" lon="17.332352">
        <ele>52.055923</ele>
        <time>2025-09-14T08:04:13.999Z</time>
      </trkpt>
      <trkpt lat="40.894222" lon="17.332461">
        <ele>51.482719</ele>
        <time>2025-09-14T08:04:15.999Z</time>
      </trkpt>
      <trkpt lat="40.894096" lon="17.332571">
        <ele>50.894927</ele>
        <time>2025-09-14T08:04:17.999Z</time>
      </trkpt>
      <trkpt lat="40.893973" lon="17.332690">
        <ele>50.653825</ele>
        <time>2025-09-14T08:04:19.999Z</time>
      </trkpt>
      <trkpt lat="40.893862" lon="17.332788">
        <ele>50.626401</ele>
        <time>2025-09-14T08:04:21.999Z</time>
      </trkpt>
      <trkpt lat="40.893755" lon="17.332871">
        <ele>50.600911</ele>
        <time>2025-09-14T08:04:23.999Z</time>
      </trkpt>
      <trkpt lat="40.893663" lon="17.332945">
        <ele>50.578784</ele>
        <time>2025-09-14T08:04:25.999Z</time>
      </trkpt>
      <trkpt lat="40.893582" lon="17.333014">
        <ele>50.558986</ele>
        <time>2025-09-14T08:04:27.999Z</time>
      </trkpt>
      <trkpt lat="40.893507" lon="17.333082">
        <ele>50.540301</ele>
        <time>2025-09-14T08:04:29.999Z</time>
      </trkpt>
      <trkpt lat="40.893433" lon="17.333155">
        <ele>50.521331</ele>
        <time>2025-09-14T08:04:31.999Z</time>
      </trkpt>
      <trkpt lat="40.893358" lon="17.333223">
        <ele>50.502646</ele>
        <time>2025-09-14T08:04:33.999Z</time>
      </trkpt>
      <trkpt lat="40.893248" lon="17.333321">
        <ele>50.475393</ele>
        <time>2025-09-14T08:04:36.999Z</time>
      </trkpt>
      <trkpt lat="40.893152" lon="17.333412">
        <ele>50.451123</ele>
        <time>2025-09-14T08:04:39.999Z</time>
      </trkpt>
      <trkpt lat="40.893041" lon="17.333505">
        <ele>50.424122</ele>
        <time>2025-09-14T08:04:42.999Z</time>
      </trkpt>
      <trkpt lat="40.892961" lon="17.333569">
        <ele>50.404909</ele>
        <time>2025-09-14T08:04:44.999Z</time>
      </trkpt>
      <trkpt lat="40.892874" lon="17.333623">
        <ele>50.385161</ele>
        <time>2025-09-14T08:04:46.999Z</time>
      </trkpt>
      <trkpt lat="40.892782" lon="17.333673">
        <ele>50.364721</ele>
        <time>2025-09-14T08:04:48.999Z</time>
      </trkpt>
      <trkpt lat="40.892697" lon="17.333736">
        <ele>50.344699</ele>
        <time>2025-09-14T08:04:51.000Z</time>
      </trkpt>
      <trkpt lat="40.892613" lon="17.333802">
        <ele>50.324621</ele>
        <time>2025-09-14T08:04:53.000Z</time>
      </trkpt>
      <trkpt lat="40.892543" lon="17.333899">
        <ele>50.303614</ele>
        <time>2025-09-14T08:04:55.000Z</time>
      </trkpt>
      <trkpt lat="40.892490" lon="17.334011">
        <ele>50.190268</ele>
        <time>2025-09-14T08:04:57.000Z</time>
      </trkpt>
      <trkpt lat="40.892435" lon="17.334121">
        <ele>50.077136</ele>
        <time>2025-09-14T08:04:59.000Z</time>
      </trkpt>
      <trkpt lat="40.892376" lon="17.334224">
        <ele>49.966281</ele>
        <time>2025-09-14T08:05:01.000Z</time>
      </trkpt>
      <trkpt lat="40.892311" lon="17.334315">
        <ele>49.858886</ele>
        <time>2025-09-14T08:05:03.000Z</time>
      </trkpt>
      <trkpt lat="40.892237" lon="17.334388">
        <ele>49.754136</ele>
        <time>2025-09-14T08:05:05.000Z</time>
      </trkpt>
      <trkpt lat="40.892135" lon="17.334490">
        <ele>49.609041</ele>
        <time>2025-09-14T08:05:08.000Z</time>
      </trkpt>
      <trkpt lat="40.892034" lon="17.334584">
        <ele>49.468907</ele>
        <time>2025-09-14T08:05:11.000Z</time>
      </trkpt>
      <trkpt lat="40.891939" lon="17.334691">
        <ele>49.327324</ele>
        <time>2025-09-14T08:05:14.000Z</time>
      </trkpt>
      <trkpt lat="40.891843" lon="17.334792">
        <ele>49.188135</ele>
        <time>2025-09-14T08:05:17.000Z</time>
      </trkpt>
      <trkpt lat="40.891748" lon="17.334881">
        <ele>49.056037</ele>
        <time>2025-09-14T08:05:20.000Z</time>
      </trkpt>
      <trkpt lat="40.891748" lon="17.335018">
        <ele>48.938517</ele>
        <time>2025-09-14T08:05:23.000Z</time>
      </trkpt>
      <trkpt lat="40.891795" lon="17.335138">
        <ele>48.822583</ele>
        <time>2025-09-14T08:05:25.999Z</time>
      </trkpt>
      <trkpt lat="40.891793" lon="17.335263">
        <ele>48.715332</ele>
        <time>2025-09-14T08:05:28.999Z</time>
      </trkpt>
      <trkpt lat="40.891795" lon="17.335386">
        <ele>48.609797</ele>
        <time>2025-09-14T08:05:31.999Z</time>
      </trkpt>
      <trkpt lat="40.891808" lon="17.335525">
        <ele>48.489651</ele>
        <time>2025-09-14T08:05:34.999Z</time>
      </trkpt>
      <trkpt lat="40.891817" lon="17.335661">
        <ele>48.372542</ele>
        <time>2025-09-14T08:05:37.999Z</time>
      </trkpt>
      <trkpt lat="40.891827" lon="17.335809">
        <ele>48.232164</ele>
        <time>2025-09-14T08:05:40.999Z</time>
      </trkpt>
      <trkpt lat="40.891832" lon="17.335962">
        <ele>48.005099</ele>
        <time>2025-09-14T08:05:43.999Z</time>
      </trkpt>
      <trkpt lat="40.891841" lon="17.336125">
        <ele>47.762775</ele>
        <time>2025-09-14T08:05:46.999Z</time>
      </trkpt>
      <trkpt lat="40.891881" lon="17.336277">
        <ele>47.524139</ele>
        <time>2025-09-14T08:05:49.999Z</time>
      </trkpt>
      <trkpt lat="40.891975" lon="17.336395">
        <ele>47.269968</ele>
        <time>2025-09-14T08:05:52.999Z</time>
      </trkpt>
      <trkpt lat="40.892060" lon="17.336520">
        <ele>47.020680</ele>
        <time>2025-09-14T08:05:55.999Z</time>
      </trkpt>
      <trkpt lat="40.892132" lon="17.336605">
        <ele>46.831401</ele>
        <time>2025-09-14T08:05:57.999Z</time>
      </trkpt>
      <trkpt lat="40.892199" lon="17.336705">
        <ele>46.633277</ele>
        <time>2025-09-14T08:05:59.999Z</time>
      </trkpt>
      <trkpt lat="40.892257" lon="17.336799">
        <ele>46.453371</ele>
        <time>2025-09-14T08:06:01.999Z</time>
      </trkpt>
      <trkpt lat="40.892322" lon="17.336898">
        <ele>46.258949</ele>
        <time>2025-09-14T08:06:03.999Z</time>
      </trkpt>
      <trkpt lat="40.892384" lon="17.336989">
        <ele>46.077310</ele>
        <time>2025-09-14T08:06:05.999Z</time>
      </trkpt>
      <trkpt lat="40.892453" lon="17.337079">
        <ele>45.887251</ele>
        <time>2025-09-14T08:06:07.999Z</time>
      </trkpt>
      <trkpt lat="40.892527" lon="17.337166">
        <ele>45.693071</ele>
        <time>2025-09-14T08:06:09.999Z</time>
      </trkpt>
      <trkpt lat="40.892592" lon="17.337263">
        <ele>45.500878</ele>
        <time>2025-09-14T08:06:11.999Z</time>
      </trkpt>
      <trkpt lat="40.892657" lon="17.337352">
        <ele>45.317393</ele>
        <time>2025-09-14T08:06:13.999Z</time>
      </trkpt>
      <trkpt lat="40.892743" lon="17.337487">
        <ele>45.055635</ele>
        <time>2025-09-14T08:06:16.999Z</time>
      </trkpt>
      <trkpt lat="40.892838" lon="17.337607">
        <ele>44.798000</ele>
        <time>2025-09-14T08:06:19.999Z</time>
      </trkpt>
      <trkpt lat="40.892917" lon="17.337747">
        <ele>44.620704</ele>
        <time>2025-09-14T08:06:22.999Z</time>
      </trkpt>
      <trkpt lat="40.892978" lon="17.337902">
        <ele>44.469650</ele>
        <time>2025-09-14T08:06:25.999Z</time>
      </trkpt>
      <trkpt lat="40.893033" lon="17.338053">
        <ele>44.324762</ele>
        <time>2025-09-14T08:06:28.999Z</time>
      </trkpt>
      <trkpt lat="40.893092" lon="17.338206">
        <ele>44.176292</ele>
        <time>2025-09-14T08:06:31.999Z</time>
      </trkpt>
      <trkpt lat="40.893165" lon="17.338340">
        <ele>44.033516</ele>
        <time>2025-09-14T08:06:34.999Z</time>
      </trkpt>
      <trkpt lat="40.893241" lon="17.338461">
        <ele>43.897529</ele>
        <time>2025-09-14T08:06:37.999Z</time>
      </trkpt>
      <trkpt lat="40.893315" lon="17.338587">
        <ele>43.759605</ele>
        <time>2025-09-14T08:06:40.999Z</time>
      </trkpt>
      <trkpt lat="40.893396" lon="17.338703">
        <ele>43.623100</ele>
        <time>2025-09-14T08:06:43.999Z</time>
      </trkpt>
      <trkpt lat="40.893485" lon="17.338821">
        <ele>43.479012</ele>
        <time>2025-09-14T08:06:46.999Z</time>
      </trkpt>
      <trkpt lat="40.893556" lon="17.338893">
        <ele>43.376713</ele>
        <time>2025-09-14T08:06:48.999Z</time>
      </trkpt>
      <trkpt lat="40.893663" lon="17.338981">
        <ele>43.232640</ele>
        <time>2025-09-14T08:06:51.999Z</time>
      </trkpt>
      <trkpt lat="40.893771" lon="17.339060">
        <ele>43.091519</ele>
        <time>2025-09-14T08:06:54.999Z</time>
      </trkpt>
      <trkpt lat="40.893851" lon="17.339130">
        <ele>42.981838</ele>
        <time>2025-09-14T08:06:57.000Z</time>
      </trkpt>
      <trkpt lat="40.893960" lon="17.339234">
        <ele>42.828160</ele>
        <time>2025-09-14T08:07:00.000Z</time>
      </trkpt>
      <trkpt lat="40.894065" lon="17.339327">
        <ele>42.683665</ele>
        <time>2025-09-14T08:07:03.000Z</time>
      </trkpt>
      <trkpt lat="40.894180" lon="17.339390">
        <ele>42.570476</ele>
        <time>2025-09-14T08:07:06.000Z</time>
      </trkpt>
      <trkpt lat="40.894267" lon="17.339446">
        <ele>42.483393</ele>
        <time>2025-09-14T08:07:09.000Z</time>
      </trkpt>
      <trkpt lat="40.894369" lon="17.339413">
        <ele>42.388882</ele>
        <time>2025-09-14T08:07:14.000Z</time>
      </trkpt>
      <trkpt lat="40.894501" lon="17.339316">
        <ele>42.252975</ele>
        <time>2025-09-14T08:12:02.999Z</time>
      </trkpt>
      <trkpt lat="40.894583" lon="17.339251">
        <ele>42.166935</ele>
        <time>2025-09-14T08:12:15.999Z</time>
      </trkpt>
      <trkpt lat="40.894662" lon="17.339182">
        <ele>42.081731</ele>
        <time>2025-09-14T08:12:18.999Z</time>
      </trkpt>
      <trkpt lat="40.894749" lon="17.339129">
        <ele>41.995522</ele>
        <time>2025-09-14T08:12:21.999Z</time>
      </trkpt>
      <trkpt lat="40.894832" lon="17.339049">
        <ele>41.903092</ele>
        <time>2025-09-14T08:12:24.999Z</time>
      </trkpt>
      <trkpt lat="40.894906" lon="17.338959">
        <ele>41.812618</ele>
        <time>2025-09-14T08:12:27.999Z</time>
      </trkpt>
      <trkpt lat="40.894971" lon="17.338846">
        <ele>41.716009</ele>
        <time>2025-09-14T08:12:32.999Z</time>
      </trkpt>
      <trkpt lat="40.895045" lon="17.338776">
        <ele>41.634129</ele>
        <time>2025-09-14T08:12:35.999Z</time>
      </trkpt>
      <trkpt lat="40.895144" lon="17.338709">
        <ele>41.534040</ele>
        <time>2025-09-14T08:12:38.999Z</time>
      </trkpt>
      <trkpt lat="40.895244" lon="17.338626">
        <ele>41.427786</ele>
        <time>2025-09-14T08:12:41.999Z</time>
      </trkpt>
      <trkpt lat="40.895339" lon="17.338535">
        <ele>41.322219</ele>
        <time>2025-09-14T08:12:44.999Z</time>
      </trkpt>
      <trkpt lat="40.895446" lon="17.338449">
        <ele>41.209532</ele>
        <time>2025-09-14T08:12:47.999Z</time>
      </trkpt>
      <trkpt lat="40.895546" lon="17.338359">
        <ele>41.100672</ele>
        <time>2025-09-14T08:12:50.999Z</time>
      </trkpt>
      <trkpt lat="40.895648" lon="17.338271">
        <ele>41.026505</ele>
        <time>2025-09-14T08:12:53.999Z</time>
      </trkpt>
      <trkpt lat="40.895749" lon="17.338168">
        <ele>40.971300</ele>
        <time>2025-09-14T08:12:56.999Z</time>
      </trkpt>
      <trkpt lat="40.895830" lon="17.338111">
        <ele>40.931584</ele>
        <time>2025-09-14T08:12:58.999Z</time>
      </trkpt>
      <trkpt lat="40.895943" lon="17.338023">
        <ele>40.874820</ele>
        <time>2025-09-14T08:13:01.999Z</time>
      </trkpt>
      <trkpt lat="40.896023" lon="17.337957">
        <ele>40.834007</ele>
        <time>2025-09-14T08:13:03.999Z</time>
      </trkpt>
      <trkpt lat="40.896130" lon="17.337855">
        <ele>40.776915</ele>
        <time>2025-09-14T08:13:06.999Z</time>
      </trkpt>
      <trkpt lat="40.896202" lon="17.337783">
        <ele>40.737844</ele>
        <time>2025-09-14T08:13:08.999Z</time>
      </trkpt>
      <trkpt lat="40.896280" lon="17.337717">
        <ele>40.697762</ele>
        <time>2025-09-14T08:13:10.999Z</time>
      </trkpt>
      <trkpt lat="40.896362" lon="17.337655">
        <ele>40.656876</ele>
        <time>2025-09-14T08:13:12.999Z</time>
      </trkpt>
      <trkpt lat="40.896449" lon="17.337583">
        <ele>40.612452</ele>
        <time>2025-09-14T08:13:14.999Z</time>
      </trkpt>
      <trkpt lat="40.896526" lon="17.337513">
        <ele>40.572008</ele>
        <time>2025-09-14T08:13:16.999Z</time>
      </trkpt>
      <trkpt lat="40.896622" lon="17.337428">
        <ele>40.522002</ele>
        <time>2025-09-14T08:13:19.999Z</time>
      </trkpt>
      <trkpt lat="40.896713" lon="17.337342">
        <ele>40.473589</ele>
        <time>2025-09-14T08:13:22.999Z</time>
      </trkpt>
      <trkpt lat="40.896820" lon="17.337263">
        <ele>40.420544</ele>
        <time>2025-09-14T08:13:25.999Z</time>
      </trkpt>
      <trkpt lat="40.896906" lon="17.337194">
        <ele>40.377004</ele>
        <time>2025-09-14T08:13:28.999Z</time>
      </trkpt>
      <trkpt lat="40.897010" lon="17.337124">
        <ele>40.326491</ele>
        <time>2025-09-14T08:13:31.999Z</time>
      </trkpt>
      <trkpt lat="40.897078" lon="17.337047">
        <ele>40.287744</ele>
        <time>2025-09-14T08:13:34.999Z</time>
      </trkpt>
      <trkpt lat="40.897178" lon="17.336970">
        <ele>40.294681</ele>
        <time>2025-09-14T08:13:37.999Z</time>
      </trkpt>
      <trkpt lat="40.897281" lon="17.336893">
        <ele>40.311282</ele>
        <time>2025-09-14T08:13:40.999Z</time>
      </trkpt>
      <trkpt lat="40.897379" lon="17.336801">
        <ele>40.328145</ele>
        <time>2025-09-14T08:13:43.999Z</time>
      </trkpt>
      <trkpt lat="40.897486" lon="17.336716">
        <ele>40.345658</ele>
        <time>2025-09-14T08:13:46.999Z</time>
      </trkpt>
      <trkpt lat="40.897605" lon="17.336695">
        <ele>40.362505</ele>
        <time>2025-09-14T08:13:49.999Z</time>
      </trkpt>
      <trkpt lat="40.897719" lon="17.336640">
        <ele>40.379533</ele>
        <time>2025-09-14T08:13:52.999Z</time>
      </trkpt>
      <trkpt lat="40.897824" lon="17.336544">
        <ele>40.397443</ele>
        <time>2025-09-14T08:13:55.999Z</time>
      </trkpt>
      <trkpt lat="40.897899" lon="17.336403">
        <ele>40.415730</ele>
        <time>2025-09-14T08:13:58.999Z</time>
      </trkpt>
      <trkpt lat="40.897965" lon="17.336321">
        <ele>40.428436</ele>
        <time>2025-09-14T08:14:00.999Z</time>
      </trkpt>
      <trkpt lat="40.898077" lon="17.336241">
        <ele>40.446296</ele>
        <time>2025-09-14T08:14:03.999Z</time>
      </trkpt>
      <trkpt lat="40.898184" lon="17.336155">
        <ele>40.463865</ele>
        <time>2025-09-14T08:14:06.999Z</time>
      </trkpt>
      <trkpt lat="40.898277" lon="17.336056">
        <ele>40.480615</ele>
        <time>2025-09-14T08:14:09.999Z</time>
      </trkpt>
      <trkpt lat="40.898385" lon="17.335970">
        <ele>40.498304</ele>
        <time>2025-09-14T08:14:12.999Z</time>
      </trkpt>
      <trkpt lat="40.898494" lon="17.335880">
        <ele>40.516334</ele>
        <time>2025-09-14T08:14:15.999Z</time>
      </trkpt>
      <trkpt lat="40.898597" lon="17.335775">
        <ele>40.528440</ele>
        <time>2025-09-14T08:14:18.999Z</time>
      </trkpt>
      <trkpt lat="40.898697" lon="17.335695">
        <ele>40.476094</ele>
        <time>2025-09-14T08:14:21.999Z</time>
      </trkpt>
      <trkpt lat="40.898799" lon="17.335607">
        <ele>40.421548</ele>
        <time>2025-09-14T08:14:24.999Z</time>
      </trkpt>
      <trkpt lat="40.898917" lon="17.335514">
        <ele>40.360024</ele>
        <time>2025-09-14T08:14:27.999Z</time>
      </trkpt>
      <trkpt lat="40.899006" lon="17.335448">
        <ele>40.314322</ele>
        <time>2025-09-14T08:14:29.999Z</time>
      </trkpt>
      <trkpt lat="40.899097" lon="17.335375">
        <ele>40.266652</ele>
        <time>2025-09-14T08:14:31.999Z</time>
      </trkpt>
      <trkpt lat="40.899184" lon="17.335300">
        <ele>40.220139</ele>
        <time>2025-09-14T08:14:33.999Z</time>
      </trkpt>
      <trkpt lat="40.899277" lon="17.335230">
        <ele>40.172211</ele>
        <time>2025-09-14T08:14:35.999Z</time>
      </trkpt>
      <trkpt lat="40.899358" lon="17.335153">
        <ele>40.127533</ele>
        <time>2025-09-14T08:14:37.999Z</time>
      </trkpt>
      <trkpt lat="40.899440" lon="17.335081">
        <ele>40.083449</ele>
        <time>2025-09-14T08:14:39.999Z</time>
      </trkpt>
      <trkpt lat="40.899523" lon="17.334999">
        <ele>40.037048</ele>
        <time>2025-09-14T08:14:41.999Z</time>
      </trkpt>
      <trkpt lat="40.899611" lon="17.334935">
        <ele>39.992067</ele>
        <time>2025-09-14T08:14:43.999Z</time>
      </trkpt>
      <trkpt lat="40.899689" lon="17.334857">
        <ele>39.948270</ele>
        <time>2025-09-14T08:14:45.999Z</time>
      </trkpt>
      <trkpt lat="40.899769" lon="17.334791">
        <ele>39.906039</ele>
        <time>2025-09-14T08:14:47.999Z</time>
      </trkpt>
      <trkpt lat="40.899842" lon="17.334716">
        <ele>39.864638</ele>
        <time>2025-09-14T08:14:49.999Z</time>
      </trkpt>
      <trkpt lat="40.899923" lon="17.334653">
        <ele>39.822550</ele>
        <time>2025-09-14T08:14:51.999Z</time>
      </trkpt>
      <trkpt lat="40.900021" lon="17.334575">
        <ele>39.771321</ele>
        <time>2025-09-14T08:14:54.999Z</time>
      </trkpt>
      <trkpt lat="40.900111" lon="17.334516">
        <ele>39.728226</ele>
        <time>2025-09-14T08:14:58.999Z</time>
      </trkpt>
      <trkpt lat="40.900256" lon="17.334705">
        <ele>39.792434</ele>
        <time>2025-09-14T08:17:30.999Z</time>
      </trkpt>
      <trkpt lat="40.900181" lon="17.334805">
        <ele>39.826022</ele>
        <time>2025-09-14T08:17:35.999Z</time>
      </trkpt>
      <trkpt lat="40.900094" lon="17.334873">
        <ele>39.857897</ele>
        <time>2025-09-14T08:17:38.999Z</time>
      </trkpt>
      <trkpt lat="40.900005" lon="17.334944">
        <ele>39.890680</ele>
        <time>2025-09-14T08:17:41.999Z</time>
      </trkpt>
      <trkpt lat="40.899929" lon="17.335009">
        <ele>39.919227</ele>
        <time>2025-09-14T08:17:44.999Z</time>
      </trkpt>
      <trkpt lat="40.899852" lon="17.335081">
        <ele>39.948970</ele>
        <time>2025-09-14T08:17:47.999Z</time>
      </trkpt>
      <trkpt lat="40.899764" lon="17.335151">
        <ele>39.981360</ele>
        <time>2025-09-14T08:17:50.999Z</time>
      </trkpt>
      <trkpt lat="40.899671" lon="17.335222">
        <ele>40.015230</ele>
        <time>2025-09-14T08:17:53.999Z</time>
      </trkpt>
      <trkpt lat="40.899592" lon="17.335288">
        <ele>40.044702</ele>
        <time>2025-09-14T08:17:56.999Z</time>
      </trkpt>
      <trkpt lat="40.899517" lon="17.335359">
        <ele>40.073793</ele>
        <time>2025-09-14T08:17:59.999Z</time>
      </trkpt>
      <trkpt lat="40.899439" lon="17.335440">
        <ele>40.105072</ele>
        <time>2025-09-14T08:18:02.999Z</time>
      </trkpt>
      <trkpt lat="40.899350" lon="17.335512">
        <ele>40.137978</ele>
        <time>2025-09-14T08:18:05.999Z</time>
      </trkpt>
      <trkpt lat="40.899257" lon="17.335577">
        <ele>40.171157</ele>
        <time>2025-09-14T08:18:08.999Z</time>
      </trkpt>
      <trkpt lat="40.899185" lon="17.335658">
        <ele>40.200969</ele>
        <time>2025-09-14T08:18:11.999Z</time>
      </trkpt>
      <trkpt lat="40.899088" lon="17.335741">
        <ele>40.237409</ele>
        <time>2025-09-14T08:18:14.999Z</time>
      </trkpt>
      <trkpt lat="40.898980" lon="17.335821">
        <ele>40.276453</ele>
        <time>2025-09-14T08:18:17.999Z</time>
      </trkpt>
      <trkpt lat="40.898878" lon="17.335896">
        <ele>40.287076</ele>
        <time>2025-09-14T08:18:20.999Z</time>
      </trkpt>
      <trkpt lat="40.898785" lon="17.335975">
        <ele>40.272470</ele>
        <time>2025-09-14T08:18:23.999Z</time>
      </trkpt>
      <trkpt lat="40.898684" lon="17.336061">
        <ele>40.256597</ele>
        <time>2025-09-14T08:18:26.999Z</time>
      </trkpt>
      <trkpt lat="40.898576" lon="17.336157">
        <ele>40.239402</ele>
        <time>2025-09-14T08:18:29.999Z</time>
      </trkpt>
      <trkpt lat="40.898474" lon="17.336242">
        <ele>40.223472</ele>
        <time>2025-09-14T08:18:32.999Z</time>
      </trkpt>
      <trkpt lat="40.898366" lon="17.336328">
        <ele>40.206813</ele>
        <time>2025-09-14T08:18:35.999Z</time>
      </trkpt>
      <trkpt lat="40.898262" lon="17.336411">
        <ele>40.190762</ele>
        <time>2025-09-14T08:18:38.999Z</time>
      </trkpt>
      <trkpt lat="40.898164" lon="17.336504">
        <ele>40.174824</ele>
        <time>2025-09-14T08:18:41.999Z</time>
      </trkpt>
      <trkpt lat="40.898086" lon="17.336567">
        <ele>40.162747</ele>
        <time>2025-09-14T08:18:43.999Z</time>
      </trkpt>
      <trkpt lat="40.898003" lon="17.336635">
        <ele>40.149845</ele>
        <time>2025-09-14T08:18:45.999Z</time>
      </trkpt>
      <trkpt lat="40.897924" lon="17.336703">
        <ele>40.137390</ele>
        <time>2025-09-14T08:18:47.999Z</time>
      </trkpt>
      <trkpt lat="40.897815" lon="17.336808">
        <ele>40.119572</ele>
        <time>2025-09-14T08:18:50.999Z</time>
      </trkpt>
      <trkpt lat="40.897716" lon="17.336901">
        <ele>40.103526</ele>
        <time>2025-09-14T08:18:53.999Z</time>
      </trkpt>
      <trkpt lat="40.897603" lon="17.337002">
        <ele>40.085504</ele>
        <time>2025-09-14T08:18:56.999Z</time>
      </trkpt>
      <trkpt lat="40.897491" lon="17.337085">
        <ele>40.068539</ele>
        <time>2025-09-14T08:18:59.999Z</time>
      </trkpt>
      <trkpt lat="40.897411" lon="17.337149">
        <ele>40.052774</ele>
        <time>2025-09-14T08:19:01.999Z</time>
      </trkpt>
      <trkpt lat="40.897334" lon="17.337211">
        <ele>39.997122</ele>
        <time>2025-09-14T08:19:03.999Z</time>
      </trkpt>
      <trkpt lat="40.897259" lon="17.337283">
        <ele>39.939910</ele>
        <time>2025-09-14T08:19:05.999Z</time>
      </trkpt>
      <trkpt lat="40.897151" lon="17.337376">
        <ele>39.860351</ele>
        <time>2025-09-14T08:19:08.999Z</time>
      </trkpt>
      <trkpt lat="40.897051" lon="17.337476">
        <ele>39.782958</ele>
        <time>2025-09-14T08:19:11.999Z</time>
      </trkpt>
      <trkpt lat="40.896939" lon="17.337545">
        <ele>39.706680</ele>
        <time>2025-09-14T08:19:14.999Z</time>
      </trkpt>
      <trkpt lat="40.896835" lon="17.337668">
        <ele>39.620554</ele>
        <time>2025-09-14T08:19:17.999Z</time>
      </trkpt>
      <trkpt lat="40.896719" lon="17.337748">
        <ele>39.539789</ele>
        <time>2025-09-14T08:19:20.999Z</time>
      </trkpt>
      <trkpt lat="40.896606" lon="17.337833">
        <ele>39.459535</ele>
        <time>2025-09-14T08:19:23.999Z</time>
      </trkpt>
      <trkpt lat="40.896500" lon="17.337919">
        <ele>39.382765</ele>
        <time>2025-09-14T08:19:26.999Z</time>
      </trkpt>
      <trkpt lat="40.896399" lon="17.337996">
        <ele>39.310795</ele>
        <time>2025-09-14T08:19:29.999Z</time>
      </trkpt>
      <trkpt lat="40.896322" lon="17.338100">
        <ele>39.242856</ele>
        <time>2025-09-14T08:19:32.999Z</time>
      </trkpt>
      <trkpt lat="40.896309" lon="17.338221">
        <ele>39.185820</ele>
        <time>2025-09-14T08:19:34.999Z</time>
      </trkpt>
      <trkpt lat="40.896280" lon="17.338376">
        <ele>39.111301</ele>
        <time>2025-09-14T08:19:37.999Z</time>
      </trkpt>
      <trkpt lat="40.896256" lon="17.338536">
        <ele>39.035175</ele>
        <time>2025-09-14T08:19:40.999Z</time>
      </trkpt>
      <trkpt lat="40.896268" lon="17.338692">
        <ele>38.961996</ele>
        <time>2025-09-14T08:19:43.999Z</time>
      </trkpt>
      <trkpt lat="40.896252" lon="17.338814">
        <ele>38.791955</ele>
        <time>2025-09-14T08:19:45.999Z</time>
      </trkpt>
      <trkpt lat="40.896231" lon="17.338991">
        <ele>38.487136</ele>
        <time>2025-09-14T08:19:48.999Z</time>
      </trkpt>
      <trkpt lat="40.896225" lon="17.339153">
        <ele>38.211194</ele>
        <time>2025-09-14T08:19:51.999Z</time>
      </trkpt>
      <trkpt lat="40.896226" lon="17.339300">
        <ele>37.961091</ele>
        <time>2025-09-14T08:19:54.999Z</time>
      </trkpt>
      <trkpt lat="40.896220" lon="17.339453">
        <ele>37.700441</ele>
        <time>2025-09-14T08:19:57.999Z</time>
      </trkpt>
      <trkpt lat="40.896245" lon="17.339608">
        <ele>37.430802</ele>
        <time>2025-09-14T08:20:00.999Z</time>
      </trkpt>
      <trkpt lat="40.896316" lon="17.339715">
        <ele>37.188573</ele>
        <time>2025-09-14T08:20:02.999Z</time>
      </trkpt>
      <trkpt lat="40.896372" lon="17.339848">
        <ele>36.929563</ele>
        <time>2025-09-14T08:20:04.999Z</time>
      </trkpt>
      <trkpt lat="40.896449" lon="17.339953">
        <ele>36.680674</ele>
        <time>2025-09-14T08:20:06.999Z</time>
      </trkpt>
      <trkpt lat="40.896507" lon="17.340068">
        <ele>36.445472</ele>
        <time>2025-09-14T08:20:09.999Z</time>
      </trkpt>
      <trkpt lat="40.896484" lon="17.340203">
        <ele>36.210035</ele>
        <time>2025-09-14T08:21:00.999Z</time>
      </trkpt>
      <trkpt lat="40.896399" lon="17.340151">
        <ele>35.999259</ele>
        <time>2025-09-14T08:21:05.999Z</time>
      </trkpt>
      <trkpt lat="40.896355" lon="17.340033">
        <ele>35.775408</ele>
        <time>2025-09-14T08:21:09.999Z</time>
      </trkpt>
      <trkpt lat="40.896304" lon="17.339926">
        <ele>35.560200</ele>
        <time>2025-09-14T08:21:13.999Z</time>
      </trkpt>
      <trkpt lat="40.896223" lon="17.339811">
        <ele>35.292777</ele>
        <time>2025-09-14T08:21:17.999Z</time>
      </trkpt>
      <trkpt lat="40.896149" lon="17.339721">
        <ele>35.066536</ele>
        <time>2025-09-14T08:21:21.999Z</time>
      </trkpt>
      <trkpt lat="40.896286" lon="17.339894">
        <ele>34.894147</ele>
        <time>2025-09-14T08:30:20.999Z</time>
      </trkpt>
      <trkpt lat="40.896353" lon="17.339995">
        <ele>34.890374</ele>
        <time>2025-09-14T08:30:23.999Z</time>
      </trkpt>
      <trkpt lat="40.896413" lon="17.340114">
        <ele>34.886358</ele>
        <time>2025-09-14T08:30:26.999Z</time>
      </trkpt>
      <trkpt lat="40.896452" lon="17.340224">
        <ele>34.882947</ele>
        <time>2025-09-14T08:30:31.999Z</time>
      </trkpt>
      <trkpt lat="40.896580" lon="17.340130">
        <ele>34.877510</ele>
        <time>2025-09-14T08:31:32.999Z</time>
      </trkpt>
      <trkpt lat="40.896674" lon="17.340162">
        <ele>34.873905</ele>
        <time>2025-09-14T08:31:36.999Z</time>
      </trkpt>
      <trkpt lat="40.896780" lon="17.340220">
        <ele>34.869645</ele>
        <time>2025-09-14T08:31:47.999Z</time>
      </trkpt>
      <trkpt lat="40.896850" lon="17.340317">
        <ele>34.865880</ele>
        <time>2025-09-14T08:31:52.999Z</time>
      </trkpt>
      <trkpt lat="40.896931" lon="17.340385">
        <ele>34.862317</ele>
        <time>2025-09-14T08:33:08.999Z</time>
      </trkpt>
      <trkpt lat="40.896885" lon="17.340274">
        <ele>34.858763</ele>
        <time>2025-09-14T08:33:44.999Z</time>
      </trkpt>
      <trkpt lat="40.896959" lon="17.340160">
        <ele>34.854544</ele>
        <time>2025-09-14T08:33:49.999Z</time>
      </trkpt>
      <trkpt lat="40.897040" lon="17.340076">
        <ele>34.850722</ele>
        <time>2025-09-14T08:33:53.999Z</time>
      </trkpt>
      <trkpt lat="40.897111" lon="17.339937">
        <ele>34.846012</ele>
        <time>2025-09-14T08:33:57.044Z</time>
      </trkpt>
      <trkpt lat="40.896810" lon="17.340476">
        <ele>35.115399</ele>
        <time>2025-09-14T08:36:05.015Z</time>
      </trkpt>
      <trkpt lat="40.896837" lon="17.340306">
        <ele>35.429556</ele>
        <time>2025-09-14T08:36:08.999Z</time>
      </trkpt>
      <trkpt lat="40.896755" lon="17.340222">
        <ele>35.677684</ele>
        <time>2025-09-14T08:36:47.999Z</time>
      </trkpt>
      <trkpt lat="40.896673" lon="17.340153">
        <ele>35.910195</ele>
        <time>2025-09-14T08:36:52.999Z</time>
      </trkpt>
      <trkpt lat="40.896575" lon="17.340133">
        <ele>36.147437</ele>
        <time>2025-09-14T08:36:56.999Z</time>
      </trkpt>
      <trkpt lat="40.896487" lon="17.340194">
        <ele>36.385132</ele>
        <time>2025-09-14T08:37:04.999Z</time>
      </trkpt>
      <trkpt lat="40.896402" lon="17.340271">
        <ele>36.631606</ele>
        <time>2025-09-14T08:37:10.999Z</time>
      </trkpt>
      <trkpt lat="40.896312" lon="17.340230">
        <ele>36.859344</ele>
        <time>2025-09-14T08:37:16.999Z</time>
      </trkpt>
      <trkpt lat="40.896248" lon="17.340119">
        <ele>37.111821</ele>
        <time>2025-09-14T08:37:21.999Z</time>
      </trkpt>
      <trkpt lat="40.896181" lon="17.340026">
        <ele>37.344167</ele>
        <time>2025-09-14T08:37:27.999Z</time>
      </trkpt>
      <trkpt lat="40.896098" lon="17.339924">
        <ele>37.615207</ele>
        <time>2025-09-14T08:37:31.999Z</time>
      </trkpt>
      <trkpt lat="40.896023" lon="17.339831">
        <ele>37.861149</ele>
        <time>2025-09-14T08:37:35.999Z</time>
      </trkpt>
      <trkpt lat="40.895922" lon="17.339878">
        <ele>38.117309</ele>
        <time>2025-09-14T08:37:41.999Z</time>
      </trkpt>
      <trkpt lat="40.895824" lon="17.339864">
        <ele>38.353141</ele>
        <time>2025-09-14T08:37:48.999Z</time>
      </trkpt>
      <trkpt lat="40.895724" lon="17.339848">
        <ele>38.594138</ele>
        <time>2025-09-14T08:37:54.999Z</time>
      </trkpt>
      <trkpt lat="40.895629" lon="17.339831">
        <ele>38.823500</ele>
        <time>2025-09-14T08:37:59.999Z</time>
      </trkpt>
      <trkpt lat="40.895524" lon="17.339803">
        <ele>39.079769</ele>
        <time>2025-09-14T08:38:03.999Z</time>
      </trkpt>
      <trkpt lat="40.895429" lon="17.339785">
        <ele>39.215279</ele>
        <time>2025-09-14T08:38:06.999Z</time>
      </trkpt>
      <trkpt lat="40.895327" lon="17.339777">
        <ele>39.327881</ele>
        <time>2025-09-14T08:38:09.999Z</time>
      </trkpt>
      <trkpt lat="40.895230" lon="17.339761">
        <ele>39.435603</ele>
        <time>2025-09-14T08:38:12.999Z</time>
      </trkpt>
      <trkpt lat="40.895132" lon="17.339733">
        <ele>39.546089</ele>
        <time>2025-09-14T08:38:15.999Z</time>
      </trkpt>
      <trkpt lat="40.895024" lon="17.339709">
        <ele>39.666772</ele>
        <time>2025-09-14T08:38:18.999Z</time>
      </trkpt>
      <trkpt lat="40.894914" lon="17.339684">
        <ele>39.789768</ele>
        <time>2025-09-14T08:38:21.999Z</time>
      </trkpt>
      <trkpt lat="40.894811" lon="17.339655">
        <ele>39.905816</ele>
        <time>2025-09-14T08:38:24.999Z</time>
      </trkpt>
      <trkpt lat="40.894706" lon="17.339633">
        <ele>40.022969</ele>
        <time>2025-09-14T08:38:27.999Z</time>
      </trkpt>
      <trkpt lat="40.894598" lon="17.339631">
        <ele>40.141997</ele>
        <time>2025-09-14T08:38:30.999Z</time>
      </trkpt>
      <trkpt lat="40.894501" lon="17.339672">
        <ele>40.254214</ele>
        <time>2025-09-14T08:38:33.999Z</time>
      </trkpt>
      <trkpt lat="40.894463" lon="17.339829">
        <ele>40.391539</ele>
        <time>2025-09-14T08:38:37.999Z</time>
      </trkpt>
      <trkpt lat="40.894395" lon="17.339953">
        <ele>40.519153</ele>
        <time>2025-09-14T08:38:40.999Z</time>
      </trkpt>
      <trkpt lat="40.894308" lon="17.340071">
        <ele>40.656463</ele>
        <time>2025-09-14T08:38:43.999Z</time>
      </trkpt>
      <trkpt lat="40.894204" lon="17.340175">
        <ele>40.800131</ele>
        <time>2025-09-14T08:38:46.999Z</time>
      </trkpt>
      <trkpt lat="40.894102" lon="17.340272">
        <ele>40.938565</ele>
        <time>2025-09-14T08:38:49.999Z</time>
      </trkpt>
      <trkpt lat="40.894013" lon="17.340381">
        <ele>41.072221</ele>
        <time>2025-09-14T08:38:52.999Z</time>
      </trkpt>
      <trkpt lat="40.893926" lon="17.340501">
        <ele>41.165305</ele>
        <time>2025-09-14T08:38:55.999Z</time>
      </trkpt>
      <trkpt lat="40.893865" lon="17.340592">
        <ele>41.217503</ele>
        <time>2025-09-14T08:38:57.999Z</time>
      </trkpt>
      <trkpt lat="40.893765" lon="17.340702">
        <ele>41.291342</ele>
        <time>2025-09-14T08:39:00.999Z</time>
      </trkpt>
      <trkpt lat="40.893660" lon="17.340793">
        <ele>41.362609</ele>
        <time>2025-09-14T08:39:03.999Z</time>
      </trkpt>
      <trkpt lat="40.893561" lon="17.340893">
        <ele>41.433328</ele>
        <time>2025-09-14T08:39:06.999Z</time>
      </trkpt>
      <trkpt lat="40.893462" lon="17.340975">
        <ele>41.499643</ele>
        <time>2025-09-14T08:39:09.999Z</time>
      </trkpt>
      <trkpt lat="40.893397" lon="17.341095">
        <ele>41.563002</ele>
        <time>2025-09-14T08:39:12.999Z</time>
      </trkpt>
      <trkpt lat="40.893320" lon="17.341211">
        <ele>41.629256</ele>
        <time>2025-09-14T08:39:15.999Z</time>
      </trkpt>
      <trkpt lat="40.893244" lon="17.341316">
        <ele>41.691646</ele>
        <time>2025-09-14T08:39:18.999Z</time>
      </trkpt>
      <trkpt lat="40.893150" lon="17.341384">
        <ele>41.752473</ele>
        <time>2025-09-14T08:39:21.999Z</time>
      </trkpt>
      <trkpt lat="40.893064" lon="17.341442">
        <ele>41.807279</ele>
        <time>2025-09-14T08:39:24.999Z</time>
      </trkpt>
      <trkpt lat="40.892978" lon="17.341497">
        <ele>41.861512</ele>
        <time>2025-09-14T08:39:27.999Z</time>
      </trkpt>
      <trkpt lat="40.892890" lon="17.341555">
        <ele>41.917331</ele>
        <time>2025-09-14T08:39:30.999Z</time>
      </trkpt>
      <trkpt lat="40.892792" lon="17.341617">
        <ele>41.979006</ele>
        <time>2025-09-14T08:39:33.999Z</time>
      </trkpt>
      <trkpt lat="40.892688" lon="17.341678">
        <ele>42.043595</ele>
        <time>2025-09-14T08:39:36.999Z</time>
      </trkpt>
      <trkpt lat="40.892586" lon="17.341746">
        <ele>42.108444</ele>
        <time>2025-09-14T08:39:39.999Z</time>
      </trkpt>
      <trkpt lat="40.892490" lon="17.341838">
        <ele>42.158166</ele>
        <time>2025-09-14T08:39:42.999Z</time>
      </trkpt>
      <trkpt lat="40.892405" lon="17.341942">
        <ele>42.193113</ele>
        <time>2025-09-14T08:39:45.999Z</time>
      </trkpt>
      <trkpt lat="40.892322" lon="17.342058">
        <ele>42.229558</ele>
        <time>2025-09-14T08:39:48.999Z</time>
      </trkpt>
      <trkpt lat="40.892240" lon="17.342162">
        <ele>42.263846</ele>
        <time>2025-09-14T08:39:51.999Z</time>
      </trkpt>
      <trkpt lat="40.892166" lon="17.342274">
        <ele>42.297787</ele>
        <time>2025-09-14T08:39:54.999Z</time>
      </trkpt>
      <trkpt lat="40.892080" lon="17.342371">
        <ele>42.331899</ele>
        <time>2025-09-14T08:39:57.999Z</time>
      </trkpt>
      <trkpt lat="40.892001" lon="17.342472">
        <ele>42.365061</ele>
        <time>2025-09-14T08:40:00.999Z</time>
      </trkpt>
      <trkpt lat="40.891923" lon="17.342591">
        <ele>42.400999</ele>
        <time>2025-09-14T08:40:03.999Z</time>
      </trkpt>
      <trkpt lat="40.891836" lon="17.342699">
        <ele>42.437010</ele>
        <time>2025-09-14T08:40:06.999Z</time>
      </trkpt>
      <trkpt lat="40.891752" lon="17.342815">
        <ele>42.473663</ele>
        <time>2025-09-14T08:40:09.999Z</time>
      </trkpt>
      <trkpt lat="40.891661" lon="17.342933">
        <ele>42.512125</ele>
        <time>2025-09-14T08:40:12.999Z</time>
      </trkpt>
      <trkpt lat="40.891575" lon="17.343046">
        <ele>42.548712</ele>
        <time>2025-09-14T08:40:15.999Z</time>
      </trkpt>
      <trkpt lat="40.891501" lon="17.343168">
        <ele>42.584403</ele>
        <time>2025-09-14T08:40:18.999Z</time>
      </trkpt>
      <trkpt lat="40.891429" lon="17.343295">
        <ele>42.620625</ele>
        <time>2025-09-14T08:40:21.999Z</time>
      </trkpt>
      <trkpt lat="40.891348" lon="17.343424">
        <ele>42.658888</ele>
        <time>2025-09-14T08:40:24.999Z</time>
      </trkpt>
      <trkpt lat="40.891263" lon="17.343542">
        <ele>42.620374</ele>
        <time>2025-09-14T08:40:27.999Z</time>
      </trkpt>
      <trkpt lat="40.891170" lon="17.343670">
        <ele>42.456068</ele>
        <time>2025-09-14T08:40:30.999Z</time>
      </trkpt>
      <trkpt lat="40.891086" lon="17.343795">
        <ele>42.301282</ele>
        <time>2025-09-14T08:40:33.999Z</time>
      </trkpt>
      <trkpt lat="40.891005" lon="17.343916">
        <ele>42.151702</ele>
        <time>2025-09-14T08:40:36.999Z</time>
      </trkpt>
      <trkpt lat="40.890962" lon="17.344037">
        <ele>42.027962</ele>
        <time>2025-09-14T08:40:39.999Z</time>
      </trkpt>
      <trkpt lat="40.891056" lon="17.344150">
        <ele>41.872461</ele>
        <time>2025-09-14T08:40:42.999Z</time>
      </trkpt>
      <trkpt lat="40.891125" lon="17.344293">
        <ele>41.715455</ele>
        <time>2025-09-14T08:40:45.999Z</time>
      </trkpt>
      <trkpt lat="40.891198" lon="17.344425">
        <ele>41.564091</ele>
        <time>2025-09-14T08:40:48.999Z</time>
      </trkpt>
      <trkpt lat="40.891280" lon="17.344561">
        <ele>41.403093</ele>
        <time>2025-09-14T08:40:51.999Z</time>
      </trkpt>
      <trkpt lat="40.891328" lon="17.344666">
        <ele>41.289531</ele>
        <time>2025-09-14T08:40:53.999Z</time>
      </trkpt>
      <trkpt lat="40.891379" lon="17.344771">
        <ele>41.174026</ele>
        <time>2025-09-14T08:40:55.999Z</time>
      </trkpt>
      <trkpt lat="40.891440" lon="17.344860">
        <ele>41.062843</ele>
        <time>2025-09-14T08:40:57.999Z</time>
      </trkpt>
      <trkpt lat="40.891510" lon="17.345007">
        <ele>40.902056</ele>
        <time>2025-09-14T08:41:00.999Z</time>
      </trkpt>
      <trkpt lat="40.891570" lon="17.345096">
        <ele>40.791693</ele>
        <time>2025-09-14T08:41:02.999Z</time>
      </trkpt>
      <trkpt lat="40.891642" lon="17.345237">
        <ele>40.634218</ele>
        <time>2025-09-14T08:41:05.999Z</time>
      </trkpt>
      <trkpt lat="40.891719" lon="17.345365">
        <ele>40.482827</ele>
        <time>2025-09-14T08:41:08.999Z</time>
      </trkpt>
      <trkpt lat="40.891766" lon="17.345468">
        <ele>40.241170</ele>
        <time>2025-09-14T08:41:11.999Z</time>
      </trkpt>
      <trkpt lat="40.891876" lon="17.345578">
        <ele>39.867935</ele>
        <time>2025-09-14T08:41:49.999Z</time>
      </trkpt>
      <trkpt lat="40.891973" lon="17.345570">
        <ele>39.604877</ele>
        <time>2025-09-14T08:41:54.999Z</time>
      </trkpt>
      <trkpt lat="40.892063" lon="17.345788">
        <ele>39.096641</ele>
        <time>2025-09-14T08:44:07.999Z</time>
      </trkpt>
      <trkpt lat="40.892114" lon="17.345907">
        <ele>38.816747</ele>
        <time>2025-09-14T08:44:10.999Z</time>
      </trkpt>
      <trkpt lat="40.892215" lon="17.345925">
        <ele>38.540902</ele>
        <time>2025-09-14T08:44:12.999Z</time>
      </trkpt>
      <trkpt lat="40.892341" lon="17.345856">
        <ele>38.171792</ele>
        <time>2025-09-14T08:44:15.999Z</time>
      </trkpt>
      <trkpt lat="40.892433" lon="17.345860">
        <ele>37.922642</ele>
        <time>2025-09-14T08:44:17.999Z</time>
      </trkpt>
      <trkpt lat="40.892560" lon="17.345880">
        <ele>37.576466</ele>
        <time>2025-09-14T08:44:20.999Z</time>
      </trkpt>
      <trkpt lat="40.892668" lon="17.345914">
        <ele>37.275980</ele>
        <time>2025-09-14T08:44:23.999Z</time>
      </trkpt>
      <trkpt lat="40.892776" lon="17.345997">
        <ele>36.937908</ele>
        <time>2025-09-14T08:44:26.999Z</time>
      </trkpt>
      <trkpt lat="40.892884" lon="17.346094">
        <ele>36.584577</ele>
        <time>2025-09-14T08:44:29.999Z</time>
      </trkpt>
      <trkpt lat="40.892962" lon="17.346182">
        <ele>36.307103</ele>
        <time>2025-09-14T08:44:32.999Z</time>
      </trkpt>
      <trkpt lat="40.893045" lon="17.346261">
        <ele>36.030340</ele>
        <time>2025-09-14T08:44:36.999Z</time>
      </trkpt>
      <trkpt lat="40.893145" lon="17.346316">
        <ele>35.737210</ele>
        <time>2025-09-14T08:44:41.999Z</time>
      </trkpt>
      <trkpt lat="40.893230" lon="17.346436">
        <ele>35.343338</ele>
        <time>2025-09-14T08:44:43.999Z</time>
      </trkpt>
      <trkpt lat="40.893341" lon="17.346500">
        <ele>34.926023</ele>
        <time>2025-09-14T08:44:45.999Z</time>
      </trkpt>
      <trkpt lat="40.893450" lon="17.346537">
        <ele>34.538188</ele>
        <time>2025-09-14T08:44:47.999Z</time>
      </trkpt>
      <trkpt lat="40.893550" lon="17.346543">
        <ele>34.193187</ele>
        <time>2025-09-14T08:44:49.999Z</time>
      </trkpt>
      <trkpt lat="40.893664" lon="17.346497">
        <ele>33.782419</ele>
        <time>2025-09-14T08:44:52.999Z</time>
      </trkpt>
      <trkpt lat="40.893797" lon="17.346431">
        <ele>33.292850</ele>
        <time>2025-09-14T08:44:55.999Z</time>
      </trkpt>
      <trkpt lat="40.893929" lon="17.346469">
        <ele>32.827269</ele>
        <time>2025-09-14T08:44:57.999Z</time>
      </trkpt>
      <trkpt lat="40.894044" lon="17.346486">
        <ele>32.428459</ele>
        <time>2025-09-14T08:44:59.999Z</time>
      </trkpt>
      <trkpt lat="40.894125" lon="17.346540">
        <ele>32.115850</ele>
        <time>2025-09-14T08:45:01.999Z</time>
      </trkpt>
      <trkpt lat="40.894213" lon="17.346671">
        <ele>31.659274</ele>
        <time>2025-09-14T08:45:04.999Z</time>
      </trkpt>
      <trkpt lat="40.894312" lon="17.346730">
        <ele>31.285050</ele>
        <time>2025-09-14T08:45:06.999Z</time>
      </trkpt>
      <trkpt lat="40.894407" lon="17.346769">
        <ele>30.942233</ele>
        <time>2025-09-14T08:45:08.999Z</time>
      </trkpt>
      <trkpt lat="40.894512" lon="17.346801">
        <ele>30.570875</ele>
        <time>2025-09-14T08:45:10.999Z</time>
      </trkpt>
      <trkpt lat="40.894624" lon="17.346840">
        <ele>30.171723</ele>
        <time>2025-09-14T08:45:12.999Z</time>
      </trkpt>
      <trkpt lat="40.894744" lon="17.346920">
        <ele>29.708600</ele>
        <time>2025-09-14T08:45:14.999Z</time>
      </trkpt>
      <trkpt lat="40.894846" lon="17.346971">
        <ele>29.393529</ele>
        <time>2025-09-14T08:45:16.999Z</time>
      </trkpt>
      <trkpt lat="40.894949" lon="17.346979">
        <ele>29.311378</ele>
        <time>2025-09-14T08:45:18.999Z</time>
      </trkpt>
      <trkpt lat="40.895061" lon="17.346919">
        <ele>29.215168</ele>
        <time>2025-09-14T08:45:20.999Z</time>
      </trkpt>
      <trkpt lat="40.895177" lon="17.346933">
        <ele>29.122423</ele>
        <time>2025-09-14T08:45:22.999Z</time>
      </trkpt>
      <trkpt lat="40.895289" lon="17.346939">
        <ele>29.033174</ele>
        <time>2025-09-14T08:45:24.999Z</time>
      </trkpt>
      <trkpt lat="40.895404" lon="17.346913">
        <ele>28.940282</ele>
        <time>2025-09-14T08:45:26.999Z</time>
      </trkpt>
      <trkpt lat="40.895524" lon="17.346903">
        <ele>28.844547</ele>
        <time>2025-09-14T08:45:28.999Z</time>
      </trkpt>
      <trkpt lat="40.895622" lon="17.346816">
        <ele>28.750578</ele>
        <time>2025-09-14T08:45:32.999Z</time>
      </trkpt>
      <trkpt lat="40.895701" lon="17.346712">
        <ele>28.661840</ele>
        <time>2025-09-14T08:45:35.999Z</time>
      </trkpt>
      <trkpt lat="40.895790" lon="17.346617">
        <ele>28.570786</ele>
        <time>2025-09-14T08:45:38.999Z</time>
      </trkpt>
      <trkpt lat="40.895846" lon="17.346485">
        <ele>28.479684</ele>
        <time>2025-09-14T08:45:41.999Z</time>
      </trkpt>
      <trkpt lat="40.895848" lon="17.346356">
        <ele>28.402028</ele>
        <time>2025-09-14T08:45:43.999Z</time>
      </trkpt>
      <trkpt lat="40.895846" lon="17.346232">
        <ele>28.327380</ele>
        <time>2025-09-14T08:45:45.999Z</time>
      </trkpt>
      <trkpt lat="40.895858" lon="17.346103">
        <ele>28.249155</ele>
        <time>2025-09-14T08:45:47.999Z</time>
      </trkpt>
      <trkpt lat="40.895911" lon="17.345959">
        <ele>28.152760</ele>
        <time>2025-09-14T08:45:50.999Z</time>
      </trkpt>
      <trkpt lat="40.895867" lon="17.345815">
        <ele>28.059279</ele>
        <time>2025-09-14T08:45:53.999Z</time>
      </trkpt>
      <trkpt lat="40.895807" lon="17.345689">
        <ele>28.021250</ele>
        <time>2025-09-14T08:45:56.999Z</time>
      </trkpt>
      <trkpt lat="40.895733" lon="17.345586">
        <ele>28.376067</ele>
        <time>2025-09-14T08:45:59.999Z</time>
      </trkpt>
      <trkpt lat="40.895658" lon="17.345471">
        <ele>28.755318</ele>
        <time>2025-09-14T08:46:02.999Z</time>
      </trkpt>
      <trkpt lat="40.895582" lon="17.345367">
        <ele>29.116509</ele>
        <time>2025-09-14T08:46:05.999Z</time>
      </trkpt>
      <trkpt lat="40.895506" lon="17.345275">
        <ele>29.456796</ele>
        <time>2025-09-14T08:46:08.999Z</time>
      </trkpt>
      <trkpt lat="40.895431" lon="17.345175">
        <ele>29.808541</ele>
        <time>2025-09-14T08:46:11.999Z</time>
      </trkpt>
      <trkpt lat="40.895360" lon="17.345067">
        <ele>30.165930</ele>
        <time>2025-09-14T08:46:14.999Z</time>
      </trkpt>
      <trkpt lat="40.895297" lon="17.344930">
        <ele>30.566340</ele>
        <time>2025-09-14T08:46:17.999Z</time>
      </trkpt>
      <trkpt lat="40.895226" lon="17.344819">
        <ele>30.929415</ele>
        <time>2025-09-14T08:46:20.999Z</time>
      </trkpt>
      <trkpt lat="40.895169" lon="17.344711">
        <ele>31.258313</ele>
        <time>2025-09-14T08:46:23.999Z</time>
      </trkpt>
      <trkpt lat="40.895090" lon="17.344601">
        <ele>31.637179</ele>
        <time>2025-09-14T08:46:26.999Z</time>
      </trkpt>
      <trkpt lat="40.895031" lon="17.344504">
        <ele>31.948059</ele>
        <time>2025-09-14T08:46:31.999Z</time>
      </trkpt>
      <trkpt lat="40.894944" lon="17.344411">
        <ele>32.317537</ele>
        <time>2025-09-14T08:46:36.999Z</time>
      </trkpt>
      <trkpt lat="40.894870" lon="17.344342">
        <ele>32.616594</ele>
        <time>2025-09-14T08:46:39.999Z</time>
      </trkpt>
      <trkpt lat="40.894800" lon="17.344261">
        <ele>32.923797</ele>
        <time>2025-09-14T08:46:42.999Z</time>
      </trkpt>
      <trkpt lat="40.894726" lon="17.344180">
        <ele>33.241063</ele>
        <time>2025-09-14T08:46:45.999Z</time>
      </trkpt>
      <trkpt lat="40.894654" lon="17.344089">
        <ele>33.569995</ele>
        <time>2025-09-14T08:46:49.999Z</time>
      </trkpt>
      <trkpt lat="40.894562" lon="17.344051">
        <ele>33.888363</ele>
        <time>2025-09-14T08:46:54.999Z</time>
      </trkpt>
      <trkpt lat="40.894561" lon="17.343918">
        <ele>34.036251</ele>
        <time>2025-09-14T08:46:58.999Z</time>
      </trkpt>
      <trkpt lat="40.894656" lon="17.343877">
        <ele>34.163250</ele>
        <time>2025-09-14T08:47:04.999Z</time>
      </trkpt>
      <trkpt lat="40.894752" lon="17.343900">
        <ele>34.287242</ele>
        <time>2025-09-14T08:47:09.999Z</time>
      </trkpt>
      <trkpt lat="40.894817" lon="17.344008">
        <ele>34.419867</ele>
        <time>2025-09-14T08:47:14.999Z</time>
      </trkpt>
      <trkpt lat="40.894874" lon="17.344124">
        <ele>34.552784</ele>
        <time>2025-09-14T08:47:19.999Z</time>
      </trkpt>
      <trkpt lat="40.894947" lon="17.344199">
        <ele>34.670253</ele>
        <time>2025-09-14T08:47:23.999Z</time>
      </trkpt>
      <trkpt lat="40.895018" lon="17.344274">
        <ele>34.785725</ele>
        <time>2025-09-14T08:47:27.999Z</time>
      </trkpt>
      <trkpt lat="40.895079" lon="17.344367">
        <ele>34.904016</ele>
        <time>2025-09-14T08:47:30.999Z</time>
      </trkpt>
      <trkpt lat="40.895151" lon="17.344456">
        <ele>35.029251</ele>
        <time>2025-09-14T08:47:33.999Z</time>
      </trkpt>
      <trkpt lat="40.895222" lon="17.344567">
        <ele>35.168942</ele>
        <time>2025-09-14T08:47:36.999Z</time>
      </trkpt>
      <trkpt lat="40.895321" lon="17.344658">
        <ele>35.322152</ele>
        <time>2025-09-14T08:47:39.999Z</time>
      </trkpt>
      <trkpt lat="40.895400" lon="17.344764">
        <ele>35.465158</ele>
        <time>2025-09-14T08:47:42.999Z</time>
      </trkpt>
      <trkpt lat="40.895475" lon="17.344868">
        <ele>35.603244</ele>
        <time>2025-09-14T08:47:45.999Z</time>
      </trkpt>
      <trkpt lat="40.895557" lon="17.344982">
        <ele>35.754423</ele>
        <time>2025-09-14T08:47:48.999Z</time>
      </trkpt>
      <trkpt lat="40.895611" lon="17.345081">
        <ele>35.871707</ele>
        <time>2025-09-14T08:47:50.999Z</time>
      </trkpt>
      <trkpt lat="40.895677" lon="17.345179">
        <ele>35.997800</ele>
        <time>2025-09-14T08:47:52.999Z</time>
      </trkpt>
      <trkpt lat="40.895741" lon="17.345289">
        <ele>36.131153</ele>
        <time>2025-09-14T08:47:54.999Z</time>
      </trkpt>
      <trkpt lat="40.895796" lon="17.345407">
        <ele>35.949093</ele>
        <time>2025-09-14T08:47:56.999Z</time>
      </trkpt>
      <trkpt lat="40.895859" lon="17.345505">
        <ele>35.393608</ele>
        <time>2025-09-14T08:47:58.999Z</time>
      </trkpt>
      <trkpt lat="40.895916" lon="17.345616">
        <ele>34.814190</ele>
        <time>2025-09-14T08:48:00.999Z</time>
      </trkpt>
      <trkpt lat="40.895981" lon="17.345721">
        <ele>34.228179</ele>
        <time>2025-09-14T08:48:02.999Z</time>
      </trkpt>
      <trkpt lat="40.896039" lon="17.345825">
        <ele>33.670130</ele>
        <time>2025-09-14T08:48:04.999Z</time>
      </trkpt>
      <trkpt lat="40.896143" lon="17.345894">
        <ele>33.005538</ele>
        <time>2025-09-14T08:48:07.999Z</time>
      </trkpt>
      <trkpt lat="40.896260" lon="17.345929">
        <ele>32.320335</ele>
        <time>2025-09-14T08:48:10.999Z</time>
      </trkpt>
      <trkpt lat="40.896371" lon="17.345993">
        <ele>31.628676</ele>
        <time>2025-09-14T08:48:13.999Z</time>
      </trkpt>
      <trkpt lat="40.896469" lon="17.346116">
        <ele>30.857033</ele>
        <time>2025-09-14T08:48:16.999Z</time>
      </trkpt>
      <trkpt lat="40.896547" lon="17.346200">
        <ele>30.282518</ele>
        <time>2025-09-14T08:48:18.999Z</time>
      </trkpt>
      <trkpt lat="40.896623" lon="17.346286">
        <ele>29.711243</ele>
        <time>2025-09-14T08:48:20.999Z</time>
      </trkpt>
      <trkpt lat="40.896722" lon="17.346345">
        <ele>29.091001</ele>
        <time>2025-09-14T08:48:22.999Z</time>
      </trkpt>
      <trkpt lat="40.896812" lon="17.346443">
        <ele>28.425156</ele>
        <time>2025-09-14T08:48:24.999Z</time>
      </trkpt>
      <trkpt lat="40.896902" lon="17.346533">
        <ele>27.780710</ele>
        <time>2025-09-14T08:48:26.999Z</time>
      </trkpt>
      <trkpt lat="40.896988" lon="17.346628">
        <ele>27.140723</ele>
        <time>2025-09-14T08:48:28.999Z</time>
      </trkpt>
      <trkpt lat="40.897062" lon="17.346701">
        <ele>26.613438</ele>
        <time>2025-09-14T08:48:30.999Z</time>
      </trkpt>
      <trkpt lat="40.897157" lon="17.346792">
        <ele>25.943463</ele>
        <time>2025-09-14T08:48:32.999Z</time>
      </trkpt>
      <trkpt lat="40.897241" lon="17.346855">
        <ele>25.467421</ele>
        <time>2025-09-14T08:48:34.999Z</time>
      </trkpt>
      <trkpt lat="40.897355" lon="17.346972">
        <ele>24.758346</ele>
        <time>2025-09-14T08:48:37.999Z</time>
      </trkpt>
      <trkpt lat="40.897462" lon="17.347060">
        <ele>24.139166</ele>
        <time>2025-09-14T08:48:39.999Z</time>
      </trkpt>
      <trkpt lat="40.897562" lon="17.347158">
        <ele>23.527566</ele>
        <time>2025-09-14T08:48:41.999Z</time>
      </trkpt>
      <trkpt lat="40.897664" lon="17.347242">
        <ele>22.937100</ele>
        <time>2025-09-14T08:48:43.999Z</time>
      </trkpt>
      <trkpt lat="40.897770" lon="17.347340">
        <ele>22.301564</ele>
        <time>2025-09-14T08:48:45.999Z</time>
      </trkpt>
      <trkpt lat="40.897861" lon="17.347448">
        <ele>21.700763</ele>
        <time>2025-09-14T08:48:47.999Z</time>
      </trkpt>
      <trkpt lat="40.897959" lon="17.347535">
        <ele>21.120758</ele>
        <time>2025-09-14T08:48:49.999Z</time>
      </trkpt>
      <trkpt lat="40.898061" lon="17.347662">
        <ele>20.432389</ele>
        <time>2025-09-14T08:48:51.999Z</time>
      </trkpt>
      <trkpt lat="40.898152" lon="17.347758">
        <ele>19.860393</ele>
        <time>2025-09-14T08:48:53.999Z</time>
      </trkpt>
      <trkpt lat="40.898237" lon="17.347856">
        <ele>19.306291</ele>
        <time>2025-09-14T08:48:55.999Z</time>
      </trkpt>
      <trkpt lat="40.898323" lon="17.347939">
        <ele>18.783133</ele>
        <time>2025-09-14T08:48:57.999Z</time>
      </trkpt>
      <trkpt lat="40.898416" lon="17.348031">
        <ele>18.212441</ele>
        <time>2025-09-14T08:48:59.999Z</time>
      </trkpt>
      <trkpt lat="40.898532" lon="17.348110">
        <ele>17.571259</ele>
        <time>2025-09-14T08:49:01.999Z</time>
      </trkpt>
      <trkpt lat="40.898651" lon="17.348185">
        <ele>17.030647</ele>
        <time>2025-09-14T08:49:03.999Z</time>
      </trkpt>
      <trkpt lat="40.898746" lon="17.348307">
        <ele>16.790648</ele>
        <time>2025-09-14T08:49:05.999Z</time>
      </trkpt>
      <trkpt lat="40.898843" lon="17.348408">
        <ele>16.566886</ele>
        <time>2025-09-14T08:49:07.999Z</time>
      </trkpt>
      <trkpt lat="40.898936" lon="17.348522">
        <ele>16.337061</ele>
        <time>2025-09-14T08:49:09.999Z</time>
      </trkpt>
      <trkpt lat="40.899017" lon="17.348673">
        <ele>16.083356</ele>
        <time>2025-09-14T08:49:11.999Z</time>
      </trkpt>
      <trkpt lat="40.899071" lon="17.348817">
        <ele>15.863103</ele>
        <time>2025-09-14T08:49:13.999Z</time>
      </trkpt>
      <trkpt lat="40.899087" lon="17.348935">
        <ele>15.698841</ele>
        <time>2025-09-14T08:49:16.999Z</time>
      </trkpt>
      <trkpt lat="40.899140" lon="17.349040">
        <ele>15.525842</ele>
        <time>2025-09-14T08:49:20.999Z</time>
      </trkpt>
      <trkpt lat="40.899188" lon="17.349205">
        <ele>15.283597</ele>
        <time>2025-09-14T08:49:24.999Z</time>
      </trkpt>
      <trkpt lat="40.899195" lon="17.349335">
        <ele>15.105022</ele>
        <time>2025-09-14T08:49:26.999Z</time>
      </trkpt>
      <trkpt lat="40.899209" lon="17.349471">
        <ele>14.916958</ele>
        <time>2025-09-14T08:49:28.999Z</time>
      </trkpt>
      <trkpt lat="40.899238" lon="17.349618">
        <ele>14.708795</ele>
        <time>2025-09-14T08:49:30.999Z</time>
      </trkpt>
      <trkpt lat="40.899294" lon="17.349753">
        <ele>14.497797</ele>
        <time>2025-09-14T08:49:32.999Z</time>
      </trkpt>
      <trkpt lat="40.899372" lon="17.349891">
        <ele>14.261693</ele>
        <time>2025-09-14T08:49:34.999Z</time>
      </trkpt>
      <trkpt lat="40.899448" lon="17.350032">
        <ele>14.024408</ele>
        <time>2025-09-14T08:49:36.999Z</time>
      </trkpt>
      <trkpt lat="40.899528" lon="17.350188">
        <ele>13.763838</ele>
        <time>2025-09-14T08:49:38.999Z</time>
      </trkpt>
      <trkpt lat="40.899622" lon="17.350358">
        <ele>13.465410</ele>
        <time>2025-09-14T08:49:40.999Z</time>
      </trkpt>
      <trkpt lat="40.899677" lon="17.350551">
        <ele>13.173175</ele>
        <time>2025-09-14T08:49:42.999Z</time>
      </trkpt>
      <trkpt lat="40.899720" lon="17.350742">
        <ele>12.890814</ele>
        <time>2025-09-14T08:49:44.999Z</time>
      </trkpt>
      <trkpt lat="40.899757" lon="17.350925">
        <ele>12.622421</ele>
        <time>2025-09-14T08:49:46.999Z</time>
      </trkpt>
      <trkpt lat="40.899812" lon="17.351097">
        <ele>12.357818</ele>
        <time>2025-09-14T08:49:48.999Z</time>
      </trkpt>
      <trkpt lat="40.899849" lon="17.351268">
        <ele>12.105811</ele>
        <time>2025-09-14T08:49:50.999Z</time>
      </trkpt>
      <trkpt lat="40.899937" lon="17.351400">
        <ele>11.856441</ele>
        <time>2025-09-14T08:49:52.999Z</time>
      </trkpt>
      <trkpt lat="40.899997" lon="17.351567">
        <ele>11.594464</ele>
        <time>2025-09-14T08:49:54.999Z</time>
      </trkpt>
      <trkpt lat="40.900079" lon="17.351704">
        <ele>11.346873</ele>
        <time>2025-09-14T08:49:56.999Z</time>
      </trkpt>
      <trkpt lat="40.900119" lon="17.351828">
        <ele>11.155857</ele>
        <time>2025-09-14T08:49:58.999Z</time>
      </trkpt>
      <trkpt lat="40.900180" lon="17.351936">
        <ele>10.964840</ele>
        <time>2025-09-14T08:50:00.999Z</time>
      </trkpt>
      <trkpt lat="40.900217" lon="17.352087">
        <ele>10.739941</ele>
        <time>2025-09-14T08:50:02.999Z</time>
      </trkpt>
      <trkpt lat="40.900219" lon="17.352246">
        <ele>10.514637</ele>
        <time>2025-09-14T08:50:04.999Z</time>
      </trkpt>
      <trkpt lat="40.900195" lon="17.352415">
        <ele>10.351535</ele>
        <time>2025-09-14T08:50:06.999Z</time>
      </trkpt>
      <trkpt lat="40.900221" lon="17.352575">
        <ele>10.217760</ele>
        <time>2025-09-14T08:50:08.999Z</time>
      </trkpt>
      <trkpt lat="40.900217" lon="17.352714">
        <ele>10.104057</ele>
        <time>2025-09-14T08:50:10.999Z</time>
      </trkpt>
      <trkpt lat="40.900218" lon="17.352845">
        <ele>9.996970</ele>
        <time>2025-09-14T08:50:12.999Z</time>
      </trkpt>
      <trkpt lat="40.900319" lon="17.353042">
        <ele>9.802390</ele>
        <time>2025-09-14T08:52:14.999Z</time>
      </trkpt>
      <trkpt lat="40.900438" lon="17.353042">
        <ele>9.673698</ele>
        <time>2025-09-14T08:52:18.999Z</time>
      </trkpt>
      <trkpt lat="40.900537" lon="17.353038">
        <ele>9.566584</ele>
        <time>2025-09-14T08:52:21.999Z</time>
      </trkpt>
      <trkpt lat="40.900649" lon="17.353040">
        <ele>9.445451</ele>
        <time>2025-09-14T08:52:24.999Z</time>
      </trkpt>
      <trkpt lat="40.900782" lon="17.353026">
        <ele>9.301163</ele>
        <time>2025-09-14T08:52:27.999Z</time>
      </trkpt>
      <trkpt lat="40.900878" lon="17.353010">
        <ele>9.196523</ele>
        <time>2025-09-14T08:52:29.999Z</time>
      </trkpt>
      <trkpt lat="40.900972" lon="17.352988">
        <ele>9.093289</ele>
        <time>2025-09-14T08:52:31.999Z</time>
      </trkpt>
      <trkpt lat="40.901063" lon="17.352959">
        <ele>8.992062</ele>
        <time>2025-09-14T08:52:33.999Z</time>
      </trkpt>
      <trkpt lat="40.901154" lon="17.352932">
        <ele>8.891206</ele>
        <time>2025-09-14T08:52:35.999Z</time>
      </trkpt>
      <trkpt lat="40.901242" lon="17.352875">
        <ele>8.785245</ele>
        <time>2025-09-14T08:52:37.999Z</time>
      </trkpt>
      <trkpt lat="40.901335" lon="17.352826">
        <ele>8.676988</ele>
        <time>2025-09-14T08:52:39.999Z</time>
      </trkpt>
      <trkpt lat="40.901416" lon="17.352761">
        <ele>8.574537</ele>
        <time>2025-09-14T08:52:41.999Z</time>
      </trkpt>
      <trkpt lat="40.901494" lon="17.352689">
        <ele>8.508433</ele>
        <time>2025-09-14T08:52:43.999Z</time>
      </trkpt>
      <trkpt lat="40.901572" lon="17.352601">
        <ele>8.489073</ele>
        <time>2025-09-14T08:52:45.999Z</time>
      </trkpt>
      <trkpt lat="40.901650" lon="17.352517">
        <ele>8.470077</ele>
        <time>2025-09-14T08:52:47.999Z</time>
      </trkpt>
      <trkpt lat="40.901726" lon="17.352424">
        <ele>8.450525</ele>
        <time>2025-09-14T08:52:49.999Z</time>
      </trkpt>
      <trkpt lat="40.901801" lon="17.352335">
        <ele>8.431497</ele>
        <time>2025-09-14T08:52:51.999Z</time>
      </trkpt>
      <trkpt lat="40.901869" lon="17.352256">
        <ele>8.414405</ele>
        <time>2025-09-14T08:52:53.999Z</time>
      </trkpt>
      <trkpt lat="40.901945" lon="17.352169">
        <ele>8.395424</ele>
        <time>2025-09-14T08:52:55.999Z</time>
      </trkpt>
      <trkpt lat="40.902021" lon="17.352084">
        <ele>8.376628</ele>
        <time>2025-09-14T08:52:57.999Z</time>
      </trkpt>
      <trkpt lat="40.902091" lon="17.352003">
        <ele>8.359064</ele>
        <time>2025-09-14T08:52:59.999Z</time>
      </trkpt>
      <trkpt lat="40.902166" lon="17.351923">
        <ele>8.340868</ele>
        <time>2025-09-14T08:53:01.999Z</time>
      </trkpt>
      <trkpt lat="40.902242" lon="17.351845">
        <ele>8.322702</ele>
        <time>2025-09-14T08:53:03.999Z</time>
      </trkpt>
      <trkpt lat="40.902314" lon="17.351763">
        <ele>8.304759</ele>
        <time>2025-09-14T08:53:05.999Z</time>
      </trkpt>
      <trkpt lat="40.902389" lon="17.351682">
        <ele>8.286473</ele>
        <time>2025-09-14T08:53:07.999Z</time>
      </trkpt>
      <trkpt lat="40.902463" lon="17.351601">
        <ele>8.268334</ele>
        <time>2025-09-14T08:53:09.999Z</time>
      </trkpt>
      <trkpt lat="40.902541" lon="17.351522">
        <ele>8.249781</ele>
        <time>2025-09-14T08:53:11.999Z</time>
      </trkpt>
      <trkpt lat="40.902617" lon="17.351443">
        <ele>8.231527</ele>
        <time>2025-09-14T08:53:13.999Z</time>
      </trkpt>
      <trkpt lat="40.902702" lon="17.351359">
        <ele>8.211489</ele>
        <time>2025-09-14T08:53:15.999Z</time>
      </trkpt>
      <trkpt lat="40.902781" lon="17.351270">
        <ele>8.191892</ele>
        <time>2025-09-14T08:53:17.999Z</time>
      </trkpt>
      <trkpt lat="40.902860" lon="17.351184">
        <ele>8.173647</ele>
        <time>2025-09-14T08:53:19.999Z</time>
      </trkpt>
      <trkpt lat="40.902939" lon="17.351100">
        <ele>8.159755</ele>
        <time>2025-09-14T08:53:21.999Z</time>
      </trkpt>
      <trkpt lat="40.903010" lon="17.351020">
        <ele>8.146971</ele>
        <time>2025-09-14T08:53:23.999Z</time>
      </trkpt>
      <trkpt lat="40.903087" lon="17.350939">
        <ele>8.133487</ele>
        <time>2025-09-14T08:53:25.999Z</time>
      </trkpt>
      <trkpt lat="40.903162" lon="17.350854">
        <ele>8.119950</ele>
        <time>2025-09-14T08:53:27.999Z</time>
      </trkpt>
      <trkpt lat="40.903240" lon="17.350773">
        <ele>8.106358</ele>
        <time>2025-09-14T08:53:29.999Z</time>
      </trkpt>
      <trkpt lat="40.903314" lon="17.350695">
        <ele>8.093389</ele>
        <time>2025-09-14T08:53:31.999Z</time>
      </trkpt>
      <trkpt lat="40.903390" lon="17.350609">
        <ele>8.079680</ele>
        <time>2025-09-14T08:53:33.999Z</time>
      </trkpt>
      <trkpt lat="40.903468" lon="17.350533">
        <ele>8.066402</ele>
        <time>2025-09-14T08:53:35.999Z</time>
      </trkpt>
      <trkpt lat="40.903550" lon="17.350454">
        <ele>8.052498</ele>
        <time>2025-09-14T08:53:37.999Z</time>
      </trkpt>
      <trkpt lat="40.903628" lon="17.350384">
        <ele>8.039578</ele>
        <time>2025-09-14T08:53:39.999Z</time>
      </trkpt>
      <trkpt lat="40.903712" lon="17.350310">
        <ele>8.025745</ele>
        <time>2025-09-14T08:53:41.999Z</time>
      </trkpt>
      <trkpt lat="40.903793" lon="17.350238">
        <ele>8.012368</ele>
        <time>2025-09-14T08:53:43.999Z</time>
      </trkpt>
      <trkpt lat="40.903869" lon="17.350166">
        <ele>7.999555</ele>
        <time>2025-09-14T08:53:45.999Z</time>
      </trkpt>
      <trkpt lat="40.903980" lon="17.350072">
        <ele>7.981490</ele>
        <time>2025-09-14T08:53:48.999Z</time>
      </trkpt>
      <trkpt lat="40.904095" lon="17.350000">
        <ele>7.964051</ele>
        <time>2025-09-14T08:53:51.999Z</time>
      </trkpt>
      <trkpt lat="40.904205" lon="17.349958">
        <ele>7.948357</ele>
        <time>2025-09-14T08:53:54.999Z</time>
      </trkpt>
      <trkpt lat="40.904296" lon="17.349924">
        <ele>7.935395</ele>
        <time>2025-09-14T08:53:57.999Z</time>
      </trkpt>
      <trkpt lat="40.904386" lon="17.349833">
        <ele>7.915249</ele>
        <time>2025-09-14T08:54:01.999Z</time>
      </trkpt>
      <trkpt lat="40.904438" lon="17.349721">
        <ele>7.895390</ele>
        <time>2025-09-14T08:54:04.999Z</time>
      </trkpt>
      <trkpt lat="40.904532" lon="17.349620">
        <ele>7.871185</ele>
        <time>2025-09-14T08:54:08.999Z</time>
      </trkpt>
      <trkpt lat="40.904651" lon="17.349587">
        <ele>7.846881</ele>
        <time>2025-09-14T08:54:11.999Z</time>
      </trkpt>
      <trkpt lat="40.904741" lon="17.349502">
        <ele>7.824778</ele>
        <time>2025-09-14T08:54:14.999Z</time>
      </trkpt>
      <trkpt lat="40.904844" lon="17.349435">
        <ele>7.801835</ele>
        <time>2025-09-14T08:54:17.999Z</time>
      </trkpt>
      <trkpt lat="40.904951" lon="17.349364">
        <ele>7.777907</ele>
        <time>2025-09-14T08:54:20.999Z</time>
      </trkpt>
      <trkpt lat="40.905049" lon="17.349300">
        <ele>7.756062</ele>
        <time>2025-09-14T08:54:23.999Z</time>
      </trkpt>
      <trkpt lat="40.905141" lon="17.349242">
        <ele>7.735691</ele>
        <time>2025-09-14T08:54:26.999Z</time>
      </trkpt>
      <trkpt lat="40.905232" lon="17.349193">
        <ele>7.716052</ele>
        <time>2025-09-14T08:54:29.999Z</time>
      </trkpt>
      <trkpt lat="40.905330" lon="17.349165">
        <ele>7.696011</ele>
        <time>2025-09-14T08:54:32.999Z</time>
      </trkpt>
      <trkpt lat="40.905417" lon="17.349126">
        <ele>7.677649</ele>
        <time>2025-09-14T08:54:35.999Z</time>
      </trkpt>
      <trkpt lat="40.905448" lon="17.348988">
        <ele>7.655899</ele>
        <time>2025-09-14T08:54:40.999Z</time>
      </trkpt>
      <trkpt lat="40.905360" lon="17.349021">
        <ele>7.637616</ele>
        <time>2025-09-14T08:55:45.999Z</time>
      </trkpt>
      <trkpt lat="40.905527" lon="17.349082">
        <ele>7.602985</ele>
        <time>2025-09-14T09:00:21.999Z</time>
      </trkpt>
      <trkpt lat="40.905601" lon="17.349000">
        <ele>7.583690</ele>
        <time>2025-09-14T09:00:26.999Z</time>
      </trkpt>
      <trkpt lat="40.905694" lon="17.349007">
        <ele>7.569706</ele>
        <time>2025-09-14T09:00:29.999Z</time>
      </trkpt>
      <trkpt lat="40.905779" lon="17.348916">
        <ele>7.566812</ele>
        <time>2025-09-14T09:00:32.999Z</time>
      </trkpt>
      <trkpt lat="40.905869" lon="17.348834">
        <ele>7.563919</ele>
        <time>2025-09-14T09:00:35.999Z</time>
      </trkpt>
      <trkpt lat="40.905978" lon="17.348774">
        <ele>7.560795</ele>
        <time>2025-09-14T09:00:38.999Z</time>
      </trkpt>
      <trkpt lat="40.906082" lon="17.348685">
        <ele>7.557516</ele>
        <time>2025-09-14T09:00:41.999Z</time>
      </trkpt>
      <trkpt lat="40.906184" lon="17.348608">
        <ele>7.554408</ele>
        <time>2025-09-14T09:00:44.999Z</time>
      </trkpt>
      <trkpt lat="40.906284" lon="17.348529">
        <ele>7.551325</ele>
        <time>2025-09-14T09:00:47.999Z</time>
      </trkpt>
      <trkpt lat="40.906374" lon="17.348454">
        <ele>7.548510</ele>
        <time>2025-09-14T09:00:50.999Z</time>
      </trkpt>
      <trkpt lat="40.906472" lon="17.348377">
        <ele>7.545493</ele>
        <time>2025-09-14T09:00:53.999Z</time>
      </trkpt>
      <trkpt lat="40.906574" lon="17.348303">
        <ele>7.542414</ele>
        <time>2025-09-14T09:00:56.999Z</time>
      </trkpt>
      <trkpt lat="40.906668" lon="17.348221">
        <ele>7.539434</ele>
        <time>2025-09-14T09:00:59.999Z</time>
      </trkpt>
      <trkpt lat="40.906779" lon="17.348146">
        <ele>7.536135</ele>
        <time>2025-09-14T09:01:02.999Z</time>
      </trkpt>
      <trkpt lat="40.906877" lon="17.348047">
        <ele>7.532872</ele>
        <time>2025-09-14T09:01:05.999Z</time>
      </trkpt>
      <trkpt lat="40.906980" lon="17.347960">
        <ele>7.529637</ele>
        <time>2025-09-14T09:01:08.999Z</time>
      </trkpt>
      <trkpt lat="40.907088" lon="17.347873">
        <ele>7.526290</ele>
        <time>2025-09-14T09:01:11.999Z</time>
      </trkpt>
      <trkpt lat="40.907207" lon="17.347793">
        <ele>7.522665</ele>
        <time>2025-09-14T09:01:14.999Z</time>
      </trkpt>
      <trkpt lat="40.907319" lon="17.347693">
        <ele>7.512228</ele>
        <time>2025-09-14T09:01:17.999Z</time>
      </trkpt>
      <trkpt lat="40.907435" lon="17.347605">
        <ele>7.501899</ele>
        <time>2025-09-14T09:01:20.999Z</time>
      </trkpt>
      <trkpt lat="40.907509" lon="17.347531">
        <ele>7.494733</ele>
        <time>2025-09-14T09:01:22.999Z</time>
      </trkpt>
      <trkpt lat="40.907586" lon="17.347459">
        <ele>7.487450</ele>
        <time>2025-09-14T09:01:24.999Z</time>
      </trkpt>
      <trkpt lat="40.907667" lon="17.347382">
        <ele>7.479746</ele>
        <time>2025-09-14T09:01:26.999Z</time>
      </trkpt>
      <trkpt lat="40.907757" lon="17.347299">
        <ele>7.471271</ele>
        <time>2025-09-14T09:01:28.999Z</time>
      </trkpt>
      <trkpt lat="40.907851" lon="17.347207">
        <ele>7.462240</ele>
        <time>2025-09-14T09:01:30.999Z</time>
      </trkpt>
      <trkpt lat="40.907948" lon="17.347116">
        <ele>7.453054</ele>
        <time>2025-09-14T09:01:32.999Z</time>
      </trkpt>
      <trkpt lat="40.908055" lon="17.347045">
        <ele>7.443808</ele>
        <time>2025-09-14T09:01:34.999Z</time>
      </trkpt>
      <trkpt lat="40.908160" lon="17.347003">
        <ele>7.435334</ele>
        <time>2025-09-14T09:01:36.999Z</time>
      </trkpt>
      <trkpt lat="40.908257" lon="17.346958">
        <ele>7.427394</ele>
        <time>2025-09-14T09:01:38.999Z</time>
      </trkpt>
      <trkpt lat="40.908342" lon="17.346905">
        <ele>7.420136</ele>
        <time>2025-09-14T09:01:40.999Z</time>
      </trkpt>
      <trkpt lat="40.908426" lon="17.346845">
        <ele>7.412762</ele>
        <time>2025-09-14T09:01:42.999Z</time>
      </trkpt>
      <trkpt lat="40.908511" lon="17.346789">
        <ele>7.405427</ele>
        <time>2025-09-14T09:01:44.999Z</time>
      </trkpt>
      <trkpt lat="40.908581" lon="17.346707">
        <ele>7.398205</ele>
        <time>2025-09-14T09:01:46.999Z</time>
      </trkpt>
      <trkpt lat="40.908648" lon="17.346621">
        <ele>7.390994</ele>
        <time>2025-09-14T09:01:48.999Z</time>
      </trkpt>
      <trkpt lat="40.908738" lon="17.346491">
        <ele>7.460109</ele>
        <time>2025-09-14T09:01:51.999Z</time>
      </trkpt>
      <trkpt lat="40.908825" lon="17.346365">
        <ele>7.700224</ele>
        <time>2025-09-14T09:01:54.999Z</time>
      </trkpt>
      <trkpt lat="40.908901" lon="17.346301">
        <ele>7.867928</ele>
        <time>2025-09-14T09:01:56.999Z</time>
      </trkpt>
      <trkpt lat="40.908989" lon="17.346259">
        <ele>8.042079</ele>
        <time>2025-09-14T09:01:58.999Z</time>
      </trkpt>
      <trkpt lat="40.909069" lon="17.346193">
        <ele>8.217583</ele>
        <time>2025-09-14T09:02:00.999Z</time>
      </trkpt>
      <trkpt lat="40.909151" lon="17.346136">
        <ele>8.390016</ele>
        <time>2025-09-14T09:02:02.999Z</time>
      </trkpt>
      <trkpt lat="40.909229" lon="17.346073">
        <ele>8.560134</ele>
        <time>2025-09-14T09:02:04.999Z</time>
      </trkpt>
      <trkpt lat="40.909323" lon="17.345954">
        <ele>8.802314</ele>
        <time>2025-09-14T09:02:07.999Z</time>
      </trkpt>
      <trkpt lat="40.909392" lon="17.345808">
        <ele>9.044577</ele>
        <time>2025-09-14T09:02:10.999Z</time>
      </trkpt>
      <trkpt lat="40.909422" lon="17.345692">
        <ele>9.217067</ele>
        <time>2025-09-14T09:02:12.999Z</time>
      </trkpt>
      <trkpt lat="40.909449" lon="17.345568">
        <ele>9.398618</ele>
        <time>2025-09-14T09:02:14.999Z</time>
      </trkpt>
      <trkpt lat="40.909467" lon="17.345448">
        <ele>9.570738</ele>
        <time>2025-09-14T09:02:16.999Z</time>
      </trkpt>
      <trkpt lat="40.909486" lon="17.345326">
        <ele>9.745986</ele>
        <time>2025-09-14T09:02:18.999Z</time>
      </trkpt>
      <trkpt lat="40.909520" lon="17.345214">
        <ele>9.915794</ele>
        <time>2025-09-14T09:02:20.999Z</time>
      </trkpt>
      <trkpt lat="40.909607" lon="17.345083">
        <ele>10.161147</ele>
        <time>2025-09-14T09:02:23.999Z</time>
      </trkpt>
      <trkpt lat="40.909713" lon="17.344981">
        <ele>10.405138</ele>
        <time>2025-09-14T09:02:26.999Z</time>
      </trkpt>
      <trkpt lat="40.909796" lon="17.344902">
        <ele>10.595472</ele>
        <time>2025-09-14T09:02:28.999Z</time>
      </trkpt>
      <trkpt lat="40.909878" lon="17.344813">
        <ele>10.779617</ele>
        <time>2025-09-14T09:02:30.999Z</time>
      </trkpt>
      <trkpt lat="40.909974" lon="17.344711">
        <ele>10.958632</ele>
        <time>2025-09-14T09:02:32.999Z</time>
      </trkpt>
      <trkpt lat="40.910041" lon="17.344593">
        <ele>11.120815</ele>
        <time>2025-09-14T09:02:34.999Z</time>
      </trkpt>
      <trkpt lat="40.910116" lon="17.344503">
        <ele>11.268031</ele>
        <time>2025-09-14T09:02:36.999Z</time>
      </trkpt>
      <trkpt lat="40.910092" lon="17.344356">
        <ele>11.433289</ele>
        <time>2025-09-14T09:02:38.999Z</time>
      </trkpt>
      <trkpt lat="40.910030" lon="17.344253">
        <ele>11.577985</ele>
        <time>2025-09-14T09:02:41.999Z</time>
      </trkpt>
      <trkpt lat="40.909982" lon="17.344139">
        <ele>11.721384</ele>
        <time>2025-09-14T09:02:44.999Z</time>
      </trkpt>
      <trkpt lat="40.909931" lon="17.344010">
        <ele>11.881360</ele>
        <time>2025-09-14T09:02:47.999Z</time>
      </trkpt>
      <trkpt lat="40.909884" lon="17.343880">
        <ele>12.039716</ele>
        <time>2025-09-14T09:02:50.999Z</time>
      </trkpt>
      <trkpt lat="40.909840" lon="17.343738">
        <ele>12.208360</ele>
        <time>2025-09-14T09:02:53.999Z</time>
      </trkpt>
      <trkpt lat="40.909824" lon="17.343574">
        <ele>12.390067</ele>
        <time>2025-09-14T09:02:56.999Z</time>
      </trkpt>
      <trkpt lat="40.909813" lon="17.343451">
        <ele>12.526170</ele>
        <time>2025-09-14T09:02:58.999Z</time>
      </trkpt>
      <trkpt lat="40.909795" lon="17.343275">
        <ele>12.721331</ele>
        <time>2025-09-14T09:03:01.999Z</time>
      </trkpt>
      <trkpt lat="40.909765" lon="17.343109">
        <ele>12.908884</ele>
        <time>2025-09-14T09:03:04.999Z</time>
      </trkpt>
      <trkpt lat="40.909723" lon="17.342962">
        <ele>13.081574</ele>
        <time>2025-09-14T09:03:07.999Z</time>
      </trkpt>
      <trkpt lat="40.909674" lon="17.342835">
        <ele>13.238264</ele>
        <time>2025-09-14T09:03:10.999Z</time>
      </trkpt>
      <trkpt lat="40.909616" lon="17.342711">
        <ele>13.476282</ele>
        <time>2025-09-14T09:03:13.999Z</time>
      </trkpt>
      <trkpt lat="40.909566" lon="17.342584">
        <ele>13.873342</ele>
        <time>2025-09-14T09:03:16.999Z</time>
      </trkpt>
      <trkpt lat="40.909532" lon="17.342444">
        <ele>14.281080</ele>
        <time>2025-09-14T09:03:19.999Z</time>
      </trkpt>
      <trkpt lat="40.909489" lon="17.342302">
        <ele>14.705245</ele>
        <time>2025-09-14T09:03:22.999Z</time>
      </trkpt>
      <trkpt lat="40.909428" lon="17.342181">
        <ele>15.108547</ele>
        <time>2025-09-14T09:03:25.999Z</time>
      </trkpt>
      <trkpt lat="40.909350" lon="17.342081">
        <ele>15.507018</ele>
        <time>2025-09-14T09:03:28.999Z</time>
      </trkpt>
      <trkpt lat="40.909265" lon="17.341977">
        <ele>15.931768</ele>
        <time>2025-09-14T09:03:31.999Z</time>
      </trkpt>
      <trkpt lat="40.909187" lon="17.341864">
        <ele>16.356114</ele>
        <time>2025-09-14T09:03:34.999Z</time>
      </trkpt>
      <trkpt lat="40.909111" lon="17.341759">
        <ele>16.759245</ele>
        <time>2025-09-14T09:03:37.999Z</time>
      </trkpt>
      <trkpt lat="40.909034" lon="17.341651">
        <ele>17.170933</ele>
        <time>2025-09-14T09:03:40.999Z</time>
      </trkpt>
      <trkpt lat="40.908993" lon="17.341506">
        <ele>17.600207</ele>
        <time>2025-09-14T09:03:43.999Z</time>
      </trkpt>
      <trkpt lat="40.908956" lon="17.341363">
        <ele>18.019311</ele>
        <time>2025-09-14T09:03:46.999Z</time>
      </trkpt>
      <trkpt lat="40.908928" lon="17.341223">
        <ele>18.420865</ele>
        <time>2025-09-14T09:03:49.999Z</time>
      </trkpt>
      <trkpt lat="40.908928" lon="17.341087">
        <ele>18.797966</ele>
        <time>2025-09-14T09:03:52.999Z</time>
      </trkpt>
      <trkpt lat="40.909000" lon="17.340986">
        <ele>19.182948</ele>
        <time>2025-09-14T09:03:55.999Z</time>
      </trkpt>
      <trkpt lat="40.909092" lon="17.340920">
        <ele>19.566907</ele>
        <time>2025-09-14T09:03:58.999Z</time>
      </trkpt>
      <trkpt lat="40.909168" lon="17.340825">
        <ele>19.951642</ele>
        <time>2025-09-14T09:04:01.999Z</time>
      </trkpt>
      <trkpt lat="40.909249" lon="17.340749">
        <ele>20.421940</ele>
        <time>2025-09-14T09:04:04.999Z</time>
      </trkpt>
      <trkpt lat="40.909328" lon="17.340648">
        <ele>20.942224</ele>
        <time>2025-09-14T09:04:08.999Z</time>
      </trkpt>
      <trkpt lat="40.909409" lon="17.340569">
        <ele>21.418813</ele>
        <time>2025-09-14T09:04:12.999Z</time>
      </trkpt>
      <trkpt lat="40.909463" lon="17.340447">
        <ele>21.924884</ele>
        <time>2025-09-14T09:04:16.999Z</time>
      </trkpt>
      <trkpt lat="40.909507" lon="17.340317">
        <ele>22.434739</ele>
        <time>2025-09-14T09:04:20.999Z</time>
      </trkpt>
      <trkpt lat="40.909549" lon="17.340185">
        <ele>22.947387</ele>
        <time>2025-09-14T09:04:24.999Z</time>
      </trkpt>
      <trkpt lat="40.909520" lon="17.340056">
        <ele>23.429125</ele>
        <time>2025-09-14T09:04:28.999Z</time>
      </trkpt>
      <trkpt lat="40.909482" lon="17.339920">
        <ele>23.948128</ele>
        <time>2025-09-14T09:04:32.999Z</time>
      </trkpt>
      <trkpt lat="40.909443" lon="17.339771">
        <ele>24.512539</ele>
        <time>2025-09-14T09:04:36.999Z</time>
      </trkpt>
      <trkpt lat="40.909413" lon="17.339653">
        <ele>24.958168</ele>
        <time>2025-09-14T09:04:39.999Z</time>
      </trkpt>
      <trkpt lat="40.909379" lon="17.339519">
        <ele>25.464118</ele>
        <time>2025-09-14T09:04:42.999Z</time>
      </trkpt>
      <trkpt lat="40.909339" lon="17.339394">
        <ele>25.950000</ele>
        <time>2025-09-14T09:04:45.999Z</time>
      </trkpt>
      <trkpt lat="40.909307" lon="17.339255">
        <ele>26.470109</ele>
        <time>2025-09-14T09:04:48.999Z</time>
      </trkpt>
      <trkpt lat="40.909271" lon="17.339128">
        <ele>26.955619</ele>
        <time>2025-09-14T09:04:51.999Z</time>
      </trkpt>
      <trkpt lat="40.909240" lon="17.339015">
        <ele>27.385916</ele>
        <time>2025-09-14T09:04:54.999Z</time>
      </trkpt>
      <trkpt lat="40.909197" lon="17.338910">
        <ele>27.813387</ele>
        <time>2025-09-14T09:04:57.999Z</time>
      </trkpt>
      <trkpt lat="40.909141" lon="17.338790">
        <ele>28.318207</ele>
        <time>2025-09-14T09:05:01.999Z</time>
      </trkpt>
      <trkpt lat="40.909082" lon="17.338691">
        <ele>28.532597</ele>
        <time>2025-09-14T09:05:04.999Z</time>
      </trkpt>
      <trkpt lat="40.909008" lon="17.338606">
        <ele>28.635199</ele>
        <time>2025-09-14T09:05:08.999Z</time>
      </trkpt>
      <trkpt lat="40.908900" lon="17.338534">
        <ele>28.761819</ele>
        <time>2025-09-14T09:05:12.999Z</time>
      </trkpt>
      <trkpt lat="40.908845" lon="17.338407">
        <ele>28.877644</ele>
        <time>2025-09-14T09:05:15.999Z</time>
      </trkpt>
      <trkpt lat="40.908807" lon="17.338262">
        <ele>28.999084</ele>
        <time>2025-09-14T09:05:18.999Z</time>
      </trkpt>
      <trkpt lat="40.908753" lon="17.338125">
        <ele>29.121350</ele>
        <time>2025-09-14T09:05:21.999Z</time>
      </trkpt>
      <trkpt lat="40.908702" lon="17.337980">
        <ele>29.247905</ele>
        <time>2025-09-14T09:05:24.999Z</time>
      </trkpt>
      <trkpt lat="40.908678" lon="17.337831">
        <ele>29.368457</ele>
        <time>2025-09-14T09:05:27.999Z</time>
      </trkpt>
      <trkpt lat="40.908639" lon="17.337695">
        <ele>29.483560</ele>
        <time>2025-09-14T09:05:30.999Z</time>
      </trkpt>
      <trkpt lat="40.908590" lon="17.337545">
        <ele>29.612868</ele>
        <time>2025-09-14T09:05:34.999Z</time>
      </trkpt>
      <trkpt lat="40.908555" lon="17.337403">
        <ele>29.731057</ele>
        <time>2025-09-14T09:05:37.999Z</time>
      </trkpt>
      <trkpt lat="40.908544" lon="17.337240">
        <ele>29.860552</ele>
        <time>2025-09-14T09:05:40.999Z</time>
      </trkpt>
      <trkpt lat="40.908518" lon="17.337075">
        <ele>29.993924</ele>
        <time>2025-09-14T09:05:43.999Z</time>
      </trkpt>
      <trkpt lat="40.908502" lon="17.336910">
        <ele>30.125558</ele>
        <time>2025-09-14T09:05:46.999Z</time>
      </trkpt>
      <trkpt lat="40.908488" lon="17.336745">
        <ele>30.256943</ele>
        <time>2025-09-14T09:05:49.999Z</time>
      </trkpt>
      <trkpt lat="40.908468" lon="17.336575">
        <ele>30.370249</ele>
        <time>2025-09-14T09:05:52.999Z</time>
      </trkpt>
      <trkpt lat="40.908441" lon="17.336434">
        <ele>30.426270</ele>
        <time>2025-09-14T09:05:55.999Z</time>
      </trkpt>
      <trkpt lat="40.908432" lon="17.336282">
        <ele>30.484991</ele>
        <time>2025-09-14T09:05:58.999Z</time>
      </trkpt>
      <trkpt lat="40.908422" lon="17.336120">
        <ele>30.547592</ele>
        <time>2025-09-14T09:06:01.999Z</time>
      </trkpt>
      <trkpt lat="40.908427" lon="17.335955">
        <ele>30.611191</ele>
        <time>2025-09-14T09:06:04.999Z</time>
      </trkpt>
      <trkpt lat="40.908442" lon="17.335795">
        <ele>30.673286</ele>
        <time>2025-09-14T09:06:07.999Z</time>
      </trkpt>
      <trkpt lat="40.908435" lon="17.335646">
        <ele>30.730783</ele>
        <time>2025-09-14T09:06:10.999Z</time>
      </trkpt>
      <trkpt lat="40.908424" lon="17.335519">
        <ele>30.780016</ele>
        <time>2025-09-14T09:06:13.999Z</time>
      </trkpt>
      <trkpt lat="40.908565" lon="17.335426">
        <ele>30.860303</ele>
        <time>2025-09-14T09:07:19.999Z</time>
      </trkpt>
      <trkpt lat="40.908651" lon="17.335383">
        <ele>30.907155</ele>
        <time>2025-09-14T09:07:22.999Z</time>
      </trkpt>
      <trkpt lat="40.908755" lon="17.335343">
        <ele>30.962348</ele>
        <time>2025-09-14T09:07:25.999Z</time>
      </trkpt>
      <trkpt lat="40.908845" lon="17.335300">
        <ele>31.011111</ele>
        <time>2025-09-14T09:07:28.999Z</time>
      </trkpt>
      <trkpt lat="40.908944" lon="17.335246">
        <ele>31.065681</ele>
        <time>2025-09-14T09:07:31.999Z</time>
      </trkpt>
      <trkpt lat="40.909049" lon="17.335163">
        <ele>31.128011</ele>
        <time>2025-09-14T09:07:34.999Z</time>
      </trkpt>
      <trkpt lat="40.909149" lon="17.335087">
        <ele>31.186780</ele>
        <time>2025-09-14T09:07:37.999Z</time>
      </trkpt>
      <trkpt lat="40.909251" lon="17.335008">
        <ele>31.247010</ele>
        <time>2025-09-14T09:07:40.999Z</time>
      </trkpt>
      <trkpt lat="40.909372" lon="17.334932">
        <ele>31.142648</ele>
        <time>2025-09-14T09:07:43.999Z</time>
      </trkpt>
      <trkpt lat="40.909488" lon="17.334876">
        <ele>30.988609</ele>
        <time>2025-09-14T09:07:46.999Z</time>
      </trkpt>
      <trkpt lat="40.909598" lon="17.334803">
        <ele>30.835094</ele>
        <time>2025-09-14T09:07:49.999Z</time>
      </trkpt>
      <trkpt lat="40.909691" lon="17.334785">
        <ele>30.717843</ele>
        <time>2025-09-14T09:07:51.999Z</time>
      </trkpt>
      <trkpt lat="40.909789" lon="17.334773">
        <ele>30.595067</ele>
        <time>2025-09-14T09:07:53.999Z</time>
      </trkpt>
      <trkpt lat="40.909921" lon="17.334812">
        <ele>30.426344</ele>
        <time>2025-09-14T09:07:56.999Z</time>
      </trkpt>
      <trkpt lat="40.910028" lon="17.334909">
        <ele>30.264541</ele>
        <time>2025-09-14T09:07:59.999Z</time>
      </trkpt>
      <trkpt lat="40.910098" lon="17.334990">
        <ele>30.148536</ele>
        <time>2025-09-14T09:08:01.999Z</time>
      </trkpt>
      <trkpt lat="40.910185" lon="17.335116">
        <ele>29.987633</ele>
        <time>2025-09-14T09:08:04.999Z</time>
      </trkpt>
      <trkpt lat="40.910300" lon="17.335181">
        <ele>29.831631</ele>
        <time>2025-09-14T09:08:07.999Z</time>
      </trkpt>
      <trkpt lat="40.910383" lon="17.335133">
        <ele>29.718633</ele>
        <time>2025-09-14T09:08:09.999Z</time>
      </trkpt>
      <trkpt lat="40.910454" lon="17.335047">
        <ele>29.598556</ele>
        <time>2025-09-14T09:08:11.999Z</time>
      </trkpt>
      <trkpt lat="40.910578" lon="17.334993">
        <ele>29.435705</ele>
        <time>2025-09-14T09:08:14.999Z</time>
      </trkpt>
      <trkpt lat="40.910677" lon="17.334896">
        <ele>29.282032</ele>
        <time>2025-09-14T09:08:17.999Z</time>
      </trkpt>
      <trkpt lat="40.910741" lon="17.334754">
        <ele>29.126160</ele>
        <time>2025-09-14T09:08:20.999Z</time>
      </trkpt>
      <trkpt lat="40.910776" lon="17.334593">
        <ele>29.008963</ele>
        <time>2025-09-14T09:08:23.999Z</time>
      </trkpt>
      <trkpt lat="40.910796" lon="17.334476">
        <ele>28.982485</ele>
        <time>2025-09-14T09:08:25.999Z</time>
      </trkpt>
      <trkpt lat="40.910786" lon="17.334304">
        <ele>28.944408</ele>
        <time>2025-09-14T09:08:28.999Z</time>
      </trkpt>
      <trkpt lat="40.910804" lon="17.334183">
        <ele>28.917187</ele>
        <time>2025-09-14T09:08:30.999Z</time>
      </trkpt>
      <trkpt lat="40.910815" lon="17.334032">
        <ele>28.883703</ele>
        <time>2025-09-14T09:08:33.999Z</time>
      </trkpt>
      <trkpt lat="40.910849" lon="17.333886">
        <ele>28.849981</ele>
        <time>2025-09-14T09:08:36.999Z</time>
      </trkpt>
      <trkpt lat="40.910883" lon="17.333750">
        <ele>28.818362</ele>
        <time>2025-09-14T09:08:39.999Z</time>
      </trkpt>
      <trkpt lat="40.910921" lon="17.333606">
        <ele>28.784695</ele>
        <time>2025-09-14T09:08:43.999Z</time>
      </trkpt>
      <trkpt lat="40.910976" lon="17.333486">
        <ele>28.753717</ele>
        <time>2025-09-14T09:08:46.999Z</time>
      </trkpt>
      <trkpt lat="40.911087" lon="17.333389">
        <ele>28.714865</ele>
        <time>2025-09-14T09:08:49.999Z</time>
      </trkpt>
      <trkpt lat="40.911180" lon="17.333359">
        <ele>28.686907</ele>
        <time>2025-09-14T09:08:51.999Z</time>
      </trkpt>
      <trkpt lat="40.911314" lon="17.333382">
        <ele>28.647441</ele>
        <time>2025-09-14T09:08:54.999Z</time>
      </trkpt>
      <trkpt lat="40.911392" lon="17.333489">
        <ele>28.614627</ele>
        <time>2025-09-14T09:08:57.999Z</time>
      </trkpt>
      <trkpt lat="40.911409" lon="17.333645">
        <ele>28.579837</ele>
        <time>2025-09-14T09:09:00.999Z</time>
      </trkpt>
      <trkpt lat="40.911423" lon="17.333784">
        <ele>28.548885</ele>
        <time>2025-09-14T09:09:03.999Z</time>
      </trkpt>
      <trkpt lat="40.911465" lon="17.333941">
        <ele>28.512124</ele>
        <time>2025-09-14T09:09:06.999Z</time>
      </trkpt>
      <trkpt lat="40.911466" lon="17.334065">
        <ele>28.381273</ele>
        <time>2025-09-14T09:09:08.999Z</time>
      </trkpt>
      <trkpt lat="40.911489" lon="17.334234">
        <ele>27.997222</ele>
        <time>2025-09-14T09:09:11.999Z</time>
      </trkpt>
      <trkpt lat="40.911536" lon="17.334372">
        <ele>27.658688</ele>
        <time>2025-09-14T09:09:14.999Z</time>
      </trkpt>
      <trkpt lat="40.911508" lon="17.334497">
        <ele>27.367102</ele>
        <time>2025-09-14T09:09:17.999Z</time>
      </trkpt>
      <trkpt lat="40.911640" lon="17.334751">
        <ele>26.677673</ele>
        <time>2025-09-14T09:11:31.999Z</time>
      </trkpt>
      <trkpt lat="40.911691" lon="17.334892">
        <ele>26.328067</ele>
        <time>2025-09-14T09:11:34.999Z</time>
      </trkpt>
      <trkpt lat="40.911705" lon="17.335020">
        <ele>26.038811</ele>
        <time>2025-09-14T09:11:36.999Z</time>
      </trkpt>
      <trkpt lat="40.911662" lon="17.335182">
        <ele>25.654799</ele>
        <time>2025-09-14T09:11:38.999Z</time>
      </trkpt>
      <trkpt lat="40.911691" lon="17.335339">
        <ele>25.293330</ele>
        <time>2025-09-14T09:11:40.999Z</time>
      </trkpt>
      <trkpt lat="40.911741" lon="17.335467">
        <ele>24.971076</ele>
        <time>2025-09-14T09:11:42.999Z</time>
      </trkpt>
      <trkpt lat="40.911817" lon="17.335587">
        <ele>24.620910</ele>
        <time>2025-09-14T09:11:44.999Z</time>
      </trkpt>
      <trkpt lat="40.911896" lon="17.335705">
        <ele>24.268338</ele>
        <time>2025-09-14T09:11:46.999Z</time>
      </trkpt>
      <trkpt lat="40.911961" lon="17.335828">
        <ele>23.932662</ele>
        <time>2025-09-14T09:11:48.999Z</time>
      </trkpt>
      <trkpt lat="40.912030" lon="17.335955">
        <ele>23.582842</ele>
        <time>2025-09-14T09:11:50.999Z</time>
      </trkpt>
      <trkpt lat="40.912082" lon="17.336082">
        <ele>23.259797</ele>
        <time>2025-09-14T09:11:52.999Z</time>
      </trkpt>
      <trkpt lat="40.912077" lon="17.336228">
        <ele>23.021083</ele>
        <time>2025-09-14T09:11:54.999Z</time>
      </trkpt>
      <trkpt lat="40.912121" lon="17.336353">
        <ele>22.825875</ele>
        <time>2025-09-14T09:11:56.999Z</time>
      </trkpt>
      <trkpt lat="40.912257" lon="17.336416">
        <ele>22.555954</ele>
        <time>2025-09-14T09:11:58.999Z</time>
      </trkpt>
      <trkpt lat="40.912349" lon="17.336467">
        <ele>22.369104</ele>
        <time>2025-09-14T09:12:00.999Z</time>
      </trkpt>
      <trkpt lat="40.912369" lon="17.336335">
        <ele>22.178521</ele>
        <time>2025-09-14T09:12:03.999Z</time>
      </trkpt>
      <trkpt lat="40.912472" lon="17.336312">
        <ele>21.982849</ele>
        <time>2025-09-14T09:12:07.999Z</time>
      </trkpt>
      <trkpt lat="40.912531" lon="17.336414">
        <ele>21.801012</ele>
        <time>2025-09-14T09:12:09.999Z</time>
      </trkpt>
      <trkpt lat="40.912611" lon="17.336486">
        <ele>21.619776</ele>
        <time>2025-09-14T09:12:11.999Z</time>
      </trkpt>
      <trkpt lat="40.912736" lon="17.336557">
        <ele>21.364961</ele>
        <time>2025-09-14T09:12:14.999Z</time>
      </trkpt>
      <trkpt lat="40.912822" lon="17.336626">
        <ele>21.176562</ele>
        <time>2025-09-14T09:12:16.999Z</time>
      </trkpt>
      <trkpt lat="40.912905" lon="17.336712">
        <ele>20.979090</ele>
        <time>2025-09-14T09:12:18.999Z</time>
      </trkpt>
      <trkpt lat="40.912996" lon="17.336801">
        <ele>20.767119</ele>
        <time>2025-09-14T09:12:20.999Z</time>
      </trkpt>
      <trkpt lat="40.913055" lon="17.336935">
        <ele>20.547578</ele>
        <time>2025-09-14T09:12:22.999Z</time>
      </trkpt>
      <trkpt lat="40.913112" lon="17.337080">
        <ele>20.316202</ele>
        <time>2025-09-14T09:12:24.999Z</time>
      </trkpt>
      <trkpt lat="40.913133" lon="17.337244">
        <ele>20.080732</ele>
        <time>2025-09-14T09:12:26.999Z</time>
      </trkpt>
      <trkpt lat="40.913127" lon="17.337412">
        <ele>19.842643</ele>
        <time>2025-09-14T09:12:28.999Z</time>
      </trkpt>
      <trkpt lat="40.913124" lon="17.337581">
        <ele>19.579840</ele>
        <time>2025-09-14T09:12:30.999Z</time>
      </trkpt>
      <trkpt lat="40.913107" lon="17.337742">
        <ele>19.322737</ele>
        <time>2025-09-14T09:12:32.999Z</time>
      </trkpt>
      <trkpt lat="40.913073" lon="17.337894">
        <ele>19.072033</ele>
        <time>2025-09-14T09:12:34.999Z</time>
      </trkpt>
      <trkpt lat="40.912999" lon="17.338028">
        <ele>18.809549</ele>
        <time>2025-09-14T09:12:36.999Z</time>
      </trkpt>
      <trkpt lat="40.912937" lon="17.338148">
        <ele>18.579647</ele>
        <time>2025-09-14T09:12:38.999Z</time>
      </trkpt>
      <trkpt lat="40.912949" lon="17.338358">
        <ele>18.246574</ele>
        <time>2025-09-14T09:12:40.999Z</time>
      </trkpt>
      <trkpt lat="40.912906" lon="17.338536">
        <ele>17.951024</ele>
        <time>2025-09-14T09:12:42.999Z</time>
      </trkpt>
      <trkpt lat="40.912932" lon="17.338711">
        <ele>17.668954</ele>
        <time>2025-09-14T09:12:44.999Z</time>
      </trkpt>
      <trkpt lat="40.913012" lon="17.338833">
        <ele>17.413493</ele>
        <time>2025-09-14T09:12:46.999Z</time>
      </trkpt>
      <trkpt lat="40.913108" lon="17.338909">
        <ele>17.179373</ele>
        <time>2025-09-14T09:12:48.999Z</time>
      </trkpt>
      <trkpt lat="40.913202" lon="17.338999">
        <ele>16.936554</ele>
        <time>2025-09-14T09:12:50.999Z</time>
      </trkpt>
      <trkpt lat="40.913265" lon="17.339119">
        <ele>16.705465</ele>
        <time>2025-09-14T09:12:52.999Z</time>
      </trkpt>
      <trkpt lat="40.913317" lon="17.339251">
        <ele>16.470039</ele>
        <time>2025-09-14T09:12:54.999Z</time>
      </trkpt>
      <trkpt lat="40.913311" lon="17.339410">
        <ele>16.218261</ele>
        <time>2025-09-14T09:12:56.999Z</time>
      </trkpt>
      <trkpt lat="40.913222" lon="17.339559">
        <ele>15.916712</ele>
        <time>2025-09-14T09:12:58.999Z</time>
      </trkpt>
      <trkpt lat="40.913133" lon="17.339665">
        <ele>15.663698</ele>
        <time>2025-09-14T09:13:00.999Z</time>
      </trkpt>
      <trkpt lat="40.913124" lon="17.339842">
        <ele>15.380422</ele>
        <time>2025-09-14T09:13:02.999Z</time>
      </trkpt>
      <trkpt lat="40.913201" lon="17.339967">
        <ele>15.122908</ele>
        <time>2025-09-14T09:13:04.999Z</time>
      </trkpt>
      <trkpt lat="40.913317" lon="17.340014">
        <ele>14.866564</ele>
        <time>2025-09-14T09:13:06.999Z</time>
      </trkpt>
      <trkpt lat="40.913442" lon="17.340065">
        <ele>14.590166</ele>
        <time>2025-09-14T09:13:08.999Z</time>
      </trkpt>
      <trkpt lat="40.913580" lon="17.340083">
        <ele>14.297155</ele>
        <time>2025-09-14T09:13:10.999Z</time>
      </trkpt>
      <trkpt lat="40.913714" lon="17.340118">
        <ele>14.008547</ele>
        <time>2025-09-14T09:13:12.999Z</time>
      </trkpt>
      <trkpt lat="40.913825" lon="17.340207">
        <ele>13.734305</ele>
        <time>2025-09-14T09:13:14.999Z</time>
      </trkpt>
      <trkpt lat="40.913937" lon="17.340297">
        <ele>13.457428</ele>
        <time>2025-09-14T09:13:16.999Z</time>
      </trkpt>
      <trkpt lat="40.914019" lon="17.340436">
        <ele>13.175850</ele>
        <time>2025-09-14T09:13:18.999Z</time>
      </trkpt>
      <trkpt lat="40.914093" lon="17.340574">
        <ele>12.905651</ele>
        <time>2025-09-14T09:13:20.999Z</time>
      </trkpt>
      <trkpt lat="40.914142" lon="17.340713">
        <ele>12.660735</ele>
        <time>2025-09-14T09:13:22.999Z</time>
      </trkpt>
      <trkpt lat="40.914174" lon="17.340848">
        <ele>12.434811</ele>
        <time>2025-09-14T09:13:24.999Z</time>
      </trkpt>
      <trkpt lat="40.914202" lon="17.340994">
        <ele>12.187475</ele>
        <time>2025-09-14T09:13:26.999Z</time>
      </trkpt>
      <trkpt lat="40.914221" lon="17.341137">
        <ele>11.920302</ele>
        <time>2025-09-14T09:13:28.999Z</time>
      </trkpt>
      <trkpt lat="40.914247" lon="17.341272">
        <ele>11.663946</ele>
        <time>2025-09-14T09:13:30.999Z</time>
      </trkpt>
      <trkpt lat="40.914244" lon="17.341402">
        <ele>11.424619</ele>
        <time>2025-09-14T09:13:32.999Z</time>
      </trkpt>
      <trkpt lat="40.914311" lon="17.341528">
        <ele>11.141118</ele>
        <time>2025-09-14T09:13:45.999Z</time>
      </trkpt>
      <trkpt lat="40.914330" lon="17.341678">
        <ele>10.861250</ele>
        <time>2025-09-14T09:13:49.999Z</time>
      </trkpt>
      <trkpt lat="40.914368" lon="17.341817">
        <ele>10.589252</ele>
        <time>2025-09-14T09:13:52.999Z</time>
      </trkpt>
      <trkpt lat="40.914407" lon="17.341984">
        <ele>10.267614</ele>
        <time>2025-09-14T09:13:55.999Z</time>
      </trkpt>
      <trkpt lat="40.914434" lon="17.342102">
        <ele>10.040746</ele>
        <time>2025-09-14T09:13:57.999Z</time>
      </trkpt>
      <trkpt lat="40.914489" lon="17.342264">
        <ele>9.713946</ele>
        <time>2025-09-14T09:14:00.999Z</time>
      </trkpt>
      <trkpt lat="40.914533" lon="17.342372">
        <ele>9.488173</ele>
        <time>2025-09-14T09:14:02.999Z</time>
      </trkpt>
      <trkpt lat="40.914577" lon="17.342499">
        <ele>9.231090</ele>
        <time>2025-09-14T09:14:05.999Z</time>
      </trkpt>
      <trkpt lat="40.914623" lon="17.342627">
        <ele>8.970279</ele>
        <time>2025-09-14T09:14:09.999Z</time>
      </trkpt>
      <trkpt lat="40.914687" lon="17.342738">
        <ele>8.713365</ele>
        <time>2025-09-14T09:14:12.999Z</time>
      </trkpt>
      <trkpt lat="40.914741" lon="17.342840">
        <ele>8.484198</ele>
        <time>2025-09-14T09:14:15.999Z</time>
      </trkpt>
      <trkpt lat="40.914784" lon="17.342950">
        <ele>8.256308</ele>
        <time>2025-09-14T09:14:33.999Z</time>
      </trkpt>
      <trkpt lat="40.914867" lon="17.342854">
        <ele>7.987884</ele>
        <time>2025-09-14T09:14:37.999Z</time>
      </trkpt>
      <trkpt lat="40.914939" lon="17.342771">
        <ele>7.893963</ele>
        <time>2025-09-14T09:14:41.999Z</time>
      </trkpt>
      <trkpt lat="40.915022" lon="17.342685">
        <ele>7.979615</ele>
        <time>2025-09-14T09:14:46.999Z</time>
      </trkpt>
      <trkpt lat="40.915095" lon="17.342610">
        <ele>8.054707</ele>
        <time>2025-09-14T09:14:51.999Z</time>
      </trkpt>
      <trkpt lat="40.915177" lon="17.342538">
        <ele>8.134666</ele>
        <time>2025-09-14T09:14:59.999Z</time>
      </trkpt>
      <trkpt lat="40.915292" lon="17.342520">
        <ele>8.228757</ele>
        <time>2025-09-14T09:15:04.999Z</time>
      </trkpt>
      <trkpt lat="40.915351" lon="17.342390">
        <ele>8.321866</ele>
        <time>2025-09-14T09:15:07.999Z</time>
      </trkpt>
      <trkpt lat="40.915413" lon="17.342259">
        <ele>8.416773</ele>
        <time>2025-09-14T09:15:10.999Z</time>
      </trkpt>
      <trkpt lat="40.915489" lon="17.342134">
        <ele>8.515281</ele>
        <time>2025-09-14T09:15:13.999Z</time>
      </trkpt>
      <trkpt lat="40.915563" lon="17.341995">
        <ele>8.619679</ele>
        <time>2025-09-14T09:15:16.999Z</time>
      </trkpt>
      <trkpt lat="40.915638" lon="17.341856">
        <ele>8.724548</ele>
        <time>2025-09-14T09:15:19.999Z</time>
      </trkpt>
      <trkpt lat="40.915713" lon="17.341718">
        <ele>8.828917</ele>
        <time>2025-09-14T09:15:22.999Z</time>
      </trkpt>
      <trkpt lat="40.915781" lon="17.341595">
        <ele>8.922492</ele>
        <time>2025-09-14T09:15:25.999Z</time>
      </trkpt>
      <trkpt lat="40.915848" lon="17.341470">
        <ele>9.016588</ele>
        <time>2025-09-14T09:15:28.999Z</time>
      </trkpt>
      <trkpt lat="40.915923" lon="17.341330">
        <ele>9.121956</ele>
        <time>2025-09-14T09:15:31.999Z</time>
      </trkpt>
      <trkpt lat="40.916002" lon="17.341186">
        <ele>9.231215</ele>
        <time>2025-09-14T09:15:34.999Z</time>
      </trkpt>
      <trkpt lat="40.916070" lon="17.341072">
        <ele>9.320389</ele>
        <time>2025-09-14T09:15:37.999Z</time>
      </trkpt>
      <trkpt lat="40.916136" lon="17.340974">
        <ele>9.552796</ele>
        <time>2025-09-14T09:15:40.999Z</time>
      </trkpt>
      <trkpt lat="40.916197" lon="17.340859">
        <ele>9.802204</ele>
        <time>2025-09-14T09:15:43.999Z</time>
      </trkpt>
      <trkpt lat="40.916251" lon="17.340723">
        <ele>10.074914</ele>
        <time>2025-09-14T09:15:46.999Z</time>
      </trkpt>
      <trkpt lat="40.916321" lon="17.340597">
        <ele>10.352517</ele>
        <time>2025-09-14T09:15:49.999Z</time>
      </trkpt>
      <trkpt lat="40.916397" lon="17.340464">
        <ele>10.648506</ele>
        <time>2025-09-14T09:15:52.999Z</time>
      </trkpt>
      <trkpt lat="40.916465" lon="17.340323">
        <ele>10.945422</ele>
        <time>2025-09-14T09:15:55.999Z</time>
      </trkpt>
      <trkpt lat="40.916537" lon="17.340200">
        <ele>11.221603</ele>
        <time>2025-09-14T09:15:58.999Z</time>
      </trkpt>
      <trkpt lat="40.916603" lon="17.340076">
        <ele>11.490835</ele>
        <time>2025-09-14T09:16:01.999Z</time>
      </trkpt>
      <trkpt lat="40.916676" lon="17.339950">
        <ele>11.772667</ele>
        <time>2025-09-14T09:16:04.999Z</time>
      </trkpt>
      <trkpt lat="40.916750" lon="17.339808">
        <ele>12.078857</ele>
        <time>2025-09-14T09:16:07.999Z</time>
      </trkpt>
      <trkpt lat="40.916821" lon="17.339675">
        <ele>12.367912</ele>
        <time>2025-09-14T09:16:10.999Z</time>
      </trkpt>
      <trkpt lat="40.916894" lon="17.339554">
        <ele>12.642754</ele>
        <time>2025-09-14T09:16:13.999Z</time>
      </trkpt>
      <trkpt lat="40.916963" lon="17.339421">
        <ele>12.929124</ele>
        <time>2025-09-14T09:16:16.999Z</time>
      </trkpt>
      <trkpt lat="40.917031" lon="17.339277">
        <ele>13.230541</ele>
        <time>2025-09-14T09:16:19.999Z</time>
      </trkpt>
      <trkpt lat="40.917096" lon="17.339132">
        <ele>13.529809</ele>
        <time>2025-09-14T09:16:22.999Z</time>
      </trkpt>
      <trkpt lat="40.917144" lon="17.338979">
        <ele>13.127380</ele>
        <time>2025-09-14T09:16:25.999Z</time>
      </trkpt>
      <trkpt lat="40.917188" lon="17.338828">
        <ele>12.695088</ele>
        <time>2025-09-14T09:16:28.999Z</time>
      </trkpt>
      <trkpt lat="40.917221" lon="17.338691">
        <ele>12.310999</ele>
        <time>2025-09-14T09:16:31.999Z</time>
      </trkpt>
      <trkpt lat="40.917268" lon="17.338575">
        <ele>11.959416</ele>
        <time>2025-09-14T09:16:34.999Z</time>
      </trkpt>
      <trkpt lat="40.917357" lon="17.338613">
        <ele>11.628845</ele>
        <time>2025-09-14T09:16:36.999Z</time>
      </trkpt>
      <trkpt lat="40.917415" lon="17.338723">
        <ele>11.270561</ele>
        <time>2025-09-14T09:16:38.999Z</time>
      </trkpt>
      <trkpt lat="40.917487" lon="17.338819">
        <ele>10.909271</ele>
        <time>2025-09-14T09:16:40.999Z</time>
      </trkpt>
      <trkpt lat="40.917564" lon="17.338942">
        <ele>10.482622</ele>
        <time>2025-09-14T09:16:43.999Z</time>
      </trkpt>
      <trkpt lat="40.917639" lon="17.339037">
        <ele>10.115637</ele>
        <time>2025-09-14T09:16:46.999Z</time>
      </trkpt>
      <trkpt lat="40.917722" lon="17.339154">
        <ele>9.686977</ele>
        <time>2025-09-14T09:16:49.999Z</time>
      </trkpt>
      <trkpt lat="40.917821" lon="17.339251">
        <ele>9.251549</ele>
        <time>2025-09-14T09:16:52.999Z</time>
      </trkpt>
      <trkpt lat="40.917913" lon="17.339345">
        <ele>8.840692</ele>
        <time>2025-09-14T09:16:55.999Z</time>
      </trkpt>
      <trkpt lat="40.918000" lon="17.339431">
        <ele>8.456835</ele>
        <time>2025-09-14T09:16:58.999Z</time>
      </trkpt>
      <trkpt lat="40.918086" lon="17.339501">
        <ele>8.099938</ele>
        <time>2025-09-14T09:17:00.999Z</time>
      </trkpt>
      <trkpt lat="40.918175" lon="17.339587">
        <ele>7.710395</ele>
        <time>2025-09-14T09:17:02.999Z</time>
      </trkpt>
      <trkpt lat="40.918274" lon="17.339656">
        <ele>7.314877</ele>
        <time>2025-09-14T09:17:04.999Z</time>
      </trkpt>
      <trkpt lat="40.918375" lon="17.339718">
        <ele>7.092825</ele>
        <time>2025-09-14T09:17:06.999Z</time>
      </trkpt>
      <trkpt lat="40.918471" lon="17.339790">
        <ele>6.953757</ele>
        <time>2025-09-14T09:17:08.999Z</time>
      </trkpt>
      <trkpt lat="40.918556" lon="17.339848">
        <ele>6.833230</ele>
        <time>2025-09-14T09:17:10.999Z</time>
      </trkpt>
      <trkpt lat="40.918670" lon="17.339922">
        <ele>6.673203</ele>
        <time>2025-09-14T09:17:13.999Z</time>
      </trkpt>
      <trkpt lat="40.918782" lon="17.339882">
        <ele>6.526999</ele>
        <time>2025-09-14T09:17:16.999Z</time>
      </trkpt>
      <trkpt lat="40.918847" lon="17.339761">
        <ele>6.385616</ele>
        <time>2025-09-14T09:17:19.999Z</time>
      </trkpt>
      <trkpt lat="40.918946" lon="17.339664">
        <ele>6.230371</ele>
        <time>2025-09-14T09:17:23.999Z</time>
      </trkpt>
      <trkpt lat="40.919010" lon="17.339562">
        <ele>6.104111</ele>
        <time>2025-09-14T09:17:27.999Z</time>
      </trkpt>
      <trkpt lat="40.919103" lon="17.339464">
        <ele>5.954285</ele>
        <time>2025-09-14T09:17:31.999Z</time>
      </trkpt>
      <trkpt lat="40.919209" lon="17.339516">
        <ele>5.811810</ele>
        <time>2025-09-14T09:17:34.999Z</time>
      </trkpt>
      <trkpt lat="40.919312" lon="17.339443">
        <ele>5.664556</ele>
        <time>2025-09-14T09:17:38.999Z</time>
      </trkpt>
      <trkpt lat="40.919415" lon="17.339414">
        <ele>5.531840</ele>
        <time>2025-09-14T09:17:41.999Z</time>
      </trkpt>
      <trkpt lat="40.919518" lon="17.339383">
        <ele>5.398714</ele>
        <time>2025-09-14T09:17:45.999Z</time>
      </trkpt>
      <trkpt lat="40.919624" lon="17.339368">
        <ele>5.264360</ele>
        <time>2025-09-14T09:17:49.999Z</time>
      </trkpt>
      <trkpt lat="40.919725" lon="17.339365">
        <ele>5.137038</ele>
        <time>2025-09-14T09:17:52.999Z</time>
      </trkpt>
      <trkpt lat="40.919823" lon="17.339352">
        <ele>5.012910</ele>
        <time>2025-09-14T09:17:55.999Z</time>
      </trkpt>
      <trkpt lat="40.919924" lon="17.339286">
        <ele>4.960865</ele>
        <time>2025-09-14T09:18:00.999Z</time>
      </trkpt>
      <trkpt lat="40.920032" lon="17.339223">
        <ele>5.079208</ele>
        <time>2025-09-14T09:18:04.999Z</time>
      </trkpt>
      <trkpt lat="40.920130" lon="17.339173">
        <ele>5.184520</ele>
        <time>2025-09-14T09:18:07.999Z</time>
      </trkpt>
      <trkpt lat="40.920223" lon="17.339094">
        <ele>5.295326</ele>
        <time>2025-09-14T09:18:10.999Z</time>
      </trkpt>
      <trkpt lat="40.920276" lon="17.338969">
        <ele>5.403923</ele>
        <time>2025-09-14T09:18:13.999Z</time>
      </trkpt>
      <trkpt lat="40.920355" lon="17.338899">
        <ele>5.499250</ele>
        <time>2025-09-14T09:18:16.999Z</time>
      </trkpt>
      <trkpt lat="40.920432" lon="17.338794">
        <ele>5.610108</ele>
        <time>2025-09-14T09:18:19.999Z</time>
      </trkpt>
      <trkpt lat="40.920518" lon="17.338689">
        <ele>5.727430</ele>
        <time>2025-09-14T09:18:22.999Z</time>
      </trkpt>
      <trkpt lat="40.920628" lon="17.338624">
        <ele>5.848220</ele>
        <time>2025-09-14T09:18:25.999Z</time>
      </trkpt>
      <trkpt lat="40.920736" lon="17.338561">
        <ele>5.966562</ele>
        <time>2025-09-14T09:18:28.999Z</time>
      </trkpt>
      <trkpt lat="40.920846" lon="17.338567">
        <ele>6.076950</ele>
        <time>2025-09-14T09:18:31.999Z</time>
      </trkpt>
      <trkpt lat="40.920920" lon="17.338478">
        <ele>6.177211</ele>
        <time>2025-09-14T09:18:35.999Z</time>
      </trkpt>
      <trkpt lat="40.920994" lon="17.338388">
        <ele>6.277983</ele>
        <time>2025-09-14T09:18:40.999Z</time>
      </trkpt>
      <trkpt lat="40.921082" lon="17.338331">
        <ele>6.376220</ele>
        <time>2025-09-14T09:18:45.999Z</time>
      </trkpt>
      <trkpt lat="40.921134" lon="17.338230">
        <ele>6.468816</ele>
        <time>2025-09-14T09:18:50.999Z</time>
      </trkpt>
      <trkpt lat="40.921060" lon="17.338130">
        <ele>6.574861</ele>
        <time>2025-09-14T09:18:56.999Z</time>
      </trkpt>
      <trkpt lat="40.921036" lon="17.338008">
        <ele>6.670374</ele>
        <time>2025-09-14T09:19:01.999Z</time>
      </trkpt>
      <trkpt lat="40.921081" lon="17.337893">
        <ele>6.775768</ele>
        <time>2025-09-14T09:19:06.999Z</time>
      </trkpt>
      <trkpt lat="40.921107" lon="17.337770">
        <ele>6.888535</ele>
        <time>2025-09-14T09:19:12.999Z</time>
      </trkpt>
      <trkpt lat="40.921121" lon="17.337647">
        <ele>6.998357</ele>
        <time>2025-09-14T09:19:19.999Z</time>
      </trkpt>
      <trkpt lat="40.921053" lon="17.337561">
        <ele>7.108259</ele>
        <time>2025-09-14T09:19:26.999Z</time>
      </trkpt>
      <trkpt lat="40.921002" lon="17.337462">
        <ele>7.214047</ele>
        <time>2025-09-14T09:19:34.999Z</time>
      </trkpt>
      <trkpt lat="40.921045" lon="17.337357">
        <ele>7.319492</ele>
        <time>2025-09-14T09:19:57.999Z</time>
      </trkpt>
      <trkpt lat="40.921208" lon="17.337351">
        <ele>7.510025</ele>
        <time>2025-09-14T09:21:07.999Z</time>
      </trkpt>
      <trkpt lat="40.921292" lon="17.337290">
        <ele>7.621981</ele>
        <time>2025-09-14T09:21:19.999Z</time>
      </trkpt>
      <trkpt lat="40.921394" lon="17.337276">
        <ele>7.741803</ele>
        <time>2025-09-14T09:22:04.999Z</time>
      </trkpt>
      <trkpt lat="40.921497" lon="17.337287">
        <ele>7.862545</ele>
        <time>2025-09-14T09:22:14.999Z</time>
      </trkpt>
      <trkpt lat="40.921593" lon="17.337263">
        <ele>7.976701</ele>
        <time>2025-09-14T09:22:22.999Z</time>
      </trkpt>
      <trkpt lat="40.921689" lon="17.337290">
        <ele>8.091379</ele>
        <time>2025-09-14T09:22:38.999Z</time>
      </trkpt>
      <trkpt lat="40.921783" lon="17.337302">
        <ele>8.201724</ele>
        <time>2025-09-14T09:22:58.999Z</time>
      </trkpt>
      <trkpt lat="40.921865" lon="17.337247">
        <ele>8.309140</ele>
        <time>2025-09-14T09:23:30.999Z</time>
      </trkpt>
      <trkpt lat="40.921839" lon="17.337126">
        <ele>8.420206</ele>
        <time>2025-09-14T09:24:52.998Z</time>
      </trkpt>
      <trkpt lat="40.921848" lon="17.337003">
        <ele>8.529309</ele>
        <time>2025-09-14T09:25:06.999Z</time>
      </trkpt>
      <trkpt lat="40.921920" lon="17.336931">
        <ele>8.634754</ele>
        <time>2025-09-14T09:25:17.999Z</time>
      </trkpt>
      <trkpt lat="40.921969" lon="17.336830">
        <ele>8.740725</ele>
        <time>2025-09-14T09:25:27.999Z</time>
      </trkpt>
      <trkpt lat="40.921896" lon="17.336748">
        <ele>8.869656</ele>
        <time>2025-09-14T09:25:40.999Z</time>
      </trkpt>
      <trkpt lat="40.921819" lon="17.336663">
        <ele>9.062283</ele>
        <time>2025-09-14T09:25:46.999Z</time>
      </trkpt>
      <trkpt lat="40.921758" lon="17.336556">
        <ele>9.256851</ele>
        <time>2025-09-14T09:25:53.999Z</time>
      </trkpt>
      <trkpt lat="40.921731" lon="17.336439">
        <ele>9.434431</ele>
        <time>2025-09-14T09:25:59.999Z</time>
      </trkpt>
      <trkpt lat="40.921756" lon="17.336233">
        <ele>9.737290</ele>
        <time>2025-09-14T09:27:07.999Z</time>
      </trkpt>
      <trkpt lat="40.921731" lon="17.336098">
        <ele>9.939054</ele>
        <time>2025-09-14T09:27:13.999Z</time>
      </trkpt>
      <trkpt lat="40.921712" lon="17.335978">
        <ele>10.117027</ele>
        <time>2025-09-14T09:27:19.999Z</time>
      </trkpt>
      <trkpt lat="40.921678" lon="17.335835">
        <ele>10.334638</ele>
        <time>2025-09-14T09:27:24.999Z</time>
      </trkpt>
      <trkpt lat="40.921679" lon="17.335696">
        <ele>10.536418</ele>
        <time>2025-09-14T09:27:29.999Z</time>
      </trkpt>
      <trkpt lat="40.921720" lon="17.335570">
        <ele>10.735557</ele>
        <time>2025-09-14T09:27:33.999Z</time>
      </trkpt>
      <trkpt lat="40.921739" lon="17.335447">
        <ele>10.917795</ele>
        <time>2025-09-14T09:27:38.999Z</time>
      </trkpt>
      <trkpt lat="40.921759" lon="17.335323">
        <ele>11.101847</ele>
        <time>2025-09-14T09:27:43.999Z</time>
      </trkpt>
      <trkpt lat="40.921745" lon="17.335198">
        <ele>11.285277</ele>
        <time>2025-09-14T09:27:48.999Z</time>
      </trkpt>
      <trkpt lat="40.921793" lon="17.335075">
        <ele>11.486229</ele>
        <time>2025-09-14T09:27:54.999Z</time>
      </trkpt>
      <trkpt lat="40.921827" lon="17.334957">
        <ele>11.669547</ele>
        <time>2025-09-14T09:27:59.999Z</time>
      </trkpt>
      <trkpt lat="40.921860" lon="17.334841">
        <ele>11.849469</ele>
        <time>2025-09-14T09:28:04.999Z</time>
      </trkpt>
      <trkpt lat="40.921890" lon="17.334725">
        <ele>12.027443</ele>
        <time>2025-09-14T09:28:09.999Z</time>
      </trkpt>
      <trkpt lat="40.921905" lon="17.334590">
        <ele>12.225514</ele>
        <time>2025-09-14T09:28:15.999Z</time>
      </trkpt>
      <trkpt lat="40.921941" lon="17.334462">
        <ele>12.322571</ele>
        <time>2025-09-14T09:28:26.999Z</time>
      </trkpt>
      <trkpt lat="40.921987" lon="17.334352">
        <ele>12.375264</ele>
        <time>2025-09-14T09:28:31.999Z</time>
      </trkpt>
      <trkpt lat="40.922062" lon="17.334237">
        <ele>12.438934</ele>
        <time>2025-09-14T09:28:36.999Z</time>
      </trkpt>
      <trkpt lat="40.922140" lon="17.334126">
        <ele>12.502465</ele>
        <time>2025-09-14T09:28:40.999Z</time>
      </trkpt>
      <trkpt lat="40.922210" lon="17.334014">
        <ele>12.563384</ele>
        <time>2025-09-14T09:28:44.998Z</time>
      </trkpt>
      <trkpt lat="40.922283" lon="17.333897">
        <ele>12.626978</ele>
        <time>2025-09-14T09:28:48.998Z</time>
      </trkpt>
      <trkpt lat="40.922356" lon="17.333786">
        <ele>12.688654</ele>
        <time>2025-09-14T09:28:52.998Z</time>
      </trkpt>
      <trkpt lat="40.922429" lon="17.333671">
        <ele>12.751604</ele>
        <time>2025-09-14T09:28:56.998Z</time>
      </trkpt>
      <trkpt lat="40.922490" lon="17.333579">
        <ele>12.802903</ele>
        <time>2025-09-14T09:28:59.998Z</time>
      </trkpt>
      <trkpt lat="40.922548" lon="17.333485">
        <ele>12.853767</ele>
        <time>2025-09-14T09:29:02.999Z</time>
      </trkpt>
      <trkpt lat="40.922611" lon="17.333394">
        <ele>12.905496</ele>
        <time>2025-09-14T09:29:05.999Z</time>
      </trkpt>
      <trkpt lat="40.922671" lon="17.333280">
        <ele>12.963724</ele>
        <time>2025-09-14T09:29:08.999Z</time>
      </trkpt>
      <trkpt lat="40.922744" lon="17.333181">
        <ele>13.021700</ele>
        <time>2025-09-14T09:29:11.999Z</time>
      </trkpt>
      <trkpt lat="40.922809" lon="17.333093">
        <ele>13.073277</ele>
        <time>2025-09-14T09:29:14.999Z</time>
      </trkpt>
      <trkpt lat="40.922872" lon="17.332990">
        <ele>13.128817</ele>
        <time>2025-09-14T09:29:17.999Z</time>
      </trkpt>
      <trkpt lat="40.922940" lon="17.332889">
        <ele>13.185514</ele>
        <time>2025-09-14T09:29:20.999Z</time>
      </trkpt>
      <trkpt lat="40.923007" lon="17.332789">
        <ele>13.241530</ele>
        <time>2025-09-14T09:29:23.999Z</time>
      </trkpt>
      <trkpt lat="40.923069" lon="17.332689">
        <ele>13.248012</ele>
        <time>2025-09-14T09:29:26.999Z</time>
      </trkpt>
      <trkpt lat="40.923134" lon="17.332589">
        <ele>13.144087</ele>
        <time>2025-09-14T09:29:29.999Z</time>
      </trkpt>
      <trkpt lat="40.923201" lon="17.332488">
        <ele>13.038200</ele>
        <time>2025-09-14T09:29:32.999Z</time>
      </trkpt>
      <trkpt lat="40.923276" lon="17.332374">
        <ele>12.919111</ele>
        <time>2025-09-14T09:29:35.999Z</time>
      </trkpt>
      <trkpt lat="40.923382" lon="17.332296">
        <ele>12.792652</ele>
        <time>2025-09-14T09:29:38.999Z</time>
      </trkpt>
      <trkpt lat="40.923481" lon="17.332250">
        <ele>12.683249</ele>
        <time>2025-09-14T09:29:41.999Z</time>
      </trkpt>
      <trkpt lat="40.923577" lon="17.332178">
        <ele>12.568195</ele>
        <time>2025-09-14T09:29:44.999Z</time>
      </trkpt>
      <trkpt lat="40.923677" lon="17.332124">
        <ele>12.455581</ele>
        <time>2025-09-14T09:29:47.999Z</time>
      </trkpt>
      <trkpt lat="40.923775" lon="17.332099">
        <ele>12.351517</ele>
        <time>2025-09-14T09:29:50.999Z</time>
      </trkpt>
      <trkpt lat="40.923870" lon="17.332071">
        <ele>12.250035</ele>
        <time>2025-09-14T09:29:53.999Z</time>
      </trkpt>
      <trkpt lat="40.923966" lon="17.332044">
        <ele>12.147702</ele>
        <time>2025-09-14T09:29:56.999Z</time>
      </trkpt>
      <trkpt lat="40.924077" lon="17.332052">
        <ele>12.031792</ele>
        <time>2025-09-14T09:29:59.999Z</time>
      </trkpt>
      <trkpt lat="40.924187" lon="17.332065">
        <ele>11.916640</ele>
        <time>2025-09-14T09:30:02.999Z</time>
      </trkpt>
      <trkpt lat="40.924293" lon="17.332079">
        <ele>11.805566</ele>
        <time>2025-09-14T09:30:05.999Z</time>
      </trkpt>
      <trkpt lat="40.924403" lon="17.332078">
        <ele>11.690868</ele>
        <time>2025-09-14T09:30:08.999Z</time>
      </trkpt>
      <trkpt lat="40.924514" lon="17.332078">
        <ele>11.575129</ele>
        <time>2025-09-14T09:30:11.999Z</time>
      </trkpt>
      <trkpt lat="40.924613" lon="17.332117">
        <ele>11.467427</ele>
        <time>2025-09-14T09:30:14.999Z</time>
      </trkpt>
      <trkpt lat="40.924711" lon="17.332167">
        <ele>11.367805</ele>
        <time>2025-09-14T09:30:17.999Z</time>
      </trkpt>
      <trkpt lat="40.924824" lon="17.332176">
        <ele>11.275240</ele>
        <time>2025-09-14T09:30:20.999Z</time>
      </trkpt>
      <trkpt lat="40.924933" lon="17.332168">
        <ele>11.185977</ele>
        <time>2025-09-14T09:30:23.999Z</time>
      </trkpt>
      <trkpt lat="40.925044" lon="17.332172">
        <ele>11.095181</ele>
        <time>2025-09-14T09:30:26.999Z</time>
      </trkpt>
      <trkpt lat="40.925143" lon="17.332168">
        <ele>11.014194</ele>
        <time>2025-09-14T09:30:29.999Z</time>
      </trkpt>
      <trkpt lat="40.925258" lon="17.332143">
        <ele>10.918901</ele>
        <time>2025-09-14T09:30:33.999Z</time>
      </trkpt>
      <trkpt lat="40.925354" lon="17.332087">
        <ele>10.833118</ele>
        <time>2025-09-14T09:30:37.999Z</time>
      </trkpt>
      <trkpt lat="40.925446" lon="17.332033">
        <ele>10.750826</ele>
        <time>2025-09-14T09:30:40.999Z</time>
      </trkpt>
      <trkpt lat="40.925540" lon="17.331982">
        <ele>10.667757</ele>
        <time>2025-09-14T09:30:43.999Z</time>
      </trkpt>
      <trkpt lat="40.925632" lon="17.331911">
        <ele>10.580676</ele>
        <time>2025-09-14T09:30:46.999Z</time>
      </trkpt>
      <trkpt lat="40.925726" lon="17.331842">
        <ele>10.492785</ele>
        <time>2025-09-14T09:30:49.999Z</time>
      </trkpt>
      <trkpt lat="40.925822" lon="17.331796">
        <ele>10.409302</ele>
        <time>2025-09-14T09:30:52.999Z</time>
      </trkpt>
      <trkpt lat="40.925917" lon="17.331751">
        <ele>10.326798</ele>
        <time>2025-09-14T09:30:55.999Z</time>
      </trkpt>
      <trkpt lat="40.926013" lon="17.331689">
        <ele>10.239454</ele>
        <time>2025-09-14T09:30:58.999Z</time>
      </trkpt>
      <trkpt lat="40.926112" lon="17.331644">
        <ele>10.153863</ele>
        <time>2025-09-14T09:31:01.999Z</time>
      </trkpt>
      <trkpt lat="40.926226" lon="17.331619">
        <ele>10.059377</ele>
        <time>2025-09-14T09:31:05.999Z</time>
      </trkpt>
      <trkpt lat="40.926301" lon="17.331688">
        <ele>9.984691</ele>
        <time>2025-09-14T09:31:08.999Z</time>
      </trkpt>
      <trkpt lat="40.926378" lon="17.331806">
        <ele>9.868684</ele>
        <time>2025-09-14T09:31:12.999Z</time>
      </trkpt>
      <trkpt lat="40.926491" lon="17.331771">
        <ele>9.731981</ele>
        <time>2025-09-14T09:31:16.999Z</time>
      </trkpt>
      <trkpt lat="40.926564" lon="17.331697">
        <ele>9.623669</ele>
        <time>2025-09-14T09:31:19.999Z</time>
      </trkpt>
      <trkpt lat="40.926639" lon="17.331624">
        <ele>9.514007</ele>
        <time>2025-09-14T09:31:22.999Z</time>
      </trkpt>
      <trkpt lat="40.926728" lon="17.331526">
        <ele>9.377633</ele>
        <time>2025-09-14T09:31:26.999Z</time>
      </trkpt>
      <trkpt lat="40.926804" lon="17.331455">
        <ele>9.268056</ele>
        <time>2025-09-14T09:31:29.999Z</time>
      </trkpt>
      <trkpt lat="40.926895" lon="17.331359">
        <ele>9.130980</ele>
        <time>2025-09-14T09:31:33.999Z</time>
      </trkpt>
      <trkpt lat="40.926996" lon="17.331276">
        <ele>8.990942</ele>
        <time>2025-09-14T09:31:37.999Z</time>
      </trkpt>
      <trkpt lat="40.927075" lon="17.331193">
        <ele>8.872130</ele>
        <time>2025-09-14T09:31:40.999Z</time>
      </trkpt>
      <trkpt lat="40.927163" lon="17.331090">
        <ele>8.733754</ele>
        <time>2025-09-14T09:31:43.999Z</time>
      </trkpt>
      <trkpt lat="40.927248" lon="17.330970">
        <ele>8.587362</ele>
        <time>2025-09-14T09:31:46.999Z</time>
      </trkpt>
      <trkpt lat="40.927321" lon="17.330869">
        <ele>8.462968</ele>
        <time>2025-09-14T09:31:48.999Z</time>
      </trkpt>
      <trkpt lat="40.927411" lon="17.330753">
        <ele>8.314992</ele>
        <time>2025-09-14T09:31:50.999Z</time>
      </trkpt>
      <trkpt lat="40.927499" lon="17.330650">
        <ele>8.176616</ele>
        <time>2025-09-14T09:31:52.999Z</time>
      </trkpt>
      <trkpt lat="40.927564" lon="17.330563">
        <ele>8.067724</ele>
        <time>2025-09-14T09:31:54.999Z</time>
      </trkpt>
      <trkpt lat="40.927644" lon="17.330435">
        <ele>7.919882</ele>
        <time>2025-09-14T09:31:57.999Z</time>
      </trkpt>
      <trkpt lat="40.927740" lon="17.330342">
        <ele>7.863234</ele>
        <time>2025-09-14T09:32:00.999Z</time>
      </trkpt>
      <trkpt lat="40.927830" lon="17.330242">
        <ele>8.058713</ele>
        <time>2025-09-14T09:32:03.999Z</time>
      </trkpt>
      <trkpt lat="40.927926" lon="17.330137">
        <ele>8.265883</ele>
        <time>2025-09-14T09:32:06.999Z</time>
      </trkpt>
      <trkpt lat="40.928020" lon="17.330035">
        <ele>8.468088</ele>
        <time>2025-09-14T09:32:09.999Z</time>
      </trkpt>
      <trkpt lat="40.928107" lon="17.329945">
        <ele>8.651775</ele>
        <time>2025-09-14T09:32:12.999Z</time>
      </trkpt>
      <trkpt lat="40.928181" lon="17.329862">
        <ele>8.813132</ele>
        <time>2025-09-14T09:32:15.999Z</time>
      </trkpt>
      <trkpt lat="40.928270" lon="17.329780">
        <ele>8.993524</ele>
        <time>2025-09-14T09:32:18.999Z</time>
      </trkpt>
      <trkpt lat="40.928368" lon="17.329716">
        <ele>9.175314</ele>
        <time>2025-09-14T09:32:21.999Z</time>
      </trkpt>
      <trkpt lat="40.928452" lon="17.329644">
        <ele>9.341792</ele>
        <time>2025-09-14T09:32:24.999Z</time>
      </trkpt>
      <trkpt lat="40.928535" lon="17.329591">
        <ele>9.495094</ele>
        <time>2025-09-14T09:32:27.999Z</time>
      </trkpt>
      <trkpt lat="40.928622" lon="17.329493">
        <ele>9.685137</ele>
        <time>2025-09-14T09:32:31.999Z</time>
      </trkpt>
      <trkpt lat="40.928594" lon="17.329345">
        <ele>9.876892</ele>
        <time>2025-09-14T09:32:36.999Z</time>
      </trkpt>
      <trkpt lat="40.928592" lon="17.329185">
        <ele>10.078013</ele>
        <time>2025-09-14T09:32:40.999Z</time>
      </trkpt>
      <trkpt lat="40.928569" lon="17.329057">
        <ele>10.243376</ele>
        <time>2025-09-14T09:32:43.999Z</time>
      </trkpt>
      <trkpt lat="40.928538" lon="17.328923">
        <ele>10.419510</ele>
        <time>2025-09-14T09:32:46.999Z</time>
      </trkpt>
      <trkpt lat="40.928517" lon="17.328787">
        <ele>10.593974</ele>
        <time>2025-09-14T09:32:49.999Z</time>
      </trkpt>
      <trkpt lat="40.928493" lon="17.328660">
        <ele>10.758509</ele>
        <time>2025-09-14T09:32:52.999Z</time>
      </trkpt>
      <trkpt lat="40.928465" lon="17.328543">
        <ele>10.808584</ele>
        <time>2025-09-14T09:32:55.999Z</time>
      </trkpt>
      <trkpt lat="40.928459" lon="17.328396">
        <ele>10.812312</ele>
        <time>2025-09-14T09:32:59.999Z</time>
      </trkpt>
      <trkpt lat="40.928548" lon="17.328302">
        <ele>10.816129</ele>
        <time>2025-09-14T09:33:03.999Z</time>
      </trkpt>
      <trkpt lat="40.928652" lon="17.328278">
        <ele>10.819667</ele>
        <time>2025-09-14T09:33:06.999Z</time>
      </trkpt>
      <trkpt lat="40.928760" lon="17.328270">
        <ele>10.823293</ele>
        <time>2025-09-14T09:33:09.999Z</time>
      </trkpt>
      <trkpt lat="40.928874" lon="17.328233">
        <ele>10.827227</ele>
        <time>2025-09-14T09:33:12.999Z</time>
      </trkpt>
      <trkpt lat="40.928985" lon="17.328196">
        <ele>10.831064</ele>
        <time>2025-09-14T09:33:15.999Z</time>
      </trkpt>
      <trkpt lat="40.929094" lon="17.328181">
        <ele>10.834737</ele>
        <time>2025-09-14T09:33:18.999Z</time>
      </trkpt>
      <trkpt lat="40.929205" lon="17.328147">
        <ele>10.838556</ele>
        <time>2025-09-14T09:33:21.999Z</time>
      </trkpt>
      <trkpt lat="40.929324" lon="17.328117">
        <ele>10.842616</ele>
        <time>2025-09-14T09:33:24.999Z</time>
      </trkpt>
      <trkpt lat="40.929452" lon="17.328084">
        <ele>10.846987</ele>
        <time>2025-09-14T09:33:27.999Z</time>
      </trkpt>
      <trkpt lat="40.929559" lon="17.327993">
        <ele>10.851250</ele>
        <time>2025-09-14T09:33:30.999Z</time>
      </trkpt>
      <trkpt lat="40.929623" lon="17.327852">
        <ele>10.855416</ele>
        <time>2025-09-14T09:33:33.999Z</time>
      </trkpt>
      <trkpt lat="40.929679" lon="17.327714">
        <ele>10.859383</ele>
        <time>2025-09-14T09:33:36.999Z</time>
      </trkpt>
      <trkpt lat="40.929750" lon="17.327572">
        <ele>10.863695</ele>
        <time>2025-09-14T09:33:39.999Z</time>
      </trkpt>
      <trkpt lat="40.929810" lon="17.327429">
        <ele>10.886749</ele>
        <time>2025-09-14T09:33:42.999Z</time>
      </trkpt>
      <trkpt lat="40.929876" lon="17.327292">
        <ele>10.961127</ele>
        <time>2025-09-14T09:33:45.999Z</time>
      </trkpt>
      <trkpt lat="40.929940" lon="17.327149">
        <ele>11.037211</ele>
        <time>2025-09-14T09:33:48.999Z</time>
      </trkpt>
      <trkpt lat="40.930016" lon="17.327008">
        <ele>11.116499</ele>
        <time>2025-09-14T09:33:51.999Z</time>
      </trkpt>
      <trkpt lat="40.930089" lon="17.326865">
        <ele>11.195502</ele>
        <time>2025-09-14T09:33:54.999Z</time>
      </trkpt>
      <trkpt lat="40.930170" lon="17.326733">
        <ele>11.273346</ele>
        <time>2025-09-14T09:33:57.999Z</time>
      </trkpt>
      <trkpt lat="40.930241" lon="17.326596">
        <ele>11.349396</ele>
        <time>2025-09-14T09:34:00.999Z</time>
      </trkpt>
      <trkpt lat="40.930318" lon="17.326464">
        <ele>11.425736</ele>
        <time>2025-09-14T09:34:03.999Z</time>
      </trkpt>
      <trkpt lat="40.930389" lon="17.326347">
        <ele>11.494432</ele>
        <time>2025-09-14T09:34:06.999Z</time>
      </trkpt>
      <trkpt lat="40.930465" lon="17.326240">
        <ele>11.561660</ele>
        <time>2025-09-14T09:34:09.999Z</time>
      </trkpt>
      <trkpt lat="40.930551" lon="17.326122">
        <ele>11.636712</ele>
        <time>2025-09-14T09:34:12.999Z</time>
      </trkpt>
      <trkpt lat="40.930645" lon="17.326006">
        <ele>11.714581</ele>
        <time>2025-09-14T09:34:15.999Z</time>
      </trkpt>
      <trkpt lat="40.930734" lon="17.325884">
        <ele>11.792213</ele>
        <time>2025-09-14T09:34:18.999Z</time>
      </trkpt>
      <trkpt lat="40.930820" lon="17.325757">
        <ele>11.870283</ele>
        <time>2025-09-14T09:34:21.999Z</time>
      </trkpt>
      <trkpt lat="40.930902" lon="17.325628">
        <ele>11.947455</ele>
        <time>2025-09-14T09:34:24.999Z</time>
      </trkpt>
      <trkpt lat="40.930980" lon="17.325495">
        <ele>11.990559</ele>
        <time>2025-09-14T09:34:27.999Z</time>
      </trkpt>
      <trkpt lat="40.931059" lon="17.325362">
        <ele>12.029316</ele>
        <time>2025-09-14T09:34:30.999Z</time>
      </trkpt>
      <trkpt lat="40.931140" lon="17.325224">
        <ele>12.069349</ele>
        <time>2025-09-14T09:34:33.999Z</time>
      </trkpt>
      <trkpt lat="40.931195" lon="17.325129">
        <ele>12.096767</ele>
        <time>2025-09-14T09:34:35.999Z</time>
      </trkpt>
      <trkpt lat="40.931245" lon="17.325023">
        <ele>12.125395</ele>
        <time>2025-09-14T09:34:37.999Z</time>
      </trkpt>
      <trkpt lat="40.931301" lon="17.324916">
        <ele>12.155214</ele>
        <time>2025-09-14T09:34:39.999Z</time>
      </trkpt>
      <trkpt lat="40.931366" lon="17.324810">
        <ele>12.186488</ele>
        <time>2025-09-14T09:34:41.999Z</time>
      </trkpt>
      <trkpt lat="40.931434" lon="17.324701">
        <ele>12.218871</ele>
        <time>2025-09-14T09:34:43.999Z</time>
      </trkpt>
      <trkpt lat="40.931499" lon="17.324608">
        <ele>12.247894</ele>
        <time>2025-09-14T09:34:45.999Z</time>
      </trkpt>
      <trkpt lat="40.931563" lon="17.324523">
        <ele>12.275386</ele>
        <time>2025-09-14T09:34:47.999Z</time>
      </trkpt>
      <trkpt lat="40.931660" lon="17.324412">
        <ele>12.314266</ele>
        <time>2025-09-14T09:34:50.999Z</time>
      </trkpt>
      <trkpt lat="40.931753" lon="17.324301">
        <ele>12.352237</ele>
        <time>2025-09-14T09:34:53.999Z</time>
      </trkpt>
      <trkpt lat="40.931853" lon="17.324184">
        <ele>12.392707</ele>
        <time>2025-09-14T09:34:56.999Z</time>
      </trkpt>
      <trkpt lat="40.931922" lon="17.324104">
        <ele>12.420521</ele>
        <time>2025-09-14T09:34:58.999Z</time>
      </trkpt>
      <trkpt lat="40.932017" lon="17.323993">
        <ele>12.458944</ele>
        <time>2025-09-14T09:35:01.999Z</time>
      </trkpt>
      <trkpt lat="40.932089" lon="17.323913">
        <ele>12.487448</ele>
        <time>2025-09-14T09:35:03.999Z</time>
      </trkpt>
      <trkpt lat="40.932184" lon="17.323795">
        <ele>12.499674</ele>
        <time>2025-09-14T09:35:06.999Z</time>
      </trkpt>
      <trkpt lat="40.932278" lon="17.323699">
        <ele>12.496446</ele>
        <time>2025-09-14T09:35:09.999Z</time>
      </trkpt>
      <trkpt lat="40.932362" lon="17.323597">
        <ele>12.493348</ele>
        <time>2025-09-14T09:35:12.999Z</time>
      </trkpt>
      <trkpt lat="40.932431" lon="17.323509">
        <ele>12.490743</ele>
        <time>2025-09-14T09:35:16.999Z</time>
      </trkpt>
      <trkpt lat="40.932533" lon="17.323568">
        <ele>12.487717</ele>
        <time>2025-09-14T09:35:26.999Z</time>
      </trkpt>
      <trkpt lat="40.932596" lon="17.323480">
        <ele>12.485228</ele>
        <time>2025-09-14T09:35:29.999Z</time>
      </trkpt>
      <trkpt lat="40.932685" lon="17.323368">
        <ele>12.481890</ele>
        <time>2025-09-14T09:35:32.999Z</time>
      </trkpt>
      <trkpt lat="40.932769" lon="17.323261">
        <ele>12.478721</ele>
        <time>2025-09-14T09:35:35.999Z</time>
      </trkpt>
      <trkpt lat="40.932834" lon="17.323155">
        <ele>12.475917</ele>
        <time>2025-09-14T09:35:38.999Z</time>
      </trkpt>
      <trkpt lat="40.932926" lon="17.323065">
        <ele>12.472808</ele>
        <time>2025-09-14T09:35:41.999Z</time>
      </trkpt>
      <trkpt lat="40.933018" lon="17.322945">
        <ele>12.469297</ele>
        <time>2025-09-14T09:35:44.999Z</time>
      </trkpt>
      <trkpt lat="40.933088" lon="17.322862">
        <ele>12.466742</ele>
        <time>2025-09-14T09:35:46.999Z</time>
      </trkpt>
      <trkpt lat="40.933150" lon="17.322774">
        <ele>12.464271</ele>
        <time>2025-09-14T09:35:48.999Z</time>
      </trkpt>
      <trkpt lat="40.933256" lon="17.322666">
        <ele>12.460635</ele>
        <time>2025-09-14T09:35:51.999Z</time>
      </trkpt>
      <trkpt lat="40.933319" lon="17.322578">
        <ele>12.458146</ele>
        <time>2025-09-14T09:35:53.999Z</time>
      </trkpt>
      <trkpt lat="40.933414" lon="17.322464">
        <ele>12.454660</ele>
        <time>2025-09-14T09:35:56.999Z</time>
      </trkpt>
      <trkpt lat="40.933505" lon="17.322343">
        <ele>12.416187</ele>
        <time>2025-09-14T09:35:59.999Z</time>
      </trkpt>
      <trkpt lat="40.933600" lon="17.322222">
        <ele>12.345686</ele>
        <time>2025-09-14T09:36:02.999Z</time>
      </trkpt>
      <trkpt lat="40.933696" lon="17.322094">
        <ele>12.272820</ele>
        <time>2025-09-14T09:36:05.999Z</time>
      </trkpt>
      <trkpt lat="40.933766" lon="17.322018">
        <ele>12.224406</ele>
        <time>2025-09-14T09:36:07.999Z</time>
      </trkpt>
      <trkpt lat="40.933871" lon="17.321918">
        <ele>12.155234</ele>
        <time>2025-09-14T09:36:10.999Z</time>
      </trkpt>
      <trkpt lat="40.933952" lon="17.321864">
        <ele>12.106735</ele>
        <time>2025-09-14T09:36:12.999Z</time>
      </trkpt>
      <trkpt lat="40.934040" lon="17.321827">
        <ele>12.057360</ele>
        <time>2025-09-14T09:36:14.999Z</time>
      </trkpt>
      <trkpt lat="40.934171" lon="17.321765">
        <ele>11.982963</ele>
        <time>2025-09-14T09:36:17.999Z</time>
      </trkpt>
      <trkpt lat="40.934292" lon="17.321705">
        <ele>11.913867</ele>
        <time>2025-09-14T09:36:20.999Z</time>
      </trkpt>
      <trkpt lat="40.934379" lon="17.321663">
        <ele>11.864346</ele>
        <time>2025-09-14T09:36:22.999Z</time>
      </trkpt>
      <trkpt lat="40.934448" lon="17.321568">
        <ele>11.811106</ele>
        <time>2025-09-14T09:36:24.999Z</time>
      </trkpt>
      <trkpt lat="40.934501" lon="17.321466">
        <ele>11.761094</ele>
        <time>2025-09-14T09:36:26.999Z</time>
      </trkpt>
      <trkpt lat="40.934561" lon="17.321309">
        <ele>11.690014</ele>
        <time>2025-09-14T09:36:29.999Z</time>
      </trkpt>
      <trkpt lat="40.934617" lon="17.321156">
        <ele>11.621332</ele>
        <time>2025-09-14T09:36:32.999Z</time>
      </trkpt>
      <trkpt lat="40.934682" lon="17.321004">
        <ele>11.550771</ele>
        <time>2025-09-14T09:36:35.999Z</time>
      </trkpt>
      <trkpt lat="40.934756" lon="17.320865">
        <ele>11.494298</ele>
        <time>2025-09-14T09:36:38.999Z</time>
      </trkpt>
      <trkpt lat="40.934821" lon="17.320760">
        <ele>11.512982</ele>
        <time>2025-09-14T09:36:41.999Z</time>
      </trkpt>
      <trkpt lat="40.934889" lon="17.320653">
        <ele>11.532227</ele>
        <time>2025-09-14T09:38:02.999Z</time>
      </trkpt>
      <trkpt lat="40.934962" lon="17.320558">
        <ele>11.550878</ele>
        <time>2025-09-14T09:38:05.999Z</time>
      </trkpt>
      <trkpt lat="40.935040" lon="17.320449">
        <ele>11.571542</ele>
        <time>2025-09-14T09:38:08.999Z</time>
      </trkpt>
      <trkpt lat="40.935129" lon="17.320352">
        <ele>11.592546</ele>
        <time>2025-09-14T09:38:11.999Z</time>
      </trkpt>
      <trkpt lat="40.935224" lon="17.320269">
        <ele>11.613284</ele>
        <time>2025-09-14T09:38:14.999Z</time>
      </trkpt>
      <trkpt lat="40.935336" lon="17.320190">
        <ele>11.636405</ele>
        <time>2025-09-14T09:38:17.999Z</time>
      </trkpt>
      <trkpt lat="40.935420" lon="17.320142">
        <ele>11.653074</ele>
        <time>2025-09-14T09:38:19.999Z</time>
      </trkpt>
      <trkpt lat="40.935536" lon="17.320071">
        <ele>11.676358</ele>
        <time>2025-09-14T09:38:22.999Z</time>
      </trkpt>
      <trkpt lat="40.935640" lon="17.319999">
        <ele>11.697741</ele>
        <time>2025-09-14T09:38:25.999Z</time>
      </trkpt>
      <trkpt lat="40.935753" lon="17.319955">
        <ele>11.719200</ele>
        <time>2025-09-14T09:38:28.999Z</time>
      </trkpt>
      <trkpt lat="40.935860" lon="17.319944">
        <ele>11.738753</ele>
        <time>2025-09-14T09:38:31.999Z</time>
      </trkpt>
      <trkpt lat="40.935984" lon="17.319934">
        <ele>11.761387</ele>
        <time>2025-09-14T09:38:34.999Z</time>
      </trkpt>
      <trkpt lat="40.936074" lon="17.319918">
        <ele>11.777931</ele>
        <time>2025-09-14T09:38:36.999Z</time>
      </trkpt>
      <trkpt lat="40.936188" lon="17.319884">
        <ele>11.799221</ele>
        <time>2025-09-14T09:38:39.999Z</time>
      </trkpt>
      <trkpt lat="40.936303" lon="17.319841">
        <ele>11.819907</ele>
        <time>2025-09-14T09:38:42.999Z</time>
      </trkpt>
      <trkpt lat="40.936434" lon="17.319784">
        <ele>11.832086</ele>
        <time>2025-09-14T09:38:45.999Z</time>
      </trkpt>
      <trkpt lat="40.936554" lon="17.319719">
        <ele>11.843537</ele>
        <time>2025-09-14T09:38:48.999Z</time>
      </trkpt>
      <trkpt lat="40.936673" lon="17.319659">
        <ele>11.854783</ele>
        <time>2025-09-14T09:38:51.999Z</time>
      </trkpt>
      <trkpt lat="40.936760" lon="17.319618">
        <ele>11.862939</ele>
        <time>2025-09-14T09:38:53.999Z</time>
      </trkpt>
      <trkpt lat="40.936852" lon="17.319573">
        <ele>11.871601</ele>
        <time>2025-09-14T09:38:55.999Z</time>
      </trkpt>
      <trkpt lat="40.936941" lon="17.319533">
        <ele>11.879902</ele>
        <time>2025-09-14T09:38:57.999Z</time>
      </trkpt>
      <trkpt lat="40.937027" lon="17.319480">
        <ele>11.888281</ele>
        <time>2025-09-14T09:38:59.999Z</time>
      </trkpt>
      <trkpt lat="40.937118" lon="17.319428">
        <ele>11.897034</ele>
        <time>2025-09-14T09:39:01.999Z</time>
      </trkpt>
      <trkpt lat="40.937213" lon="17.319385">
        <ele>11.905901</ele>
        <time>2025-09-14T09:39:03.999Z</time>
      </trkpt>
      <trkpt lat="40.937302" lon="17.319329">
        <ele>11.914604</ele>
        <time>2025-09-14T09:39:05.999Z</time>
      </trkpt>
      <trkpt lat="40.937390" lon="17.319276">
        <ele>11.923143</ele>
        <time>2025-09-14T09:39:07.999Z</time>
      </trkpt>
      <trkpt lat="40.937462" lon="17.319198">
        <ele>11.931360</ele>
        <time>2025-09-14T09:39:09.999Z</time>
      </trkpt>
      <trkpt lat="40.937536" lon="17.319087">
        <ele>11.941237</ele>
        <time>2025-09-14T09:39:12.999Z</time>
      </trkpt>
      <trkpt lat="40.937620" lon="17.319031">
        <ele>11.949543</ele>
        <time>2025-09-14T09:39:15.999Z</time>
      </trkpt>
      <trkpt lat="40.937690" lon="17.318907">
        <ele>11.959871</ele>
        <time>2025-09-14T09:39:18.999Z</time>
      </trkpt>
      <trkpt lat="40.937757" lon="17.318767">
        <ele>11.970928</ele>
        <time>2025-09-14T09:39:21.999Z</time>
      </trkpt>
      <trkpt lat="40.937829" lon="17.318637">
        <ele>11.998413</ele>
        <time>2025-09-14T09:39:24.999Z</time>
      </trkpt>
      <trkpt lat="40.937831" lon="17.318483">
        <ele>12.052269</ele>
        <time>2025-09-14T09:39:27.999Z</time>
      </trkpt>
      <trkpt lat="40.937860" lon="17.318320">
        <ele>12.110823</ele>
        <time>2025-09-14T09:39:30.999Z</time>
      </trkpt>
      <trkpt lat="40.937919" lon="17.318229">
        <ele>12.152755</ele>
        <time>2025-09-14T09:39:32.999Z</time>
      </trkpt>
      <trkpt lat="40.937969" lon="17.318121">
        <ele>12.197046</ele>
        <time>2025-09-14T09:39:34.999Z</time>
      </trkpt>
      <trkpt lat="40.938021" lon="17.318020">
        <ele>12.239784</ele>
        <time>2025-09-14T09:39:36.999Z</time>
      </trkpt>
      <trkpt lat="40.938020" lon="17.317900">
        <ele>12.281746</ele>
        <time>2025-09-14T09:39:40.999Z</time>
      </trkpt>
      <trkpt lat="40.937929" lon="17.317829">
        <ele>12.330639</ele>
        <time>2025-09-14T09:39:43.999Z</time>
      </trkpt>
      <trkpt lat="40.937979" lon="17.317690">
        <ele>12.384471</ele>
        <time>2025-09-14T09:39:46.999Z</time>
      </trkpt>
      <trkpt lat="40.938056" lon="17.317568">
        <ele>12.440059</ele>
        <time>2025-09-14T09:39:49.999Z</time>
      </trkpt>
      <trkpt lat="40.938115" lon="17.317431">
        <ele>12.495200</ele>
        <time>2025-09-14T09:39:52.999Z</time>
      </trkpt>
      <trkpt lat="40.938173" lon="17.317312">
        <ele>12.544719</ele>
        <time>2025-09-14T09:39:55.999Z</time>
      </trkpt>
      <trkpt lat="40.938233" lon="17.317193">
        <ele>12.594745</ele>
        <time>2025-09-14T09:39:58.999Z</time>
      </trkpt>
      <trkpt lat="40.938306" lon="17.317047">
        <ele>12.655965</ele>
        <time>2025-09-14T09:40:01.999Z</time>
      </trkpt>
      <trkpt lat="40.938373" lon="17.316902">
        <ele>12.715398</ele>
        <time>2025-09-14T09:40:04.999Z</time>
      </trkpt>
      <trkpt lat="40.938432" lon="17.316785">
        <ele>12.764586</ele>
        <time>2025-09-14T09:40:07.999Z</time>
      </trkpt>
      <trkpt lat="40.938480" lon="17.316682">
        <ele>12.806903</ele>
        <time>2025-09-14T09:40:10.999Z</time>
      </trkpt>
      <trkpt lat="40.938550" lon="17.316556">
        <ele>12.851840</ele>
        <time>2025-09-14T09:40:13.999Z</time>
      </trkpt>
      <trkpt lat="40.938624" lon="17.316416">
        <ele>12.900231</ele>
        <time>2025-09-14T09:40:16.999Z</time>
      </trkpt>
      <trkpt lat="40.938684" lon="17.316327">
        <ele>12.934015</ele>
        <time>2025-09-14T09:40:18.999Z</time>
      </trkpt>
      <trkpt lat="40.938753" lon="17.316238">
        <ele>12.970133</ele>
        <time>2025-09-14T09:40:20.999Z</time>
      </trkpt>
      <trkpt lat="40.938824" lon="17.316160">
        <ele>13.004723</ele>
        <time>2025-09-14T09:40:22.999Z</time>
      </trkpt>
      <trkpt lat="40.938895" lon="17.316083">
        <ele>13.039134</ele>
        <time>2025-09-14T09:40:24.999Z</time>
      </trkpt>
      <trkpt lat="40.938971" lon="17.316010">
        <ele>13.074337</ele>
        <time>2025-09-14T09:40:26.999Z</time>
      </trkpt>
      <trkpt lat="40.939045" lon="17.315928">
        <ele>13.110517</ele>
        <time>2025-09-14T09:40:28.999Z</time>
      </trkpt>
      <trkpt lat="40.939125" lon="17.315856">
        <ele>13.146785</ele>
        <time>2025-09-14T09:40:30.999Z</time>
      </trkpt>
      <trkpt lat="40.939230" lon="17.315749">
        <ele>13.196463</ele>
        <time>2025-09-14T09:40:33.999Z</time>
      </trkpt>
      <trkpt lat="40.939332" lon="17.315649">
        <ele>13.244048</ele>
        <time>2025-09-14T09:40:36.999Z</time>
      </trkpt>
      <trkpt lat="40.939418" lon="17.315551">
        <ele>13.286591</ele>
        <time>2025-09-14T09:40:39.999Z</time>
      </trkpt>
      <trkpt lat="40.939533" lon="17.315561">
        <ele>13.329798</ele>
        <time>2025-09-14T09:40:42.999Z</time>
      </trkpt>
      <trkpt lat="40.939660" lon="17.315496">
        <ele>13.380846</ele>
        <time>2025-09-14T09:40:45.999Z</time>
      </trkpt>
      <trkpt lat="40.939747" lon="17.315443">
        <ele>13.416750</ele>
        <time>2025-09-14T09:40:47.999Z</time>
      </trkpt>
      <trkpt lat="40.939832" lon="17.315392">
        <ele>13.451738</ele>
        <time>2025-09-14T09:40:49.999Z</time>
      </trkpt>
      <trkpt lat="40.939919" lon="17.315325">
        <ele>13.484601</ele>
        <time>2025-09-14T09:40:51.999Z</time>
      </trkpt>
      <trkpt lat="40.939998" lon="17.315250">
        <ele>13.484601</ele>
        <time>2025-09-14T09:40:53.999Z</time>
      </trkpt>
      <trkpt lat="40.940073" lon="17.315184">
        <ele>13.484601</ele>
        <time>2025-09-14T09:40:55.999Z</time>
      </trkpt>
      <trkpt lat="40.940185" lon="17.315090">
        <ele>13.484601</ele>
        <time>2025-09-14T09:40:58.999Z</time>
      </trkpt>
      <trkpt lat="40.940260" lon="17.315015">
        <ele>13.484601</ele>
        <time>2025-09-14T09:41:00.999Z</time>
      </trkpt>
      <trkpt lat="40.940361" lon="17.314914">
        <ele>13.484601</ele>
        <time>2025-09-14T09:41:03.999Z</time>
      </trkpt>
      <trkpt lat="40.940432" lon="17.314836">
        <ele>13.484601</ele>
        <time>2025-09-14T09:41:05.999Z</time>
      </trkpt>
      <trkpt lat="40.940526" lon="17.314717">
        <ele>13.484601</ele>
        <time>2025-09-14T09:41:08.999Z</time>
      </trkpt>
      <trkpt lat="40.940609" lon="17.314629">
        <ele>13.484601</ele>
        <time>2025-09-14T09:41:11.999Z</time>
      </trkpt>
      <trkpt lat="40.940687" lon="17.314528">
        <ele>13.484601</ele>
        <time>2025-09-14T09:41:16.999Z</time>
      </trkpt>
      <trkpt lat="40.940741" lon="17.314396">
        <ele>13.484601</ele>
        <time>2025-09-14T09:41:20.999Z</time>
      </trkpt>
      <trkpt lat="40.940689" lon="17.314269">
        <ele>13.484601</ele>
        <time>2025-09-14T09:41:24.999Z</time>
      </trkpt>
      <trkpt lat="40.940607" lon="17.314188">
        <ele>13.484601</ele>
        <time>2025-09-14T09:41:27.999Z</time>
      </trkpt>
      <trkpt lat="40.940560" lon="17.314072">
        <ele>13.484601</ele>
        <time>2025-09-14T09:41:30.999Z</time>
      </trkpt>
      <trkpt lat="40.940654" lon="17.314122">
        <ele>13.484601</ele>
        <time>2025-09-14T09:41:38.999Z</time>
      </trkpt>
    </trkseg>
  </trk>
</gpx>