<?xml version="1.0"?>
<gpx version="1.1" creator="GDAL 3.6.3" xmlns:xsi="http://www.w3.org/2001/XMLSchema-instance" xmlns:ogr="http://osgeo.org/gdal" xmlns="http://www.topografix.com/GPX/1/1" xsi:schemaLocation="http://www.topografix.com/GPX/1/1 http://www.topografix.com/GPX/1/1/gpx.xsd">
<metadata><bounds minlat="40.583930000000002" minlon="17.093679999999999" maxlat="40.683169999999997" maxlon="17.176514000000001"/></metadata>                  
<trk>
  <name>Path</name>
  <trkseg>
    <trkpt lat="40.58396" lon="17.123933">
    </trkpt>
    <trkpt lat="40.58393" lon="17.124055">
    </trkpt>
    <trkpt lat="40.583973" lon="17.124023">
    </trkpt>
    <trkpt lat="40.583995" lon="17.123953">
    </trkpt>
    <trkpt lat="40.584022" lon="17.123886">
    </trkpt>
    <trkpt lat="40.584079" lon="17.123898">
    </trkpt>
    <trkpt lat="40.584129" lon="17.123943">
    </trkpt>
    <trkpt lat="40.584174" lon="17.123975">
    </trkpt>
    <trkpt lat="40.584221" lon="17.12402">
    </trkpt>
    <trkpt lat="40.584268" lon="17.124063">
    </trkpt>
    <trkpt lat="40.584321" lon="17.124095">
    </trkpt>
    <trkpt lat="40.584384" lon="17.124102">
    </trkpt>
    <trkpt lat="40.584449" lon="17.124087">
    </trkpt>
    <trkpt lat="40.584512" lon="17.124049">
    </trkpt>
    <trkpt lat="40.584562" lon="17.124001">
    </trkpt>
    <trkpt lat="40.584609" lon="17.123958">
    </trkpt>
    <trkpt lat="40.584659" lon="17.123905">
    </trkpt>
    <trkpt lat="40.584712" lon="17.123858">
    </trkpt>
    <trkpt lat="40.58477" lon="17.123813">
    </trkpt>
    <trkpt lat="40.58483" lon="17.123761">
    </trkpt>
    <trkpt lat="40.584885" lon="17.123729">
    </trkpt>
    <trkpt lat="40.584932" lon="17.123696">
    </trkpt>
    <trkpt lat="40.584992" lon="17.123671">
    </trkpt>
    <trkpt lat="40.585057" lon="17.123639">
    </trkpt>
    <trkpt lat="40.585112" lon="17.123596">
    </trkpt>
    <trkpt lat="40.585155" lon="17.123521">
    </trkpt>
    <trkpt lat="40.585192" lon="17.123439">
    </trkpt>
    <trkpt lat="40.585222" lon="17.123352">
    </trkpt>
    <trkpt lat="40.585247" lon="17.123255">
    </trkpt>
    <trkpt lat="40.585274" lon="17.12316">
    </trkpt>
    <trkpt lat="40.585301" lon="17.123068">
    </trkpt>
    <trkpt lat="40.585326" lon="17.122968">
    </trkpt>
    <trkpt lat="40.585364" lon="17.12287">
    </trkpt>
    <trkpt lat="40.585407" lon="17.12278">
    </trkpt>
    <trkpt lat="40.585427" lon="17.122727">
    </trkpt>
    <trkpt lat="40.585459" lon="17.12265">
    </trkpt>
    <trkpt lat="40.585487" lon="17.122563">
    </trkpt>
    <trkpt lat="40.585522" lon="17.122468">
    </trkpt>
    <trkpt lat="40.585555" lon="17.122371">
    </trkpt>
    <trkpt lat="40.585588" lon="17.122284">
    </trkpt>
    <trkpt lat="40.585591" lon="17.122156">
    </trkpt>
    <trkpt lat="40.585599" lon="17.122094">
    </trkpt>
    <trkpt lat="40.585612" lon="17.122032">
    </trkpt>
    <trkpt lat="40.585629" lon="17.121975">
    </trkpt>
    <trkpt lat="40.585644" lon="17.121918">
    </trkpt>
    <trkpt lat="40.585664" lon="17.12186">
    </trkpt>
    <trkpt lat="40.585681" lon="17.121802">
    </trkpt>
    <trkpt lat="40.585709" lon="17.121692">
    </trkpt>
    <trkpt lat="40.585736" lon="17.121582">
    </trkpt>
    <trkpt lat="40.585753" lon="17.121527">
    </trkpt>
    <trkpt lat="40.585785" lon="17.121415">
    </trkpt>
    <trkpt lat="40.58582" lon="17.121312">
    </trkpt>
    <trkpt lat="40.585852" lon="17.121212">
    </trkpt>
    <trkpt lat="40.585875" lon="17.121115">
    </trkpt>
    <trkpt lat="40.585903" lon="17.12102">
    </trkpt>
    <trkpt lat="40.585931" lon="17.12093">
    </trkpt>
    <trkpt lat="40.585953" lon="17.120833">
    </trkpt>
    <trkpt lat="40.58597" lon="17.120735">
    </trkpt>
    <trkpt lat="40.585997" lon="17.120638">
    </trkpt>
    <trkpt lat="40.58602" lon="17.12055">
    </trkpt>
    <trkpt lat="40.586043" lon="17.120467">
    </trkpt>
    <trkpt lat="40.586066" lon="17.120384">
    </trkpt>
    <trkpt lat="40.586081" lon="17.120292">
    </trkpt>
    <trkpt lat="40.586108" lon="17.120199">
    </trkpt>
    <trkpt lat="40.586133" lon="17.120102">
    </trkpt>
    <trkpt lat="40.586163" lon="17.120005">
    </trkpt>
    <trkpt lat="40.586193" lon="17.119908">
    </trkpt>
    <trkpt lat="40.586221" lon="17.119815">
    </trkpt>
    <trkpt lat="40.586244" lon="17.119713">
    </trkpt>
    <trkpt lat="40.586267" lon="17.119621">
    </trkpt>
    <trkpt lat="40.586297" lon="17.119524">
    </trkpt>
    <trkpt lat="40.586332" lon="17.119422">
    </trkpt>
    <trkpt lat="40.586364" lon="17.11932">
    </trkpt>
    <trkpt lat="40.586394" lon="17.119217">
    </trkpt>
    <trkpt lat="40.586429" lon="17.119117">
    </trkpt>
    <trkpt lat="40.586467" lon="17.119024">
    </trkpt>
    <trkpt lat="40.586502" lon="17.118932">
    </trkpt>
    <trkpt lat="40.586507" lon="17.118872">
    </trkpt>
    <trkpt lat="40.586519" lon="17.118812">
    </trkpt>
    <trkpt lat="40.586534" lon="17.118695">
    </trkpt>
    <trkpt lat="40.586554" lon="17.118587">
    </trkpt>
    <trkpt lat="40.586569" lon="17.118484">
    </trkpt>
    <trkpt lat="40.586594" lon="17.118391">
    </trkpt>
    <trkpt lat="40.586612" lon="17.118299">
    </trkpt>
    <trkpt lat="40.58663" lon="17.118204">
    </trkpt>
    <trkpt lat="40.586673" lon="17.118096">
    </trkpt>
    <trkpt lat="40.586708" lon="17.117993">
    </trkpt>
    <trkpt lat="40.586738" lon="17.117898">
    </trkpt>
    <trkpt lat="40.586781" lon="17.117811">
    </trkpt>
    <trkpt lat="40.586829" lon="17.117718">
    </trkpt>
    <trkpt lat="40.586861" lon="17.11763">
    </trkpt>
    <trkpt lat="40.586891" lon="17.117547">
    </trkpt>
    <trkpt lat="40.586921" lon="17.117469">
    </trkpt>
    <trkpt lat="40.586948" lon="17.117389">
    </trkpt>
    <trkpt lat="40.58698" lon="17.117306">
    </trkpt>
    <trkpt lat="40.586997" lon="17.117218">
    </trkpt>
    <trkpt lat="40.587022" lon="17.11713">
    </trkpt>
    <trkpt lat="40.587037" lon="17.117032">
    </trkpt>
    <trkpt lat="40.587049" lon="17.116942">
    </trkpt>
    <trkpt lat="40.587062" lon="17.116847">
    </trkpt>
    <trkpt lat="40.587079" lon="17.116762">
    </trkpt>
    <trkpt lat="40.587106" lon="17.11668">
    </trkpt>
    <trkpt lat="40.587128" lon="17.116595">
    </trkpt>
    <trkpt lat="40.58715" lon="17.116515">
    </trkpt>
    <trkpt lat="40.58717" lon="17.116453">
    </trkpt>
    <trkpt lat="40.58719" lon="17.11639">
    </trkpt>
    <trkpt lat="40.587213" lon="17.116317">
    </trkpt>
    <trkpt lat="40.587231" lon="17.11624">
    </trkpt>
    <trkpt lat="40.587289" lon="17.11626">
    </trkpt>
    <trkpt lat="40.587364" lon="17.116292">
    </trkpt>
    <trkpt lat="40.587424" lon="17.116245">
    </trkpt>
    <trkpt lat="40.587476" lon="17.116208">
    </trkpt>
    <trkpt lat="40.587508" lon="17.116136">
    </trkpt>
    <trkpt lat="40.58754" lon="17.116049">
    </trkpt>
    <trkpt lat="40.587583" lon="17.115962">
    </trkpt>
    <trkpt lat="40.587631" lon="17.115877">
    </trkpt>
    <trkpt lat="40.587669" lon="17.11579">
    </trkpt>
    <trkpt lat="40.587704" lon="17.1157">
    </trkpt>
    <trkpt lat="40.587726" lon="17.11561">
    </trkpt>
    <trkpt lat="40.587718" lon="17.115545">
    </trkpt>
    <trkpt lat="40.587676" lon="17.115508">
    </trkpt>
    <trkpt lat="40.587608" lon="17.11547">
    </trkpt>
    <trkpt lat="40.587548" lon="17.115408">
    </trkpt>
    <trkpt lat="40.587533" lon="17.115321">
    </trkpt>
    <trkpt lat="40.587548" lon="17.115228">
    </trkpt>
    <trkpt lat="40.587568" lon="17.115133">
    </trkpt>
    <trkpt lat="40.587591" lon="17.11503">
    </trkpt>
    <trkpt lat="40.587623" lon="17.114927">
    </trkpt>
    <trkpt lat="40.587656" lon="17.114824">
    </trkpt>
    <trkpt lat="40.587684" lon="17.114724">
    </trkpt>
    <trkpt lat="40.587712" lon="17.114626">
    </trkpt>
    <trkpt lat="40.587745" lon="17.114526">
    </trkpt>
    <trkpt lat="40.587763" lon="17.114471">
    </trkpt>
    <trkpt lat="40.58779" lon="17.114364">
    </trkpt>
    <trkpt lat="40.587818" lon="17.114257">
    </trkpt>
    <trkpt lat="40.587853" lon="17.114157">
    </trkpt>
    <trkpt lat="40.587886" lon="17.114052">
    </trkpt>
    <trkpt lat="40.587906" lon="17.113995">
    </trkpt>
    <trkpt lat="40.587923" lon="17.113933">
    </trkpt>
    <trkpt lat="40.587965" lon="17.113833">
    </trkpt>
    <trkpt lat="40.587968" lon="17.113736">
    </trkpt>
    <trkpt lat="40.587918" lon="17.113679">
    </trkpt>
    <trkpt lat="40.587848" lon="17.113641">
    </trkpt>
    <trkpt lat="40.587783" lon="17.113604">
    </trkpt>
    <trkpt lat="40.587723" lon="17.113577">
    </trkpt>
    <trkpt lat="40.587678" lon="17.113554">
    </trkpt>
    <trkpt lat="40.587633" lon="17.113534">
    </trkpt>
    <trkpt lat="40.58757" lon="17.113492">
    </trkpt>
    <trkpt lat="40.587523" lon="17.113469">
    </trkpt>
    <trkpt lat="40.587084895963002" lon="17.113301022807001">
    </trkpt>
    <trkpt lat="40.586896361675002" lon="17.1136597619901">
    </trkpt>
    <trkpt lat="40.586583004069198" lon="17.113458777708299">
    </trkpt>
    <trkpt lat="40.586506223880903" lon="17.113450204742399">
    </trkpt>
    <trkpt lat="40.586449264231298" lon="17.113419745046201">
    </trkpt>
    <trkpt lat="40.586400449902499" lon="17.113400015197499">
    </trkpt>
    <trkpt lat="40.586370256750101" lon="17.1133774023683">
    </trkpt>
    <trkpt lat="40.586309090597901" lon="17.113333189439999">
    </trkpt>
    <trkpt lat="40.586108870840498" lon="17.113923517813401">
    </trkpt>
    <trkpt lat="40.585546019455201" lon="17.1134691136375">
    </trkpt>
    <trkpt lat="40.585484341502202" lon="17.1133286185785">
    </trkpt>
    <trkpt lat="40.585129626388301" lon="17.1129778655135">
    </trkpt>
    <trkpt lat="40.585033493987098" lon="17.112851973244901">
    </trkpt>
    <trkpt lat="40.585035816985197" lon="17.1125986192292">
    </trkpt>
    <trkpt lat="40.585058286394897" lon="17.112499880487299">
    </trkpt>
    <trkpt lat="40.585113420130298" lon="17.1124057780331">
    </trkpt>
    <trkpt lat="40.5850617506565" lon="17.1123940092716">
    </trkpt>
    <trkpt lat="40.584966099811403" lon="17.1124431321362">
    </trkpt>
    <trkpt lat="40.584867380000397" lon="17.112497322142801">
    </trkpt>
    <trkpt lat="40.584778478101398" lon="17.112467001073298">
    </trkpt>
    <trkpt lat="40.584691199663098" lon="17.112183117924499">
    </trkpt>
    <trkpt lat="40.5846490081722" lon="17.112134957275799">
    </trkpt>
    <trkpt lat="40.5845075567821" lon="17.111732736542599">
    </trkpt>
    <trkpt lat="40.584748889053998" lon="17.1115473670901">
    </trkpt>
    <trkpt lat="40.585046216752602" lon="17.111357633351499">
    </trkpt>
    <trkpt lat="40.585125" lon="17.111346">
    </trkpt>
    <trkpt lat="40.585173" lon="17.111314">
    </trkpt>
    <trkpt lat="40.585208" lon="17.111276">
    </trkpt>
    <trkpt lat="40.585261" lon="17.111251">
    </trkpt>
    <trkpt lat="40.585303" lon="17.111226">
    </trkpt>
    <trkpt lat="40.585356" lon="17.111198">
    </trkpt>
    <trkpt lat="40.585419" lon="17.111176">
    </trkpt>
    <trkpt lat="40.585501" lon="17.111163">
    </trkpt>
    <trkpt lat="40.585546" lon="17.11115">
    </trkpt>
    <trkpt lat="40.585589" lon="17.111133">
    </trkpt>
    <trkpt lat="40.585662" lon="17.111076">
    </trkpt>
    <trkpt lat="40.585699" lon="17.111041">
    </trkpt>
    <trkpt lat="40.585737" lon="17.111004">
    </trkpt>
    <trkpt lat="40.585774" lon="17.110962">
    </trkpt>
    <trkpt lat="40.585837" lon="17.110874">
    </trkpt>
    <trkpt lat="40.585874" lon="17.110836">
    </trkpt>
    <trkpt lat="40.585909" lon="17.110796">
    </trkpt>
    <trkpt lat="40.585942" lon="17.110756">
    </trkpt>
    <trkpt lat="40.585974" lon="17.110711">
    </trkpt>
    <trkpt lat="40.586002" lon="17.110659">
    </trkpt>
    <trkpt lat="40.586029" lon="17.110609">
    </trkpt>
    <trkpt lat="40.586052" lon="17.110557">
    </trkpt>
    <trkpt lat="40.586087" lon="17.110449">
    </trkpt>
    <trkpt lat="40.586119" lon="17.110354">
    </trkpt>
    <trkpt lat="40.586131" lon="17.110267">
    </trkpt>
    <trkpt lat="40.586143" lon="17.110187">
    </trkpt>
    <trkpt lat="40.58617" lon="17.11012">
    </trkpt>
    <trkpt lat="40.586203" lon="17.110052">
    </trkpt>
    <trkpt lat="40.586228" lon="17.109987">
    </trkpt>
    <trkpt lat="40.586251" lon="17.109924">
    </trkpt>
    <trkpt lat="40.586288" lon="17.109864">
    </trkpt>
    <trkpt lat="40.586333" lon="17.109814">
    </trkpt>
    <trkpt lat="40.586363" lon="17.109751">
    </trkpt>
    <trkpt lat="40.586398" lon="17.109701">
    </trkpt>
    <trkpt lat="40.586443" lon="17.109653">
    </trkpt>
    <trkpt lat="40.5865" lon="17.109608">
    </trkpt>
    <trkpt lat="40.58656" lon="17.109561">
    </trkpt>
    <trkpt lat="40.586625" lon="17.109531">
    </trkpt>
    <trkpt lat="40.58668" lon="17.109498">
    </trkpt>
    <trkpt lat="40.58671" lon="17.109436">
    </trkpt>
    <trkpt lat="40.586722" lon="17.109371">
    </trkpt>
    <trkpt lat="40.586744" lon="17.109288">
    </trkpt>
    <trkpt lat="40.586762" lon="17.10919">
    </trkpt>
    <trkpt lat="40.586779" lon="17.109092">
    </trkpt>
    <trkpt lat="40.586802" lon="17.108995">
    </trkpt>
    <trkpt lat="40.586835" lon="17.108912">
    </trkpt>
    <trkpt lat="40.58687" lon="17.108819">
    </trkpt>
    <trkpt lat="40.586923" lon="17.108746">
    </trkpt>
    <trkpt lat="40.586976" lon="17.108678">
    </trkpt>
    <trkpt lat="40.587033" lon="17.108621">
    </trkpt>
    <trkpt lat="40.587091" lon="17.108561">
    </trkpt>
    <trkpt lat="40.587161" lon="17.108524">
    </trkpt>
    <trkpt lat="40.587244" lon="17.108504">
    </trkpt>
    <trkpt lat="40.587324" lon="17.108486">
    </trkpt>
    <trkpt lat="40.587391" lon="17.108459">
    </trkpt>
    <trkpt lat="40.587436" lon="17.108421">
    </trkpt>
    <trkpt lat="40.587484" lon="17.108398">
    </trkpt>
    <trkpt lat="40.587532" lon="17.108391">
    </trkpt>
    <trkpt lat="40.587577" lon="17.108368">
    </trkpt>
    <trkpt lat="40.587614" lon="17.108311">
    </trkpt>
    <trkpt lat="40.587647" lon="17.108231">
    </trkpt>
    <trkpt lat="40.587685" lon="17.108143">
    </trkpt>
    <trkpt lat="40.587738" lon="17.108065">
    </trkpt>
    <trkpt lat="40.587781" lon="17.107997">
    </trkpt>
    <trkpt lat="40.587818" lon="17.107922">
    </trkpt>
    <trkpt lat="40.587848" lon="17.10784">
    </trkpt>
    <trkpt lat="40.587871" lon="17.107768">
    </trkpt>
    <trkpt lat="40.587894" lon="17.107711">
    </trkpt>
    <trkpt lat="40.587947" lon="17.107696">
    </trkpt>
    <trkpt lat="40.588009" lon="17.107691">
    </trkpt>
    <trkpt lat="40.588071" lon="17.107688">
    </trkpt>
    <trkpt lat="40.588134" lon="17.107683">
    </trkpt>
    <trkpt lat="40.588197" lon="17.10767">
    </trkpt>
    <trkpt lat="40.588254" lon="17.107633">
    </trkpt>
    <trkpt lat="40.588301" lon="17.107583">
    </trkpt>
    <trkpt lat="40.588331" lon="17.107511">
    </trkpt>
    <trkpt lat="40.588308" lon="17.107423">
    </trkpt>
    <trkpt lat="40.588245" lon="17.107335">
    </trkpt>
    <trkpt lat="40.588208" lon="17.107298">
    </trkpt>
    <trkpt lat="40.588168" lon="17.107258">
    </trkpt>
    <trkpt lat="40.588121" lon="17.107216">
    </trkpt>
    <trkpt lat="40.588071" lon="17.107173">
    </trkpt>
    <trkpt lat="40.588019" lon="17.107118">
    </trkpt>
    <trkpt lat="40.587961" lon="17.107053">
    </trkpt>
    <trkpt lat="40.587906" lon="17.106995">
    </trkpt>
    <trkpt lat="40.587863" lon="17.106948">
    </trkpt>
    <trkpt lat="40.587835" lon="17.106901">
    </trkpt>
    <trkpt lat="40.587813" lon="17.106796">
    </trkpt>
    <trkpt lat="40.587816" lon="17.106678">
    </trkpt>
    <trkpt lat="40.587831" lon="17.106621">
    </trkpt>
    <trkpt lat="40.587856" lon="17.106569">
    </trkpt>
    <trkpt lat="40.587888" lon="17.106514">
    </trkpt>
    <trkpt lat="40.587921" lon="17.106459">
    </trkpt>
    <trkpt lat="40.587949" lon="17.106396">
    </trkpt>
    <trkpt lat="40.587982" lon="17.106331">
    </trkpt>
    <trkpt lat="40.58801" lon="17.106264">
    </trkpt>
    <trkpt lat="40.588037" lon="17.106196">
    </trkpt>
    <trkpt lat="40.588065" lon="17.106129">
    </trkpt>
    <trkpt lat="40.588093" lon="17.106056">
    </trkpt>
    <trkpt lat="40.58812" lon="17.105984">
    </trkpt>
    <trkpt lat="40.588142" lon="17.105907">
    </trkpt>
    <trkpt lat="40.588167" lon="17.105837">
    </trkpt>
    <trkpt lat="40.588194" lon="17.105765">
    </trkpt>
    <trkpt lat="40.588231" lon="17.105697">
    </trkpt>
    <trkpt lat="40.588281" lon="17.10565">
    </trkpt>
    <trkpt lat="40.588334" lon="17.10562">
    </trkpt>
    <trkpt lat="40.588384" lon="17.105593">
    </trkpt>
    <trkpt lat="40.588431" lon="17.105563">
    </trkpt>
    <trkpt lat="40.588493" lon="17.105483">
    </trkpt>
    <trkpt lat="40.588518" lon="17.105431">
    </trkpt>
    <trkpt lat="40.588556" lon="17.105328">
    </trkpt>
    <trkpt lat="40.588566" lon="17.10523">
    </trkpt>
    <trkpt lat="40.588589" lon="17.105135">
    </trkpt>
    <trkpt lat="40.588634" lon="17.10505">
    </trkpt>
    <trkpt lat="40.588682" lon="17.104982">
    </trkpt>
    <trkpt lat="40.588739" lon="17.104935">
    </trkpt>
    <trkpt lat="40.588801" lon="17.104892">
    </trkpt>
    <trkpt lat="40.588856" lon="17.104842">
    </trkpt>
    <trkpt lat="40.588909" lon="17.1048">
    </trkpt>
    <trkpt lat="40.588962" lon="17.104747">
    </trkpt>
    <trkpt lat="40.58901" lon="17.104694">
    </trkpt>
    <trkpt lat="40.589053" lon="17.104641">
    </trkpt>
    <trkpt lat="40.589096" lon="17.104586">
    </trkpt>
    <trkpt lat="40.589139" lon="17.104533">
    </trkpt>
    <trkpt lat="40.589182" lon="17.104483">
    </trkpt>
    <trkpt lat="40.589225" lon="17.104425">
    </trkpt>
    <trkpt lat="40.589263" lon="17.104372">
    </trkpt>
    <trkpt lat="40.589301" lon="17.104317">
    </trkpt>
    <trkpt lat="40.589338" lon="17.104262">
    </trkpt>
    <trkpt lat="40.589375" lon="17.104205">
    </trkpt>
    <trkpt lat="40.589415" lon="17.104145">
    </trkpt>
    <trkpt lat="40.589457" lon="17.104092">
    </trkpt>
    <trkpt lat="40.5895" lon="17.10403">
    </trkpt>
    <trkpt lat="40.589542" lon="17.103967">
    </trkpt>
    <trkpt lat="40.589582" lon="17.103907">
    </trkpt>
    <trkpt lat="40.589627" lon="17.103847">
    </trkpt>
    <trkpt lat="40.589669" lon="17.103792">
    </trkpt>
    <trkpt lat="40.589704" lon="17.103722">
    </trkpt>
    <trkpt lat="40.589742" lon="17.103652">
    </trkpt>
    <trkpt lat="40.58978" lon="17.103584">
    </trkpt>
    <trkpt lat="40.589825" lon="17.103514">
    </trkpt>
    <trkpt lat="40.589863" lon="17.103454">
    </trkpt>
    <trkpt lat="40.589913" lon="17.103391">
    </trkpt>
    <trkpt lat="40.589951" lon="17.103329">
    </trkpt>
    <trkpt lat="40.589983" lon="17.103261">
    </trkpt>
    <trkpt lat="40.590026" lon="17.103199">
    </trkpt>
    <trkpt lat="40.590068" lon="17.103127">
    </trkpt>
    <trkpt lat="40.590103" lon="17.10306">
    </trkpt>
    <trkpt lat="40.59013" lon="17.102992">
    </trkpt>
    <trkpt lat="40.590162" lon="17.102925">
    </trkpt>
    <trkpt lat="40.590194" lon="17.102847">
    </trkpt>
    <trkpt lat="40.590232" lon="17.102765">
    </trkpt>
    <trkpt lat="40.590267" lon="17.102682">
    </trkpt>
    <trkpt lat="40.590302" lon="17.102602">
    </trkpt>
    <trkpt lat="40.590329" lon="17.102515">
    </trkpt>
    <trkpt lat="40.590366" lon="17.10243">
    </trkpt>
    <trkpt lat="40.590401" lon="17.102342">
    </trkpt>
    <trkpt lat="40.590436" lon="17.102247">
    </trkpt>
    <trkpt lat="40.590468" lon="17.102152">
    </trkpt>
    <trkpt lat="40.5905" lon="17.102059">
    </trkpt>
    <trkpt lat="40.590533" lon="17.101964">
    </trkpt>
    <trkpt lat="40.590561" lon="17.101866">
    </trkpt>
    <trkpt lat="40.590588" lon="17.101766">
    </trkpt>
    <trkpt lat="40.590625" lon="17.101669">
    </trkpt>
    <trkpt lat="40.59067" lon="17.101582">
    </trkpt>
    <trkpt lat="40.590713" lon="17.101494">
    </trkpt>
    <trkpt lat="40.590763" lon="17.101407">
    </trkpt>
    <trkpt lat="40.59082" lon="17.101339">
    </trkpt>
    <trkpt lat="40.590883" lon="17.101271">
    </trkpt>
    <trkpt lat="40.590945" lon="17.101198">
    </trkpt>
    <trkpt lat="40.591005" lon="17.101133">
    </trkpt>
    <trkpt lat="40.591062" lon="17.10107">
    </trkpt>
    <trkpt lat="40.59112" lon="17.101008">
    </trkpt>
    <trkpt lat="40.591178" lon="17.100946">
    </trkpt>
    <trkpt lat="40.591231" lon="17.100884">
    </trkpt>
    <trkpt lat="40.591283" lon="17.100817">
    </trkpt>
    <trkpt lat="40.591336" lon="17.100744">
    </trkpt>
    <trkpt lat="40.591393" lon="17.100682">
    </trkpt>
    <trkpt lat="40.591448" lon="17.10061">
    </trkpt>
    <trkpt lat="40.591491" lon="17.100538">
    </trkpt>
    <trkpt lat="40.591536" lon="17.100476">
    </trkpt>
    <trkpt lat="40.591579" lon="17.100413">
    </trkpt>
    <trkpt lat="40.591616" lon="17.100345">
    </trkpt>
    <trkpt lat="40.591659" lon="17.100285">
    </trkpt>
    <trkpt lat="40.591702" lon="17.100233">
    </trkpt>
    <trkpt lat="40.591729" lon="17.10017">
    </trkpt>
    <trkpt lat="40.591746" lon="17.100105">
    </trkpt>
    <trkpt lat="40.591769" lon="17.100027">
    </trkpt>
    <trkpt lat="40.591791" lon="17.099952">
    </trkpt>
    <trkpt lat="40.591809" lon="17.09987">
    </trkpt>
    <trkpt lat="40.591824" lon="17.099788">
    </trkpt>
    <trkpt lat="40.591844" lon="17.099698">
    </trkpt>
    <trkpt lat="40.591866" lon="17.099606">
    </trkpt>
    <trkpt lat="40.591889" lon="17.099523">
    </trkpt>
    <trkpt lat="40.591907" lon="17.099431">
    </trkpt>
    <trkpt lat="40.591925" lon="17.099343">
    </trkpt>
    <trkpt lat="40.591938" lon="17.099253">
    </trkpt>
    <trkpt lat="40.591963" lon="17.099165">
    </trkpt>
    <trkpt lat="40.591993" lon="17.09909">
    </trkpt>
    <trkpt lat="40.592021" lon="17.099013">
    </trkpt>
    <trkpt lat="40.592054" lon="17.098936">
    </trkpt>
    <trkpt lat="40.592087" lon="17.098859">
    </trkpt>
    <trkpt lat="40.592122" lon="17.098789">
    </trkpt>
    <trkpt lat="40.592169" lon="17.098721">
    </trkpt>
    <trkpt lat="40.592201" lon="17.098659">
    </trkpt>
    <trkpt lat="40.592239" lon="17.098594">
    </trkpt>
    <trkpt lat="40.592282" lon="17.098516">
    </trkpt>
    <trkpt lat="40.592317" lon="17.098446">
    </trkpt>
    <trkpt lat="40.592349" lon="17.098376">
    </trkpt>
    <trkpt lat="40.592396" lon="17.098306">
    </trkpt>
    <trkpt lat="40.592433" lon="17.098228">
    </trkpt>
    <trkpt lat="40.592468" lon="17.098156">
    </trkpt>
    <trkpt lat="40.592501" lon="17.098074">
    </trkpt>
    <trkpt lat="40.592533" lon="17.097989">
    </trkpt>
    <trkpt lat="40.592563" lon="17.097889">
    </trkpt>
    <trkpt lat="40.592591" lon="17.097801">
    </trkpt>
    <trkpt lat="40.592623" lon="17.097731">
    </trkpt>
    <trkpt lat="40.592651" lon="17.097651">
    </trkpt>
    <trkpt lat="40.592681" lon="17.097574">
    </trkpt>
    <trkpt lat="40.592708" lon="17.097489">
    </trkpt>
    <trkpt lat="40.59274" lon="17.097416">
    </trkpt>
    <trkpt lat="40.592768" lon="17.097334">
    </trkpt>
    <trkpt lat="40.592795" lon="17.097244">
    </trkpt>
    <trkpt lat="40.592822" lon="17.097157">
    </trkpt>
    <trkpt lat="40.592859" lon="17.097074">
    </trkpt>
    <trkpt lat="40.592897" lon="17.096987">
    </trkpt>
    <trkpt lat="40.592937" lon="17.096899">
    </trkpt>
    <trkpt lat="40.59298" lon="17.096809">
    </trkpt>
    <trkpt lat="40.593022" lon="17.096726">
    </trkpt>
    <trkpt lat="40.593065" lon="17.096651">
    </trkpt>
    <trkpt lat="40.59311" lon="17.096574">
    </trkpt>
    <trkpt lat="40.593155" lon="17.096491">
    </trkpt>
    <trkpt lat="40.5932" lon="17.096413">
    </trkpt>
    <trkpt lat="40.593242" lon="17.096341">
    </trkpt>
    <trkpt lat="40.593272" lon="17.096276">
    </trkpt>
    <trkpt lat="40.593309" lon="17.096204">
    </trkpt>
    <trkpt lat="40.593351" lon="17.096122">
    </trkpt>
    <trkpt lat="40.593393" lon="17.096037">
    </trkpt>
    <trkpt lat="40.59344" lon="17.09595">
    </trkpt>
    <trkpt lat="40.593483" lon="17.095862">
    </trkpt>
    <trkpt lat="40.593526" lon="17.095765">
    </trkpt>
    <trkpt lat="40.593568" lon="17.095673">
    </trkpt>
    <trkpt lat="40.593608" lon="17.0956">
    </trkpt>
    <trkpt lat="40.59364" lon="17.09552">
    </trkpt>
    <trkpt lat="40.593662" lon="17.095463">
    </trkpt>
    <trkpt lat="40.59368" lon="17.095405">
    </trkpt>
    <trkpt lat="40.593698" lon="17.095342">
    </trkpt>
    <trkpt lat="40.593721" lon="17.095277">
    </trkpt>
    <trkpt lat="40.593738" lon="17.095219">
    </trkpt>
    <trkpt lat="40.59376" lon="17.095162">
    </trkpt>
    <trkpt lat="40.593787" lon="17.095107">
    </trkpt>
    <trkpt lat="40.593807" lon="17.095054">
    </trkpt>
    <trkpt lat="40.593825" lon="17.094999">
    </trkpt>
    <trkpt lat="40.593847" lon="17.094941">
    </trkpt>
    <trkpt lat="40.593875" lon="17.094884">
    </trkpt>
    <trkpt lat="40.593908" lon="17.094832">
    </trkpt>
    <trkpt lat="40.593945" lon="17.094755">
    </trkpt>
    <trkpt lat="40.59397" lon="17.094693">
    </trkpt>
    <trkpt lat="40.59399" lon="17.094638">
    </trkpt>
    <trkpt lat="40.594015" lon="17.094583">
    </trkpt>
    <trkpt lat="40.594035" lon="17.094526">
    </trkpt>
    <trkpt lat="40.594058" lon="17.094469">
    </trkpt>
    <trkpt lat="40.594091" lon="17.094392">
    </trkpt>
    <trkpt lat="40.594121" lon="17.094344">
    </trkpt>
    <trkpt lat="40.594173" lon="17.094327">
    </trkpt>
    <trkpt lat="40.594223" lon="17.09433">
    </trkpt>
    <trkpt lat="40.59428" lon="17.094335">
    </trkpt>
    <trkpt lat="40.594345" lon="17.09434">
    </trkpt>
    <trkpt lat="40.59439" lon="17.094348">
    </trkpt>
    <trkpt lat="40.59444" lon="17.094353">
    </trkpt>
    <trkpt lat="40.594492" lon="17.094358">
    </trkpt>
    <trkpt lat="40.594545" lon="17.094371">
    </trkpt>
    <trkpt lat="40.594598" lon="17.094384">
    </trkpt>
    <trkpt lat="40.594651" lon="17.094401">
    </trkpt>
    <trkpt lat="40.594704" lon="17.094409">
    </trkpt>
    <trkpt lat="40.594749" lon="17.094417">
    </trkpt>
    <trkpt lat="40.594809" lon="17.094427">
    </trkpt>
    <trkpt lat="40.594864" lon="17.094442">
    </trkpt>
    <trkpt lat="40.594932" lon="17.094447">
    </trkpt>
    <trkpt lat="40.59498" lon="17.09445">
    </trkpt>
    <trkpt lat="40.595027" lon="17.094457">
    </trkpt>
    <trkpt lat="40.595079" lon="17.09445">
    </trkpt>
    <trkpt lat="40.595131" lon="17.094447">
    </trkpt>
    <trkpt lat="40.595179" lon="17.094449">
    </trkpt>
    <trkpt lat="40.595224" lon="17.094452">
    </trkpt>
    <trkpt lat="40.595271" lon="17.094445">
    </trkpt>
    <trkpt lat="40.595333" lon="17.094438">
    </trkpt>
    <trkpt lat="40.59538" lon="17.094438">
    </trkpt>
    <trkpt lat="40.595425" lon="17.094433">
    </trkpt>
    <trkpt lat="40.59549" lon="17.094431">
    </trkpt>
    <trkpt lat="40.595552" lon="17.094434">
    </trkpt>
    <trkpt lat="40.59562" lon="17.094441">
    </trkpt>
    <trkpt lat="40.595667" lon="17.094439">
    </trkpt>
    <trkpt lat="40.595712" lon="17.094444">
    </trkpt>
    <trkpt lat="40.595757" lon="17.094451">
    </trkpt>
    <trkpt lat="40.59582" lon="17.094461">
    </trkpt>
    <trkpt lat="40.595872" lon="17.094468">
    </trkpt>
    <trkpt lat="40.595934" lon="17.094466">
    </trkpt>
    <trkpt lat="40.595999" lon="17.094464">
    </trkpt>
    <trkpt lat="40.596049" lon="17.094461">
    </trkpt>
    <trkpt lat="40.596109" lon="17.094464">
    </trkpt>
    <trkpt lat="40.596162" lon="17.094452">
    </trkpt>
    <trkpt lat="40.596224" lon="17.09443">
    </trkpt>
    <trkpt lat="40.596282" lon="17.094423">
    </trkpt>
    <trkpt lat="40.596334" lon="17.09441">
    </trkpt>
    <trkpt lat="40.596394" lon="17.094397">
    </trkpt>
    <trkpt lat="40.596451" lon="17.094372">
    </trkpt>
    <trkpt lat="40.596503" lon="17.09432">
    </trkpt>
    <trkpt lat="40.596541" lon="17.09425">
    </trkpt>
    <trkpt lat="40.596578" lon="17.094187">
    </trkpt>
    <trkpt lat="40.596608" lon="17.09414">
    </trkpt>
    <trkpt lat="40.596651" lon="17.094078">
    </trkpt>
    <trkpt lat="40.596681" lon="17.094033">
    </trkpt>
    <trkpt lat="40.596726" lon="17.09398">
    </trkpt>
    <trkpt lat="40.596769" lon="17.093913">
    </trkpt>
    <trkpt lat="40.596812" lon="17.093846">
    </trkpt>
    <trkpt lat="40.596857" lon="17.093793">
    </trkpt>
    <trkpt lat="40.596904" lon="17.09374">
    </trkpt>
    <trkpt lat="40.596956" lon="17.093705">
    </trkpt>
    <trkpt lat="40.597013" lon="17.093687">
    </trkpt>
    <trkpt lat="40.59706" lon="17.093682">
    </trkpt>
    <trkpt lat="40.59712" lon="17.09368">
    </trkpt>
    <trkpt lat="40.597172" lon="17.093692">
    </trkpt>
    <trkpt lat="40.597222" lon="17.093702">
    </trkpt>
    <trkpt lat="40.597277" lon="17.093729">
    </trkpt>
    <trkpt lat="40.597332" lon="17.093776">
    </trkpt>
    <trkpt lat="40.597372" lon="17.093813">
    </trkpt>
    <trkpt lat="40.597422" lon="17.09386">
    </trkpt>
    <trkpt lat="40.597474" lon="17.093915">
    </trkpt>
    <trkpt lat="40.597522" lon="17.093975">
    </trkpt>
    <trkpt lat="40.597567" lon="17.094023">
    </trkpt>
    <trkpt lat="40.597619" lon="17.094068">
    </trkpt>
    <trkpt lat="40.597679" lon="17.094103">
    </trkpt>
    <trkpt lat="40.597722" lon="17.094133">
    </trkpt>
    <trkpt lat="40.597767" lon="17.094158">
    </trkpt>
    <trkpt lat="40.597825" lon="17.094186">
    </trkpt>
    <trkpt lat="40.597888" lon="17.094214">
    </trkpt>
    <trkpt lat="40.597933" lon="17.094237">
    </trkpt>
    <trkpt lat="40.597993" lon="17.09427">
    </trkpt>
    <trkpt lat="40.598038" lon="17.094288">
    </trkpt>
    <trkpt lat="40.598081" lon="17.094325">
    </trkpt>
    <trkpt lat="40.598126" lon="17.094358">
    </trkpt>
    <trkpt lat="40.598168" lon="17.094381">
    </trkpt>
    <trkpt lat="40.598211" lon="17.094398">
    </trkpt>
    <trkpt lat="40.598266" lon="17.09443">
    </trkpt>
    <trkpt lat="40.598308" lon="17.094455">
    </trkpt>
    <trkpt lat="40.59837" lon="17.094483">
    </trkpt>
    <trkpt lat="40.598415" lon="17.09451">
    </trkpt>
    <trkpt lat="40.598465" lon="17.094533">
    </trkpt>
    <trkpt lat="40.598515" lon="17.094546">
    </trkpt>
    <trkpt lat="40.598558" lon="17.094573">
    </trkpt>
    <trkpt lat="40.598606" lon="17.094596">
    </trkpt>
    <trkpt lat="40.598654" lon="17.094618">
    </trkpt>
    <trkpt lat="40.598709" lon="17.094641">
    </trkpt>
    <trkpt lat="40.598762" lon="17.094666">
    </trkpt>
    <trkpt lat="40.598814" lon="17.094694">
    </trkpt>
    <trkpt lat="40.598859" lon="17.094726">
    </trkpt>
    <trkpt lat="40.598929" lon="17.094761">
    </trkpt>
    <trkpt lat="40.598977" lon="17.094771">
    </trkpt>
    <trkpt lat="40.599025" lon="17.094801">
    </trkpt>
    <trkpt lat="40.59907" lon="17.094826">
    </trkpt>
    <trkpt lat="40.599128" lon="17.094858">
    </trkpt>
    <trkpt lat="40.599183" lon="17.094881">
    </trkpt>
    <trkpt lat="40.599243" lon="17.094913">
    </trkpt>
    <trkpt lat="40.599298" lon="17.094943">
    </trkpt>
    <trkpt lat="40.599345" lon="17.094966">
    </trkpt>
    <trkpt lat="40.59939" lon="17.094989">
    </trkpt>
    <trkpt lat="40.599442" lon="17.095017">
    </trkpt>
    <trkpt lat="40.599494" lon="17.095045">
    </trkpt>
    <trkpt lat="40.599546" lon="17.095058">
    </trkpt>
    <trkpt lat="40.599591" lon="17.09508">
    </trkpt>
    <trkpt lat="40.599638" lon="17.095108">
    </trkpt>
    <trkpt lat="40.59969" lon="17.09514">
    </trkpt>
    <trkpt lat="40.599733" lon="17.095173">
    </trkpt>
    <trkpt lat="40.599778" lon="17.095205">
    </trkpt>
    <trkpt lat="40.599826" lon="17.095222">
    </trkpt>
    <trkpt lat="40.599879" lon="17.095245">
    </trkpt>
    <trkpt lat="40.599926" lon="17.095273">
    </trkpt>
    <trkpt lat="40.599974" lon="17.095291">
    </trkpt>
    <trkpt lat="40.600022" lon="17.095314">
    </trkpt>
    <trkpt lat="40.600075" lon="17.095334">
    </trkpt>
    <trkpt lat="40.600125" lon="17.095362">
    </trkpt>
    <trkpt lat="40.600178" lon="17.09539">
    </trkpt>
    <trkpt lat="40.600231" lon="17.095417">
    </trkpt>
    <trkpt lat="40.600284" lon="17.095439">
    </trkpt>
    <trkpt lat="40.600332" lon="17.095467">
    </trkpt>
    <trkpt lat="40.600384" lon="17.095495">
    </trkpt>
    <trkpt lat="40.600444" lon="17.095522">
    </trkpt>
    <trkpt lat="40.600502" lon="17.09555">
    </trkpt>
    <trkpt lat="40.600554" lon="17.095573">
    </trkpt>
    <trkpt lat="40.600611" lon="17.0956">
    </trkpt>
    <trkpt lat="40.600674" lon="17.095635">
    </trkpt>
    <trkpt lat="40.600732" lon="17.095668">
    </trkpt>
    <trkpt lat="40.60079" lon="17.095698">
    </trkpt>
    <trkpt lat="40.600848" lon="17.095728">
    </trkpt>
    <trkpt lat="40.600905" lon="17.095758">
    </trkpt>
    <trkpt lat="40.600962" lon="17.095786">
    </trkpt>
    <trkpt lat="40.601022" lon="17.095816">
    </trkpt>
    <trkpt lat="40.601084" lon="17.095844">
    </trkpt>
    <trkpt lat="40.601147" lon="17.095872">
    </trkpt>
    <trkpt lat="40.601202" lon="17.095902">
    </trkpt>
    <trkpt lat="40.601255" lon="17.095932">
    </trkpt>
    <trkpt lat="40.601313" lon="17.095964">
    </trkpt>
    <trkpt lat="40.601371" lon="17.095994">
    </trkpt>
    <trkpt lat="40.601424" lon="17.096021">
    </trkpt>
    <trkpt lat="40.601477" lon="17.096051">
    </trkpt>
    <trkpt lat="40.601537" lon="17.096081">
    </trkpt>
    <trkpt lat="40.601592" lon="17.096103">
    </trkpt>
    <trkpt lat="40.601649" lon="17.096126">
    </trkpt>
    <trkpt lat="40.601707" lon="17.096156">
    </trkpt>
    <trkpt lat="40.601767" lon="17.096191">
    </trkpt>
    <trkpt lat="40.601827" lon="17.096219">
    </trkpt>
    <trkpt lat="40.60188" lon="17.096239">
    </trkpt>
    <trkpt lat="40.601938" lon="17.096267">
    </trkpt>
    <trkpt lat="40.602001" lon="17.096299">
    </trkpt>
    <trkpt lat="40.602063" lon="17.096332">
    </trkpt>
    <trkpt lat="40.602116" lon="17.096355">
    </trkpt>
    <trkpt lat="40.602178" lon="17.096383">
    </trkpt>
    <trkpt lat="40.602238" lon="17.096416">
    </trkpt>
    <trkpt lat="40.602295" lon="17.096443">
    </trkpt>
    <trkpt lat="40.602352" lon="17.096468">
    </trkpt>
    <trkpt lat="40.602415" lon="17.096496">
    </trkpt>
    <trkpt lat="40.60247" lon="17.096513">
    </trkpt>
    <trkpt lat="40.602528" lon="17.09653">
    </trkpt>
    <trkpt lat="40.602591" lon="17.096558">
    </trkpt>
    <trkpt lat="40.602648" lon="17.096583">
    </trkpt>
    <trkpt lat="40.602705" lon="17.096605">
    </trkpt>
    <trkpt lat="40.602765" lon="17.096628">
    </trkpt>
    <trkpt lat="40.602828" lon="17.09665">
    </trkpt>
    <trkpt lat="40.602885" lon="17.096675">
    </trkpt>
    <trkpt lat="40.60295" lon="17.09671">
    </trkpt>
    <trkpt lat="40.603003" lon="17.096735">
    </trkpt>
    <trkpt lat="40.60306" lon="17.09676">
    </trkpt>
    <trkpt lat="40.60312" lon="17.096783">
    </trkpt>
    <trkpt lat="40.603177" lon="17.096805">
    </trkpt>
    <trkpt lat="40.60324" lon="17.096828">
    </trkpt>
    <trkpt lat="40.603298" lon="17.096853">
    </trkpt>
    <trkpt lat="40.603353" lon="17.096876">
    </trkpt>
    <trkpt lat="40.603405" lon="17.096898">
    </trkpt>
    <trkpt lat="40.603472" lon="17.096918">
    </trkpt>
    <trkpt lat="40.603532" lon="17.096946">
    </trkpt>
    <trkpt lat="40.603592" lon="17.096968">
    </trkpt>
    <trkpt lat="40.603654" lon="17.096993">
    </trkpt>
    <trkpt lat="40.603716" lon="17.097015">
    </trkpt>
    <trkpt lat="40.603773" lon="17.097042">
    </trkpt>
    <trkpt lat="40.60383" lon="17.097069">
    </trkpt>
    <trkpt lat="40.603887" lon="17.097089">
    </trkpt>
    <trkpt lat="40.603949" lon="17.097112">
    </trkpt>
    <trkpt lat="40.604007" lon="17.097139">
    </trkpt>
    <trkpt lat="40.604062" lon="17.097169">
    </trkpt>
    <trkpt lat="40.604119" lon="17.097197">
    </trkpt>
    <trkpt lat="40.604179" lon="17.097229">
    </trkpt>
    <trkpt lat="40.604237" lon="17.097257">
    </trkpt>
    <trkpt lat="40.604299" lon="17.097282">
    </trkpt>
    <trkpt lat="40.604367" lon="17.097314">
    </trkpt>
    <trkpt lat="40.604437" lon="17.097342">
    </trkpt>
    <trkpt lat="40.604514" lon="17.097354">
    </trkpt>
    <trkpt lat="40.604591" lon="17.097341">
    </trkpt>
    <trkpt lat="40.604644" lon="17.097269">
    </trkpt>
    <trkpt lat="40.604696" lon="17.097181">
    </trkpt>
    <trkpt lat="40.604736" lon="17.097089">
    </trkpt>
    <trkpt lat="40.604766" lon="17.096987">
    </trkpt>
    <trkpt lat="40.604798" lon="17.096879">
    </trkpt>
    <trkpt lat="40.60483" lon="17.096772">
    </trkpt>
    <trkpt lat="40.604857" lon="17.09668">
    </trkpt>
    <trkpt lat="40.60489" lon="17.096582">
    </trkpt>
    <trkpt lat="40.604917" lon="17.096479">
    </trkpt>
    <trkpt lat="40.60495" lon="17.096376">
    </trkpt>
    <trkpt lat="40.604972" lon="17.096321">
    </trkpt>
    <trkpt lat="40.604984" lon="17.096256">
    </trkpt>
    <trkpt lat="40.605002" lon="17.096201">
    </trkpt>
    <trkpt lat="40.605022" lon="17.096146">
    </trkpt>
    <trkpt lat="40.60504" lon="17.096089">
    </trkpt>
    <trkpt lat="40.605055" lon="17.096029">
    </trkpt>
    <trkpt lat="40.605085" lon="17.095922">
    </trkpt>
    <trkpt lat="40.605105" lon="17.095867">
    </trkpt>
    <trkpt lat="40.605123" lon="17.095807">
    </trkpt>
    <trkpt lat="40.605143" lon="17.09575">
    </trkpt>
    <trkpt lat="40.605163" lon="17.095693">
    </trkpt>
    <trkpt lat="40.605186" lon="17.095633">
    </trkpt>
    <trkpt lat="40.605208" lon="17.09558">
    </trkpt>
    <trkpt lat="40.605241" lon="17.095483">
    </trkpt>
    <trkpt lat="40.605268" lon="17.095378">
    </trkpt>
    <trkpt lat="40.605301" lon="17.095281">
    </trkpt>
    <trkpt lat="40.605324" lon="17.095184">
    </trkpt>
    <trkpt lat="40.605362" lon="17.095081">
    </trkpt>
    <trkpt lat="40.605397" lon="17.094983">
    </trkpt>
    <trkpt lat="40.605427" lon="17.094893">
    </trkpt>
    <trkpt lat="40.605454" lon="17.094803">
    </trkpt>
    <trkpt lat="40.605481" lon="17.094711">
    </trkpt>
    <trkpt lat="40.605508" lon="17.094634">
    </trkpt>
    <trkpt lat="40.605531" lon="17.094554">
    </trkpt>
    <trkpt lat="40.605559" lon="17.094471">
    </trkpt>
    <trkpt lat="40.605589" lon="17.094386">
    </trkpt>
    <trkpt lat="40.605611" lon="17.094304">
    </trkpt>
    <trkpt lat="40.605634" lon="17.094231">
    </trkpt>
    <trkpt lat="40.605649" lon="17.094173">
    </trkpt>
    <trkpt lat="40.605676" lon="17.09411">
    </trkpt>
    <trkpt lat="40.605703" lon="17.094037">
    </trkpt>
    <trkpt lat="40.605718" lon="17.093967">
    </trkpt>
    <trkpt lat="40.605736" lon="17.093897">
    </trkpt>
    <trkpt lat="40.605761" lon="17.093834">
    </trkpt>
    <trkpt lat="40.605809" lon="17.093792">
    </trkpt>
    <trkpt lat="40.605876" lon="17.093795">
    </trkpt>
    <trkpt lat="40.605933" lon="17.093817">
    </trkpt>
    <trkpt lat="40.605963" lon="17.093875">
    </trkpt>
    <trkpt lat="40.605985" lon="17.093953">
    </trkpt>
    <trkpt lat="40.606008" lon="17.09403">
    </trkpt>
    <trkpt lat="40.606041" lon="17.094108">
    </trkpt>
    <trkpt lat="40.606083" lon="17.094166">
    </trkpt>
    <trkpt lat="40.606138" lon="17.094188">
    </trkpt>
    <trkpt lat="40.606201" lon="17.094205">
    </trkpt>
    <trkpt lat="40.606264" lon="17.09421">
    </trkpt>
    <trkpt lat="40.606316" lon="17.094215">
    </trkpt>
    <trkpt lat="40.606376" lon="17.094218">
    </trkpt>
    <trkpt lat="40.606434" lon="17.094231">
    </trkpt>
    <trkpt lat="40.606482" lon="17.094243">
    </trkpt>
    <trkpt lat="40.606532" lon="17.094256">
    </trkpt>
    <trkpt lat="40.606587" lon="17.094269">
    </trkpt>
    <trkpt lat="40.606644" lon="17.094274">
    </trkpt>
    <trkpt lat="40.606692" lon="17.094281">
    </trkpt>
    <trkpt lat="40.606747" lon="17.094286">
    </trkpt>
    <trkpt lat="40.606797" lon="17.094296">
    </trkpt>
    <trkpt lat="40.60686" lon="17.094303">
    </trkpt>
    <trkpt lat="40.606925" lon="17.094308">
    </trkpt>
    <trkpt lat="40.60697" lon="17.09432">
    </trkpt>
    <trkpt lat="40.607015" lon="17.094323">
    </trkpt>
    <trkpt lat="40.60706" lon="17.094328">
    </trkpt>
    <trkpt lat="40.607125" lon="17.094338">
    </trkpt>
    <trkpt lat="40.607173" lon="17.094346">
    </trkpt>
    <trkpt lat="40.607223" lon="17.094353">
    </trkpt>
    <trkpt lat="40.607273" lon="17.094356">
    </trkpt>
    <trkpt lat="40.607321" lon="17.094363">
    </trkpt>
    <trkpt lat="40.607374" lon="17.094368">
    </trkpt>
    <trkpt lat="40.607422" lon="17.09438">
    </trkpt>
    <trkpt lat="40.607472" lon="17.09439">
    </trkpt>
    <trkpt lat="40.607522" lon="17.094393">
    </trkpt>
    <trkpt lat="40.60757" lon="17.094401">
    </trkpt>
    <trkpt lat="40.607623" lon="17.094409">
    </trkpt>
    <trkpt lat="40.607683" lon="17.094419">
    </trkpt>
    <trkpt lat="40.607743" lon="17.094431">
    </trkpt>
    <trkpt lat="40.607798" lon="17.094443">
    </trkpt>
    <trkpt lat="40.60786" lon="17.094453">
    </trkpt>
    <trkpt lat="40.607922" lon="17.09446">
    </trkpt>
    <trkpt lat="40.60798" lon="17.094468">
    </trkpt>
    <trkpt lat="40.608037" lon="17.094476">
    </trkpt>
    <trkpt lat="40.608099" lon="17.094486">
    </trkpt>
    <trkpt lat="40.608154" lon="17.094494">
    </trkpt>
    <trkpt lat="40.608216" lon="17.094502">
    </trkpt>
    <trkpt lat="40.608279" lon="17.094509">
    </trkpt>
    <trkpt lat="40.608334" lon="17.094519">
    </trkpt>
    <trkpt lat="40.608396" lon="17.094527">
    </trkpt>
    <trkpt lat="40.608456" lon="17.094529">
    </trkpt>
    <trkpt lat="40.608518" lon="17.094537">
    </trkpt>
    <trkpt lat="40.608575" lon="17.094547">
    </trkpt>
    <trkpt lat="40.608635" lon="17.094554">
    </trkpt>
    <trkpt lat="40.60869" lon="17.094562">
    </trkpt>
    <trkpt lat="40.608747" lon="17.094575">
    </trkpt>
    <trkpt lat="40.608804" lon="17.094583">
    </trkpt>
    <trkpt lat="40.608862" lon="17.094591">
    </trkpt>
    <trkpt lat="40.60892" lon="17.094598">
    </trkpt>
    <trkpt lat="40.608975" lon="17.094606">
    </trkpt>
    <trkpt lat="40.609032" lon="17.094613">
    </trkpt>
    <trkpt lat="40.609087" lon="17.094618">
    </trkpt>
    <trkpt lat="40.60914" lon="17.094625">
    </trkpt>
    <trkpt lat="40.609197" lon="17.094633">
    </trkpt>
    <trkpt lat="40.609252" lon="17.094638">
    </trkpt>
    <trkpt lat="40.609307" lon="17.094646">
    </trkpt>
    <trkpt lat="40.609362" lon="17.094654">
    </trkpt>
    <trkpt lat="40.609417" lon="17.094662">
    </trkpt>
    <trkpt lat="40.60947" lon="17.094669">
    </trkpt>
    <trkpt lat="40.609527" lon="17.094681">
    </trkpt>
    <trkpt lat="40.609582" lon="17.094689">
    </trkpt>
    <trkpt lat="40.609637" lon="17.094697">
    </trkpt>
    <trkpt lat="40.60969" lon="17.094705">
    </trkpt>
    <trkpt lat="40.609742" lon="17.094707">
    </trkpt>
    <trkpt lat="40.609794" lon="17.094712">
    </trkpt>
    <trkpt lat="40.609842" lon="17.094719">
    </trkpt>
    <trkpt lat="40.60989" lon="17.094726">
    </trkpt>
    <trkpt lat="40.609945" lon="17.094734">
    </trkpt>
    <trkpt lat="40.609998" lon="17.094744">
    </trkpt>
    <trkpt lat="40.610055" lon="17.094751">
    </trkpt>
    <trkpt lat="40.610112" lon="17.094761">
    </trkpt>
    <trkpt lat="40.610165" lon="17.094773">
    </trkpt>
    <trkpt lat="40.610222" lon="17.094778">
    </trkpt>
    <trkpt lat="40.610274" lon="17.094795">
    </trkpt>
    <trkpt lat="40.610327" lon="17.0948">
    </trkpt>
    <trkpt lat="40.610385" lon="17.094802">
    </trkpt>
    <trkpt lat="40.61044" lon="17.09481">
    </trkpt>
    <trkpt lat="40.610495" lon="17.094828">
    </trkpt>
    <trkpt lat="40.610557" lon="17.094828">
    </trkpt>
    <trkpt lat="40.610614" lon="17.094835">
    </trkpt>
    <trkpt lat="40.610679" lon="17.094845">
    </trkpt>
    <trkpt lat="40.610732" lon="17.094837">
    </trkpt>
    <trkpt lat="40.610779" lon="17.094819">
    </trkpt>
    <trkpt lat="40.610841" lon="17.094839">
    </trkpt>
    <trkpt lat="40.610898" lon="17.094852">
    </trkpt>
    <trkpt lat="40.610971" lon="17.094865">
    </trkpt>
    <trkpt lat="40.611044" lon="17.094877">
    </trkpt>
    <trkpt lat="40.611116" lon="17.094895">
    </trkpt>
    <trkpt lat="40.611184" lon="17.094903">
    </trkpt>
    <trkpt lat="40.611251" lon="17.094898">
    </trkpt>
    <trkpt lat="40.611321" lon="17.094903">
    </trkpt>
    <trkpt lat="40.611391" lon="17.094921">
    </trkpt>
    <trkpt lat="40.611464" lon="17.094923">
    </trkpt>
    <trkpt lat="40.611541" lon="17.094933">
    </trkpt>
    <trkpt lat="40.611614" lon="17.094943">
    </trkpt>
    <trkpt lat="40.611686" lon="17.09497">
    </trkpt>
    <trkpt lat="40.611761" lon="17.094987">
    </trkpt>
    <trkpt lat="40.611841" lon="17.094994">
    </trkpt>
    <trkpt lat="40.611914" lon="17.095007">
    </trkpt>
    <trkpt lat="40.611987" lon="17.095015">
    </trkpt>
    <trkpt lat="40.612062" lon="17.095022">
    </trkpt>
    <trkpt lat="40.612142" lon="17.095035">
    </trkpt>
    <trkpt lat="40.612222" lon="17.09504">
    </trkpt>
    <trkpt lat="40.612304" lon="17.09505">
    </trkpt>
    <trkpt lat="40.612381" lon="17.095053">
    </trkpt>
    <trkpt lat="40.612463" lon="17.095061">
    </trkpt>
    <trkpt lat="40.612508" lon="17.095068">
    </trkpt>
    <trkpt lat="40.612591" lon="17.095086">
    </trkpt>
    <trkpt lat="40.612666" lon="17.095106">
    </trkpt>
    <trkpt lat="40.612748" lon="17.095123">
    </trkpt>
    <trkpt lat="40.612828" lon="17.095131">
    </trkpt>
    <trkpt lat="40.612905" lon="17.095144">
    </trkpt>
    <trkpt lat="40.612982" lon="17.095159">
    </trkpt>
    <trkpt lat="40.61306" lon="17.095176">
    </trkpt>
    <trkpt lat="40.613142" lon="17.095193">
    </trkpt>
    <trkpt lat="40.613219" lon="17.095206">
    </trkpt>
    <trkpt lat="40.613266" lon="17.095209">
    </trkpt>
    <trkpt lat="40.613339" lon="17.095229">
    </trkpt>
    <trkpt lat="40.613414" lon="17.095254">
    </trkpt>
    <trkpt lat="40.613496" lon="17.095271">
    </trkpt>
    <trkpt lat="40.613578" lon="17.095284">
    </trkpt>
    <trkpt lat="40.613623" lon="17.095294">
    </trkpt>
    <trkpt lat="40.613708" lon="17.095312">
    </trkpt>
    <trkpt lat="40.61379" lon="17.095325">
    </trkpt>
    <trkpt lat="40.613872" lon="17.095322">
    </trkpt>
    <trkpt lat="40.613949" lon="17.095325">
    </trkpt>
    <trkpt lat="40.614014" lon="17.095328">
    </trkpt>
    <trkpt lat="40.614092" lon="17.095336">
    </trkpt>
    <trkpt lat="40.614164" lon="17.095351">
    </trkpt>
    <trkpt lat="40.614234" lon="17.095363">
    </trkpt>
    <trkpt lat="40.614312" lon="17.095376">
    </trkpt>
    <trkpt lat="40.614392" lon="17.095388">
    </trkpt>
    <trkpt lat="40.61447" lon="17.0954">
    </trkpt>
    <trkpt lat="40.614552" lon="17.095413">
    </trkpt>
    <trkpt lat="40.614627" lon="17.095425">
    </trkpt>
    <trkpt lat="40.614707" lon="17.095433">
    </trkpt>
    <trkpt lat="40.614782" lon="17.095441">
    </trkpt>
    <trkpt lat="40.614855" lon="17.095449">
    </trkpt>
    <trkpt lat="40.61493" lon="17.095459">
    </trkpt>
    <trkpt lat="40.615007" lon="17.095467">
    </trkpt>
    <trkpt lat="40.61508" lon="17.095477">
    </trkpt>
    <trkpt lat="40.615148" lon="17.095487">
    </trkpt>
    <trkpt lat="40.61522" lon="17.095497">
    </trkpt>
    <trkpt lat="40.615292" lon="17.095509">
    </trkpt>
    <trkpt lat="40.615364" lon="17.095522">
    </trkpt>
    <trkpt lat="40.615431" lon="17.095539">
    </trkpt>
    <trkpt lat="40.615489" lon="17.095567">
    </trkpt>
    <trkpt lat="40.615551" lon="17.095547">
    </trkpt>
    <trkpt lat="40.615583" lon="17.095482">
    </trkpt>
    <trkpt lat="40.61561" lon="17.095395">
    </trkpt>
    <trkpt lat="40.615653" lon="17.095305">
    </trkpt>
    <trkpt lat="40.615695" lon="17.095212">
    </trkpt>
    <trkpt lat="40.615733" lon="17.09512">
    </trkpt>
    <trkpt lat="40.615778" lon="17.095048">
    </trkpt>
    <trkpt lat="40.615821" lon="17.094971">
    </trkpt>
    <trkpt lat="40.615854" lon="17.094876">
    </trkpt>
    <trkpt lat="40.615896" lon="17.094786">
    </trkpt>
    <trkpt lat="40.615929" lon="17.094708">
    </trkpt>
    <trkpt lat="40.615962" lon="17.094618">
    </trkpt>
    <trkpt lat="40.615992" lon="17.094526">
    </trkpt>
    <trkpt lat="40.616034" lon="17.094449">
    </trkpt>
    <trkpt lat="40.616087" lon="17.094409">
    </trkpt>
    <trkpt lat="40.616149" lon="17.094419">
    </trkpt>
    <trkpt lat="40.616199" lon="17.094459">
    </trkpt>
    <trkpt lat="40.616244" lon="17.094511">
    </trkpt>
    <trkpt lat="40.616292" lon="17.094553">
    </trkpt>
    <trkpt lat="40.61633" lon="17.094588">
    </trkpt>
    <trkpt lat="40.616378" lon="17.09463">
    </trkpt>
    <trkpt lat="40.616433" lon="17.094677">
    </trkpt>
    <trkpt lat="40.616486" lon="17.094719">
    </trkpt>
    <trkpt lat="40.616536" lon="17.094756">
    </trkpt>
    <trkpt lat="40.616591" lon="17.094791">
    </trkpt>
    <trkpt lat="40.616643" lon="17.094823">
    </trkpt>
    <trkpt lat="40.6167" lon="17.094863">
    </trkpt>
    <trkpt lat="40.616757" lon="17.094901">
    </trkpt>
    <trkpt lat="40.616807" lon="17.094939">
    </trkpt>
    <trkpt lat="40.616865" lon="17.094972">
    </trkpt>
    <trkpt lat="40.616922" lon="17.095004">
    </trkpt>
    <trkpt lat="40.61697" lon="17.095024">
    </trkpt>
    <trkpt lat="40.617023" lon="17.095047">
    </trkpt>
    <trkpt lat="40.617085" lon="17.095075">
    </trkpt>
    <trkpt lat="40.617147" lon="17.095095">
    </trkpt>
    <trkpt lat="40.617207" lon="17.095113">
    </trkpt>
    <trkpt lat="40.61726" lon="17.095138">
    </trkpt>
    <trkpt lat="40.617312" lon="17.095175">
    </trkpt>
    <trkpt lat="40.617365" lon="17.095215">
    </trkpt>
    <trkpt lat="40.617422" lon="17.09525">
    </trkpt>
    <trkpt lat="40.617484" lon="17.095283">
    </trkpt>
    <trkpt lat="40.617541" lon="17.095323">
    </trkpt>
    <trkpt lat="40.617594" lon="17.095353">
    </trkpt>
    <trkpt lat="40.617642" lon="17.095393">
    </trkpt>
    <trkpt lat="40.617685" lon="17.095436">
    </trkpt>
    <trkpt lat="40.617735" lon="17.095479">
    </trkpt>
    <trkpt lat="40.617785" lon="17.095521">
    </trkpt>
    <trkpt lat="40.617833" lon="17.095566">
    </trkpt>
    <trkpt lat="40.617883" lon="17.095611">
    </trkpt>
    <trkpt lat="40.617925" lon="17.095656">
    </trkpt>
    <trkpt lat="40.617972" lon="17.095698">
    </trkpt>
    <trkpt lat="40.61802" lon="17.09573">
    </trkpt>
    <trkpt lat="40.618072" lon="17.095755">
    </trkpt>
    <trkpt lat="40.618132" lon="17.095772">
    </trkpt>
    <trkpt lat="40.618195" lon="17.095777">
    </trkpt>
    <trkpt lat="40.61825" lon="17.095762">
    </trkpt>
    <trkpt lat="40.618305" lon="17.095732">
    </trkpt>
    <trkpt lat="40.618338" lon="17.095685">
    </trkpt>
    <trkpt lat="40.618355" lon="17.09562">
    </trkpt>
    <trkpt lat="40.618367" lon="17.095548">
    </trkpt>
    <trkpt lat="40.618392" lon="17.095485">
    </trkpt>
    <trkpt lat="40.618422" lon="17.09542">
    </trkpt>
    <trkpt lat="40.618454" lon="17.095352">
    </trkpt>
    <trkpt lat="40.618482" lon="17.095284">
    </trkpt>
    <trkpt lat="40.618502" lon="17.095204">
    </trkpt>
    <trkpt lat="40.618535" lon="17.095131">
    </trkpt>
    <trkpt lat="40.618567" lon="17.095061">
    </trkpt>
    <trkpt lat="40.618589" lon="17.094993">
    </trkpt>
    <trkpt lat="40.618614" lon="17.094923">
    </trkpt>
    <trkpt lat="40.618637" lon="17.094848">
    </trkpt>
    <trkpt lat="40.618664" lon="17.094773">
    </trkpt>
    <trkpt lat="40.618699" lon="17.094696">
    </trkpt>
    <trkpt lat="40.618744" lon="17.094629">
    </trkpt>
    <trkpt lat="40.618802" lon="17.094579">
    </trkpt>
    <trkpt lat="40.61886" lon="17.094559">
    </trkpt>
    <trkpt lat="40.618925" lon="17.094549">
    </trkpt>
    <trkpt lat="40.618983" lon="17.094544">
    </trkpt>
    <trkpt lat="40.619026" lon="17.094571">
    </trkpt>
    <trkpt lat="40.619059" lon="17.094613">
    </trkpt>
    <trkpt lat="40.619079" lon="17.094691">
    </trkpt>
    <trkpt lat="40.619087" lon="17.094753">
    </trkpt>
    <trkpt lat="40.619117" lon="17.094806">
    </trkpt>
    <trkpt lat="40.619175" lon="17.094839">
    </trkpt>
    <trkpt lat="40.619232" lon="17.094871">
    </trkpt>
    <trkpt lat="40.619285" lon="17.094909">
    </trkpt>
    <trkpt lat="40.619345" lon="17.094954">
    </trkpt>
    <trkpt lat="40.619398" lon="17.095001">
    </trkpt>
    <trkpt lat="40.619453" lon="17.095046">
    </trkpt>
    <trkpt lat="40.619483" lon="17.095106">
    </trkpt>
    <trkpt lat="40.619516" lon="17.095166">
    </trkpt>
    <trkpt lat="40.619518" lon="17.095249">
    </trkpt>
    <trkpt lat="40.619511" lon="17.095332">
    </trkpt>
    <trkpt lat="40.619543" lon="17.095402">
    </trkpt>
    <trkpt lat="40.619591" lon="17.095452">
    </trkpt>
    <trkpt lat="40.619648" lon="17.09548">
    </trkpt>
    <trkpt lat="40.619691" lon="17.095507">
    </trkpt>
    <trkpt lat="40.619746" lon="17.095517">
    </trkpt>
    <trkpt lat="40.619803" lon="17.095522">
    </trkpt>
    <trkpt lat="40.619861" lon="17.095532">
    </trkpt>
    <trkpt lat="40.619919" lon="17.09555">
    </trkpt>
    <trkpt lat="40.619964" lon="17.095587">
    </trkpt>
    <trkpt lat="40.620012" lon="17.095642">
    </trkpt>
    <trkpt lat="40.620057" lon="17.09571">
    </trkpt>
    <trkpt lat="40.620097" lon="17.095778">
    </trkpt>
    <trkpt lat="40.620144" lon="17.095858">
    </trkpt>
    <trkpt lat="40.620191" lon="17.09593">
    </trkpt>
    <trkpt lat="40.620231" lon="17.095995">
    </trkpt>
    <trkpt lat="40.620274" lon="17.096057">
    </trkpt>
    <trkpt lat="40.620309" lon="17.096135">
    </trkpt>
    <trkpt lat="40.620306" lon="17.096225">
    </trkpt>
    <trkpt lat="40.620273" lon="17.096323">
    </trkpt>
    <trkpt lat="40.620225" lon="17.096398">
    </trkpt>
    <trkpt lat="40.620173" lon="17.096483">
    </trkpt>
    <trkpt lat="40.620135" lon="17.09658">
    </trkpt>
    <trkpt lat="40.62011" lon="17.096662">
    </trkpt>
    <trkpt lat="40.620087" lon="17.096744">
    </trkpt>
    <trkpt lat="40.620057" lon="17.096826">
    </trkpt>
    <trkpt lat="40.620034" lon="17.096921">
    </trkpt>
    <trkpt lat="40.620026" lon="17.097026">
    </trkpt>
    <trkpt lat="40.620024" lon="17.097129">
    </trkpt>
    <trkpt lat="40.620026" lon="17.097227">
    </trkpt>
    <trkpt lat="40.620029" lon="17.097319">
    </trkpt>
    <trkpt lat="40.620022" lon="17.097417">
    </trkpt>
    <trkpt lat="40.620012" lon="17.097519">
    </trkpt>
    <trkpt lat="40.620007" lon="17.097617">
    </trkpt>
    <trkpt lat="40.620007" lon="17.09771">
    </trkpt>
    <trkpt lat="40.619994" lon="17.0978">
    </trkpt>
    <trkpt lat="40.619992" lon="17.097888">
    </trkpt>
    <trkpt lat="40.619979" lon="17.09798">
    </trkpt>
    <trkpt lat="40.619976" lon="17.098065">
    </trkpt>
    <trkpt lat="40.619976" lon="17.098152">
    </trkpt>
    <trkpt lat="40.619974" lon="17.098244">
    </trkpt>
    <trkpt lat="40.619961" lon="17.098337">
    </trkpt>
    <trkpt lat="40.619964" lon="17.09842">
    </trkpt>
    <trkpt lat="40.619961" lon="17.098503">
    </trkpt>
    <trkpt lat="40.619958" lon="17.098596">
    </trkpt>
    <trkpt lat="40.619956" lon="17.098688">
    </trkpt>
    <trkpt lat="40.619954" lon="17.098773">
    </trkpt>
    <trkpt lat="40.619946" lon="17.09886">
    </trkpt>
    <trkpt lat="40.619934" lon="17.098952">
    </trkpt>
    <trkpt lat="40.619926" lon="17.099044">
    </trkpt>
    <trkpt lat="40.619919" lon="17.099144">
    </trkpt>
    <trkpt lat="40.619911" lon="17.099237">
    </trkpt>
    <trkpt lat="40.619904" lon="17.099329">
    </trkpt>
    <trkpt lat="40.619894" lon="17.099417">
    </trkpt>
    <trkpt lat="40.619879" lon="17.099507">
    </trkpt>
    <trkpt lat="40.619867" lon="17.099595">
    </trkpt>
    <trkpt lat="40.619864" lon="17.099685">
    </trkpt>
    <trkpt lat="40.619864" lon="17.09978">
    </trkpt>
    <trkpt lat="40.619867" lon="17.09987">
    </trkpt>
    <trkpt lat="40.619875" lon="17.099945">
    </trkpt>
    <trkpt lat="40.619893" lon="17.100023">
    </trkpt>
    <trkpt lat="40.61992" lon="17.100093">
    </trkpt>
    <trkpt lat="40.619947" lon="17.100166">
    </trkpt>
    <trkpt lat="40.619974" lon="17.100239">
    </trkpt>
    <trkpt lat="40.619991" lon="17.100319">
    </trkpt>
    <trkpt lat="40.619994" lon="17.100402">
    </trkpt>
    <trkpt lat="40.619982" lon="17.100485">
    </trkpt>
    <trkpt lat="40.61997" lon="17.100562">
    </trkpt>
    <trkpt lat="40.619957" lon="17.10064">
    </trkpt>
    <trkpt lat="40.619952" lon="17.100717">
    </trkpt>
    <trkpt lat="40.61994" lon="17.100789">
    </trkpt>
    <trkpt lat="40.619928" lon="17.100854">
    </trkpt>
    <trkpt lat="40.619901" lon="17.100912">
    </trkpt>
    <trkpt lat="40.619876" lon="17.100974">
    </trkpt>
    <trkpt lat="40.619853" lon="17.101047">
    </trkpt>
    <trkpt lat="40.619835" lon="17.101107">
    </trkpt>
    <trkpt lat="40.619815" lon="17.10118">
    </trkpt>
    <trkpt lat="40.619797" lon="17.101248">
    </trkpt>
    <trkpt lat="40.619794" lon="17.10132">
    </trkpt>
    <trkpt lat="40.619814" lon="17.101373">
    </trkpt>
    <trkpt lat="40.619839" lon="17.101426">
    </trkpt>
    <trkpt lat="40.619862" lon="17.101483">
    </trkpt>
    <trkpt lat="40.619875" lon="17.101546">
    </trkpt>
    <trkpt lat="40.619897" lon="17.101604">
    </trkpt>
    <trkpt lat="40.619934" lon="17.101667">
    </trkpt>
    <trkpt lat="40.619967" lon="17.101737">
    </trkpt>
    <trkpt lat="40.620012" lon="17.101797">
    </trkpt>
    <trkpt lat="40.620044" lon="17.10184">
    </trkpt>
    <trkpt lat="40.620077" lon="17.101892">
    </trkpt>
    <trkpt lat="40.620092" lon="17.101955">
    </trkpt>
    <trkpt lat="40.620102" lon="17.102027">
    </trkpt>
    <trkpt lat="40.6201" lon="17.102102">
    </trkpt>
    <trkpt lat="40.620098" lon="17.102167">
    </trkpt>
    <trkpt lat="40.620101" lon="17.102229">
    </trkpt>
    <trkpt lat="40.620116" lon="17.102304">
    </trkpt>
    <trkpt lat="40.620134" lon="17.102376">
    </trkpt>
    <trkpt lat="40.620176" lon="17.102423">
    </trkpt>
    <trkpt lat="40.620228" lon="17.10245">
    </trkpt>
    <trkpt lat="40.620281" lon="17.102465">
    </trkpt>
    <trkpt lat="40.620333" lon="17.102443">
    </trkpt>
    <trkpt lat="40.62038" lon="17.102425">
    </trkpt>
    <trkpt lat="40.620433" lon="17.102412">
    </trkpt>
    <trkpt lat="40.620478" lon="17.10243">
    </trkpt>
    <trkpt lat="40.62053" lon="17.102443">
    </trkpt>
    <trkpt lat="40.620622" lon="17.102505">
    </trkpt>
    <trkpt lat="40.620664" lon="17.102545">
    </trkpt>
    <trkpt lat="40.620712" lon="17.102577">
    </trkpt>
    <trkpt lat="40.620754" lon="17.102614">
    </trkpt>
    <trkpt lat="40.620796" lon="17.102652">
    </trkpt>
    <trkpt lat="40.620834" lon="17.102685">
    </trkpt>
    <trkpt lat="40.620879" lon="17.10273">
    </trkpt>
    <trkpt lat="40.620917" lon="17.102775">
    </trkpt>
    <trkpt lat="40.620945" lon="17.102835">
    </trkpt>
    <trkpt lat="40.620952" lon="17.102895">
    </trkpt>
    <trkpt lat="40.620994" lon="17.102988">
    </trkpt>
    <trkpt lat="40.620997" lon="17.103063">
    </trkpt>
    <trkpt lat="40.621" lon="17.103128">
    </trkpt>
    <trkpt lat="40.621003" lon="17.103193">
    </trkpt>
    <trkpt lat="40.621013" lon="17.103261">
    </trkpt>
    <trkpt lat="40.621036" lon="17.103318">
    </trkpt>
    <trkpt lat="40.621053" lon="17.103391">
    </trkpt>
    <trkpt lat="40.621063" lon="17.103473">
    </trkpt>
    <trkpt lat="40.62107" lon="17.103535">
    </trkpt>
    <trkpt lat="40.621073" lon="17.103598">
    </trkpt>
    <trkpt lat="40.621083" lon="17.103666">
    </trkpt>
    <trkpt lat="40.621106" lon="17.103751">
    </trkpt>
    <trkpt lat="40.621123" lon="17.103813">
    </trkpt>
    <trkpt lat="40.621135" lon="17.103876">
    </trkpt>
    <trkpt lat="40.621157" lon="17.103958">
    </trkpt>
    <trkpt lat="40.621159" lon="17.104018">
    </trkpt>
    <trkpt lat="40.621169" lon="17.104083">
    </trkpt>
    <trkpt lat="40.621179" lon="17.104145">
    </trkpt>
    <trkpt lat="40.621192" lon="17.104212">
    </trkpt>
    <trkpt lat="40.621204" lon="17.104277">
    </trkpt>
    <trkpt lat="40.621214" lon="17.104347">
    </trkpt>
    <trkpt lat="40.621232" lon="17.10441">
    </trkpt>
    <trkpt lat="40.621244" lon="17.104473">
    </trkpt>
    <trkpt lat="40.621252" lon="17.104538">
    </trkpt>
    <trkpt lat="40.621262" lon="17.104601">
    </trkpt>
    <trkpt lat="40.621275" lon="17.104671">
    </trkpt>
    <trkpt lat="40.621292" lon="17.104741">
    </trkpt>
    <trkpt lat="40.621305" lon="17.104818">
    </trkpt>
    <trkpt lat="40.621317" lon="17.104891">
    </trkpt>
    <trkpt lat="40.621329" lon="17.104964">
    </trkpt>
    <trkpt lat="40.621346" lon="17.105036">
    </trkpt>
    <trkpt lat="40.621354" lon="17.105109">
    </trkpt>
    <trkpt lat="40.621366" lon="17.105187">
    </trkpt>
    <trkpt lat="40.621373" lon="17.105269">
    </trkpt>
    <trkpt lat="40.621385" lon="17.105346">
    </trkpt>
    <trkpt lat="40.621393" lon="17.105428">
    </trkpt>
    <trkpt lat="40.621405" lon="17.105511">
    </trkpt>
    <trkpt lat="40.621413" lon="17.105598">
    </trkpt>
    <trkpt lat="40.621421" lon="17.105683">
    </trkpt>
    <trkpt lat="40.621426" lon="17.105765">
    </trkpt>
    <trkpt lat="40.621429" lon="17.105852">
    </trkpt>
    <trkpt lat="40.621446" lon="17.10593">
    </trkpt>
    <trkpt lat="40.621479" lon="17.106">
    </trkpt>
    <trkpt lat="40.621521" lon="17.106062">
    </trkpt>
    <trkpt lat="40.621558" lon="17.106122">
    </trkpt>
    <trkpt lat="40.621581" lon="17.106195">
    </trkpt>
    <trkpt lat="40.621586" lon="17.106273">
    </trkpt>
    <trkpt lat="40.621581" lon="17.106363">
    </trkpt>
    <trkpt lat="40.621591" lon="17.106441">
    </trkpt>
    <trkpt lat="40.621598" lon="17.106518">
    </trkpt>
    <trkpt lat="40.621591" lon="17.106593">
    </trkpt>
    <trkpt lat="40.621614" lon="17.106651">
    </trkpt>
    <trkpt lat="40.621657" lon="17.106689">
    </trkpt>
    <trkpt lat="40.621699" lon="17.106744">
    </trkpt>
    <trkpt lat="40.621739" lon="17.106801">
    </trkpt>
    <trkpt lat="40.621779" lon="17.106848">
    </trkpt>
    <trkpt lat="40.621817" lon="17.106903">
    </trkpt>
    <trkpt lat="40.621859" lon="17.106958">
    </trkpt>
    <trkpt lat="40.621896" lon="17.107025">
    </trkpt>
    <trkpt lat="40.621914" lon="17.107092">
    </trkpt>
    <trkpt lat="40.621947" lon="17.10716">
    </trkpt>
    <trkpt lat="40.62199" lon="17.107217">
    </trkpt>
    <trkpt lat="40.622028" lon="17.107262">
    </trkpt>
    <trkpt lat="40.622073" lon="17.107315">
    </trkpt>
    <trkpt lat="40.622116" lon="17.107373">
    </trkpt>
    <trkpt lat="40.622166" lon="17.107408">
    </trkpt>
    <trkpt lat="40.622209" lon="17.107441">
    </trkpt>
    <trkpt lat="40.622252" lon="17.107488">
    </trkpt>
    <trkpt lat="40.622289" lon="17.107535">
    </trkpt>
    <trkpt lat="40.622329" lon="17.107583">
    </trkpt>
    <trkpt lat="40.622369" lon="17.107646">
    </trkpt>
    <trkpt lat="40.622401" lon="17.107711">
    </trkpt>
    <trkpt lat="40.622438" lon="17.107778">
    </trkpt>
    <trkpt lat="40.622475" lon="17.107838">
    </trkpt>
    <trkpt lat="40.622508" lon="17.10789">
    </trkpt>
    <trkpt lat="40.622551" lon="17.107915">
    </trkpt>
    <trkpt lat="40.622601" lon="17.107938">
    </trkpt>
    <trkpt lat="40.622649" lon="17.107976">
    </trkpt>
    <trkpt lat="40.622699" lon="17.108004">
    </trkpt>
    <trkpt lat="40.622752" lon="17.108026">
    </trkpt>
    <trkpt lat="40.622804" lon="17.108041">
    </trkpt>
    <trkpt lat="40.622854" lon="17.108063">
    </trkpt>
    <trkpt lat="40.622899" lon="17.108076">
    </trkpt>
    <trkpt lat="40.622959" lon="17.108119">
    </trkpt>
    <trkpt lat="40.623004" lon="17.108169">
    </trkpt>
    <trkpt lat="40.623046" lon="17.108217">
    </trkpt>
    <trkpt lat="40.623098" lon="17.108274">
    </trkpt>
    <trkpt lat="40.623158" lon="17.108317">
    </trkpt>
    <trkpt lat="40.623218" lon="17.10835">
    </trkpt>
    <trkpt lat="40.623263" lon="17.108393">
    </trkpt>
    <trkpt lat="40.623316" lon="17.108431">
    </trkpt>
    <trkpt lat="40.623361" lon="17.108464">
    </trkpt>
    <trkpt lat="40.623413" lon="17.108501">
    </trkpt>
    <trkpt lat="40.623461" lon="17.108539">
    </trkpt>
    <trkpt lat="40.623509" lon="17.108591">
    </trkpt>
    <trkpt lat="40.623551" lon="17.108638">
    </trkpt>
    <trkpt lat="40.623598" lon="17.108678">
    </trkpt>
    <trkpt lat="40.623646" lon="17.108725">
    </trkpt>
    <trkpt lat="40.623688" lon="17.108783">
    </trkpt>
    <trkpt lat="40.623728" lon="17.108843">
    </trkpt>
    <trkpt lat="40.623761" lon="17.1089">
    </trkpt>
    <trkpt lat="40.623786" lon="17.108978">
    </trkpt>
    <trkpt lat="40.623811" lon="17.109028">
    </trkpt>
    <trkpt lat="40.623848" lon="17.109083">
    </trkpt>
    <trkpt lat="40.623881" lon="17.109131">
    </trkpt>
    <trkpt lat="40.623936" lon="17.109174">
    </trkpt>
    <trkpt lat="40.623986" lon="17.109192">
    </trkpt>
    <trkpt lat="40.624036" lon="17.109227">
    </trkpt>
    <trkpt lat="40.624093" lon="17.109249">
    </trkpt>
    <trkpt lat="40.624158" lon="17.109276">
    </trkpt>
    <trkpt lat="40.624221" lon="17.109304">
    </trkpt>
    <trkpt lat="40.624279" lon="17.109334">
    </trkpt>
    <trkpt lat="40.624339" lon="17.109361">
    </trkpt>
    <trkpt lat="40.624406" lon="17.109388">
    </trkpt>
    <trkpt lat="40.624469" lon="17.109416">
    </trkpt>
    <trkpt lat="40.624529" lon="17.109446">
    </trkpt>
    <trkpt lat="40.624589" lon="17.109469">
    </trkpt>
    <trkpt lat="40.624646" lon="17.109502">
    </trkpt>
    <trkpt lat="40.624706" lon="17.109527">
    </trkpt>
    <trkpt lat="40.624768" lon="17.109559">
    </trkpt>
    <trkpt lat="40.624826" lon="17.109594">
    </trkpt>
    <trkpt lat="40.624883" lon="17.109634">
    </trkpt>
    <trkpt lat="40.624938" lon="17.109676">
    </trkpt>
    <trkpt lat="40.624996" lon="17.109709">
    </trkpt>
    <trkpt lat="40.625053" lon="17.109734">
    </trkpt>
    <trkpt lat="40.625111" lon="17.109754">
    </trkpt>
    <trkpt lat="40.625166" lon="17.109772">
    </trkpt>
    <trkpt lat="40.625228" lon="17.109794">
    </trkpt>
    <trkpt lat="40.625288" lon="17.109826">
    </trkpt>
    <trkpt lat="40.625343" lon="17.109849">
    </trkpt>
    <trkpt lat="40.625398" lon="17.109866">
    </trkpt>
    <trkpt lat="40.62546" lon="17.109891">
    </trkpt>
    <trkpt lat="40.625518" lon="17.109918">
    </trkpt>
    <trkpt lat="40.625573" lon="17.10995">
    </trkpt>
    <trkpt lat="40.625621" lon="17.109983">
    </trkpt>
    <trkpt lat="40.625674" lon="17.110001">
    </trkpt>
    <trkpt lat="40.625729" lon="17.110028">
    </trkpt>
    <trkpt lat="40.625787" lon="17.11003">
    </trkpt>
    <trkpt lat="40.625839" lon="17.110032">
    </trkpt>
    <trkpt lat="40.625899" lon="17.110079">
    </trkpt>
    <trkpt lat="40.625951" lon="17.110122">
    </trkpt>
    <trkpt lat="40.626009" lon="17.11015">
    </trkpt>
    <trkpt lat="40.626066" lon="17.110177">
    </trkpt>
    <trkpt lat="40.626121" lon="17.1102">
    </trkpt>
    <trkpt lat="40.626166" lon="17.110223">
    </trkpt>
    <trkpt lat="40.626218" lon="17.110248">
    </trkpt>
    <trkpt lat="40.626275" lon="17.11028">
    </trkpt>
    <trkpt lat="40.626327" lon="17.110292">
    </trkpt>
    <trkpt lat="40.62638" lon="17.110304">
    </trkpt>
    <trkpt lat="40.62643" lon="17.110324">
    </trkpt>
    <trkpt lat="40.626483" lon="17.110356">
    </trkpt>
    <trkpt lat="40.626536" lon="17.110384">
    </trkpt>
    <trkpt lat="40.626598" lon="17.110401">
    </trkpt>
    <trkpt lat="40.626655" lon="17.110416">
    </trkpt>
    <trkpt lat="40.626712" lon="17.110434">
    </trkpt>
    <trkpt lat="40.626765" lon="17.110459">
    </trkpt>
    <trkpt lat="40.626817" lon="17.110494">
    </trkpt>
    <trkpt lat="40.626872" lon="17.110537">
    </trkpt>
    <trkpt lat="40.626919" lon="17.110584">
    </trkpt>
    <trkpt lat="40.626974" lon="17.110619">
    </trkpt>
    <trkpt lat="40.627031" lon="17.110661">
    </trkpt>
    <trkpt lat="40.627084" lon="17.110691">
    </trkpt>
    <trkpt lat="40.627137" lon="17.110709">
    </trkpt>
    <trkpt lat="40.627185" lon="17.110726">
    </trkpt>
    <trkpt lat="40.627252" lon="17.110741">
    </trkpt>
    <trkpt lat="40.62729" lon="17.110773">
    </trkpt>
    <trkpt lat="40.627337" lon="17.1108">
    </trkpt>
    <trkpt lat="40.627397" lon="17.110798">
    </trkpt>
    <trkpt lat="40.627445" lon="17.110816">
    </trkpt>
    <trkpt lat="40.627502" lon="17.110821">
    </trkpt>
    <trkpt lat="40.62755" lon="17.110858">
    </trkpt>
    <trkpt lat="40.627605" lon="17.110885">
    </trkpt>
    <trkpt lat="40.627655" lon="17.110883">
    </trkpt>
    <trkpt lat="40.627705" lon="17.110871">
    </trkpt>
    <trkpt lat="40.62777" lon="17.110896">
    </trkpt>
    <trkpt lat="40.627822" lon="17.110909">
    </trkpt>
    <trkpt lat="40.627874" lon="17.110914">
    </trkpt>
    <trkpt lat="40.627926" lon="17.110929">
    </trkpt>
    <trkpt lat="40.627973" lon="17.110944">
    </trkpt>
    <trkpt lat="40.628043" lon="17.110951">
    </trkpt>
    <trkpt lat="40.628093" lon="17.110956">
    </trkpt>
    <trkpt lat="40.628145" lon="17.110959">
    </trkpt>
    <trkpt lat="40.62819" lon="17.110962">
    </trkpt>
    <trkpt lat="40.628233" lon="17.110984">
    </trkpt>
    <trkpt lat="40.628278" lon="17.111011">
    </trkpt>
    <trkpt lat="40.628331" lon="17.111036">
    </trkpt>
    <trkpt lat="40.628386" lon="17.111046">
    </trkpt>
    <trkpt lat="40.628443" lon="17.111059">
    </trkpt>
    <trkpt lat="40.628505" lon="17.111077">
    </trkpt>
    <trkpt lat="40.628577" lon="17.111085">
    </trkpt>
    <trkpt lat="40.62864" lon="17.111097">
    </trkpt>
    <trkpt lat="40.628695" lon="17.11111">
    </trkpt>
    <trkpt lat="40.628757" lon="17.111123">
    </trkpt>
    <trkpt lat="40.628815" lon="17.111138">
    </trkpt>
    <trkpt lat="40.628885" lon="17.111146">
    </trkpt>
    <trkpt lat="40.62896" lon="17.111151">
    </trkpt>
    <trkpt lat="40.629033" lon="17.111169">
    </trkpt>
    <trkpt lat="40.629111" lon="17.111186">
    </trkpt>
    <trkpt lat="40.629188" lon="17.111196">
    </trkpt>
    <trkpt lat="40.629263" lon="17.111196">
    </trkpt>
    <trkpt lat="40.629343" lon="17.111211">
    </trkpt>
    <trkpt lat="40.629433" lon="17.111236">
    </trkpt>
    <trkpt lat="40.62948" lon="17.111248">
    </trkpt>
    <trkpt lat="40.629525" lon="17.111255">
    </trkpt>
    <trkpt lat="40.62961" lon="17.111282">
    </trkpt>
    <trkpt lat="40.629657" lon="17.111292">
    </trkpt>
    <trkpt lat="40.629704" lon="17.111299">
    </trkpt>
    <trkpt lat="40.629751" lon="17.111312">
    </trkpt>
    <trkpt lat="40.629796" lon="17.11132">
    </trkpt>
    <trkpt lat="40.629846" lon="17.111327">
    </trkpt>
    <trkpt lat="40.629894" lon="17.111335">
    </trkpt>
    <trkpt lat="40.629944" lon="17.111345">
    </trkpt>
    <trkpt lat="40.629997" lon="17.11136">
    </trkpt>
    <trkpt lat="40.63005" lon="17.111375">
    </trkpt>
    <trkpt lat="40.630105" lon="17.111387">
    </trkpt>
    <trkpt lat="40.63016" lon="17.1114">
    </trkpt>
    <trkpt lat="40.630212" lon="17.11141">
    </trkpt>
    <trkpt lat="40.63026" lon="17.111422">
    </trkpt>
    <trkpt lat="40.630313" lon="17.111432">
    </trkpt>
    <trkpt lat="40.630363" lon="17.111444">
    </trkpt>
    <trkpt lat="40.630411" lon="17.111457">
    </trkpt>
    <trkpt lat="40.630456" lon="17.111467">
    </trkpt>
    <trkpt lat="40.630503" lon="17.111469">
    </trkpt>
    <trkpt lat="40.630553" lon="17.111474">
    </trkpt>
    <trkpt lat="40.6306" lon="17.111486">
    </trkpt>
    <trkpt lat="40.630645" lon="17.111498">
    </trkpt>
    <trkpt lat="40.630733" lon="17.111521">
    </trkpt>
    <trkpt lat="40.630778" lon="17.111534">
    </trkpt>
    <trkpt lat="40.63086" lon="17.111556">
    </trkpt>
    <trkpt lat="40.630937" lon="17.111576">
    </trkpt>
    <trkpt lat="40.631019" lon="17.111599">
    </trkpt>
    <trkpt lat="40.631096" lon="17.111612">
    </trkpt>
    <trkpt lat="40.631179" lon="17.111624">
    </trkpt>
    <trkpt lat="40.631259" lon="17.111642">
    </trkpt>
    <trkpt lat="40.631346" lon="17.111665">
    </trkpt>
    <trkpt lat="40.631393" lon="17.111673">
    </trkpt>
    <trkpt lat="40.631438" lon="17.11169">
    </trkpt>
    <trkpt lat="40.631485" lon="17.11171">
    </trkpt>
    <trkpt lat="40.63153" lon="17.111735">
    </trkpt>
    <trkpt lat="40.631577" lon="17.111772">
    </trkpt>
    <trkpt lat="40.63161" lon="17.111822">
    </trkpt>
    <trkpt lat="40.63164" lon="17.111877">
    </trkpt>
    <trkpt lat="40.63166" lon="17.111935">
    </trkpt>
    <trkpt lat="40.631663" lon="17.112005">
    </trkpt>
    <trkpt lat="40.63166" lon="17.112075">
    </trkpt>
    <trkpt lat="40.631648" lon="17.112142">
    </trkpt>
    <trkpt lat="40.631636" lon="17.11221">
    </trkpt>
    <trkpt lat="40.631631" lon="17.112275">
    </trkpt>
    <trkpt lat="40.631623" lon="17.112343">
    </trkpt>
    <trkpt lat="40.63162" lon="17.112411">
    </trkpt>
    <trkpt lat="40.631617" lon="17.112481">
    </trkpt>
    <trkpt lat="40.631615" lon="17.112548">
    </trkpt>
    <trkpt lat="40.631613" lon="17.112616">
    </trkpt>
    <trkpt lat="40.631606" lon="17.112679">
    </trkpt>
    <trkpt lat="40.631596" lon="17.112744">
    </trkpt>
    <trkpt lat="40.631584" lon="17.112812">
    </trkpt>
    <trkpt lat="40.631569" lon="17.11288">
    </trkpt>
    <trkpt lat="40.631562" lon="17.112943">
    </trkpt>
    <trkpt lat="40.631555" lon="17.113006">
    </trkpt>
    <trkpt lat="40.631545" lon="17.113078">
    </trkpt>
    <trkpt lat="40.631537" lon="17.113148">
    </trkpt>
    <trkpt lat="40.631525" lon="17.11322">
    </trkpt>
    <trkpt lat="40.631518" lon="17.11329">
    </trkpt>
    <trkpt lat="40.631506" lon="17.113363">
    </trkpt>
    <trkpt lat="40.631501" lon="17.113436">
    </trkpt>
    <trkpt lat="40.631491" lon="17.113508">
    </trkpt>
    <trkpt lat="40.631476" lon="17.113583">
    </trkpt>
    <trkpt lat="40.631466" lon="17.113651">
    </trkpt>
    <trkpt lat="40.631464" lon="17.113714">
    </trkpt>
    <trkpt lat="40.631454" lon="17.113786">
    </trkpt>
    <trkpt lat="40.631449" lon="17.113858">
    </trkpt>
    <trkpt lat="40.631447" lon="17.113925">
    </trkpt>
    <trkpt lat="40.631445" lon="17.113997">
    </trkpt>
    <trkpt lat="40.631457" lon="17.114055">
    </trkpt>
    <trkpt lat="40.631514" lon="17.114123">
    </trkpt>
    <trkpt lat="40.631562" lon="17.114138">
    </trkpt>
    <trkpt lat="40.631612" lon="17.114133">
    </trkpt>
    <trkpt lat="40.631659" lon="17.114125">
    </trkpt>
    <trkpt lat="40.631742" lon="17.11411">
    </trkpt>
    <trkpt lat="40.631789" lon="17.114098">
    </trkpt>
    <trkpt lat="40.631836" lon="17.114093">
    </trkpt>
    <trkpt lat="40.631884" lon="17.114091">
    </trkpt>
    <trkpt lat="40.631969" lon="17.114074">
    </trkpt>
    <trkpt lat="40.632051" lon="17.114052">
    </trkpt>
    <trkpt lat="40.632133" lon="17.114039">
    </trkpt>
    <trkpt lat="40.63221" lon="17.114024">
    </trkpt>
    <trkpt lat="40.632288" lon="17.114001">
    </trkpt>
    <trkpt lat="40.63237" lon="17.113983">
    </trkpt>
    <trkpt lat="40.632448" lon="17.113971">
    </trkpt>
    <trkpt lat="40.632516" lon="17.113958">
    </trkpt>
    <trkpt lat="40.632596" lon="17.113951">
    </trkpt>
    <trkpt lat="40.632671" lon="17.113933">
    </trkpt>
    <trkpt lat="40.632749" lon="17.113913">
    </trkpt>
    <trkpt lat="40.632831" lon="17.113888">
    </trkpt>
    <trkpt lat="40.632909" lon="17.113876">
    </trkpt>
    <trkpt lat="40.632992" lon="17.113861">
    </trkpt>
    <trkpt lat="40.633067" lon="17.113853">
    </trkpt>
    <trkpt lat="40.633145" lon="17.113841">
    </trkpt>
    <trkpt lat="40.633223" lon="17.113823">
    </trkpt>
    <trkpt lat="40.633306" lon="17.113791">
    </trkpt>
    <trkpt lat="40.633371" lon="17.113783">
    </trkpt>
    <trkpt lat="40.633426" lon="17.113773">
    </trkpt>
    <trkpt lat="40.633494" lon="17.113761">
    </trkpt>
    <trkpt lat="40.633566" lon="17.113749">
    </trkpt>
    <trkpt lat="40.633634" lon="17.113736">
    </trkpt>
    <trkpt lat="40.633694" lon="17.113729">
    </trkpt>
    <trkpt lat="40.633766" lon="17.113714">
    </trkpt>
    <trkpt lat="40.633834" lon="17.113699">
    </trkpt>
    <trkpt lat="40.633904" lon="17.113686">
    </trkpt>
    <trkpt lat="40.633972" lon="17.113674">
    </trkpt>
    <trkpt lat="40.634047" lon="17.113662">
    </trkpt>
    <trkpt lat="40.634124" lon="17.113645">
    </trkpt>
    <trkpt lat="40.634196" lon="17.113622">
    </trkpt>
    <trkpt lat="40.634271" lon="17.1136">
    </trkpt>
    <trkpt lat="40.634346" lon="17.113583">
    </trkpt>
    <trkpt lat="40.634421" lon="17.113561">
    </trkpt>
    <trkpt lat="40.634494" lon="17.113513">
    </trkpt>
    <trkpt lat="40.634527" lon="17.113473">
    </trkpt>
    <trkpt lat="40.634575" lon="17.113383">
    </trkpt>
    <trkpt lat="40.634618" lon="17.113283">
    </trkpt>
    <trkpt lat="40.634643" lon="17.113226">
    </trkpt>
    <trkpt lat="40.634666" lon="17.113173">
    </trkpt>
    <trkpt lat="40.634711" lon="17.113073">
    </trkpt>
    <trkpt lat="40.634753" lon="17.112973">
    </trkpt>
    <trkpt lat="40.634808" lon="17.112885">
    </trkpt>
    <trkpt lat="40.634845" lon="17.112793">
    </trkpt>
    <trkpt lat="40.634882" lon="17.112705">
    </trkpt>
    <trkpt lat="40.634925" lon="17.112653">
    </trkpt>
    <trkpt lat="40.63499" lon="17.112661">
    </trkpt>
    <trkpt lat="40.63505" lon="17.112694">
    </trkpt>
    <trkpt lat="40.635102" lon="17.112721">
    </trkpt>
    <trkpt lat="40.63515" lon="17.112751">
    </trkpt>
    <trkpt lat="40.6352" lon="17.112781">
    </trkpt>
    <trkpt lat="40.63525" lon="17.112806">
    </trkpt>
    <trkpt lat="40.635298" lon="17.112831">
    </trkpt>
    <trkpt lat="40.635345" lon="17.112858">
    </trkpt>
    <trkpt lat="40.63539" lon="17.112893">
    </trkpt>
    <trkpt lat="40.635437" lon="17.112915">
    </trkpt>
    <trkpt lat="40.635485" lon="17.112942">
    </trkpt>
    <trkpt lat="40.635528" lon="17.112975">
    </trkpt>
    <trkpt lat="40.635578" lon="17.113002">
    </trkpt>
    <trkpt lat="40.635626" lon="17.113029">
    </trkpt>
    <trkpt lat="40.635676" lon="17.113062">
    </trkpt>
    <trkpt lat="40.635719" lon="17.113085">
    </trkpt>
    <trkpt lat="40.635762" lon="17.113113">
    </trkpt>
    <trkpt lat="40.635812" lon="17.113146">
    </trkpt>
    <trkpt lat="40.635857" lon="17.113183">
    </trkpt>
    <trkpt lat="40.635902" lon="17.113216">
    </trkpt>
    <trkpt lat="40.63595" lon="17.113233">
    </trkpt>
    <trkpt lat="40.635993" lon="17.113255">
    </trkpt>
    <trkpt lat="40.636038" lon="17.113285">
    </trkpt>
    <trkpt lat="40.636081" lon="17.11331">
    </trkpt>
    <trkpt lat="40.636143" lon="17.113345">
    </trkpt>
    <trkpt lat="40.636183" lon="17.113382">
    </trkpt>
    <trkpt lat="40.636226" lon="17.113414">
    </trkpt>
    <trkpt lat="40.636278" lon="17.113434">
    </trkpt>
    <trkpt lat="40.636328" lon="17.113457">
    </trkpt>
    <trkpt lat="40.636375" lon="17.113492">
    </trkpt>
    <trkpt lat="40.636423" lon="17.113525">
    </trkpt>
    <trkpt lat="40.636473" lon="17.113553">
    </trkpt>
    <trkpt lat="40.636523" lon="17.113591">
    </trkpt>
    <trkpt lat="40.636573" lon="17.113621">
    </trkpt>
    <trkpt lat="40.63662" lon="17.113658">
    </trkpt>
    <trkpt lat="40.636665" lon="17.113688">
    </trkpt>
    <trkpt lat="40.636712" lon="17.11372">
    </trkpt>
    <trkpt lat="40.636755" lon="17.113753">
    </trkpt>
    <trkpt lat="40.636798" lon="17.113796">
    </trkpt>
    <trkpt lat="40.636835" lon="17.113834">
    </trkpt>
    <trkpt lat="40.636867" lon="17.113892">
    </trkpt>
    <trkpt lat="40.636892" lon="17.113949">
    </trkpt>
    <trkpt lat="40.636917" lon="17.114009">
    </trkpt>
    <trkpt lat="40.636942" lon="17.114074">
    </trkpt>
    <trkpt lat="40.636972" lon="17.114136">
    </trkpt>
    <trkpt lat="40.636997" lon="17.114193">
    </trkpt>
    <trkpt lat="40.637015" lon="17.114261">
    </trkpt>
    <trkpt lat="40.637033" lon="17.114334">
    </trkpt>
    <trkpt lat="40.637053" lon="17.114401">
    </trkpt>
    <trkpt lat="40.637078" lon="17.114466">
    </trkpt>
    <trkpt lat="40.637103" lon="17.114523">
    </trkpt>
    <trkpt lat="40.63713" lon="17.114591">
    </trkpt>
    <trkpt lat="40.637158" lon="17.114661">
    </trkpt>
    <trkpt lat="40.637186" lon="17.114728">
    </trkpt>
    <trkpt lat="40.637216" lon="17.114793">
    </trkpt>
    <trkpt lat="40.637258" lon="17.114848">
    </trkpt>
    <trkpt lat="40.637303" lon="17.114893">
    </trkpt>
    <trkpt lat="40.637355" lon="17.11493">
    </trkpt>
    <trkpt lat="40.637412" lon="17.114962">
    </trkpt>
    <trkpt lat="40.637465" lon="17.114995">
    </trkpt>
    <trkpt lat="40.637517" lon="17.115022">
    </trkpt>
    <trkpt lat="40.637569" lon="17.115044">
    </trkpt>
    <trkpt lat="40.637624" lon="17.115072">
    </trkpt>
    <trkpt lat="40.637677" lon="17.115105">
    </trkpt>
    <trkpt lat="40.637724" lon="17.115137">
    </trkpt>
    <trkpt lat="40.637781" lon="17.11517">
    </trkpt>
    <trkpt lat="40.637839" lon="17.115197">
    </trkpt>
    <trkpt lat="40.637891" lon="17.115222">
    </trkpt>
    <trkpt lat="40.637949" lon="17.115245">
    </trkpt>
    <trkpt lat="40.638002" lon="17.115263">
    </trkpt>
    <trkpt lat="40.63806" lon="17.115271">
    </trkpt>
    <trkpt lat="40.638122" lon="17.115264">
    </trkpt>
    <trkpt lat="40.63818" lon="17.115252">
    </trkpt>
    <trkpt lat="40.638233" lon="17.115247">
    </trkpt>
    <trkpt lat="40.63828" lon="17.115237">
    </trkpt>
    <trkpt lat="40.638335" lon="17.115224">
    </trkpt>
    <trkpt lat="40.638385" lon="17.115202">
    </trkpt>
    <trkpt lat="40.638435" lon="17.115189">
    </trkpt>
    <trkpt lat="40.63849" lon="17.115166">
    </trkpt>
    <trkpt lat="40.63854" lon="17.115146">
    </trkpt>
    <trkpt lat="40.63859" lon="17.115128">
    </trkpt>
    <trkpt lat="40.638643" lon="17.115113">
    </trkpt>
    <trkpt lat="40.638691" lon="17.115096">
    </trkpt>
    <trkpt lat="40.638739" lon="17.115081">
    </trkpt>
    <trkpt lat="40.638804" lon="17.115056">
    </trkpt>
    <trkpt lat="40.638851" lon="17.115038">
    </trkpt>
    <trkpt lat="40.638901" lon="17.11502">
    </trkpt>
    <trkpt lat="40.638953" lon="17.115005">
    </trkpt>
    <trkpt lat="40.639001" lon="17.114982">
    </trkpt>
    <trkpt lat="40.639053" lon="17.114964">
    </trkpt>
    <trkpt lat="40.639106" lon="17.114944">
    </trkpt>
    <trkpt lat="40.639146" lon="17.114916">
    </trkpt>
    <trkpt lat="40.639189" lon="17.114879">
    </trkpt>
    <trkpt lat="40.639232" lon="17.114842">
    </trkpt>
    <trkpt lat="40.639272" lon="17.114804">
    </trkpt>
    <trkpt lat="40.639309" lon="17.114762">
    </trkpt>
    <trkpt lat="40.639344" lon="17.114717">
    </trkpt>
    <trkpt lat="40.639379" lon="17.114665">
    </trkpt>
    <trkpt lat="40.639414" lon="17.114625">
    </trkpt>
    <trkpt lat="40.639464" lon="17.114593">
    </trkpt>
    <trkpt lat="40.639512" lon="17.114568">
    </trkpt>
    <trkpt lat="40.639565" lon="17.114541">
    </trkpt>
    <trkpt lat="40.639612" lon="17.114531">
    </trkpt>
    <trkpt lat="40.639672" lon="17.114518">
    </trkpt>
    <trkpt lat="40.63974" lon="17.114511">
    </trkpt>
    <trkpt lat="40.639802" lon="17.114509">
    </trkpt>
    <trkpt lat="40.639857" lon="17.114517">
    </trkpt>
    <trkpt lat="40.639915" lon="17.114562">
    </trkpt>
    <trkpt lat="40.639958" lon="17.114587">
    </trkpt>
    <trkpt lat="40.640003" lon="17.114619">
    </trkpt>
    <trkpt lat="40.64005" lon="17.114652">
    </trkpt>
    <trkpt lat="40.640095" lon="17.11467">
    </trkpt>
    <trkpt lat="40.640148" lon="17.114708">
    </trkpt>
    <trkpt lat="40.640196" lon="17.114743">
    </trkpt>
    <trkpt lat="40.640251" lon="17.114766">
    </trkpt>
    <trkpt lat="40.640294" lon="17.114784">
    </trkpt>
    <trkpt lat="40.640362" lon="17.114802">
    </trkpt>
    <trkpt lat="40.640419" lon="17.114814">
    </trkpt>
    <trkpt lat="40.640469" lon="17.114824">
    </trkpt>
    <trkpt lat="40.640532" lon="17.114817">
    </trkpt>
    <trkpt lat="40.640584" lon="17.11482">
    </trkpt>
    <trkpt lat="40.640631" lon="17.11482">
    </trkpt>
    <trkpt lat="40.640693" lon="17.114815">
    </trkpt>
    <trkpt lat="40.640755" lon="17.114822">
    </trkpt>
    <trkpt lat="40.640815" lon="17.114855">
    </trkpt>
    <trkpt lat="40.640858" lon="17.114912">
    </trkpt>
    <trkpt lat="40.640855" lon="17.114985">
    </trkpt>
    <trkpt lat="40.640813" lon="17.115038">
    </trkpt>
    <trkpt lat="40.64078" lon="17.11508">
    </trkpt>
    <trkpt lat="40.640723" lon="17.115133">
    </trkpt>
    <trkpt lat="40.640666" lon="17.115168">
    </trkpt>
    <trkpt lat="40.640623" lon="17.115196">
    </trkpt>
    <trkpt lat="40.640585" lon="17.115234">
    </trkpt>
    <trkpt lat="40.640545" lon="17.115262">
    </trkpt>
    <trkpt lat="40.640585" lon="17.115215">
    </trkpt>
    <trkpt lat="40.640633" lon="17.115177">
    </trkpt>
    <trkpt lat="40.640576" lon="17.115202">
    </trkpt>
    <trkpt lat="40.640543" lon="17.115249">
    </trkpt>
    <trkpt lat="40.640498" lon="17.115294">
    </trkpt>
    <trkpt lat="40.640455" lon="17.115332">
    </trkpt>
    <trkpt lat="40.640425" lon="17.11538">
    </trkpt>
    <trkpt lat="40.640392" lon="17.115423">
    </trkpt>
    <trkpt lat="40.64036" lon="17.115466">
    </trkpt>
    <trkpt lat="40.640325" lon="17.115513">
    </trkpt>
    <trkpt lat="40.64029" lon="17.115561">
    </trkpt>
    <trkpt lat="40.640255" lon="17.115604">
    </trkpt>
    <trkpt lat="40.640218" lon="17.115647">
    </trkpt>
    <trkpt lat="40.640186" lon="17.11569">
    </trkpt>
    <trkpt lat="40.640158" lon="17.115742">
    </trkpt>
    <trkpt lat="40.640126" lon="17.115795">
    </trkpt>
    <trkpt lat="40.640104" lon="17.115857">
    </trkpt>
    <trkpt lat="40.640086" lon="17.115915">
    </trkpt>
    <trkpt lat="40.640069" lon="17.116002">
    </trkpt>
    <trkpt lat="40.640064" lon="17.116074">
    </trkpt>
    <trkpt lat="40.640054" lon="17.116134">
    </trkpt>
    <trkpt lat="40.640047" lon="17.116201">
    </trkpt>
    <trkpt lat="40.640042" lon="17.116276">
    </trkpt>
    <trkpt lat="40.64005" lon="17.116348">
    </trkpt>
    <trkpt lat="40.640048" lon="17.116411">
    </trkpt>
    <trkpt lat="40.640053" lon="17.116471">
    </trkpt>
    <trkpt lat="40.64009" lon="17.116539">
    </trkpt>
    <trkpt lat="40.640128" lon="17.116579">
    </trkpt>
    <trkpt lat="40.640183" lon="17.116631">
    </trkpt>
    <trkpt lat="40.640243" lon="17.116678">
    </trkpt>
    <trkpt lat="40.640288" lon="17.116708">
    </trkpt>
    <trkpt lat="40.640325" lon="17.116743">
    </trkpt>
    <trkpt lat="40.640375" lon="17.116788">
    </trkpt>
    <trkpt lat="40.640433" lon="17.116793">
    </trkpt>
    <trkpt lat="40.640436" lon="17.116723">
    </trkpt>
    <trkpt lat="40.640398" lon="17.11667">
    </trkpt>
    <trkpt lat="40.640381" lon="17.116592">
    </trkpt>
    <trkpt lat="40.640373" lon="17.116507">
    </trkpt>
    <trkpt lat="40.640388" lon="17.11643">
    </trkpt>
    <trkpt lat="40.640425" lon="17.116362">
    </trkpt>
    <trkpt lat="40.64046" lon="17.116324">
    </trkpt>
    <trkpt lat="40.640507" lon="17.116271">
    </trkpt>
    <trkpt lat="40.640549" lon="17.116238">
    </trkpt>
    <trkpt lat="40.640567" lon="17.116305">
    </trkpt>
    <trkpt lat="40.640544" lon="17.116375">
    </trkpt>
    <trkpt lat="40.640541" lon="17.116458">
    </trkpt>
    <trkpt lat="40.640539" lon="17.116518">
    </trkpt>
    <trkpt lat="40.640549" lon="17.116591">
    </trkpt>
    <trkpt lat="40.640579" lon="17.116651">
    </trkpt>
    <trkpt lat="40.640611" lon="17.116713">
    </trkpt>
    <trkpt lat="40.640649" lon="17.116771">
    </trkpt>
    <trkpt lat="40.640689" lon="17.116839">
    </trkpt>
    <trkpt lat="40.640727" lon="17.116911">
    </trkpt>
    <trkpt lat="40.640765" lon="17.116971">
    </trkpt>
    <trkpt lat="40.640797" lon="17.117038">
    </trkpt>
    <trkpt lat="40.640835" lon="17.117111">
    </trkpt>
    <trkpt lat="40.640858" lon="17.117166">
    </trkpt>
    <trkpt lat="40.640886" lon="17.117219">
    </trkpt>
    <trkpt lat="40.640914" lon="17.117271">
    </trkpt>
    <trkpt lat="40.640939" lon="17.117326">
    </trkpt>
    <trkpt lat="40.640962" lon="17.117388">
    </trkpt>
    <trkpt lat="40.640989" lon="17.117461">
    </trkpt>
    <trkpt lat="40.641024" lon="17.117526">
    </trkpt>
    <trkpt lat="40.641051" lon="17.117576">
    </trkpt>
    <trkpt lat="40.641079" lon="17.117629">
    </trkpt>
    <trkpt lat="40.641119" lon="17.117701">
    </trkpt>
    <trkpt lat="40.641162" lon="17.117769">
    </trkpt>
    <trkpt lat="40.64119" lon="17.117819">
    </trkpt>
    <trkpt lat="40.641217" lon="17.117877">
    </trkpt>
    <trkpt lat="40.641245" lon="17.117927">
    </trkpt>
    <trkpt lat="40.641288" lon="17.117985">
    </trkpt>
    <trkpt lat="40.641335" lon="17.11804">
    </trkpt>
    <trkpt lat="40.641388" lon="17.118092">
    </trkpt>
    <trkpt lat="40.641418" lon="17.118137">
    </trkpt>
    <trkpt lat="40.64144" lon="17.118194">
    </trkpt>
    <trkpt lat="40.64144" lon="17.118259">
    </trkpt>
    <trkpt lat="40.641438" lon="17.118339">
    </trkpt>
    <trkpt lat="40.641426" lon="17.118409">
    </trkpt>
    <trkpt lat="40.641388" lon="17.118442">
    </trkpt>
    <trkpt lat="40.641338" lon="17.118452">
    </trkpt>
    <trkpt lat="40.64129" lon="17.11846">
    </trkpt>
    <trkpt lat="40.641245" lon="17.118455">
    </trkpt>
    <trkpt lat="40.641197" lon="17.118433">
    </trkpt>
    <trkpt lat="40.641147" lon="17.118403">
    </trkpt>
    <trkpt lat="40.641092" lon="17.118388">
    </trkpt>
    <trkpt lat="40.641049" lon="17.11837">
    </trkpt>
    <trkpt lat="40.640996" lon="17.118362">
    </trkpt>
    <trkpt lat="40.640943" lon="17.118352">
    </trkpt>
    <trkpt lat="40.640895" lon="17.118342">
    </trkpt>
    <trkpt lat="40.640833" lon="17.118354">
    </trkpt>
    <trkpt lat="40.640785" lon="17.118362">
    </trkpt>
    <trkpt lat="40.640738" lon="17.118405">
    </trkpt>
    <trkpt lat="40.640741" lon="17.118478">
    </trkpt>
    <trkpt lat="40.640776" lon="17.118528">
    </trkpt>
    <trkpt lat="40.640809" lon="17.11858">
    </trkpt>
    <trkpt lat="40.640851" lon="17.118642">
    </trkpt>
    <trkpt lat="40.640879" lon="17.118692">
    </trkpt>
    <trkpt lat="40.640919" lon="17.118734">
    </trkpt>
    <trkpt lat="40.640954" lon="17.118779">
    </trkpt>
    <trkpt lat="40.640987" lon="17.118829">
    </trkpt>
    <trkpt lat="40.64102" lon="17.118894">
    </trkpt>
    <trkpt lat="40.641055" lon="17.118972">
    </trkpt>
    <trkpt lat="40.641085" lon="17.119017">
    </trkpt>
    <trkpt lat="40.641113" lon="17.119067">
    </trkpt>
    <trkpt lat="40.641146" lon="17.119119">
    </trkpt>
    <trkpt lat="40.641179" lon="17.119174">
    </trkpt>
    <trkpt lat="40.641206" lon="17.119222">
    </trkpt>
    <trkpt lat="40.641248" lon="17.119292">
    </trkpt>
    <trkpt lat="40.64128" lon="17.119335">
    </trkpt>
    <trkpt lat="40.641315" lon="17.119388">
    </trkpt>
    <trkpt lat="40.641345" lon="17.119435">
    </trkpt>
    <trkpt lat="40.641378" lon="17.119482">
    </trkpt>
    <trkpt lat="40.641411" lon="17.119532">
    </trkpt>
    <trkpt lat="40.641441" lon="17.119584">
    </trkpt>
    <trkpt lat="40.641473" lon="17.119632">
    </trkpt>
    <trkpt lat="40.641503" lon="17.119682">
    </trkpt>
    <trkpt lat="40.641533" lon="17.119734">
    </trkpt>
    <trkpt lat="40.641573" lon="17.119804">
    </trkpt>
    <trkpt lat="40.641606" lon="17.119849">
    </trkpt>
    <trkpt lat="40.641646" lon="17.119917">
    </trkpt>
    <trkpt lat="40.641671" lon="17.11997">
    </trkpt>
    <trkpt lat="40.641711" lon="17.120027">
    </trkpt>
    <trkpt lat="40.641739" lon="17.120075">
    </trkpt>
    <trkpt lat="40.641771" lon="17.120118">
    </trkpt>
    <trkpt lat="40.641804" lon="17.12016">
    </trkpt>
    <trkpt lat="40.641844" lon="17.120218">
    </trkpt>
    <trkpt lat="40.641887" lon="17.120266">
    </trkpt>
    <trkpt lat="40.641932" lon="17.120283">
    </trkpt>
    <trkpt lat="40.641975" lon="17.120236">
    </trkpt>
    <trkpt lat="40.641992" lon="17.120168">
    </trkpt>
    <trkpt lat="40.642007" lon="17.1201">
    </trkpt>
    <trkpt lat="40.642035" lon="17.120027">
    </trkpt>
    <trkpt lat="40.642065" lon="17.119962">
    </trkpt>
    <trkpt lat="40.642088" lon="17.119899">
    </trkpt>
    <trkpt lat="40.642105" lon="17.119829">
    </trkpt>
    <trkpt lat="40.642132" lon="17.119776">
    </trkpt>
    <trkpt lat="40.642194" lon="17.119756">
    </trkpt>
    <trkpt lat="40.642232" lon="17.119811">
    </trkpt>
    <trkpt lat="40.642249" lon="17.119889">
    </trkpt>
    <trkpt lat="40.642267" lon="17.119961">
    </trkpt>
    <trkpt lat="40.642294" lon="17.120011">
    </trkpt>
    <trkpt lat="40.642314" lon="17.120078">
    </trkpt>
    <trkpt lat="40.642337" lon="17.120143">
    </trkpt>
    <trkpt lat="40.642379" lon="17.120183">
    </trkpt>
    <trkpt lat="40.642429" lon="17.120181">
    </trkpt>
    <trkpt lat="40.642452" lon="17.120121">
    </trkpt>
    <trkpt lat="40.642474" lon="17.120061">
    </trkpt>
    <trkpt lat="40.642506" lon="17.120003">
    </trkpt>
    <trkpt lat="40.642534" lon="17.119938">
    </trkpt>
    <trkpt lat="40.642571" lon="17.11988">
    </trkpt>
    <trkpt lat="40.642599" lon="17.119823">
    </trkpt>
    <trkpt lat="40.642627" lon="17.119776">
    </trkpt>
    <trkpt lat="40.642659" lon="17.119729">
    </trkpt>
    <trkpt lat="40.642689" lon="17.119679">
    </trkpt>
    <trkpt lat="40.642716" lon="17.119622">
    </trkpt>
    <trkpt lat="40.642739" lon="17.119557">
    </trkpt>
    <trkpt lat="40.642776" lon="17.119505">
    </trkpt>
    <trkpt lat="40.642803" lon="17.119445">
    </trkpt>
    <trkpt lat="40.642836" lon="17.119403">
    </trkpt>
    <trkpt lat="40.642866" lon="17.119353">
    </trkpt>
    <trkpt lat="40.642893" lon="17.119295">
    </trkpt>
    <trkpt lat="40.642916" lon="17.119243">
    </trkpt>
    <trkpt lat="40.642949" lon="17.11918">
    </trkpt>
    <trkpt lat="40.642976" lon="17.119117">
    </trkpt>
    <trkpt lat="40.642991" lon="17.119059">
    </trkpt>
    <trkpt lat="40.643006" lon="17.118999">
    </trkpt>
    <trkpt lat="40.643028" lon="17.118929">
    </trkpt>
    <trkpt lat="40.64304" lon="17.118871">
    </trkpt>
    <trkpt lat="40.643052" lon="17.118813">
    </trkpt>
    <trkpt lat="40.643069" lon="17.118755">
    </trkpt>
    <trkpt lat="40.643091" lon="17.118697">
    </trkpt>
    <trkpt lat="40.643114" lon="17.11864">
    </trkpt>
    <trkpt lat="40.643146" lon="17.118578">
    </trkpt>
    <trkpt lat="40.643169" lon="17.118521">
    </trkpt>
    <trkpt lat="40.643204" lon="17.118463">
    </trkpt>
    <trkpt lat="40.643234" lon="17.118405">
    </trkpt>
    <trkpt lat="40.643276" lon="17.11835">
    </trkpt>
    <trkpt lat="40.643316" lon="17.118295">
    </trkpt>
    <trkpt lat="40.643354" lon="17.11825">
    </trkpt>
    <trkpt lat="40.643391" lon="17.118198">
    </trkpt>
    <trkpt lat="40.643429" lon="17.118145">
    </trkpt>
    <trkpt lat="40.643462" lon="17.118102">
    </trkpt>
    <trkpt lat="40.643495" lon="17.118059">
    </trkpt>
    <trkpt lat="40.643528" lon="17.118019">
    </trkpt>
    <trkpt lat="40.643561" lon="17.117972">
    </trkpt>
    <trkpt lat="40.643604" lon="17.117924">
    </trkpt>
    <trkpt lat="40.643646" lon="17.117867">
    </trkpt>
    <trkpt lat="40.643684" lon="17.117829">
    </trkpt>
    <trkpt lat="40.643737" lon="17.117792">
    </trkpt>
    <trkpt lat="40.643775" lon="17.117739">
    </trkpt>
    <trkpt lat="40.643812" lon="17.117692">
    </trkpt>
    <trkpt lat="40.643857" lon="17.117639">
    </trkpt>
    <trkpt lat="40.643897" lon="17.117577">
    </trkpt>
    <trkpt lat="40.643925" lon="17.11753">
    </trkpt>
    <trkpt lat="40.643965" lon="17.117475">
    </trkpt>
    <trkpt lat="40.644007" lon="17.11744">
    </trkpt>
    <trkpt lat="40.644059" lon="17.117402">
    </trkpt>
    <trkpt lat="40.644117" lon="17.117407">
    </trkpt>
    <trkpt lat="40.644165" lon="17.117405">
    </trkpt>
    <trkpt lat="40.644223" lon="17.117397">
    </trkpt>
    <trkpt lat="40.64427" lon="17.117387">
    </trkpt>
    <trkpt lat="40.644318" lon="17.117384">
    </trkpt>
    <trkpt lat="40.644365" lon="17.117374">
    </trkpt>
    <trkpt lat="40.644413" lon="17.117362">
    </trkpt>
    <trkpt lat="40.644461" lon="17.117357">
    </trkpt>
    <trkpt lat="40.644511" lon="17.117352">
    </trkpt>
    <trkpt lat="40.644561" lon="17.117347">
    </trkpt>
    <trkpt lat="40.644608" lon="17.117349">
    </trkpt>
    <trkpt lat="40.64466" lon="17.117362">
    </trkpt>
    <trkpt lat="40.644677" lon="17.117419">
    </trkpt>
    <trkpt lat="40.644675" lon="17.117489">
    </trkpt>
    <trkpt lat="40.644678" lon="17.117566">
    </trkpt>
    <trkpt lat="40.644718" lon="17.117616">
    </trkpt>
    <trkpt lat="40.644763" lon="17.117654">
    </trkpt>
    <trkpt lat="40.6448" lon="17.117717">
    </trkpt>
    <trkpt lat="40.64485" lon="17.117749">
    </trkpt>
    <trkpt lat="40.64489" lon="17.117791">
    </trkpt>
    <trkpt lat="40.644948" lon="17.117813">
    </trkpt>
    <trkpt lat="40.644996" lon="17.117805">
    </trkpt>
    <trkpt lat="40.645049" lon="17.117785">
    </trkpt>
    <trkpt lat="40.645104" lon="17.117755">
    </trkpt>
    <trkpt lat="40.645146" lon="17.117723">
    </trkpt>
    <trkpt lat="40.645188" lon="17.11769">
    </trkpt>
    <trkpt lat="40.645223" lon="17.117652">
    </trkpt>
    <trkpt lat="40.645261" lon="17.117602">
    </trkpt>
    <trkpt lat="40.645294" lon="17.117557">
    </trkpt>
    <trkpt lat="40.645334" lon="17.117495">
    </trkpt>
    <trkpt lat="40.645351" lon="17.117435">
    </trkpt>
    <trkpt lat="40.645369" lon="17.117365">
    </trkpt>
    <trkpt lat="40.645384" lon="17.117292">
    </trkpt>
    <trkpt lat="40.645406" lon="17.117237">
    </trkpt>
    <trkpt lat="40.645433" lon="17.117189">
    </trkpt>
    <trkpt lat="40.645468" lon="17.117136">
    </trkpt>
    <trkpt lat="40.645506" lon="17.117103">
    </trkpt>
    <trkpt lat="40.645558" lon="17.117103">
    </trkpt>
    <trkpt lat="40.645563" lon="17.117163">
    </trkpt>
    <trkpt lat="40.645541" lon="17.117216">
    </trkpt>
    <trkpt lat="40.645523" lon="17.117281">
    </trkpt>
    <trkpt lat="40.64552" lon="17.117356">
    </trkpt>
    <trkpt lat="40.64557" lon="17.117366">
    </trkpt>
    <trkpt lat="40.645602" lon="17.117306">
    </trkpt>
    <trkpt lat="40.645637" lon="17.117251">
    </trkpt>
    <trkpt lat="40.645662" lon="17.117196">
    </trkpt>
    <trkpt lat="40.645697" lon="17.117148">
    </trkpt>
    <trkpt lat="40.645747" lon="17.117116">
    </trkpt>
    <trkpt lat="40.645804" lon="17.117126">
    </trkpt>
    <trkpt lat="40.645862" lon="17.117118">
    </trkpt>
    <trkpt lat="40.645919" lon="17.1171">
    </trkpt>
    <trkpt lat="40.645962" lon="17.11708">
    </trkpt>
    <trkpt lat="40.646017" lon="17.11707">
    </trkpt>
    <trkpt lat="40.646069" lon="17.117048">
    </trkpt>
    <trkpt lat="40.646122" lon="17.117033">
    </trkpt>
    <trkpt lat="40.646172" lon="17.117013">
    </trkpt>
    <trkpt lat="40.646225" lon="17.117041">
    </trkpt>
    <trkpt lat="40.646227" lon="17.117103">
    </trkpt>
    <trkpt lat="40.646184" lon="17.117163">
    </trkpt>
    <trkpt lat="40.646142" lon="17.117221">
    </trkpt>
    <trkpt lat="40.646147" lon="17.117288">
    </trkpt>
    <trkpt lat="40.646194" lon="17.117283">
    </trkpt>
    <trkpt lat="40.646226" lon="17.117225">
    </trkpt>
    <trkpt lat="40.646258" lon="17.117182">
    </trkpt>
    <trkpt lat="40.64631" lon="17.117145">
    </trkpt>
    <trkpt lat="40.646362" lon="17.117132">
    </trkpt>
    <trkpt lat="40.646412" lon="17.117169">
    </trkpt>
    <trkpt lat="40.646444" lon="17.117216">
    </trkpt>
    <trkpt lat="40.646482" lon="17.117251">
    </trkpt>
    <trkpt lat="40.64654" lon="17.117246">
    </trkpt>
    <trkpt lat="40.646577" lon="17.117199">
    </trkpt>
    <trkpt lat="40.646634" lon="17.117167">
    </trkpt>
    <trkpt lat="40.646681" lon="17.117145">
    </trkpt>
    <trkpt lat="40.646734" lon="17.117122">
    </trkpt>
    <trkpt lat="40.646794" lon="17.117112">
    </trkpt>
    <trkpt lat="40.646854" lon="17.117094">
    </trkpt>
    <trkpt lat="40.646899" lon="17.117067">
    </trkpt>
    <trkpt lat="40.646956" lon="17.117035">
    </trkpt>
    <trkpt lat="40.647008" lon="17.116995">
    </trkpt>
    <trkpt lat="40.647051" lon="17.11695">
    </trkpt>
    <trkpt lat="40.647073" lon="17.116873">
    </trkpt>
    <trkpt lat="40.647076" lon="17.116808">
    </trkpt>
    <trkpt lat="40.647078" lon="17.116745">
    </trkpt>
    <trkpt lat="40.647076" lon="17.116665">
    </trkpt>
    <trkpt lat="40.647078" lon="17.116602">
    </trkpt>
    <trkpt lat="40.647081" lon="17.116502">
    </trkpt>
    <trkpt lat="40.647074" lon="17.116405">
    </trkpt>
    <trkpt lat="40.647072" lon="17.116297">
    </trkpt>
    <trkpt lat="40.647074" lon="17.11619">
    </trkpt>
    <trkpt lat="40.647089" lon="17.116088">
    </trkpt>
    <trkpt lat="40.647109" lon="17.11599">
    </trkpt>
    <trkpt lat="40.647132" lon="17.115905">
    </trkpt>
    <trkpt lat="40.647164" lon="17.115818">
    </trkpt>
    <trkpt lat="40.647201" lon="17.115735">
    </trkpt>
    <trkpt lat="40.647254" lon="17.115658">
    </trkpt>
    <trkpt lat="40.647301" lon="17.115595">
    </trkpt>
    <trkpt lat="40.647351" lon="17.115527">
    </trkpt>
    <trkpt lat="40.647399" lon="17.115465">
    </trkpt>
    <trkpt lat="40.647444" lon="17.115407">
    </trkpt>
    <trkpt lat="40.647491" lon="17.115347">
    </trkpt>
    <trkpt lat="40.647534" lon="17.115287">
    </trkpt>
    <trkpt lat="40.647576" lon="17.115229">
    </trkpt>
    <trkpt lat="40.647628" lon="17.115179">
    </trkpt>
    <trkpt lat="40.647676" lon="17.115122">
    </trkpt>
    <trkpt lat="40.647726" lon="17.115072">
    </trkpt>
    <trkpt lat="40.647776" lon="17.115027">
    </trkpt>
    <trkpt lat="40.647829" lon="17.11499">
    </trkpt>
    <trkpt lat="40.647881" lon="17.114952">
    </trkpt>
    <trkpt lat="40.647929" lon="17.114904">
    </trkpt>
    <trkpt lat="40.647969" lon="17.114849">
    </trkpt>
    <trkpt lat="40.648009" lon="17.114796">
    </trkpt>
    <trkpt lat="40.648046" lon="17.114739">
    </trkpt>
    <trkpt lat="40.648083" lon="17.114677">
    </trkpt>
    <trkpt lat="40.648118" lon="17.114614">
    </trkpt>
    <trkpt lat="40.648155" lon="17.114554">
    </trkpt>
    <trkpt lat="40.648182" lon="17.114499">
    </trkpt>
    <trkpt lat="40.648199" lon="17.114436">
    </trkpt>
    <trkpt lat="40.648212" lon="17.114371">
    </trkpt>
    <trkpt lat="40.648224" lon="17.114306">
    </trkpt>
    <trkpt lat="40.648242" lon="17.114238">
    </trkpt>
    <trkpt lat="40.648259" lon="17.114175">
    </trkpt>
    <trkpt lat="40.648272" lon="17.11411">
    </trkpt>
    <trkpt lat="40.648297" lon="17.114037">
    </trkpt>
    <trkpt lat="40.648327" lon="17.113962">
    </trkpt>
    <trkpt lat="40.648347" lon="17.11388">
    </trkpt>
    <trkpt lat="40.648362" lon="17.113798">
    </trkpt>
    <trkpt lat="40.648379" lon="17.113711">
    </trkpt>
    <trkpt lat="40.648392" lon="17.113629">
    </trkpt>
    <trkpt lat="40.648397" lon="17.113547">
    </trkpt>
    <trkpt lat="40.648405" lon="17.11346">
    </trkpt>
    <trkpt lat="40.648407" lon="17.113362">
    </trkpt>
    <trkpt lat="40.648405" lon="17.113254">
    </trkpt>
    <trkpt lat="40.64843" lon="17.113142">
    </trkpt>
    <trkpt lat="40.648453" lon="17.113029">
    </trkpt>
    <trkpt lat="40.648485" lon="17.112924">
    </trkpt>
    <trkpt lat="40.648515" lon="17.112812">
    </trkpt>
    <trkpt lat="40.648528" lon="17.112754">
    </trkpt>
    <trkpt lat="40.648541" lon="17.112694">
    </trkpt>
    <trkpt lat="40.648554" lon="17.112594">
    </trkpt>
    <trkpt lat="40.648566" lon="17.112501">
    </trkpt>
    <trkpt lat="40.648574" lon="17.112419">
    </trkpt>
    <trkpt lat="40.648581" lon="17.112349">
    </trkpt>
    <trkpt lat="40.648593" lon="17.112262">
    </trkpt>
    <trkpt lat="40.648595" lon="17.112174">
    </trkpt>
    <trkpt lat="40.648543" lon="17.112127">
    </trkpt>
    <trkpt lat="40.648516" lon="17.112074">
    </trkpt>
    <trkpt lat="40.648501" lon="17.112001">
    </trkpt>
    <trkpt lat="40.648484" lon="17.111921">
    </trkpt>
    <trkpt lat="40.648471" lon="17.111858">
    </trkpt>
    <trkpt lat="40.648463" lon="17.111786">
    </trkpt>
    <trkpt lat="40.64845" lon="17.111703">
    </trkpt>
    <trkpt lat="40.648443" lon="17.111611">
    </trkpt>
    <trkpt lat="40.648456" lon="17.111516">
    </trkpt>
    <trkpt lat="40.648468" lon="17.111424">
    </trkpt>
    <trkpt lat="40.648481" lon="17.111336">
    </trkpt>
    <trkpt lat="40.648491" lon="17.111241">
    </trkpt>
    <trkpt lat="40.648493" lon="17.111151">
    </trkpt>
    <trkpt lat="40.648493" lon="17.111059">
    </trkpt>
    <trkpt lat="40.64851" lon="17.110959">
    </trkpt>
    <trkpt lat="40.648528" lon="17.110857">
    </trkpt>
    <trkpt lat="40.648545" lon="17.110762">
    </trkpt>
    <trkpt lat="40.648585" lon="17.110679">
    </trkpt>
    <trkpt lat="40.648627" lon="17.110649">
    </trkpt>
    <trkpt lat="40.648702" lon="17.110609">
    </trkpt>
    <trkpt lat="40.648784" lon="17.110606">
    </trkpt>
    <trkpt lat="40.648852" lon="17.110569">
    </trkpt>
    <trkpt lat="40.648907" lon="17.110504">
    </trkpt>
    <trkpt lat="40.648947" lon="17.110426">
    </trkpt>
    <trkpt lat="40.648997" lon="17.110348">
    </trkpt>
    <trkpt lat="40.649054" lon="17.110278">
    </trkpt>
    <trkpt lat="40.649102" lon="17.110206">
    </trkpt>
    <trkpt lat="40.649152" lon="17.110128">
    </trkpt>
    <trkpt lat="40.649199" lon="17.110055">
    </trkpt>
    <trkpt lat="40.649249" lon="17.109993">
    </trkpt>
    <trkpt lat="40.649301" lon="17.10993">
    </trkpt>
    <trkpt lat="40.649349" lon="17.109857">
    </trkpt>
    <trkpt lat="40.649396" lon="17.109774">
    </trkpt>
    <trkpt lat="40.649439" lon="17.109694">
    </trkpt>
    <trkpt lat="40.649489" lon="17.109624">
    </trkpt>
    <trkpt lat="40.649542" lon="17.109541">
    </trkpt>
    <trkpt lat="40.64959" lon="17.109449">
    </trkpt>
    <trkpt lat="40.649638" lon="17.109359">
    </trkpt>
    <trkpt lat="40.649683" lon="17.109264">
    </trkpt>
    <trkpt lat="40.649731" lon="17.109171">
    </trkpt>
    <trkpt lat="40.649754" lon="17.109119">
    </trkpt>
    <trkpt lat="40.649796" lon="17.109021">
    </trkpt>
    <trkpt lat="40.649834" lon="17.108933">
    </trkpt>
    <trkpt lat="40.649879" lon="17.108835">
    </trkpt>
    <trkpt lat="40.649921" lon="17.10874">
    </trkpt>
    <trkpt lat="40.649968" lon="17.108648">
    </trkpt>
    <trkpt lat="40.650016" lon="17.108556">
    </trkpt>
    <trkpt lat="40.650066" lon="17.108469">
    </trkpt>
    <trkpt lat="40.650116" lon="17.108384">
    </trkpt>
    <trkpt lat="40.650159" lon="17.108301">
    </trkpt>
    <trkpt lat="40.650206" lon="17.108209">
    </trkpt>
    <trkpt lat="40.650249" lon="17.108114">
    </trkpt>
    <trkpt lat="40.650287" lon="17.108027">
    </trkpt>
    <trkpt lat="40.650329" lon="17.107942">
    </trkpt>
    <trkpt lat="40.650367" lon="17.107857">
    </trkpt>
    <trkpt lat="40.650402" lon="17.107774">
    </trkpt>
    <trkpt lat="40.650435" lon="17.107706">
    </trkpt>
    <trkpt lat="40.650455" lon="17.107648">
    </trkpt>
    <trkpt lat="40.650465" lon="17.107578">
    </trkpt>
    <trkpt lat="40.65045" lon="17.107475">
    </trkpt>
    <trkpt lat="40.650432" lon="17.107405">
    </trkpt>
    <trkpt lat="40.650435" lon="17.107322">
    </trkpt>
    <trkpt lat="40.65045" lon="17.10725">
    </trkpt>
    <trkpt lat="40.65048" lon="17.10717">
    </trkpt>
    <trkpt lat="40.65051" lon="17.107097">
    </trkpt>
    <trkpt lat="40.65055" lon="17.107024">
    </trkpt>
    <trkpt lat="40.650587" lon="17.106956">
    </trkpt>
    <trkpt lat="40.650629" lon="17.106891">
    </trkpt>
    <trkpt lat="40.650659" lon="17.106839">
    </trkpt>
    <trkpt lat="40.650682" lon="17.106784">
    </trkpt>
    <trkpt lat="40.650695" lon="17.106706">
    </trkpt>
    <trkpt lat="40.650713" lon="17.106619">
    </trkpt>
    <trkpt lat="40.65075" lon="17.106546">
    </trkpt>
    <trkpt lat="40.650797" lon="17.106498">
    </trkpt>
    <trkpt lat="40.650849" lon="17.106441">
    </trkpt>
    <trkpt lat="40.650894" lon="17.106383">
    </trkpt>
    <trkpt lat="40.650926" lon="17.106321">
    </trkpt>
    <trkpt lat="40.650964" lon="17.106254">
    </trkpt>
    <trkpt lat="40.650997" lon="17.106172">
    </trkpt>
    <trkpt lat="40.65103" lon="17.106079">
    </trkpt>
    <trkpt lat="40.651058" lon="17.105984">
    </trkpt>
    <trkpt lat="40.651105" lon="17.105894">
    </trkpt>
    <trkpt lat="40.65117" lon="17.105817">
    </trkpt>
    <trkpt lat="40.651207" lon="17.10578">
    </trkpt>
    <trkpt lat="40.65128" lon="17.105708">
    </trkpt>
    <trkpt lat="40.651317" lon="17.10567">
    </trkpt>
    <trkpt lat="40.651354" lon="17.105635">
    </trkpt>
    <trkpt lat="40.651392" lon="17.1056">
    </trkpt>
    <trkpt lat="40.651455" lon="17.105537">
    </trkpt>
    <trkpt lat="40.65151" lon="17.105484">
    </trkpt>
    <trkpt lat="40.651543" lon="17.105442">
    </trkpt>
    <trkpt lat="40.65161" lon="17.105357">
    </trkpt>
    <trkpt lat="40.651675" lon="17.105287">
    </trkpt>
    <trkpt lat="40.651727" lon="17.105229">
    </trkpt>
    <trkpt lat="40.65178" lon="17.105179">
    </trkpt>
    <trkpt lat="40.651837" lon="17.105117">
    </trkpt>
    <trkpt lat="40.651895" lon="17.105057">
    </trkpt>
    <trkpt lat="40.651952" lon="17.105007">
    </trkpt>
    <trkpt lat="40.652015" lon="17.104964">
    </trkpt>
    <trkpt lat="40.652078" lon="17.104931">
    </trkpt>
    <trkpt lat="40.652148" lon="17.104889">
    </trkpt>
    <trkpt lat="40.6522" lon="17.104872">
    </trkpt>
    <trkpt lat="40.65226" lon="17.104882">
    </trkpt>
    <trkpt lat="40.652322" lon="17.104894">
    </trkpt>
    <trkpt lat="40.652387" lon="17.104857">
    </trkpt>
    <trkpt lat="40.65243" lon="17.104797">
    </trkpt>
    <trkpt lat="40.652473" lon="17.104729">
    </trkpt>
    <trkpt lat="40.652518" lon="17.104667">
    </trkpt>
    <trkpt lat="40.652565" lon="17.1046">
    </trkpt>
    <trkpt lat="40.652608" lon="17.104523">
    </trkpt>
    <trkpt lat="40.65265" lon="17.104456">
    </trkpt>
    <trkpt lat="40.652688" lon="17.104383">
    </trkpt>
    <trkpt lat="40.652738" lon="17.104315">
    </trkpt>
    <trkpt lat="40.652771" lon="17.104245">
    </trkpt>
    <trkpt lat="40.652813" lon="17.104177">
    </trkpt>
    <trkpt lat="40.652866" lon="17.104114">
    </trkpt>
    <trkpt lat="40.652916" lon="17.104046">
    </trkpt>
    <trkpt lat="40.652968" lon="17.103973">
    </trkpt>
    <trkpt lat="40.653033" lon="17.103915">
    </trkpt>
    <trkpt lat="40.653088" lon="17.103863">
    </trkpt>
    <trkpt lat="40.653151" lon="17.103813">
    </trkpt>
    <trkpt lat="40.653221" lon="17.10376">
    </trkpt>
    <trkpt lat="40.653303" lon="17.103718">
    </trkpt>
    <trkpt lat="40.653368" lon="17.103683">
    </trkpt>
    <trkpt lat="40.653433" lon="17.103646">
    </trkpt>
    <trkpt lat="40.653505" lon="17.103604">
    </trkpt>
    <trkpt lat="40.653578" lon="17.103552">
    </trkpt>
    <trkpt lat="40.653646" lon="17.103514">
    </trkpt>
    <trkpt lat="40.653704" lon="17.103471">
    </trkpt>
    <trkpt lat="40.653764" lon="17.103431">
    </trkpt>
    <trkpt lat="40.653826" lon="17.103399">
    </trkpt>
    <trkpt lat="40.653883" lon="17.103362">
    </trkpt>
    <trkpt lat="40.653946" lon="17.103322">
    </trkpt>
    <trkpt lat="40.654004" lon="17.103284">
    </trkpt>
    <trkpt lat="40.654062" lon="17.103232">
    </trkpt>
    <trkpt lat="40.654122" lon="17.103184">
    </trkpt>
    <trkpt lat="40.65418" lon="17.103141">
    </trkpt>
    <trkpt lat="40.654242" lon="17.103096">
    </trkpt>
    <trkpt lat="40.654295" lon="17.103058">
    </trkpt>
    <trkpt lat="40.654348" lon="17.103003">
    </trkpt>
    <trkpt lat="40.654393" lon="17.102938">
    </trkpt>
    <trkpt lat="40.654436" lon="17.102865">
    </trkpt>
    <trkpt lat="40.654483" lon="17.102793">
    </trkpt>
    <trkpt lat="40.654521" lon="17.10272">
    </trkpt>
    <trkpt lat="40.654558" lon="17.102652">
    </trkpt>
    <trkpt lat="40.654588" lon="17.102579">
    </trkpt>
    <trkpt lat="40.654615" lon="17.102486">
    </trkpt>
    <trkpt lat="40.654648" lon="17.102404">
    </trkpt>
    <trkpt lat="40.6547" lon="17.102327">
    </trkpt>
    <trkpt lat="40.654762" lon="17.102257">
    </trkpt>
    <trkpt lat="40.654824" lon="17.10221">
    </trkpt>
    <trkpt lat="40.654889" lon="17.10217">
    </trkpt>
    <trkpt lat="40.654957" lon="17.102152">
    </trkpt>
    <trkpt lat="40.655022" lon="17.102139">
    </trkpt>
    <trkpt lat="40.655087" lon="17.102137">
    </trkpt>
    <trkpt lat="40.65515" lon="17.102159">
    </trkpt>
    <trkpt lat="40.65521" lon="17.102186">
    </trkpt>
    <trkpt lat="40.655273" lon="17.102219">
    </trkpt>
    <trkpt lat="40.655328" lon="17.102252">
    </trkpt>
    <trkpt lat="40.655388" lon="17.102284">
    </trkpt>
    <trkpt lat="40.655441" lon="17.102317">
    </trkpt>
    <trkpt lat="40.655493" lon="17.102355">
    </trkpt>
    <trkpt lat="40.655535" lon="17.102398">
    </trkpt>
    <trkpt lat="40.655577" lon="17.102436">
    </trkpt>
    <trkpt lat="40.655624" lon="17.102476">
    </trkpt>
    <trkpt lat="40.655676" lon="17.102528">
    </trkpt>
    <trkpt lat="40.655719" lon="17.102575">
    </trkpt>
    <trkpt lat="40.655764" lon="17.102618">
    </trkpt>
    <trkpt lat="40.655806" lon="17.102666">
    </trkpt>
    <trkpt lat="40.655859" lon="17.102721">
    </trkpt>
    <trkpt lat="40.655899" lon="17.102783">
    </trkpt>
    <trkpt lat="40.655926" lon="17.102856">
    </trkpt>
    <trkpt lat="40.655939" lon="17.102928">
    </trkpt>
    <trkpt lat="40.655932" lon="17.102996">
    </trkpt>
    <trkpt lat="40.655914" lon="17.103053">
    </trkpt>
    <trkpt lat="40.655891" lon="17.103113">
    </trkpt>
    <trkpt lat="40.655851" lon="17.103168">
    </trkpt>
    <trkpt lat="40.655814" lon="17.103213">
    </trkpt>
    <trkpt lat="40.655769" lon="17.103256">
    </trkpt>
    <trkpt lat="40.655724" lon="17.103306">
    </trkpt>
    <trkpt lat="40.655676" lon="17.103353">
    </trkpt>
    <trkpt lat="40.655653" lon="17.103405">
    </trkpt>
    <trkpt lat="40.655621" lon="17.103472">
    </trkpt>
    <trkpt lat="40.655591" lon="17.103542">
    </trkpt>
    <trkpt lat="40.655569" lon="17.103615">
    </trkpt>
    <trkpt lat="40.655562" lon="17.1037">
    </trkpt>
    <trkpt lat="40.655545" lon="17.103778">
    </trkpt>
    <trkpt lat="40.65553" lon="17.103868">
    </trkpt>
    <trkpt lat="40.655503" lon="17.10395">
    </trkpt>
    <trkpt lat="40.6555" lon="17.104022">
    </trkpt>
    <trkpt lat="40.65551" lon="17.104085">
    </trkpt>
    <trkpt lat="40.655518" lon="17.10416">
    </trkpt>
    <trkpt lat="40.655505" lon="17.104223">
    </trkpt>
    <trkpt lat="40.65549" lon="17.104288">
    </trkpt>
    <trkpt lat="40.655463" lon="17.10435">
    </trkpt>
    <trkpt lat="40.655436" lon="17.104422">
    </trkpt>
    <trkpt lat="40.655411" lon="17.104472">
    </trkpt>
    <trkpt lat="40.655388" lon="17.104527">
    </trkpt>
    <trkpt lat="40.655375" lon="17.104595">
    </trkpt>
    <trkpt lat="40.65537" lon="17.104663">
    </trkpt>
    <trkpt lat="40.65535" lon="17.104743">
    </trkpt>
    <trkpt lat="40.655355" lon="17.104806">
    </trkpt>
    <trkpt lat="40.655372" lon="17.104879">
    </trkpt>
    <trkpt lat="40.65537" lon="17.104941">
    </trkpt>
    <trkpt lat="40.655378" lon="17.105013">
    </trkpt>
    <trkpt lat="40.655405" lon="17.105088">
    </trkpt>
    <trkpt lat="40.65541" lon="17.105148">
    </trkpt>
    <trkpt lat="40.655445" lon="17.105206">
    </trkpt>
    <trkpt lat="40.655503" lon="17.105233">
    </trkpt>
    <trkpt lat="40.65555" lon="17.105246">
    </trkpt>
    <trkpt lat="40.6556" lon="17.105261">
    </trkpt>
    <trkpt lat="40.65565" lon="17.105273">
    </trkpt>
    <trkpt lat="40.655698" lon="17.105281">
    </trkpt>
    <trkpt lat="40.655753" lon="17.105278">
    </trkpt>
    <trkpt lat="40.655806" lon="17.105293">
    </trkpt>
    <trkpt lat="40.655851" lon="17.105308">
    </trkpt>
    <trkpt lat="40.655889" lon="17.105343">
    </trkpt>
    <trkpt lat="40.655946" lon="17.105391">
    </trkpt>
    <trkpt lat="40.655998" lon="17.105408">
    </trkpt>
    <trkpt lat="40.656058" lon="17.105411">
    </trkpt>
    <trkpt lat="40.656115" lon="17.105394">
    </trkpt>
    <trkpt lat="40.656163" lon="17.105397">
    </trkpt>
    <trkpt lat="40.656216" lon="17.1054">
    </trkpt>
    <trkpt lat="40.656284" lon="17.105417">
    </trkpt>
    <trkpt lat="40.656339" lon="17.10545">
    </trkpt>
    <trkpt lat="40.656381" lon="17.10548">
    </trkpt>
    <trkpt lat="40.656418" lon="17.10553">
    </trkpt>
    <trkpt lat="40.656451" lon="17.10559">
    </trkpt>
    <trkpt lat="40.656491" lon="17.10564">
    </trkpt>
    <trkpt lat="40.656533" lon="17.105663">
    </trkpt>
    <trkpt lat="40.65658" lon="17.105695">
    </trkpt>
    <trkpt lat="40.656627" lon="17.105737">
    </trkpt>
    <trkpt lat="40.656685" lon="17.105752">
    </trkpt>
    <trkpt lat="40.656728" lon="17.105792">
    </trkpt>
    <trkpt lat="40.65678" lon="17.105829">
    </trkpt>
    <trkpt lat="40.65683" lon="17.105832">
    </trkpt>
    <trkpt lat="40.656887" lon="17.105854">
    </trkpt>
    <trkpt lat="40.656937" lon="17.105879">
    </trkpt>
    <trkpt lat="40.65699" lon="17.105892">
    </trkpt>
    <trkpt lat="40.657038" lon="17.105882">
    </trkpt>
    <trkpt lat="40.657085" lon="17.105884">
    </trkpt>
    <trkpt lat="40.65714" lon="17.105892">
    </trkpt>
    <trkpt lat="40.657187" lon="17.105897">
    </trkpt>
    <trkpt lat="40.65724" lon="17.10591">
    </trkpt>
    <trkpt lat="40.657285" lon="17.105925">
    </trkpt>
    <trkpt lat="40.657342" lon="17.105925">
    </trkpt>
    <trkpt lat="40.657397" lon="17.105937">
    </trkpt>
    <trkpt lat="40.657449" lon="17.105969">
    </trkpt>
    <trkpt lat="40.657507" lon="17.105989">
    </trkpt>
    <trkpt lat="40.657559" lon="17.106016">
    </trkpt>
    <trkpt lat="40.657619" lon="17.106031">
    </trkpt>
    <trkpt lat="40.657672" lon="17.106048">
    </trkpt>
    <trkpt lat="40.657709" lon="17.106086">
    </trkpt>
    <trkpt lat="40.657749" lon="17.106123">
    </trkpt>
    <trkpt lat="40.657802" lon="17.106168">
    </trkpt>
    <trkpt lat="40.657849" lon="17.106213">
    </trkpt>
    <trkpt lat="40.657899" lon="17.106271">
    </trkpt>
    <trkpt lat="40.657967" lon="17.106314">
    </trkpt>
    <trkpt lat="40.65804" lon="17.106334">
    </trkpt>
    <trkpt lat="40.6581" lon="17.106356">
    </trkpt>
    <trkpt lat="40.65815" lon="17.106381">
    </trkpt>
    <trkpt lat="40.658195" lon="17.106393">
    </trkpt>
    <trkpt lat="40.658243" lon="17.106415">
    </trkpt>
    <trkpt lat="40.658288" lon="17.106448">
    </trkpt>
    <trkpt lat="40.658326" lon="17.106495">
    </trkpt>
    <trkpt lat="40.658379" lon="17.106528">
    </trkpt>
    <trkpt lat="40.658411" lon="17.106596">
    </trkpt>
    <trkpt lat="40.658424" lon="17.106661">
    </trkpt>
    <trkpt lat="40.658436" lon="17.106723">
    </trkpt>
    <trkpt lat="40.658478" lon="17.106791">
    </trkpt>
    <trkpt lat="40.658508" lon="17.106874">
    </trkpt>
    <trkpt lat="40.658545" lon="17.106957">
    </trkpt>
    <trkpt lat="40.658585" lon="17.10702">
    </trkpt>
    <trkpt lat="40.658613" lon="17.107072">
    </trkpt>
    <trkpt lat="40.658638" lon="17.107135">
    </trkpt>
    <trkpt lat="40.658645" lon="17.107195">
    </trkpt>
    <trkpt lat="40.658637" lon="17.10727">
    </trkpt>
    <trkpt lat="40.658664" lon="17.107328">
    </trkpt>
    <trkpt lat="40.658686" lon="17.107388">
    </trkpt>
    <trkpt lat="40.658698" lon="17.107468">
    </trkpt>
    <trkpt lat="40.658693" lon="17.107565">
    </trkpt>
    <trkpt lat="40.658681" lon="17.107633">
    </trkpt>
    <trkpt lat="40.658693" lon="17.107691">
    </trkpt>
    <trkpt lat="40.658715" lon="17.107769">
    </trkpt>
    <trkpt lat="40.658733" lon="17.107849">
    </trkpt>
    <trkpt lat="40.658741" lon="17.107929">
    </trkpt>
    <trkpt lat="40.658728" lon="17.108017">
    </trkpt>
    <trkpt lat="40.6587" lon="17.108085">
    </trkpt>
    <trkpt lat="40.65866" lon="17.108145">
    </trkpt>
    <trkpt lat="40.658628" lon="17.108197">
    </trkpt>
    <trkpt lat="40.658578" lon="17.108232">
    </trkpt>
    <trkpt lat="40.658531" lon="17.108264">
    </trkpt>
    <trkpt lat="40.658474" lon="17.108294">
    </trkpt>
    <trkpt lat="40.658427" lon="17.108309">
    </trkpt>
    <trkpt lat="40.658384" lon="17.108341">
    </trkpt>
    <trkpt lat="40.658337" lon="17.108364">
    </trkpt>
    <trkpt lat="40.658294" lon="17.108396">
    </trkpt>
    <trkpt lat="40.658239" lon="17.108424">
    </trkpt>
    <trkpt lat="40.658191" lon="17.108459">
    </trkpt>
    <trkpt lat="40.658199" lon="17.108567">
    </trkpt>
    <trkpt lat="40.658241" lon="17.108614">
    </trkpt>
    <trkpt lat="40.658288" lon="17.108654">
    </trkpt>
    <trkpt lat="40.65835" lon="17.108697">
    </trkpt>
    <trkpt lat="40.65841" lon="17.108739">
    </trkpt>
    <trkpt lat="40.658455" lon="17.108769">
    </trkpt>
    <trkpt lat="40.658502" lon="17.108796">
    </trkpt>
    <trkpt lat="40.658542" lon="17.108824">
    </trkpt>
    <trkpt lat="40.658585" lon="17.108852">
    </trkpt>
    <trkpt lat="40.658635" lon="17.108874">
    </trkpt>
    <trkpt lat="40.658688" lon="17.108891">
    </trkpt>
    <trkpt lat="40.658745" lon="17.108911">
    </trkpt>
    <trkpt lat="40.658802" lon="17.108928">
    </trkpt>
    <trkpt lat="40.65886" lon="17.108933">
    </trkpt>
    <trkpt lat="40.658915" lon="17.108945">
    </trkpt>
    <trkpt lat="40.658998" lon="17.108965">
    </trkpt>
    <trkpt lat="40.659053" lon="17.108978">
    </trkpt>
    <trkpt lat="40.659101" lon="17.108993">
    </trkpt>
    <trkpt lat="40.659156" lon="17.109011">
    </trkpt>
    <trkpt lat="40.659218" lon="17.109028">
    </trkpt>
    <trkpt lat="40.659276" lon="17.109043">
    </trkpt>
    <trkpt lat="40.659334" lon="17.109058">
    </trkpt>
    <trkpt lat="40.659392" lon="17.109075">
    </trkpt>
    <trkpt lat="40.659457" lon="17.109093">
    </trkpt>
    <trkpt lat="40.659517" lon="17.109115">
    </trkpt>
    <trkpt lat="40.659585" lon="17.109135">
    </trkpt>
    <trkpt lat="40.659653" lon="17.109158">
    </trkpt>
    <trkpt lat="40.659725" lon="17.109175">
    </trkpt>
    <trkpt lat="40.659797" lon="17.109187">
    </trkpt>
    <trkpt lat="40.65987" lon="17.109209">
    </trkpt>
    <trkpt lat="40.659942" lon="17.109232">
    </trkpt>
    <trkpt lat="40.660022" lon="17.10926">
    </trkpt>
    <trkpt lat="40.660097" lon="17.109287">
    </trkpt>
    <trkpt lat="40.660175" lon="17.109304">
    </trkpt>
    <trkpt lat="40.660245" lon="17.109327">
    </trkpt>
    <trkpt lat="40.66032" lon="17.109352">
    </trkpt>
    <trkpt lat="40.660392" lon="17.10938">
    </trkpt>
    <trkpt lat="40.660469" lon="17.109403">
    </trkpt>
    <trkpt lat="40.660539" lon="17.109425">
    </trkpt>
    <trkpt lat="40.660612" lon="17.109442">
    </trkpt>
    <trkpt lat="40.660682" lon="17.109462">
    </trkpt>
    <trkpt lat="40.660755" lon="17.109475">
    </trkpt>
    <trkpt lat="40.660825" lon="17.109493">
    </trkpt>
    <trkpt lat="40.660895" lon="17.109506">
    </trkpt>
    <trkpt lat="40.660963" lon="17.109533">
    </trkpt>
    <trkpt lat="40.661038" lon="17.109551">
    </trkpt>
    <trkpt lat="40.661111" lon="17.109571">
    </trkpt>
    <trkpt lat="40.661179" lon="17.109596">
    </trkpt>
    <trkpt lat="40.661251" lon="17.109611">
    </trkpt>
    <trkpt lat="40.661329" lon="17.109629">
    </trkpt>
    <trkpt lat="40.661401" lon="17.109647">
    </trkpt>
    <trkpt lat="40.661478" lon="17.109667">
    </trkpt>
    <trkpt lat="40.661546" lon="17.109689">
    </trkpt>
    <trkpt lat="40.661604" lon="17.109712">
    </trkpt>
    <trkpt lat="40.661666" lon="17.10973">
    </trkpt>
    <trkpt lat="40.661724" lon="17.109745">
    </trkpt>
    <trkpt lat="40.661776" lon="17.109762">
    </trkpt>
    <trkpt lat="40.661828" lon="17.109774">
    </trkpt>
    <trkpt lat="40.661911" lon="17.109796">
    </trkpt>
    <trkpt lat="40.661979" lon="17.109821">
    </trkpt>
    <trkpt lat="40.662056" lon="17.109839">
    </trkpt>
    <trkpt lat="40.662143" lon="17.109862">
    </trkpt>
    <trkpt lat="40.662193" lon="17.109877">
    </trkpt>
    <trkpt lat="40.662245" lon="17.109885">
    </trkpt>
    <trkpt lat="40.662292" lon="17.109895">
    </trkpt>
    <trkpt lat="40.662345" lon="17.10991">
    </trkpt>
    <trkpt lat="40.6624" lon="17.109933">
    </trkpt>
    <trkpt lat="40.662455" lon="17.109948">
    </trkpt>
    <trkpt lat="40.66251" lon="17.109968">
    </trkpt>
    <trkpt lat="40.662567" lon="17.109986">
    </trkpt>
    <trkpt lat="40.662625" lon="17.110003">
    </trkpt>
    <trkpt lat="40.662685" lon="17.110018">
    </trkpt>
    <trkpt lat="40.662745" lon="17.110031">
    </trkpt>
    <trkpt lat="40.662805" lon="17.110046">
    </trkpt>
    <trkpt lat="40.662867" lon="17.110063">
    </trkpt>
    <trkpt lat="40.66292" lon="17.110083">
    </trkpt>
    <trkpt lat="40.662982" lon="17.110093">
    </trkpt>
    <trkpt lat="40.663047" lon="17.110108">
    </trkpt>
    <trkpt lat="40.66311" lon="17.110126">
    </trkpt>
    <trkpt lat="40.663167" lon="17.110144">
    </trkpt>
    <trkpt lat="40.66322" lon="17.110166">
    </trkpt>
    <trkpt lat="40.663282" lon="17.110186">
    </trkpt>
    <trkpt lat="40.663344" lon="17.110198">
    </trkpt>
    <trkpt lat="40.663407" lon="17.110211">
    </trkpt>
    <trkpt lat="40.663462" lon="17.110223">
    </trkpt>
    <trkpt lat="40.66352" lon="17.11024">
    </trkpt>
    <trkpt lat="40.66358" lon="17.11026">
    </trkpt>
    <trkpt lat="40.663637" lon="17.11028">
    </trkpt>
    <trkpt lat="40.663697" lon="17.110295">
    </trkpt>
    <trkpt lat="40.663755" lon="17.110313">
    </trkpt>
    <trkpt lat="40.663813" lon="17.110328">
    </trkpt>
    <trkpt lat="40.66387" lon="17.11035">
    </trkpt>
    <trkpt lat="40.663928" lon="17.110372">
    </trkpt>
    <trkpt lat="40.663985" lon="17.110389">
    </trkpt>
    <trkpt lat="40.664045" lon="17.110404">
    </trkpt>
    <trkpt lat="40.664102" lon="17.110421">
    </trkpt>
    <trkpt lat="40.66416" lon="17.110431">
    </trkpt>
    <trkpt lat="40.664212" lon="17.110446">
    </trkpt>
    <trkpt lat="40.664262" lon="17.110461">
    </trkpt>
    <trkpt lat="40.664315" lon="17.110481">
    </trkpt>
    <trkpt lat="40.664368" lon="17.110494">
    </trkpt>
    <trkpt lat="40.664413" lon="17.110514">
    </trkpt>
    <trkpt lat="40.664501" lon="17.110532">
    </trkpt>
    <trkpt lat="40.664546" lon="17.110545">
    </trkpt>
    <trkpt lat="40.664596" lon="17.110558">
    </trkpt>
    <trkpt lat="40.664646" lon="17.110573">
    </trkpt>
    <trkpt lat="40.664694" lon="17.110583">
    </trkpt>
    <trkpt lat="40.664741" lon="17.110595">
    </trkpt>
    <trkpt lat="40.664786" lon="17.110608">
    </trkpt>
    <trkpt lat="40.664838" lon="17.110625">
    </trkpt>
    <trkpt lat="40.664886" lon="17.110638">
    </trkpt>
    <trkpt lat="40.664936" lon="17.110651">
    </trkpt>
    <trkpt lat="40.664981" lon="17.110666">
    </trkpt>
    <trkpt lat="40.665029" lon="17.110676">
    </trkpt>
    <trkpt lat="40.665081" lon="17.110693">
    </trkpt>
    <trkpt lat="40.665133" lon="17.110708">
    </trkpt>
    <trkpt lat="40.665183" lon="17.11072">
    </trkpt>
    <trkpt lat="40.66523" lon="17.110732">
    </trkpt>
    <trkpt lat="40.665278" lon="17.110745">
    </trkpt>
    <trkpt lat="40.665326" lon="17.110758">
    </trkpt>
    <trkpt lat="40.665381" lon="17.11077">
    </trkpt>
    <trkpt lat="40.665433" lon="17.110783">
    </trkpt>
    <trkpt lat="40.665481" lon="17.110793">
    </trkpt>
    <trkpt lat="40.665529" lon="17.110803">
    </trkpt>
    <trkpt lat="40.665577" lon="17.110815">
    </trkpt>
    <trkpt lat="40.665622" lon="17.110825">
    </trkpt>
    <trkpt lat="40.665672" lon="17.110835">
    </trkpt>
    <trkpt lat="40.665724" lon="17.110843">
    </trkpt>
    <trkpt lat="40.665779" lon="17.11085">
    </trkpt>
    <trkpt lat="40.665829" lon="17.110855">
    </trkpt>
    <trkpt lat="40.665876" lon="17.110867">
    </trkpt>
    <trkpt lat="40.665929" lon="17.110879">
    </trkpt>
    <trkpt lat="40.665981" lon="17.110887">
    </trkpt>
    <trkpt lat="40.666033" lon="17.110897">
    </trkpt>
    <trkpt lat="40.66608" lon="17.110909">
    </trkpt>
    <trkpt lat="40.66613" lon="17.110919">
    </trkpt>
    <trkpt lat="40.66618" lon="17.110931">
    </trkpt>
    <trkpt lat="40.666227" lon="17.110943">
    </trkpt>
    <trkpt lat="40.666275" lon="17.110953">
    </trkpt>
    <trkpt lat="40.66632" lon="17.11096">
    </trkpt>
    <trkpt lat="40.666368" lon="17.110963">
    </trkpt>
    <trkpt lat="40.666458" lon="17.11099">
    </trkpt>
    <trkpt lat="40.666506" lon="17.110997">
    </trkpt>
    <trkpt lat="40.666551" lon="17.111002">
    </trkpt>
    <trkpt lat="40.666629" lon="17.111014">
    </trkpt>
    <trkpt lat="40.666702" lon="17.111027">
    </trkpt>
    <trkpt lat="40.666777" lon="17.111035">
    </trkpt>
    <trkpt lat="40.666847" lon="17.111048">
    </trkpt>
    <trkpt lat="40.666897" lon="17.111056">
    </trkpt>
    <trkpt lat="40.666949" lon="17.111074">
    </trkpt>
    <trkpt lat="40.667006" lon="17.111092">
    </trkpt>
    <trkpt lat="40.667063" lon="17.11111">
    </trkpt>
    <trkpt lat="40.667126" lon="17.111117">
    </trkpt>
    <trkpt lat="40.667188" lon="17.111139">
    </trkpt>
    <trkpt lat="40.667251" lon="17.111131">
    </trkpt>
    <trkpt lat="40.667296" lon="17.111141">
    </trkpt>
    <trkpt lat="40.667344" lon="17.111153">
    </trkpt>
    <trkpt lat="40.667389" lon="17.111161">
    </trkpt>
    <trkpt lat="40.667446" lon="17.111168">
    </trkpt>
    <trkpt lat="40.667514" lon="17.111181">
    </trkpt>
    <trkpt lat="40.667579" lon="17.111198">
    </trkpt>
    <trkpt lat="40.667637" lon="17.111211">
    </trkpt>
    <trkpt lat="40.6677" lon="17.111218">
    </trkpt>
    <trkpt lat="40.667763" lon="17.111243">
    </trkpt>
    <trkpt lat="40.667836" lon="17.11125">
    </trkpt>
    <trkpt lat="40.667904" lon="17.111263">
    </trkpt>
    <trkpt lat="40.667966" lon="17.11128">
    </trkpt>
    <trkpt lat="40.668031" lon="17.11129">
    </trkpt>
    <trkpt lat="40.668101" lon="17.111312">
    </trkpt>
    <trkpt lat="40.668163" lon="17.11132">
    </trkpt>
    <trkpt lat="40.668226" lon="17.11133">
    </trkpt>
    <trkpt lat="40.668291" lon="17.111342">
    </trkpt>
    <trkpt lat="40.668354" lon="17.111355">
    </trkpt>
    <trkpt lat="40.668419" lon="17.111368">
    </trkpt>
    <trkpt lat="40.668481" lon="17.111376">
    </trkpt>
    <trkpt lat="40.668548" lon="17.111388">
    </trkpt>
    <trkpt lat="40.668616" lon="17.111403">
    </trkpt>
    <trkpt lat="40.668688" lon="17.111416">
    </trkpt>
    <trkpt lat="40.668758" lon="17.111428">
    </trkpt>
    <trkpt lat="40.66883" lon="17.111435">
    </trkpt>
    <trkpt lat="40.668897" lon="17.111445">
    </trkpt>
    <trkpt lat="40.668972" lon="17.111465">
    </trkpt>
    <trkpt lat="40.669044" lon="17.11148">
    </trkpt>
    <trkpt lat="40.669121" lon="17.111497">
    </trkpt>
    <trkpt lat="40.669189" lon="17.111515">
    </trkpt>
    <trkpt lat="40.669257" lon="17.111523">
    </trkpt>
    <trkpt lat="40.669322" lon="17.111531">
    </trkpt>
    <trkpt lat="40.669394" lon="17.111536">
    </trkpt>
    <trkpt lat="40.669469" lon="17.111548">
    </trkpt>
    <trkpt lat="40.669546" lon="17.111565">
    </trkpt>
    <trkpt lat="40.669623" lon="17.11159">
    </trkpt>
    <trkpt lat="40.6697" lon="17.111603">
    </trkpt>
    <trkpt lat="40.66977" lon="17.111618">
    </trkpt>
    <trkpt lat="40.669845" lon="17.111635">
    </trkpt>
    <trkpt lat="40.669917" lon="17.111642">
    </trkpt>
    <trkpt lat="40.669995" lon="17.111659">
    </trkpt>
    <trkpt lat="40.670065" lon="17.111671">
    </trkpt>
    <trkpt lat="40.670137" lon="17.111683">
    </trkpt>
    <trkpt lat="40.67021" lon="17.111695">
    </trkpt>
    <trkpt lat="40.670278" lon="17.111712">
    </trkpt>
    <trkpt lat="40.670346" lon="17.111717">
    </trkpt>
    <trkpt lat="40.670419" lon="17.111732">
    </trkpt>
    <trkpt lat="40.670484" lon="17.111749">
    </trkpt>
    <trkpt lat="40.670554" lon="17.111752">
    </trkpt>
    <trkpt lat="40.670629" lon="17.111767">
    </trkpt>
    <trkpt lat="40.670697" lon="17.11178">
    </trkpt>
    <trkpt lat="40.670765" lon="17.1118">
    </trkpt>
    <trkpt lat="40.670835" lon="17.111822">
    </trkpt>
    <trkpt lat="40.670905" lon="17.11185">
    </trkpt>
    <trkpt lat="40.670968" lon="17.111882">
    </trkpt>
    <trkpt lat="40.671033" lon="17.111919">
    </trkpt>
    <trkpt lat="40.671106" lon="17.111957">
    </trkpt>
    <trkpt lat="40.671164" lon="17.111994">
    </trkpt>
    <trkpt lat="40.671227" lon="17.112029">
    </trkpt>
    <trkpt lat="40.671274" lon="17.112066">
    </trkpt>
    <trkpt lat="40.671334" lon="17.112104">
    </trkpt>
    <trkpt lat="40.671407" lon="17.112142">
    </trkpt>
    <trkpt lat="40.67147" lon="17.11217">
    </trkpt>
    <trkpt lat="40.671525" lon="17.112212">
    </trkpt>
    <trkpt lat="40.671568" lon="17.112252">
    </trkpt>
    <trkpt lat="40.67162" lon="17.11229">
    </trkpt>
    <trkpt lat="40.67168" lon="17.112333">
    </trkpt>
    <trkpt lat="40.671735" lon="17.112365">
    </trkpt>
    <trkpt lat="40.671788" lon="17.112395">
    </trkpt>
    <trkpt lat="40.671833" lon="17.112432">
    </trkpt>
    <trkpt lat="40.671881" lon="17.112465">
    </trkpt>
    <trkpt lat="40.671941" lon="17.112498">
    </trkpt>
    <trkpt lat="40.671996" lon="17.112541">
    </trkpt>
    <trkpt lat="40.672051" lon="17.112576">
    </trkpt>
    <trkpt lat="40.672114" lon="17.112609">
    </trkpt>
    <trkpt lat="40.672174" lon="17.112646">
    </trkpt>
    <trkpt lat="40.672216" lon="17.112681">
    </trkpt>
    <trkpt lat="40.672274" lon="17.112706">
    </trkpt>
    <trkpt lat="40.672342" lon="17.112753">
    </trkpt>
    <trkpt lat="40.672409" lon="17.1128">
    </trkpt>
    <trkpt lat="40.672476" lon="17.112835">
    </trkpt>
    <trkpt lat="40.672536" lon="17.112878">
    </trkpt>
    <trkpt lat="40.672598" lon="17.112916">
    </trkpt>
    <trkpt lat="40.672668" lon="17.112961">
    </trkpt>
    <trkpt lat="40.67274" lon="17.113009">
    </trkpt>
    <trkpt lat="40.672812" lon="17.113051">
    </trkpt>
    <trkpt lat="40.672874" lon="17.113071">
    </trkpt>
    <trkpt lat="40.672941" lon="17.113114">
    </trkpt>
    <trkpt lat="40.672996" lon="17.113151">
    </trkpt>
    <trkpt lat="40.673041" lon="17.113199">
    </trkpt>
    <trkpt lat="40.673094" lon="17.113217">
    </trkpt>
    <trkpt lat="40.673151" lon="17.113237">
    </trkpt>
    <trkpt lat="40.673298" lon="17.11331">
    </trkpt>
    <trkpt lat="40.673353" lon="17.113323">
    </trkpt>
    <trkpt lat="40.67341" lon="17.113341">
    </trkpt>
    <trkpt lat="40.673467" lon="17.113354">
    </trkpt>
    <trkpt lat="40.673514" lon="17.113376">
    </trkpt>
    <trkpt lat="40.673584" lon="17.113396">
    </trkpt>
    <trkpt lat="40.673637" lon="17.113409">
    </trkpt>
    <trkpt lat="40.673685" lon="17.113422">
    </trkpt>
    <trkpt lat="40.673742" lon="17.113452">
    </trkpt>
    <trkpt lat="40.673805" lon="17.113485">
    </trkpt>
    <trkpt lat="40.67386" lon="17.113493">
    </trkpt>
    <trkpt lat="40.673922" lon="17.113501">
    </trkpt>
    <trkpt lat="40.673994" lon="17.113518">
    </trkpt>
    <trkpt lat="40.674062" lon="17.113538">
    </trkpt>
    <trkpt lat="40.674134" lon="17.113565">
    </trkpt>
    <trkpt lat="40.674196" lon="17.113588">
    </trkpt>
    <trkpt lat="40.674263" lon="17.11361">
    </trkpt>
    <trkpt lat="40.674335" lon="17.11364">
    </trkpt>
    <trkpt lat="40.674415" lon="17.11367">
    </trkpt>
    <trkpt lat="40.674483" lon="17.113687">
    </trkpt>
    <trkpt lat="40.674536" lon="17.113702">
    </trkpt>
    <trkpt lat="40.674593" lon="17.113712">
    </trkpt>
    <trkpt lat="40.674655" lon="17.113737">
    </trkpt>
    <trkpt lat="40.674712" lon="17.113765">
    </trkpt>
    <trkpt lat="40.674774" lon="17.113792">
    </trkpt>
    <trkpt lat="40.674829" lon="17.113804">
    </trkpt>
    <trkpt lat="40.674881" lon="17.113819">
    </trkpt>
    <trkpt lat="40.674954" lon="17.113846">
    </trkpt>
    <trkpt lat="40.675027" lon="17.113858">
    </trkpt>
    <trkpt lat="40.675097" lon="17.113851">
    </trkpt>
    <trkpt lat="40.67518" lon="17.113834">
    </trkpt>
    <trkpt lat="40.675262" lon="17.113806">
    </trkpt>
    <trkpt lat="40.675339" lon="17.113776">
    </trkpt>
    <trkpt lat="40.675409" lon="17.113744">
    </trkpt>
    <trkpt lat="40.675471" lon="17.113722">
    </trkpt>
    <trkpt lat="40.675534" lon="17.113684">
    </trkpt>
    <trkpt lat="40.675609" lon="17.113637">
    </trkpt>
    <trkpt lat="40.675676" lon="17.113594">
    </trkpt>
    <trkpt lat="40.675744" lon="17.113569">
    </trkpt>
    <trkpt lat="40.675802" lon="17.113539">
    </trkpt>
    <trkpt lat="40.675862" lon="17.113516">
    </trkpt>
    <trkpt lat="40.675925" lon="17.113498">
    </trkpt>
    <trkpt lat="40.67598" lon="17.11349">
    </trkpt>
    <trkpt lat="40.676035" lon="17.113488">
    </trkpt>
    <trkpt lat="40.676103" lon="17.113493">
    </trkpt>
    <trkpt lat="40.676163" lon="17.1135">
    </trkpt>
    <trkpt lat="40.676225" lon="17.113493">
    </trkpt>
    <trkpt lat="40.676275" lon="17.113481">
    </trkpt>
    <trkpt lat="40.676338" lon="17.113491">
    </trkpt>
    <trkpt lat="40.676408" lon="17.113486">
    </trkpt>
    <trkpt lat="40.676481" lon="17.113489">
    </trkpt>
    <trkpt lat="40.676549" lon="17.113491">
    </trkpt>
    <trkpt lat="40.676612" lon="17.113496">
    </trkpt>
    <trkpt lat="40.676657" lon="17.113496">
    </trkpt>
    <trkpt lat="40.676732" lon="17.113509">
    </trkpt>
    <trkpt lat="40.676804" lon="17.113531">
    </trkpt>
    <trkpt lat="40.676866" lon="17.113544">
    </trkpt>
    <trkpt lat="40.676914" lon="17.113562">
    </trkpt>
    <trkpt lat="40.676969" lon="17.113579">
    </trkpt>
    <trkpt lat="40.677027" lon="17.113602">
    </trkpt>
    <trkpt lat="40.677092" lon="17.113639">
    </trkpt>
    <trkpt lat="40.677165" lon="17.113682">
    </trkpt>
    <trkpt lat="40.677232" lon="17.113735">
    </trkpt>
    <trkpt lat="40.677309" lon="17.113793">
    </trkpt>
    <trkpt lat="40.677391" lon="17.113853">
    </trkpt>
    <trkpt lat="40.677471" lon="17.113913">
    </trkpt>
    <trkpt lat="40.677513" lon="17.113955">
    </trkpt>
    <trkpt lat="40.677548" lon="17.113995">
    </trkpt>
    <trkpt lat="40.677588" lon="17.114032">
    </trkpt>
    <trkpt lat="40.677628" lon="17.114064">
    </trkpt>
    <trkpt lat="40.677666" lon="17.114099">
    </trkpt>
    <trkpt lat="40.677733" lon="17.114159">
    </trkpt>
    <trkpt lat="40.677801" lon="17.114217">
    </trkpt>
    <trkpt lat="40.677854" lon="17.11428">
    </trkpt>
    <trkpt lat="40.677922" lon="17.11434">
    </trkpt>
    <trkpt lat="40.67796" lon="17.114377">
    </trkpt>
    <trkpt lat="40.677997" lon="17.114415">
    </trkpt>
    <trkpt lat="40.678039" lon="17.11445">
    </trkpt>
    <trkpt lat="40.678107" lon="17.114502">
    </trkpt>
    <trkpt lat="40.678174" lon="17.114567">
    </trkpt>
    <trkpt lat="40.678237" lon="17.114632">
    </trkpt>
    <trkpt lat="40.678275" lon="17.114669">
    </trkpt>
    <trkpt lat="40.678348" lon="17.114732">
    </trkpt>
    <trkpt lat="40.678415" lon="17.114787">
    </trkpt>
    <trkpt lat="40.678478" lon="17.11484">
    </trkpt>
    <trkpt lat="40.678538" lon="17.114897">
    </trkpt>
    <trkpt lat="40.678588" lon="17.114947">
    </trkpt>
    <trkpt lat="40.678623" lon="17.114985">
    </trkpt>
    <trkpt lat="40.67866" lon="17.11502">
    </trkpt>
    <trkpt lat="40.678703" lon="17.115055">
    </trkpt>
    <trkpt lat="40.678741" lon="17.115088">
    </trkpt>
    <trkpt lat="40.678806" lon="17.115146">
    </trkpt>
    <trkpt lat="40.678874" lon="17.115198">
    </trkpt>
    <trkpt lat="40.678936" lon="17.115248">
    </trkpt>
    <trkpt lat="40.678991" lon="17.115311">
    </trkpt>
    <trkpt lat="40.679044" lon="17.115373">
    </trkpt>
    <trkpt lat="40.679097" lon="17.115433">
    </trkpt>
    <trkpt lat="40.679157" lon="17.115503">
    </trkpt>
    <trkpt lat="40.679207" lon="17.115573">
    </trkpt>
    <trkpt lat="40.67922" lon="17.115656">
    </trkpt>
    <trkpt lat="40.67922" lon="17.115739">
    </trkpt>
    <trkpt lat="40.67922" lon="17.115836">
    </trkpt>
    <trkpt lat="40.679223" lon="17.115946">
    </trkpt>
    <trkpt lat="40.679223" lon="17.116009">
    </trkpt>
    <trkpt lat="40.679223" lon="17.116071">
    </trkpt>
    <trkpt lat="40.679223" lon="17.116131">
    </trkpt>
    <trkpt lat="40.679225" lon="17.116241">
    </trkpt>
    <trkpt lat="40.679223" lon="17.116333">
    </trkpt>
    <trkpt lat="40.679223" lon="17.116423">
    </trkpt>
    <trkpt lat="40.679221" lon="17.116513">
    </trkpt>
    <trkpt lat="40.679213" lon="17.116598">
    </trkpt>
    <trkpt lat="40.679205" lon="17.11668">
    </trkpt>
    <trkpt lat="40.679185" lon="17.116747">
    </trkpt>
    <trkpt lat="40.67915" lon="17.116807">
    </trkpt>
    <trkpt lat="40.67913" lon="17.116869">
    </trkpt>
    <trkpt lat="40.679095" lon="17.116936">
    </trkpt>
    <trkpt lat="40.679063" lon="17.117018">
    </trkpt>
    <trkpt lat="40.679028" lon="17.117085">
    </trkpt>
    <trkpt lat="40.678985" lon="17.117148">
    </trkpt>
    <trkpt lat="40.678945" lon="17.117208">
    </trkpt>
    <trkpt lat="40.67889" lon="17.117273">
    </trkpt>
    <trkpt lat="40.67883" lon="17.117331">
    </trkpt>
    <trkpt lat="40.678775" lon="17.117384">
    </trkpt>
    <trkpt lat="40.67872" lon="17.117422">
    </trkpt>
    <trkpt lat="40.678668" lon="17.11746">
    </trkpt>
    <trkpt lat="40.678616" lon="17.1175">
    </trkpt>
    <trkpt lat="40.678561" lon="17.11754">
    </trkpt>
    <trkpt lat="40.678513" lon="17.117577">
    </trkpt>
    <trkpt lat="40.678461" lon="17.117615">
    </trkpt>
    <trkpt lat="40.678404" lon="17.11766">
    </trkpt>
    <trkpt lat="40.678351" lon="17.117705">
    </trkpt>
    <trkpt lat="40.678294" lon="17.117747">
    </trkpt>
    <trkpt lat="40.678241" lon="17.11779">
    </trkpt>
    <trkpt lat="40.678184" lon="17.117835">
    </trkpt>
    <trkpt lat="40.678132" lon="17.117878">
    </trkpt>
    <trkpt lat="40.678077" lon="17.117916">
    </trkpt>
    <trkpt lat="40.67802" lon="17.117958">
    </trkpt>
    <trkpt lat="40.677965" lon="17.117998">
    </trkpt>
    <trkpt lat="40.67791" lon="17.118035">
    </trkpt>
    <trkpt lat="40.67785" lon="17.118073">
    </trkpt>
    <trkpt lat="40.677805" lon="17.118118">
    </trkpt>
    <trkpt lat="40.677768" lon="17.11817">
    </trkpt>
    <trkpt lat="40.67774" lon="17.118235">
    </trkpt>
    <trkpt lat="40.677725" lon="17.118315">
    </trkpt>
    <trkpt lat="40.677715" lon="17.118402">
    </trkpt>
    <trkpt lat="40.67771" lon="17.11849">
    </trkpt>
    <trkpt lat="40.677715" lon="17.118583">
    </trkpt>
    <trkpt lat="40.677712" lon="17.118671">
    </trkpt>
    <trkpt lat="40.677717" lon="17.118758">
    </trkpt>
    <trkpt lat="40.677715" lon="17.118845">
    </trkpt>
    <trkpt lat="40.677713" lon="17.11894">
    </trkpt>
    <trkpt lat="40.677716" lon="17.119033">
    </trkpt>
    <trkpt lat="40.677721" lon="17.119131">
    </trkpt>
    <trkpt lat="40.677716" lon="17.119236">
    </trkpt>
    <trkpt lat="40.677719" lon="17.119339">
    </trkpt>
    <trkpt lat="40.677724" lon="17.119452">
    </trkpt>
    <trkpt lat="40.677729" lon="17.119554">
    </trkpt>
    <trkpt lat="40.677724" lon="17.119666">
    </trkpt>
    <trkpt lat="40.677721" lon="17.119779">
    </trkpt>
    <trkpt lat="40.677718" lon="17.119891">
    </trkpt>
    <trkpt lat="40.677718" lon="17.119956">
    </trkpt>
    <trkpt lat="40.677718" lon="17.120018">
    </trkpt>
    <trkpt lat="40.677718" lon="17.12008">
    </trkpt>
    <trkpt lat="40.677718" lon="17.120142">
    </trkpt>
    <trkpt lat="40.677716" lon="17.120249">
    </trkpt>
    <trkpt lat="40.677718" lon="17.120356">
    </trkpt>
    <trkpt lat="40.677716" lon="17.120461">
    </trkpt>
    <trkpt lat="40.677713" lon="17.120521">
    </trkpt>
    <trkpt lat="40.677715" lon="17.120583">
    </trkpt>
    <trkpt lat="40.677713" lon="17.120645">
    </trkpt>
    <trkpt lat="40.677716" lon="17.120705">
    </trkpt>
    <trkpt lat="40.677716" lon="17.120772">
    </trkpt>
    <trkpt lat="40.677713" lon="17.120837">
    </trkpt>
    <trkpt lat="40.677718" lon="17.120902">
    </trkpt>
    <trkpt lat="40.677721" lon="17.120962">
    </trkpt>
    <trkpt lat="40.677719" lon="17.121029">
    </trkpt>
    <trkpt lat="40.677716" lon="17.121097">
    </trkpt>
    <trkpt lat="40.677716" lon="17.121165">
    </trkpt>
    <trkpt lat="40.677711" lon="17.121228">
    </trkpt>
    <trkpt lat="40.677716" lon="17.121295">
    </trkpt>
    <trkpt lat="40.677714" lon="17.121358">
    </trkpt>
    <trkpt lat="40.677712" lon="17.121421">
    </trkpt>
    <trkpt lat="40.677709" lon="17.121481">
    </trkpt>
    <trkpt lat="40.677709" lon="17.121546">
    </trkpt>
    <trkpt lat="40.677711" lon="17.121608">
    </trkpt>
    <trkpt lat="40.677713" lon="17.121673">
    </trkpt>
    <trkpt lat="40.677713" lon="17.121741">
    </trkpt>
    <trkpt lat="40.677715" lon="17.121811">
    </trkpt>
    <trkpt lat="40.677712" lon="17.121876">
    </trkpt>
    <trkpt lat="40.67771" lon="17.121946">
    </trkpt>
    <trkpt lat="40.677705" lon="17.122018">
    </trkpt>
    <trkpt lat="40.6777" lon="17.122095">
    </trkpt>
    <trkpt lat="40.67769" lon="17.122172">
    </trkpt>
    <trkpt lat="40.677683" lon="17.122239">
    </trkpt>
    <trkpt lat="40.67768" lon="17.122309">
    </trkpt>
    <trkpt lat="40.677677" lon="17.122379">
    </trkpt>
    <trkpt lat="40.67767" lon="17.122451">
    </trkpt>
    <trkpt lat="40.677668" lon="17.122519">
    </trkpt>
    <trkpt lat="40.677666" lon="17.122589">
    </trkpt>
    <trkpt lat="40.677659" lon="17.122654">
    </trkpt>
    <trkpt lat="40.677656" lon="17.122721">
    </trkpt>
    <trkpt lat="40.677651" lon="17.122788">
    </trkpt>
    <trkpt lat="40.677644" lon="17.122853">
    </trkpt>
    <trkpt lat="40.677641" lon="17.122918">
    </trkpt>
    <trkpt lat="40.677639" lon="17.122983">
    </trkpt>
    <trkpt lat="40.677641" lon="17.123046">
    </trkpt>
    <trkpt lat="40.677636" lon="17.123111">
    </trkpt>
    <trkpt lat="40.677629" lon="17.123176">
    </trkpt>
    <trkpt lat="40.677622" lon="17.123241">
    </trkpt>
    <trkpt lat="40.677619" lon="17.123304">
    </trkpt>
    <trkpt lat="40.677619" lon="17.123369">
    </trkpt>
    <trkpt lat="40.677617" lon="17.123432">
    </trkpt>
    <trkpt lat="40.677617" lon="17.123495">
    </trkpt>
    <trkpt lat="40.677614" lon="17.123562">
    </trkpt>
    <trkpt lat="40.677609" lon="17.123629">
    </trkpt>
    <trkpt lat="40.677599" lon="17.123692">
    </trkpt>
    <trkpt lat="40.677596" lon="17.123754">
    </trkpt>
    <trkpt lat="40.677591" lon="17.123814">
    </trkpt>
    <trkpt lat="40.677591" lon="17.123877">
    </trkpt>
    <trkpt lat="40.677589" lon="17.123942">
    </trkpt>
    <trkpt lat="40.677586" lon="17.124002">
    </trkpt>
    <trkpt lat="40.677579" lon="17.124069">
    </trkpt>
    <trkpt lat="40.677574" lon="17.124134">
    </trkpt>
    <trkpt lat="40.677569" lon="17.124199">
    </trkpt>
    <trkpt lat="40.677567" lon="17.124267">
    </trkpt>
    <trkpt lat="40.677559" lon="17.124337">
    </trkpt>
    <trkpt lat="40.677552" lon="17.124405">
    </trkpt>
    <trkpt lat="40.677542" lon="17.124467">
    </trkpt>
    <trkpt lat="40.677529" lon="17.12454">
    </trkpt>
    <trkpt lat="40.677517" lon="17.124618">
    </trkpt>
    <trkpt lat="40.677507" lon="17.124696">
    </trkpt>
    <trkpt lat="40.677494" lon="17.124778">
    </trkpt>
    <trkpt lat="40.677486" lon="17.12486">
    </trkpt>
    <trkpt lat="40.677481" lon="17.124945">
    </trkpt>
    <trkpt lat="40.677478" lon="17.125033">
    </trkpt>
    <trkpt lat="40.677485" lon="17.125116">
    </trkpt>
    <trkpt lat="40.677495" lon="17.125196">
    </trkpt>
    <trkpt lat="40.677503" lon="17.125273">
    </trkpt>
    <trkpt lat="40.677513" lon="17.125346">
    </trkpt>
    <trkpt lat="40.67752" lon="17.125419">
    </trkpt>
    <trkpt lat="40.677527" lon="17.125491">
    </trkpt>
    <trkpt lat="40.677535" lon="17.125564">
    </trkpt>
    <trkpt lat="40.677545" lon="17.125629">
    </trkpt>
    <trkpt lat="40.677553" lon="17.125694">
    </trkpt>
    <trkpt lat="40.67756" lon="17.125759">
    </trkpt>
    <trkpt lat="40.677568" lon="17.125827">
    </trkpt>
    <trkpt lat="40.677576" lon="17.12589">
    </trkpt>
    <trkpt lat="40.677579" lon="17.125952">
    </trkpt>
    <trkpt lat="40.677582" lon="17.126015">
    </trkpt>
    <trkpt lat="40.677589" lon="17.12608">
    </trkpt>
    <trkpt lat="40.677594" lon="17.126145">
    </trkpt>
    <trkpt lat="40.677592" lon="17.126205">
    </trkpt>
    <trkpt lat="40.677565" lon="17.126322">
    </trkpt>
    <trkpt lat="40.677545" lon="17.126377">
    </trkpt>
    <trkpt lat="40.67752" lon="17.126427">
    </trkpt>
    <trkpt lat="40.677492" lon="17.12648">
    </trkpt>
    <trkpt lat="40.67746" lon="17.126532">
    </trkpt>
    <trkpt lat="40.677432" lon="17.126582">
    </trkpt>
    <trkpt lat="40.677405" lon="17.12663">
    </trkpt>
    <trkpt lat="40.677382" lon="17.126682">
    </trkpt>
    <trkpt lat="40.677334" lon="17.126779">
    </trkpt>
    <trkpt lat="40.677311" lon="17.126831">
    </trkpt>
    <trkpt lat="40.677283" lon="17.126883">
    </trkpt>
    <trkpt lat="40.677255" lon="17.126935">
    </trkpt>
    <trkpt lat="40.677223" lon="17.126982">
    </trkpt>
    <trkpt lat="40.677193" lon="17.12703">
    </trkpt>
    <trkpt lat="40.67717" lon="17.127082">
    </trkpt>
    <trkpt lat="40.677125" lon="17.127185">
    </trkpt>
    <trkpt lat="40.677073" lon="17.127283">
    </trkpt>
    <trkpt lat="40.677043" lon="17.12733">
    </trkpt>
    <trkpt lat="40.677016" lon="17.127378">
    </trkpt>
    <trkpt lat="40.676963" lon="17.12747">
    </trkpt>
    <trkpt lat="40.676906" lon="17.127543">
    </trkpt>
    <trkpt lat="40.676858" lon="17.127623">
    </trkpt>
    <trkpt lat="40.676805" lon="17.12769">
    </trkpt>
    <trkpt lat="40.676748" lon="17.127762">
    </trkpt>
    <trkpt lat="40.6767" lon="17.12784">
    </trkpt>
    <trkpt lat="40.67666" lon="17.127928">
    </trkpt>
    <trkpt lat="40.676637" lon="17.128018">
    </trkpt>
    <trkpt lat="40.676612" lon="17.128113">
    </trkpt>
    <trkpt lat="40.676595" lon="17.12822">
    </trkpt>
    <trkpt lat="40.676598" lon="17.128323">
    </trkpt>
    <trkpt lat="40.67662" lon="17.12843">
    </trkpt>
    <trkpt lat="40.676658" lon="17.128528">
    </trkpt>
    <trkpt lat="40.676706" lon="17.128608">
    </trkpt>
    <trkpt lat="40.676764" lon="17.128681">
    </trkpt>
    <trkpt lat="40.676797" lon="17.128728">
    </trkpt>
    <trkpt lat="40.676857" lon="17.128815">
    </trkpt>
    <trkpt lat="40.676884" lon="17.128867">
    </trkpt>
    <trkpt lat="40.676902" lon="17.128932">
    </trkpt>
    <trkpt lat="40.676905" lon="17.128997">
    </trkpt>
    <trkpt lat="40.676903" lon="17.129062">
    </trkpt>
    <trkpt lat="40.676901" lon="17.129122">
    </trkpt>
    <trkpt lat="40.676893" lon="17.129184">
    </trkpt>
    <trkpt lat="40.676881" lon="17.129247">
    </trkpt>
    <trkpt lat="40.676873" lon="17.129305">
    </trkpt>
    <trkpt lat="40.676856" lon="17.129423">
    </trkpt>
    <trkpt lat="40.676844" lon="17.129481">
    </trkpt>
    <trkpt lat="40.676837" lon="17.129544">
    </trkpt>
    <trkpt lat="40.676829" lon="17.129606">
    </trkpt>
    <trkpt lat="40.676819" lon="17.129669">
    </trkpt>
    <trkpt lat="40.676811" lon="17.129734">
    </trkpt>
    <trkpt lat="40.676811" lon="17.129794">
    </trkpt>
    <trkpt lat="40.676821" lon="17.129857">
    </trkpt>
    <trkpt lat="40.676834" lon="17.129919">
    </trkpt>
    <trkpt lat="40.676857" lon="17.129979">
    </trkpt>
    <trkpt lat="40.676885" lon="17.130036">
    </trkpt>
    <trkpt lat="40.676912" lon="17.130089">
    </trkpt>
    <trkpt lat="40.676939" lon="17.130142">
    </trkpt>
    <trkpt lat="40.676974" lon="17.130195">
    </trkpt>
    <trkpt lat="40.677007" lon="17.13025">
    </trkpt>
    <trkpt lat="40.67704" lon="17.1303">
    </trkpt>
    <trkpt lat="40.677078" lon="17.130352">
    </trkpt>
    <trkpt lat="40.677115" lon="17.1304">
    </trkpt>
    <trkpt lat="40.677148" lon="17.130448">
    </trkpt>
    <trkpt lat="40.677183" lon="17.1305">
    </trkpt>
    <trkpt lat="40.677216" lon="17.130552">
    </trkpt>
    <trkpt lat="40.677248" lon="17.130604">
    </trkpt>
    <trkpt lat="40.677276" lon="17.130661">
    </trkpt>
    <trkpt lat="40.677303" lon="17.130719">
    </trkpt>
    <trkpt lat="40.677328" lon="17.130782">
    </trkpt>
    <trkpt lat="40.677341" lon="17.13085">
    </trkpt>
    <trkpt lat="40.677351" lon="17.130922">
    </trkpt>
    <trkpt lat="40.677356" lon="17.130995">
    </trkpt>
    <trkpt lat="40.677358" lon="17.131062">
    </trkpt>
    <trkpt lat="40.677355" lon="17.131137">
    </trkpt>
    <trkpt lat="40.677353" lon="17.131209">
    </trkpt>
    <trkpt lat="40.677351" lon="17.131276">
    </trkpt>
    <trkpt lat="40.677351" lon="17.131348">
    </trkpt>
    <trkpt lat="40.677348" lon="17.131411">
    </trkpt>
    <trkpt lat="40.677348" lon="17.131479">
    </trkpt>
    <trkpt lat="40.677345" lon="17.131546">
    </trkpt>
    <trkpt lat="40.67734" lon="17.131608">
    </trkpt>
    <trkpt lat="40.677342" lon="17.131675">
    </trkpt>
    <trkpt lat="40.67734" lon="17.131745">
    </trkpt>
    <trkpt lat="40.677343" lon="17.13181">
    </trkpt>
    <trkpt lat="40.677353" lon="17.131875">
    </trkpt>
    <trkpt lat="40.677361" lon="17.131943">
    </trkpt>
    <trkpt lat="40.677376" lon="17.132013">
    </trkpt>
    <trkpt lat="40.677391" lon="17.132088">
    </trkpt>
    <trkpt lat="40.677403" lon="17.132158">
    </trkpt>
    <trkpt lat="40.677423" lon="17.132236">
    </trkpt>
    <trkpt lat="40.67744" lon="17.132314">
    </trkpt>
    <trkpt lat="40.677453" lon="17.132394">
    </trkpt>
    <trkpt lat="40.67747" lon="17.132476">
    </trkpt>
    <trkpt lat="40.677487" lon="17.132554">
    </trkpt>
    <trkpt lat="40.677509" lon="17.132629">
    </trkpt>
    <trkpt lat="40.677537" lon="17.132697">
    </trkpt>
    <trkpt lat="40.67757" lon="17.132764">
    </trkpt>
    <trkpt lat="40.677603" lon="17.132829">
    </trkpt>
    <trkpt lat="40.677641" lon="17.132894">
    </trkpt>
    <trkpt lat="40.677681" lon="17.132969">
    </trkpt>
    <trkpt lat="40.677723" lon="17.133046">
    </trkpt>
    <trkpt lat="40.677768" lon="17.133116">
    </trkpt>
    <trkpt lat="40.677808" lon="17.133194">
    </trkpt>
    <trkpt lat="40.677846" lon="17.133271">
    </trkpt>
    <trkpt lat="40.677886" lon="17.133341">
    </trkpt>
    <trkpt lat="40.677924" lon="17.133414">
    </trkpt>
    <trkpt lat="40.677964" lon="17.133492">
    </trkpt>
    <trkpt lat="40.677999" lon="17.133564">
    </trkpt>
    <trkpt lat="40.678039" lon="17.133637">
    </trkpt>
    <trkpt lat="40.678072" lon="17.133707">
    </trkpt>
    <trkpt lat="40.67811" lon="17.13377">
    </trkpt>
    <trkpt lat="40.678147" lon="17.13384">
    </trkpt>
    <trkpt lat="40.67818" lon="17.133905">
    </trkpt>
    <trkpt lat="40.678217" lon="17.133972">
    </trkpt>
    <trkpt lat="40.67825" lon="17.134039">
    </trkpt>
    <trkpt lat="40.678282" lon="17.134102">
    </trkpt>
    <trkpt lat="40.678315" lon="17.134164">
    </trkpt>
    <trkpt lat="40.67835" lon="17.134224">
    </trkpt>
    <trkpt lat="40.678387" lon="17.134289">
    </trkpt>
    <trkpt lat="40.678419" lon="17.134351">
    </trkpt>
    <trkpt lat="40.678452" lon="17.134414">
    </trkpt>
    <trkpt lat="40.67849" lon="17.134476">
    </trkpt>
    <trkpt lat="40.678523" lon="17.134541">
    </trkpt>
    <trkpt lat="40.678563" lon="17.134599">
    </trkpt>
    <trkpt lat="40.678601" lon="17.134654">
    </trkpt>
    <trkpt lat="40.678633" lon="17.134711">
    </trkpt>
    <trkpt lat="40.67867" lon="17.134763">
    </trkpt>
    <trkpt lat="40.678708" lon="17.134816">
    </trkpt>
    <trkpt lat="40.678746" lon="17.134866">
    </trkpt>
    <trkpt lat="40.678784" lon="17.134919">
    </trkpt>
    <trkpt lat="40.678821" lon="17.134967">
    </trkpt>
    <trkpt lat="40.678859" lon="17.135017">
    </trkpt>
    <trkpt lat="40.678892" lon="17.13507">
    </trkpt>
    <trkpt lat="40.678927" lon="17.135122">
    </trkpt>
    <trkpt lat="40.678967" lon="17.13517">
    </trkpt>
    <trkpt lat="40.679007" lon="17.135223">
    </trkpt>
    <trkpt lat="40.679049" lon="17.135275">
    </trkpt>
    <trkpt lat="40.679092" lon="17.13533">
    </trkpt>
    <trkpt lat="40.679134" lon="17.135378">
    </trkpt>
    <trkpt lat="40.679179" lon="17.135425">
    </trkpt>
    <trkpt lat="40.679224" lon="17.135478">
    </trkpt>
    <trkpt lat="40.679271" lon="17.135528">
    </trkpt>
    <trkpt lat="40.679316" lon="17.135578">
    </trkpt>
    <trkpt lat="40.679359" lon="17.135628">
    </trkpt>
    <trkpt lat="40.679402" lon="17.135678">
    </trkpt>
    <trkpt lat="40.679449" lon="17.13573">
    </trkpt>
    <trkpt lat="40.679492" lon="17.135783">
    </trkpt>
    <trkpt lat="40.67953" lon="17.135845">
    </trkpt>
    <trkpt lat="40.679567" lon="17.13591">
    </trkpt>
    <trkpt lat="40.679599" lon="17.135977">
    </trkpt>
    <trkpt lat="40.679631" lon="17.136042">
    </trkpt>
    <trkpt lat="40.679664" lon="17.136107">
    </trkpt>
    <trkpt lat="40.679691" lon="17.13617">
    </trkpt>
    <trkpt lat="40.679713" lon="17.13623">
    </trkpt>
    <trkpt lat="40.679736" lon="17.136298">
    </trkpt>
    <trkpt lat="40.679759" lon="17.136361">
    </trkpt>
    <trkpt lat="40.679777" lon="17.136429">
    </trkpt>
    <trkpt lat="40.6798" lon="17.136497">
    </trkpt>
    <trkpt lat="40.679818" lon="17.136564">
    </trkpt>
    <trkpt lat="40.679835" lon="17.136632">
    </trkpt>
    <trkpt lat="40.679852" lon="17.136694">
    </trkpt>
    <trkpt lat="40.679874" lon="17.136759">
    </trkpt>
    <trkpt lat="40.679887" lon="17.136822">
    </trkpt>
    <trkpt lat="40.6799" lon="17.136885">
    </trkpt>
    <trkpt lat="40.679918" lon="17.136945">
    </trkpt>
    <trkpt lat="40.67994" lon="17.137008">
    </trkpt>
    <trkpt lat="40.679958" lon="17.137068">
    </trkpt>
    <trkpt lat="40.67998" lon="17.137126">
    </trkpt>
    <trkpt lat="40.680002" lon="17.137184">
    </trkpt>
    <trkpt lat="40.680025" lon="17.137236">
    </trkpt>
    <trkpt lat="40.680058" lon="17.137338">
    </trkpt>
    <trkpt lat="40.680088" lon="17.137446">
    </trkpt>
    <trkpt lat="40.680103" lon="17.137509">
    </trkpt>
    <trkpt lat="40.680116" lon="17.137566">
    </trkpt>
    <trkpt lat="40.680146" lon="17.137674">
    </trkpt>
    <trkpt lat="40.680174" lon="17.137776">
    </trkpt>
    <trkpt lat="40.680199" lon="17.137883">
    </trkpt>
    <trkpt lat="40.680229" lon="17.137983">
    </trkpt>
    <trkpt lat="40.680259" lon="17.13809">
    </trkpt>
    <trkpt lat="40.680276" lon="17.138147">
    </trkpt>
    <trkpt lat="40.680311" lon="17.138255">
    </trkpt>
    <trkpt lat="40.680343" lon="17.138368">
    </trkpt>
    <trkpt lat="40.680361" lon="17.138425">
    </trkpt>
    <trkpt lat="40.680379" lon="17.138483">
    </trkpt>
    <trkpt lat="40.680411" lon="17.138595">
    </trkpt>
    <trkpt lat="40.680438" lon="17.138707">
    </trkpt>
    <trkpt lat="40.68045" lon="17.138767">
    </trkpt>
    <trkpt lat="40.680463" lon="17.138825">
    </trkpt>
    <trkpt lat="40.680476" lon="17.138887">
    </trkpt>
    <trkpt lat="40.680491" lon="17.13895">
    </trkpt>
    <trkpt lat="40.680509" lon="17.13901">
    </trkpt>
    <trkpt lat="40.680526" lon="17.139073">
    </trkpt>
    <trkpt lat="40.680539" lon="17.13914">
    </trkpt>
    <trkpt lat="40.680552" lon="17.139205">
    </trkpt>
    <trkpt lat="40.680565" lon="17.139267">
    </trkpt>
    <trkpt lat="40.68058" lon="17.13933">
    </trkpt>
    <trkpt lat="40.680597" lon="17.139398">
    </trkpt>
    <trkpt lat="40.680612" lon="17.139465">
    </trkpt>
    <trkpt lat="40.680624" lon="17.139528">
    </trkpt>
    <trkpt lat="40.680632" lon="17.139591">
    </trkpt>
    <trkpt lat="40.680642" lon="17.139661">
    </trkpt>
    <trkpt lat="40.680649" lon="17.139729">
    </trkpt>
    <trkpt lat="40.680657" lon="17.139794">
    </trkpt>
    <trkpt lat="40.680667" lon="17.139857">
    </trkpt>
    <trkpt lat="40.680679" lon="17.139917">
    </trkpt>
    <trkpt lat="40.680681" lon="17.140032">
    </trkpt>
    <trkpt lat="40.680691" lon="17.140147">
    </trkpt>
    <trkpt lat="40.680704" lon="17.140252">
    </trkpt>
    <trkpt lat="40.680711" lon="17.140359">
    </trkpt>
    <trkpt lat="40.680716" lon="17.140457">
    </trkpt>
    <trkpt lat="40.680723" lon="17.14057">
    </trkpt>
    <trkpt lat="40.68073" lon="17.140687">
    </trkpt>
    <trkpt lat="40.680733" lon="17.140747">
    </trkpt>
    <trkpt lat="40.680736" lon="17.140865">
    </trkpt>
    <trkpt lat="40.680744" lon="17.140983">
    </trkpt>
    <trkpt lat="40.680747" lon="17.141103">
    </trkpt>
    <trkpt lat="40.680742" lon="17.141163">
    </trkpt>
    <trkpt lat="40.680742" lon="17.14123">
    </trkpt>
    <trkpt lat="40.680745" lon="17.1413">
    </trkpt>
    <trkpt lat="40.68075" lon="17.14137">
    </trkpt>
    <trkpt lat="40.680758" lon="17.14144">
    </trkpt>
    <trkpt lat="40.680761" lon="17.141512">
    </trkpt>
    <trkpt lat="40.680766" lon="17.141582">
    </trkpt>
    <trkpt lat="40.680769" lon="17.141657">
    </trkpt>
    <trkpt lat="40.680776" lon="17.141727">
    </trkpt>
    <trkpt lat="40.680784" lon="17.141797">
    </trkpt>
    <trkpt lat="40.680791" lon="17.141862">
    </trkpt>
    <trkpt lat="40.680801" lon="17.141934">
    </trkpt>
    <trkpt lat="40.680811" lon="17.141999">
    </trkpt>
    <trkpt lat="40.680821" lon="17.142066">
    </trkpt>
    <trkpt lat="40.680833" lon="17.142131">
    </trkpt>
    <trkpt lat="40.680846" lon="17.142199">
    </trkpt>
    <trkpt lat="40.680859" lon="17.142267">
    </trkpt>
    <trkpt lat="40.680872" lon="17.14233">
    </trkpt>
    <trkpt lat="40.68089" lon="17.142393">
    </trkpt>
    <trkpt lat="40.680907" lon="17.142463">
    </trkpt>
    <trkpt lat="40.680927" lon="17.142528">
    </trkpt>
    <trkpt lat="40.680947" lon="17.1426">
    </trkpt>
    <trkpt lat="40.680967" lon="17.142675">
    </trkpt>
    <trkpt lat="40.680984" lon="17.142747">
    </trkpt>
    <trkpt lat="40.680997" lon="17.142817">
    </trkpt>
    <trkpt lat="40.681012" lon="17.14289">
    </trkpt>
    <trkpt lat="40.681034" lon="17.142965">
    </trkpt>
    <trkpt lat="40.681051" lon="17.143042">
    </trkpt>
    <trkpt lat="40.681066" lon="17.14312">
    </trkpt>
    <trkpt lat="40.681084" lon="17.1432">
    </trkpt>
    <trkpt lat="40.681107" lon="17.143283">
    </trkpt>
    <trkpt lat="40.681125" lon="17.143366">
    </trkpt>
    <trkpt lat="40.681143" lon="17.143453">
    </trkpt>
    <trkpt lat="40.681163" lon="17.143536">
    </trkpt>
    <trkpt lat="40.681183" lon="17.143619">
    </trkpt>
    <trkpt lat="40.681206" lon="17.143699">
    </trkpt>
    <trkpt lat="40.681224" lon="17.143776">
    </trkpt>
    <trkpt lat="40.681242" lon="17.143858">
    </trkpt>
    <trkpt lat="40.681257" lon="17.143935">
    </trkpt>
    <trkpt lat="40.681275" lon="17.144015">
    </trkpt>
    <trkpt lat="40.681297" lon="17.144088">
    </trkpt>
    <trkpt lat="40.681314" lon="17.144163">
    </trkpt>
    <trkpt lat="40.681332" lon="17.144236">
    </trkpt>
    <trkpt lat="40.681354" lon="17.144306">
    </trkpt>
    <trkpt lat="40.681369" lon="17.144378">
    </trkpt>
    <trkpt lat="40.681382" lon="17.144448">
    </trkpt>
    <trkpt lat="40.681399" lon="17.14453">
    </trkpt>
    <trkpt lat="40.681419" lon="17.144608">
    </trkpt>
    <trkpt lat="40.681437" lon="17.144686">
    </trkpt>
    <trkpt lat="40.681454" lon="17.144761">
    </trkpt>
    <trkpt lat="40.681472" lon="17.144838">
    </trkpt>
    <trkpt lat="40.681489" lon="17.144918">
    </trkpt>
    <trkpt lat="40.681504" lon="17.144996">
    </trkpt>
    <trkpt lat="40.681522" lon="17.145076">
    </trkpt>
    <trkpt lat="40.681542" lon="17.145151">
    </trkpt>
    <trkpt lat="40.681562" lon="17.145226">
    </trkpt>
    <trkpt lat="40.681577" lon="17.145306">
    </trkpt>
    <trkpt lat="40.681589" lon="17.145384">
    </trkpt>
    <trkpt lat="40.681602" lon="17.145459">
    </trkpt>
    <trkpt lat="40.68161" lon="17.145532">
    </trkpt>
    <trkpt lat="40.681618" lon="17.1456">
    </trkpt>
    <trkpt lat="40.681613" lon="17.14566">
    </trkpt>
    <trkpt lat="40.681616" lon="17.145733">
    </trkpt>
    <trkpt lat="40.681614" lon="17.145821">
    </trkpt>
    <trkpt lat="40.681614" lon="17.145901">
    </trkpt>
    <trkpt lat="40.681617" lon="17.145979">
    </trkpt>
    <trkpt lat="40.681615" lon="17.146054">
    </trkpt>
    <trkpt lat="40.681617" lon="17.146126">
    </trkpt>
    <trkpt lat="40.681619" lon="17.146193">
    </trkpt>
    <trkpt lat="40.681621" lon="17.146255">
    </trkpt>
    <trkpt lat="40.681623" lon="17.146322">
    </trkpt>
    <trkpt lat="40.681633" lon="17.146387">
    </trkpt>
    <trkpt lat="40.68164" lon="17.14646">
    </trkpt>
    <trkpt lat="40.681645" lon="17.146537">
    </trkpt>
    <trkpt lat="40.681653" lon="17.146609">
    </trkpt>
    <trkpt lat="40.681655" lon="17.146681">
    </trkpt>
    <trkpt lat="40.681658" lon="17.146741">
    </trkpt>
    <trkpt lat="40.681666" lon="17.146806">
    </trkpt>
    <trkpt lat="40.681676" lon="17.146868">
    </trkpt>
    <trkpt lat="40.681683" lon="17.146936">
    </trkpt>
    <trkpt lat="40.681685" lon="17.147004">
    </trkpt>
    <trkpt lat="40.681693" lon="17.147074">
    </trkpt>
    <trkpt lat="40.681701" lon="17.147141">
    </trkpt>
    <trkpt lat="40.681709" lon="17.147206">
    </trkpt>
    <trkpt lat="40.681712" lon="17.147269">
    </trkpt>
    <trkpt lat="40.681722" lon="17.147332">
    </trkpt>
    <trkpt lat="40.681725" lon="17.147394">
    </trkpt>
    <trkpt lat="40.681732" lon="17.147456">
    </trkpt>
    <trkpt lat="40.68174" lon="17.147518">
    </trkpt>
    <trkpt lat="40.681745" lon="17.147581">
    </trkpt>
    <trkpt lat="40.681743" lon="17.147651">
    </trkpt>
    <trkpt lat="40.68175" lon="17.147716">
    </trkpt>
    <trkpt lat="40.681762" lon="17.147781">
    </trkpt>
    <trkpt lat="40.68177" lon="17.147849">
    </trkpt>
    <trkpt lat="40.681773" lon="17.147912">
    </trkpt>
    <trkpt lat="40.681786" lon="17.148034">
    </trkpt>
    <trkpt lat="40.681784" lon="17.148099">
    </trkpt>
    <trkpt lat="40.681791" lon="17.148161">
    </trkpt>
    <trkpt lat="40.681798" lon="17.148224">
    </trkpt>
    <trkpt lat="40.681808" lon="17.148282">
    </trkpt>
    <trkpt lat="40.681813" lon="17.148347">
    </trkpt>
    <trkpt lat="40.68182" lon="17.14841">
    </trkpt>
    <trkpt lat="40.681823" lon="17.148475">
    </trkpt>
    <trkpt lat="40.681828" lon="17.14854">
    </trkpt>
    <trkpt lat="40.681836" lon="17.148602">
    </trkpt>
    <trkpt lat="40.681843" lon="17.148662">
    </trkpt>
    <trkpt lat="40.68185" lon="17.148729">
    </trkpt>
    <trkpt lat="40.681858" lon="17.148791">
    </trkpt>
    <trkpt lat="40.681868" lon="17.148853">
    </trkpt>
    <trkpt lat="40.681878" lon="17.148915">
    </trkpt>
    <trkpt lat="40.681888" lon="17.148978">
    </trkpt>
    <trkpt lat="40.681895" lon="17.149048">
    </trkpt>
    <trkpt lat="40.681907" lon="17.149116">
    </trkpt>
    <trkpt lat="40.681912" lon="17.149188">
    </trkpt>
    <trkpt lat="40.68192" lon="17.149258">
    </trkpt>
    <trkpt lat="40.681928" lon="17.149326">
    </trkpt>
    <trkpt lat="40.681938" lon="17.149394">
    </trkpt>
    <trkpt lat="40.681953" lon="17.149457">
    </trkpt>
    <trkpt lat="40.681965" lon="17.149527">
    </trkpt>
    <trkpt lat="40.681975" lon="17.149597">
    </trkpt>
    <trkpt lat="40.681987" lon="17.149669">
    </trkpt>
    <trkpt lat="40.681994" lon="17.149741">
    </trkpt>
    <trkpt lat="40.682007" lon="17.149816">
    </trkpt>
    <trkpt lat="40.682017" lon="17.149898">
    </trkpt>
    <trkpt lat="40.682027" lon="17.14998">
    </trkpt>
    <trkpt lat="40.68204" lon="17.150075">
    </trkpt>
    <trkpt lat="40.682048" lon="17.150163">
    </trkpt>
    <trkpt lat="40.682053" lon="17.150253">
    </trkpt>
    <trkpt lat="40.682056" lon="17.15034">
    </trkpt>
    <trkpt lat="40.682059" lon="17.15042">
    </trkpt>
    <trkpt lat="40.682061" lon="17.150502">
    </trkpt>
    <trkpt lat="40.682064" lon="17.150585">
    </trkpt>
    <trkpt lat="40.682072" lon="17.150668">
    </trkpt>
    <trkpt lat="40.682074" lon="17.15075">
    </trkpt>
    <trkpt lat="40.682077" lon="17.150833">
    </trkpt>
    <trkpt lat="40.682082" lon="17.150918">
    </trkpt>
    <trkpt lat="40.682092" lon="17.150998">
    </trkpt>
    <trkpt lat="40.682099" lon="17.151073">
    </trkpt>
    <trkpt lat="40.682102" lon="17.151151">
    </trkpt>
    <trkpt lat="40.682105" lon="17.151228">
    </trkpt>
    <trkpt lat="40.682105" lon="17.1513">
    </trkpt>
    <trkpt lat="40.682113" lon="17.151368">
    </trkpt>
    <trkpt lat="40.682123" lon="17.15144">
    </trkpt>
    <trkpt lat="40.682145" lon="17.151503">
    </trkpt>
    <trkpt lat="40.682168" lon="17.151573">
    </trkpt>
    <trkpt lat="40.682193" lon="17.151635">
    </trkpt>
    <trkpt lat="40.68222" lon="17.151703">
    </trkpt>
    <trkpt lat="40.682247" lon="17.151766">
    </trkpt>
    <trkpt lat="40.682272" lon="17.151823">
    </trkpt>
    <trkpt lat="40.682299" lon="17.15188">
    </trkpt>
    <trkpt lat="40.682327" lon="17.151938">
    </trkpt>
    <trkpt lat="40.68236" lon="17.151998">
    </trkpt>
    <trkpt lat="40.682387" lon="17.15206">
    </trkpt>
    <trkpt lat="40.682412" lon="17.152122">
    </trkpt>
    <trkpt lat="40.682442" lon="17.152189">
    </trkpt>
    <trkpt lat="40.68248" lon="17.152249">
    </trkpt>
    <trkpt lat="40.682507" lon="17.152314">
    </trkpt>
    <trkpt lat="40.682535" lon="17.152386">
    </trkpt>
    <trkpt lat="40.682562" lon="17.152451">
    </trkpt>
    <trkpt lat="40.682587" lon="17.152519">
    </trkpt>
    <trkpt lat="40.682612" lon="17.152584">
    </trkpt>
    <trkpt lat="40.682635" lon="17.152652">
    </trkpt>
    <trkpt lat="40.682662" lon="17.152717">
    </trkpt>
    <trkpt lat="40.68269" lon="17.152789">
    </trkpt>
    <trkpt lat="40.68272" lon="17.152856">
    </trkpt>
    <trkpt lat="40.682743" lon="17.152914">
    </trkpt>
    <trkpt lat="40.682766" lon="17.152974">
    </trkpt>
    <trkpt lat="40.682794" lon="17.153037">
    </trkpt>
    <trkpt lat="40.682821" lon="17.153104">
    </trkpt>
    <trkpt lat="40.682846" lon="17.153166">
    </trkpt>
    <trkpt lat="40.682879" lon="17.153236">
    </trkpt>
    <trkpt lat="40.682902" lon="17.153306">
    </trkpt>
    <trkpt lat="40.682919" lon="17.153376">
    </trkpt>
    <trkpt lat="40.682932" lon="17.153448">
    </trkpt>
    <trkpt lat="40.682944" lon="17.153511">
    </trkpt>
    <trkpt lat="40.682954" lon="17.153579">
    </trkpt>
    <trkpt lat="40.682967" lon="17.153641">
    </trkpt>
    <trkpt lat="40.682979" lon="17.153709">
    </trkpt>
    <trkpt lat="40.682991" lon="17.153772">
    </trkpt>
    <trkpt lat="40.682999" lon="17.153834">
    </trkpt>
    <trkpt lat="40.683009" lon="17.153894">
    </trkpt>
    <trkpt lat="40.683019" lon="17.153957">
    </trkpt>
    <trkpt lat="40.683041" lon="17.154067">
    </trkpt>
    <trkpt lat="40.683066" lon="17.154167">
    </trkpt>
    <trkpt lat="40.683088" lon="17.154254">
    </trkpt>
    <trkpt lat="40.683115" lon="17.154332">
    </trkpt>
    <trkpt lat="40.683145" lon="17.154412">
    </trkpt>
    <trkpt lat="40.68317" lon="17.154479">
    </trkpt>
    <trkpt lat="40.683162" lon="17.154579">
    </trkpt>
    <trkpt lat="40.683124" lon="17.154629">
    </trkpt>
    <trkpt lat="40.683081" lon="17.154672">
    </trkpt>
    <trkpt lat="40.683034" lon="17.154722">
    </trkpt>
    <trkpt lat="40.682971" lon="17.154769">
    </trkpt>
    <trkpt lat="40.682913" lon="17.154819">
    </trkpt>
    <trkpt lat="40.68286" lon="17.154876">
    </trkpt>
    <trkpt lat="40.682803" lon="17.154936">
    </trkpt>
    <trkpt lat="40.68274" lon="17.154986">
    </trkpt>
    <trkpt lat="40.682672" lon="17.155041">
    </trkpt>
    <trkpt lat="40.682604" lon="17.155086">
    </trkpt>
    <trkpt lat="40.682539" lon="17.155134">
    </trkpt>
    <trkpt lat="40.682482" lon="17.155186">
    </trkpt>
    <trkpt lat="40.682419" lon="17.155243">
    </trkpt>
    <trkpt lat="40.682352" lon="17.155293">
    </trkpt>
    <trkpt lat="40.68228" lon="17.155346">
    </trkpt>
    <trkpt lat="40.68221" lon="17.155389">
    </trkpt>
    <trkpt lat="40.682147" lon="17.155442">
    </trkpt>
    <trkpt lat="40.68208" lon="17.155495">
    </trkpt>
    <trkpt lat="40.682003" lon="17.155538">
    </trkpt>
    <trkpt lat="40.681936" lon="17.155601">
    </trkpt>
    <trkpt lat="40.681871" lon="17.155658">
    </trkpt>
    <trkpt lat="40.681804" lon="17.155716">
    </trkpt>
    <trkpt lat="40.681741" lon="17.155769">
    </trkpt>
    <trkpt lat="40.681681" lon="17.155829">
    </trkpt>
    <trkpt lat="40.681623" lon="17.155884">
    </trkpt>
    <trkpt lat="40.681561" lon="17.155922">
    </trkpt>
    <trkpt lat="40.681491" lon="17.155979">
    </trkpt>
    <trkpt lat="40.681411" lon="17.156026">
    </trkpt>
    <trkpt lat="40.681349" lon="17.156079">
    </trkpt>
    <trkpt lat="40.681281" lon="17.156129">
    </trkpt>
    <trkpt lat="40.681208" lon="17.156171">
    </trkpt>
    <trkpt lat="40.681136" lon="17.156214">
    </trkpt>
    <trkpt lat="40.681061" lon="17.156249">
    </trkpt>
    <trkpt lat="40.680994" lon="17.156284">
    </trkpt>
    <trkpt lat="40.680922" lon="17.156312">
    </trkpt>
    <trkpt lat="40.680854" lon="17.156344">
    </trkpt>
    <trkpt lat="40.680791" lon="17.156367">
    </trkpt>
    <trkpt lat="40.680733" lon="17.156394">
    </trkpt>
    <trkpt lat="40.680663" lon="17.156419">
    </trkpt>
    <trkpt lat="40.680591" lon="17.156449">
    </trkpt>
    <trkpt lat="40.680514" lon="17.156477">
    </trkpt>
    <trkpt lat="40.680441" lon="17.156499">
    </trkpt>
    <trkpt lat="40.680359" lon="17.156531">
    </trkpt>
    <trkpt lat="40.680281" lon="17.156568">
    </trkpt>
    <trkpt lat="40.680234" lon="17.156578">
    </trkpt>
    <trkpt lat="40.680186" lon="17.156593">
    </trkpt>
    <trkpt lat="40.680141" lon="17.156608">
    </trkpt>
    <trkpt lat="40.680093" lon="17.15662">
    </trkpt>
    <trkpt lat="40.680045" lon="17.156638">
    </trkpt>
    <trkpt lat="40.679958" lon="17.156653">
    </trkpt>
    <trkpt lat="40.679875" lon="17.156678">
    </trkpt>
    <trkpt lat="40.679785" lon="17.156708">
    </trkpt>
    <trkpt lat="40.67973" lon="17.156718">
    </trkpt>
    <trkpt lat="40.679678" lon="17.156731">
    </trkpt>
    <trkpt lat="40.67963" lon="17.156743">
    </trkpt>
    <trkpt lat="40.679578" lon="17.156763">
    </trkpt>
    <trkpt lat="40.679526" lon="17.156788">
    </trkpt>
    <trkpt lat="40.679469" lon="17.156808">
    </trkpt>
    <trkpt lat="40.679414" lon="17.156831">
    </trkpt>
    <trkpt lat="40.679357" lon="17.156843">
    </trkpt>
    <trkpt lat="40.679302" lon="17.156863">
    </trkpt>
    <trkpt lat="40.67924" lon="17.156883">
    </trkpt>
    <trkpt lat="40.679178" lon="17.156905">
    </trkpt>
    <trkpt lat="40.67912" lon="17.15693">
    </trkpt>
    <trkpt lat="40.679062" lon="17.156955">
    </trkpt>
    <trkpt lat="40.679005" lon="17.156975">
    </trkpt>
    <trkpt lat="40.678943" lon="17.157002">
    </trkpt>
    <trkpt lat="40.678881" lon="17.157029">
    </trkpt>
    <trkpt lat="40.678813" lon="17.157059">
    </trkpt>
    <trkpt lat="40.678745" lon="17.157089">
    </trkpt>
    <trkpt lat="40.678675" lon="17.157119">
    </trkpt>
    <trkpt lat="40.678603" lon="17.157142">
    </trkpt>
    <trkpt lat="40.678535" lon="17.157177">
    </trkpt>
    <trkpt lat="40.67847" lon="17.157207">
    </trkpt>
    <trkpt lat="40.678403" lon="17.157235">
    </trkpt>
    <trkpt lat="40.67834" lon="17.15726">
    </trkpt>
    <trkpt lat="40.678272" lon="17.157287">
    </trkpt>
    <trkpt lat="40.678214" lon="17.157307">
    </trkpt>
    <trkpt lat="40.678159" lon="17.157325">
    </trkpt>
    <trkpt lat="40.678097" lon="17.157337">
    </trkpt>
    <trkpt lat="40.678045" lon="17.157344">
    </trkpt>
    <trkpt lat="40.677993" lon="17.157347">
    </trkpt>
    <trkpt lat="40.677945" lon="17.15735">
    </trkpt>
    <trkpt lat="40.677857" lon="17.157348">
    </trkpt>
    <trkpt lat="40.677777" lon="17.15734">
    </trkpt>
    <trkpt lat="40.677702" lon="17.15734">
    </trkpt>
    <trkpt lat="40.677627" lon="17.15734">
    </trkpt>
    <trkpt lat="40.67756" lon="17.157332">
    </trkpt>
    <trkpt lat="40.677492" lon="17.15733">
    </trkpt>
    <trkpt lat="40.677427" lon="17.157337">
    </trkpt>
    <trkpt lat="40.677367" lon="17.157344">
    </trkpt>
    <trkpt lat="40.67731" lon="17.157349">
    </trkpt>
    <trkpt lat="40.677255" lon="17.157364">
    </trkpt>
    <trkpt lat="40.6772" lon="17.157377">
    </trkpt>
    <trkpt lat="40.677147" lon="17.157389">
    </trkpt>
    <trkpt lat="40.6771" lon="17.157406">
    </trkpt>
    <trkpt lat="40.677047" lon="17.157448">
    </trkpt>
    <trkpt lat="40.677022" lon="17.157528">
    </trkpt>
    <trkpt lat="40.67699" lon="17.1576">
    </trkpt>
    <trkpt lat="40.676945" lon="17.157638">
    </trkpt>
    <trkpt lat="40.676918" lon="17.157691">
    </trkpt>
    <trkpt lat="40.676866" lon="17.157773">
    </trkpt>
    <trkpt lat="40.676799" lon="17.157851">
    </trkpt>
    <trkpt lat="40.676754" lon="17.157886">
    </trkpt>
    <trkpt lat="40.676702" lon="17.157916">
    </trkpt>
    <trkpt lat="40.67665" lon="17.157941">
    </trkpt>
    <trkpt lat="40.6766" lon="17.157961">
    </trkpt>
    <trkpt lat="40.676542" lon="17.157969">
    </trkpt>
    <trkpt lat="40.676487" lon="17.157974">
    </trkpt>
    <trkpt lat="40.676435" lon="17.157976">
    </trkpt>
    <trkpt lat="40.676383" lon="17.157983">
    </trkpt>
    <trkpt lat="40.676333" lon="17.157993">
    </trkpt>
    <trkpt lat="40.676283" lon="17.158001">
    </trkpt>
    <trkpt lat="40.676236" lon="17.158003">
    </trkpt>
    <trkpt lat="40.676151" lon="17.158003">
    </trkpt>
    <trkpt lat="40.676069" lon="17.158005">
    </trkpt>
    <trkpt lat="40.675986" lon="17.157995">
    </trkpt>
    <trkpt lat="40.675899" lon="17.157982">
    </trkpt>
    <trkpt lat="40.675822" lon="17.15797">
    </trkpt>
    <trkpt lat="40.675752" lon="17.157963">
    </trkpt>
    <trkpt lat="40.675674" lon="17.157968">
    </trkpt>
    <trkpt lat="40.675587" lon="17.157973">
    </trkpt>
    <trkpt lat="40.67554" lon="17.157976">
    </trkpt>
    <trkpt lat="40.675457" lon="17.157983">
    </trkpt>
    <trkpt lat="40.675412" lon="17.15799">
    </trkpt>
    <trkpt lat="40.675324" lon="17.157997">
    </trkpt>
    <trkpt lat="40.675237" lon="17.157997">
    </trkpt>
    <trkpt lat="40.675159" lon="17.157999">
    </trkpt>
    <trkpt lat="40.675081" lon="17.157999">
    </trkpt>
    <trkpt lat="40.675001" lon="17.158002">
    </trkpt>
    <trkpt lat="40.674918" lon="17.158">
    </trkpt>
    <trkpt lat="40.674843" lon="17.158">
    </trkpt>
    <trkpt lat="40.674763" lon="17.157998">
    </trkpt>
    <trkpt lat="40.674681" lon="17.158003">
    </trkpt>
    <trkpt lat="40.674606" lon="17.158006">
    </trkpt>
    <trkpt lat="40.674539" lon="17.158004">
    </trkpt>
    <trkpt lat="40.674479" lon="17.158009">
    </trkpt>
    <trkpt lat="40.674422" lon="17.158009">
    </trkpt>
    <trkpt lat="40.674357" lon="17.158009">
    </trkpt>
    <trkpt lat="40.674294" lon="17.158021">
    </trkpt>
    <trkpt lat="40.674226" lon="17.158003">
    </trkpt>
    <trkpt lat="40.674156" lon="17.158008">
    </trkpt>
    <trkpt lat="40.674079" lon="17.158013">
    </trkpt>
    <trkpt lat="40.674004" lon="17.158028">
    </trkpt>
    <trkpt lat="40.673929" lon="17.158025">
    </trkpt>
    <trkpt lat="40.673852" lon="17.158032">
    </trkpt>
    <trkpt lat="40.673775" lon="17.15804">
    </trkpt>
    <trkpt lat="40.673702" lon="17.158063">
    </trkpt>
    <trkpt lat="40.673635" lon="17.15808">
    </trkpt>
    <trkpt lat="40.673578" lon="17.158107">
    </trkpt>
    <trkpt lat="40.673518" lon="17.158132">
    </trkpt>
    <trkpt lat="40.67345" lon="17.158165">
    </trkpt>
    <trkpt lat="40.673373" lon="17.158205">
    </trkpt>
    <trkpt lat="40.673293" lon="17.158248">
    </trkpt>
    <trkpt lat="40.673215" lon="17.158275">
    </trkpt>
    <trkpt lat="40.673172" lon="17.158293">
    </trkpt>
    <trkpt lat="40.673129" lon="17.15831">
    </trkpt>
    <trkpt lat="40.673086" lon="17.158332">
    </trkpt>
    <trkpt lat="40.673003" lon="17.158375">
    </trkpt>
    <trkpt lat="40.672915" lon="17.15841">
    </trkpt>
    <trkpt lat="40.672872" lon="17.158437">
    </trkpt>
    <trkpt lat="40.672789" lon="17.158472">
    </trkpt>
    <trkpt lat="40.672714" lon="17.158515">
    </trkpt>
    <trkpt lat="40.672636" lon="17.158555">
    </trkpt>
    <trkpt lat="40.672553" lon="17.158587">
    </trkpt>
    <trkpt lat="40.67251" lon="17.158605">
    </trkpt>
    <trkpt lat="40.672427" lon="17.158645">
    </trkpt>
    <trkpt lat="40.672384" lon="17.158667">
    </trkpt>
    <trkpt lat="40.672301" lon="17.158707">
    </trkpt>
    <trkpt lat="40.672221" lon="17.158742">
    </trkpt>
    <trkpt lat="40.672138" lon="17.158779">
    </trkpt>
    <trkpt lat="40.672055" lon="17.158809">
    </trkpt>
    <trkpt lat="40.671967" lon="17.158839">
    </trkpt>
    <trkpt lat="40.67192" lon="17.158859">
    </trkpt>
    <trkpt lat="40.671832" lon="17.158901">
    </trkpt>
    <trkpt lat="40.671789" lon="17.158924">
    </trkpt>
    <trkpt lat="40.671746" lon="17.158944">
    </trkpt>
    <trkpt lat="40.671703" lon="17.158969">
    </trkpt>
    <trkpt lat="40.671658" lon="17.158981">
    </trkpt>
    <trkpt lat="40.671615" lon="17.158998">
    </trkpt>
    <trkpt lat="40.67157" lon="17.159018">
    </trkpt>
    <trkpt lat="40.671493" lon="17.159051">
    </trkpt>
    <trkpt lat="40.671418" lon="17.159091">
    </trkpt>
    <trkpt lat="40.671333" lon="17.159123">
    </trkpt>
    <trkpt lat="40.671251" lon="17.159161">
    </trkpt>
    <trkpt lat="40.671174" lon="17.159209">
    </trkpt>
    <trkpt lat="40.671091" lon="17.159246">
    </trkpt>
    <trkpt lat="40.671048" lon="17.159264">
    </trkpt>
    <trkpt lat="40.670965" lon="17.159297">
    </trkpt>
    <trkpt lat="40.67092" lon="17.159314">
    </trkpt>
    <trkpt lat="40.670842" lon="17.159351">
    </trkpt>
    <trkpt lat="40.670757" lon="17.159386">
    </trkpt>
    <trkpt lat="40.670679" lon="17.159423">
    </trkpt>
    <trkpt lat="40.670606" lon="17.159465">
    </trkpt>
    <trkpt lat="40.670526" lon="17.159505">
    </trkpt>
    <trkpt lat="40.670456" lon="17.159537">
    </trkpt>
    <trkpt lat="40.670393" lon="17.159565">
    </trkpt>
    <trkpt lat="40.67033" lon="17.159595">
    </trkpt>
    <trkpt lat="40.670258" lon="17.159617">
    </trkpt>
    <trkpt lat="40.670181" lon="17.159649">
    </trkpt>
    <trkpt lat="40.670113" lon="17.159669">
    </trkpt>
    <trkpt lat="40.670045" lon="17.159701">
    </trkpt>
    <trkpt lat="40.669982" lon="17.159739">
    </trkpt>
    <trkpt lat="40.669902" lon="17.159769">
    </trkpt>
    <trkpt lat="40.669829" lon="17.159811">
    </trkpt>
    <trkpt lat="40.669761" lon="17.159848">
    </trkpt>
    <trkpt lat="40.669681" lon="17.159881">
    </trkpt>
    <trkpt lat="40.669606" lon="17.159913">
    </trkpt>
    <trkpt lat="40.669533" lon="17.159941">
    </trkpt>
    <trkpt lat="40.669456" lon="17.159973">
    </trkpt>
    <trkpt lat="40.669383" lon="17.160005">
    </trkpt>
    <trkpt lat="40.669311" lon="17.160048">
    </trkpt>
    <trkpt lat="40.669239" lon="17.160086">
    </trkpt>
    <trkpt lat="40.669162" lon="17.160118">
    </trkpt>
    <trkpt lat="40.669087" lon="17.160156">
    </trkpt>
    <trkpt lat="40.669042" lon="17.160168">
    </trkpt>
    <trkpt lat="40.668955" lon="17.160206">
    </trkpt>
    <trkpt lat="40.668878" lon="17.160248">
    </trkpt>
    <trkpt lat="40.668808" lon="17.16028">
    </trkpt>
    <trkpt lat="40.668731" lon="17.160313">
    </trkpt>
    <trkpt lat="40.668654" lon="17.160346">
    </trkpt>
    <trkpt lat="40.668579" lon="17.160369">
    </trkpt>
    <trkpt lat="40.668509" lon="17.160419">
    </trkpt>
    <trkpt lat="40.668439" lon="17.160462">
    </trkpt>
    <trkpt lat="40.668362" lon="17.160487">
    </trkpt>
    <trkpt lat="40.668289" lon="17.160517">
    </trkpt>
    <trkpt lat="40.668222" lon="17.160547">
    </trkpt>
    <trkpt lat="40.668144" lon="17.160577">
    </trkpt>
    <trkpt lat="40.668071" lon="17.160622">
    </trkpt>
    <trkpt lat="40.668003" lon="17.160665">
    </trkpt>
    <trkpt lat="40.667936" lon="17.160698">
    </trkpt>
    <trkpt lat="40.667871" lon="17.16074">
    </trkpt>
    <trkpt lat="40.667813" lon="17.160758">
    </trkpt>
    <trkpt lat="40.667746" lon="17.160783">
    </trkpt>
    <trkpt lat="40.667689" lon="17.160825">
    </trkpt>
    <trkpt lat="40.667621" lon="17.160865">
    </trkpt>
    <trkpt lat="40.667556" lon="17.16091">
    </trkpt>
    <trkpt lat="40.667476" lon="17.160947">
    </trkpt>
    <trkpt lat="40.667406" lon="17.160997">
    </trkpt>
    <trkpt lat="40.667346" lon="17.161052">
    </trkpt>
    <trkpt lat="40.667279" lon="17.161095">
    </trkpt>
    <trkpt lat="40.667217" lon="17.161143">
    </trkpt>
    <trkpt lat="40.667159" lon="17.161195">
    </trkpt>
    <trkpt lat="40.667094" lon="17.161247">
    </trkpt>
    <trkpt lat="40.667026" lon="17.1613">
    </trkpt>
    <trkpt lat="40.666949" lon="17.161355">
    </trkpt>
    <trkpt lat="40.666886" lon="17.161413">
    </trkpt>
    <trkpt lat="40.666826" lon="17.161481">
    </trkpt>
    <trkpt lat="40.666759" lon="17.161541">
    </trkpt>
    <trkpt lat="40.666691" lon="17.161598">
    </trkpt>
    <trkpt lat="40.666618" lon="17.161648">
    </trkpt>
    <trkpt lat="40.666575" lon="17.161676">
    </trkpt>
    <trkpt lat="40.666508" lon="17.161739">
    </trkpt>
    <trkpt lat="40.666431" lon="17.161797">
    </trkpt>
    <trkpt lat="40.666359" lon="17.161864">
    </trkpt>
    <trkpt lat="40.666296" lon="17.161931">
    </trkpt>
    <trkpt lat="40.666231" lon="17.162001">
    </trkpt>
    <trkpt lat="40.666151" lon="17.162064">
    </trkpt>
    <trkpt lat="40.666088" lon="17.162132">
    </trkpt>
    <trkpt lat="40.666051" lon="17.162167">
    </trkpt>
    <trkpt lat="40.665981" lon="17.162234">
    </trkpt>
    <trkpt lat="40.665911" lon="17.162302">
    </trkpt>
    <trkpt lat="40.665838" lon="17.162367">
    </trkpt>
    <trkpt lat="40.665803" lon="17.16241">
    </trkpt>
    <trkpt lat="40.665766" lon="17.162448">
    </trkpt>
    <trkpt lat="40.665726" lon="17.162483">
    </trkpt>
    <trkpt lat="40.665689" lon="17.162521">
    </trkpt>
    <trkpt lat="40.665614" lon="17.162594">
    </trkpt>
    <trkpt lat="40.665542" lon="17.162666">
    </trkpt>
    <trkpt lat="40.665504" lon="17.162699">
    </trkpt>
    <trkpt lat="40.665464" lon="17.162734">
    </trkpt>
    <trkpt lat="40.665427" lon="17.162771">
    </trkpt>
    <trkpt lat="40.665357" lon="17.162841">
    </trkpt>
    <trkpt lat="40.665317" lon="17.162879">
    </trkpt>
    <trkpt lat="40.66528" lon="17.162917">
    </trkpt>
    <trkpt lat="40.665235" lon="17.162949">
    </trkpt>
    <trkpt lat="40.665188" lon="17.162984">
    </trkpt>
    <trkpt lat="40.665148" lon="17.163016">
    </trkpt>
    <trkpt lat="40.66511" lon="17.163049">
    </trkpt>
    <trkpt lat="40.665068" lon="17.163081">
    </trkpt>
    <trkpt lat="40.665031" lon="17.163116">
    </trkpt>
    <trkpt lat="40.664959" lon="17.163186">
    </trkpt>
    <trkpt lat="40.664902" lon="17.163253">
    </trkpt>
    <trkpt lat="40.664865" lon="17.16329">
    </trkpt>
    <trkpt lat="40.664825" lon="17.16332">
    </trkpt>
    <trkpt lat="40.664752" lon="17.163377">
    </trkpt>
    <trkpt lat="40.664679" lon="17.163405">
    </trkpt>
    <trkpt lat="40.664624" lon="17.16341">
    </trkpt>
    <trkpt lat="40.664566" lon="17.1634">
    </trkpt>
    <trkpt lat="40.664489" lon="17.163388">
    </trkpt>
    <trkpt lat="40.664407" lon="17.163376">
    </trkpt>
    <trkpt lat="40.664324" lon="17.163354">
    </trkpt>
    <trkpt lat="40.664249" lon="17.163361">
    </trkpt>
    <trkpt lat="40.664184" lon="17.163376">
    </trkpt>
    <trkpt lat="40.664132" lon="17.163394">
    </trkpt>
    <trkpt lat="40.664089" lon="17.163424">
    </trkpt>
    <trkpt lat="40.664034" lon="17.163434">
    </trkpt>
    <trkpt lat="40.663971" lon="17.163451">
    </trkpt>
    <trkpt lat="40.663909" lon="17.163483">
    </trkpt>
    <trkpt lat="40.663836" lon="17.163518">
    </trkpt>
    <trkpt lat="40.663793" lon="17.16354">
    </trkpt>
    <trkpt lat="40.66375" lon="17.163562">
    </trkpt>
    <trkpt lat="40.6637" lon="17.163582">
    </trkpt>
    <trkpt lat="40.663653" lon="17.163605">
    </trkpt>
    <trkpt lat="40.663576" lon="17.163637">
    </trkpt>
    <trkpt lat="40.663498" lon="17.16367">
    </trkpt>
    <trkpt lat="40.663443" lon="17.163673">
    </trkpt>
    <trkpt lat="40.663381" lon="17.163668">
    </trkpt>
    <trkpt lat="40.663313" lon="17.163656">
    </trkpt>
    <trkpt lat="40.663238" lon="17.163638">
    </trkpt>
    <trkpt lat="40.663166" lon="17.163616">
    </trkpt>
    <trkpt lat="40.663091" lon="17.163601">
    </trkpt>
    <trkpt lat="40.663013" lon="17.163603">
    </trkpt>
    <trkpt lat="40.662943" lon="17.163613">
    </trkpt>
    <trkpt lat="40.662868" lon="17.163623">
    </trkpt>
    <trkpt lat="40.662805" lon="17.163638">
    </trkpt>
    <trkpt lat="40.662748" lon="17.163663">
    </trkpt>
    <trkpt lat="40.6627" lon="17.16369">
    </trkpt>
    <trkpt lat="40.662653" lon="17.163717">
    </trkpt>
    <trkpt lat="40.66261" lon="17.163749">
    </trkpt>
    <trkpt lat="40.662565" lon="17.163782">
    </trkpt>
    <trkpt lat="40.662517" lon="17.163822">
    </trkpt>
    <trkpt lat="40.66247" lon="17.163862">
    </trkpt>
    <trkpt lat="40.662417" lon="17.163907">
    </trkpt>
    <trkpt lat="40.662364" lon="17.163954">
    </trkpt>
    <trkpt lat="40.662311" lon="17.163997">
    </trkpt>
    <trkpt lat="40.662258" lon="17.164039">
    </trkpt>
    <trkpt lat="40.662205" lon="17.164079">
    </trkpt>
    <trkpt lat="40.662162" lon="17.164127">
    </trkpt>
    <trkpt lat="40.662129" lon="17.164175">
    </trkpt>
    <trkpt lat="40.662099" lon="17.164227">
    </trkpt>
    <trkpt lat="40.662069" lon="17.16428">
    </trkpt>
    <trkpt lat="40.662042" lon="17.164338">
    </trkpt>
    <trkpt lat="40.662015" lon="17.164391">
    </trkpt>
    <trkpt lat="40.661992" lon="17.164443">
    </trkpt>
    <trkpt lat="40.661967" lon="17.1645">
    </trkpt>
    <trkpt lat="40.661939" lon="17.164567">
    </trkpt>
    <trkpt lat="40.661904" lon="17.164642">
    </trkpt>
    <trkpt lat="40.661869" lon="17.164717">
    </trkpt>
    <trkpt lat="40.661826" lon="17.164782">
    </trkpt>
    <trkpt lat="40.661783" lon="17.164845">
    </trkpt>
    <trkpt lat="40.661741" lon="17.164902">
    </trkpt>
    <trkpt lat="40.661703" lon="17.164952">
    </trkpt>
    <trkpt lat="40.66166" lon="17.165">
    </trkpt>
    <trkpt lat="40.661615" lon="17.16505">
    </trkpt>
    <trkpt lat="40.661573" lon="17.165093">
    </trkpt>
    <trkpt lat="40.66153" lon="17.165148">
    </trkpt>
    <trkpt lat="40.661477" lon="17.165206">
    </trkpt>
    <trkpt lat="40.661417" lon="17.165268">
    </trkpt>
    <trkpt lat="40.661352" lon="17.165343">
    </trkpt>
    <trkpt lat="40.661289" lon="17.165413">
    </trkpt>
    <trkpt lat="40.661224" lon="17.165496">
    </trkpt>
    <trkpt lat="40.661169" lon="17.165583">
    </trkpt>
    <trkpt lat="40.661116" lon="17.165668">
    </trkpt>
    <trkpt lat="40.661059" lon="17.165751">
    </trkpt>
    <trkpt lat="40.661001" lon="17.165833">
    </trkpt>
    <trkpt lat="40.660951" lon="17.165916">
    </trkpt>
    <trkpt lat="40.660898" lon="17.166006">
    </trkpt>
    <trkpt lat="40.660836" lon="17.166089">
    </trkpt>
    <trkpt lat="40.660779" lon="17.166176">
    </trkpt>
    <trkpt lat="40.660719" lon="17.166256">
    </trkpt>
    <trkpt lat="40.660661" lon="17.166333">
    </trkpt>
    <trkpt lat="40.660601" lon="17.166408">
    </trkpt>
    <trkpt lat="40.660539" lon="17.166483">
    </trkpt>
    <trkpt lat="40.660481" lon="17.166553">
    </trkpt>
    <trkpt lat="40.660429" lon="17.16662">
    </trkpt>
    <trkpt lat="40.660377" lon="17.166673">
    </trkpt>
    <trkpt lat="40.660335" lon="17.166728">
    </trkpt>
    <trkpt lat="40.660287" lon="17.166791">
    </trkpt>
    <trkpt lat="40.660239" lon="17.166853">
    </trkpt>
    <trkpt lat="40.660189" lon="17.166915">
    </trkpt>
    <trkpt lat="40.660132" lon="17.166978">
    </trkpt>
    <trkpt lat="40.660072" lon="17.167036">
    </trkpt>
    <trkpt lat="40.660015" lon="17.167101">
    </trkpt>
    <trkpt lat="40.659952" lon="17.167161">
    </trkpt>
    <trkpt lat="40.659894" lon="17.167233">
    </trkpt>
    <trkpt lat="40.659841" lon="17.167295">
    </trkpt>
    <trkpt lat="40.659794" lon="17.167357">
    </trkpt>
    <trkpt lat="40.659742" lon="17.167424">
    </trkpt>
    <trkpt lat="40.659692" lon="17.167491">
    </trkpt>
    <trkpt lat="40.659639" lon="17.167558">
    </trkpt>
    <trkpt lat="40.659582" lon="17.167628">
    </trkpt>
    <trkpt lat="40.659519" lon="17.16771">
    </trkpt>
    <trkpt lat="40.659454" lon="17.167792">
    </trkpt>
    <trkpt lat="40.659389" lon="17.167867">
    </trkpt>
    <trkpt lat="40.659326" lon="17.167939">
    </trkpt>
    <trkpt lat="40.659259" lon="17.168012">
    </trkpt>
    <trkpt lat="40.659172" lon="17.168082">
    </trkpt>
    <trkpt lat="40.6591" lon="17.168155">
    </trkpt>
    <trkpt lat="40.659033" lon="17.168218">
    </trkpt>
    <trkpt lat="40.658971" lon="17.168273">
    </trkpt>
    <trkpt lat="40.658914" lon="17.168316">
    </trkpt>
    <trkpt lat="40.658867" lon="17.168348">
    </trkpt>
    <trkpt lat="40.658777" lon="17.168396">
    </trkpt>
    <trkpt lat="40.658725" lon="17.168424">
    </trkpt>
    <trkpt lat="40.658667" lon="17.168452">
    </trkpt>
    <trkpt lat="40.658615" lon="17.168495">
    </trkpt>
    <trkpt lat="40.658557" lon="17.16854">
    </trkpt>
    <trkpt lat="40.65851" lon="17.168603">
    </trkpt>
    <trkpt lat="40.658455" lon="17.168676">
    </trkpt>
    <trkpt lat="40.658397" lon="17.168753">
    </trkpt>
    <trkpt lat="40.658339" lon="17.168823">
    </trkpt>
    <trkpt lat="40.658286" lon="17.1689">
    </trkpt>
    <trkpt lat="40.658238" lon="17.168977">
    </trkpt>
    <trkpt lat="40.658198" lon="17.169052">
    </trkpt>
    <trkpt lat="40.658155" lon="17.169137">
    </trkpt>
    <trkpt lat="40.658117" lon="17.169217">
    </trkpt>
    <trkpt lat="40.658077" lon="17.169287">
    </trkpt>
    <trkpt lat="40.65804" lon="17.169355">
    </trkpt>
    <trkpt lat="40.658003" lon="17.169408">
    </trkpt>
    <trkpt lat="40.65796" lon="17.169465">
    </trkpt>
    <trkpt lat="40.657917" lon="17.169513">
    </trkpt>
    <trkpt lat="40.657874" lon="17.169563">
    </trkpt>
    <trkpt lat="40.657829" lon="17.169613">
    </trkpt>
    <trkpt lat="40.657786" lon="17.169661">
    </trkpt>
    <trkpt lat="40.657743" lon="17.169703">
    </trkpt>
    <trkpt lat="40.6577" lon="17.169741">
    </trkpt>
    <trkpt lat="40.657652" lon="17.169769">
    </trkpt>
    <trkpt lat="40.657595" lon="17.169782">
    </trkpt>
    <trkpt lat="40.65754" lon="17.169789">
    </trkpt>
    <trkpt lat="40.65748" lon="17.169794">
    </trkpt>
    <trkpt lat="40.657415" lon="17.169797">
    </trkpt>
    <trkpt lat="40.657352" lon="17.169799">
    </trkpt>
    <trkpt lat="40.657289" lon="17.169782">
    </trkpt>
    <trkpt lat="40.657232" lon="17.169755">
    </trkpt>
    <trkpt lat="40.657175" lon="17.169738">
    </trkpt>
    <trkpt lat="40.657117" lon="17.169716">
    </trkpt>
    <trkpt lat="40.657057" lon="17.169699">
    </trkpt>
    <trkpt lat="40.656994" lon="17.169694">
    </trkpt>
    <trkpt lat="40.656926" lon="17.169706">
    </trkpt>
    <trkpt lat="40.656864" lon="17.169733">
    </trkpt>
    <trkpt lat="40.656809" lon="17.169771">
    </trkpt>
    <trkpt lat="40.656754" lon="17.169816">
    </trkpt>
    <trkpt lat="40.656699" lon="17.169859">
    </trkpt>
    <trkpt lat="40.656647" lon="17.169911">
    </trkpt>
    <trkpt lat="40.656595" lon="17.169959">
    </trkpt>
    <trkpt lat="40.656542" lon="17.170004">
    </trkpt>
    <trkpt lat="40.656487" lon="17.170047">
    </trkpt>
    <trkpt lat="40.656435" lon="17.170092">
    </trkpt>
    <trkpt lat="40.656387" lon="17.17014">
    </trkpt>
    <trkpt lat="40.656337" lon="17.170185">
    </trkpt>
    <trkpt lat="40.656289" lon="17.170233">
    </trkpt>
    <trkpt lat="40.656242" lon="17.17028">
    </trkpt>
    <trkpt lat="40.656195" lon="17.170338">
    </trkpt>
    <trkpt lat="40.656153" lon="17.17039">
    </trkpt>
    <trkpt lat="40.656108" lon="17.170437">
    </trkpt>
    <trkpt lat="40.656061" lon="17.170489">
    </trkpt>
    <trkpt lat="40.656018" lon="17.170542">
    </trkpt>
    <trkpt lat="40.655975" lon="17.170602">
    </trkpt>
    <trkpt lat="40.655937" lon="17.170665">
    </trkpt>
    <trkpt lat="40.655894" lon="17.170737">
    </trkpt>
    <trkpt lat="40.655847" lon="17.170807">
    </trkpt>
    <trkpt lat="40.655795" lon="17.170862">
    </trkpt>
    <trkpt lat="40.65573" lon="17.170914">
    </trkpt>
    <trkpt lat="40.655658" lon="17.170957">
    </trkpt>
    <trkpt lat="40.655591" lon="17.171">
    </trkpt>
    <trkpt lat="40.655524" lon="17.171043">
    </trkpt>
    <trkpt lat="40.655459" lon="17.171083">
    </trkpt>
    <trkpt lat="40.655399" lon="17.171115">
    </trkpt>
    <trkpt lat="40.655351" lon="17.17115">
    </trkpt>
    <trkpt lat="40.655303" lon="17.171182">
    </trkpt>
    <trkpt lat="40.655256" lon="17.171214">
    </trkpt>
    <trkpt lat="40.655214" lon="17.171244">
    </trkpt>
    <trkpt lat="40.655169" lon="17.171274">
    </trkpt>
    <trkpt lat="40.655121" lon="17.171306">
    </trkpt>
    <trkpt lat="40.655074" lon="17.171339">
    </trkpt>
    <trkpt lat="40.655027" lon="17.171371">
    </trkpt>
    <trkpt lat="40.654984" lon="17.171409">
    </trkpt>
    <trkpt lat="40.654934" lon="17.171446">
    </trkpt>
    <trkpt lat="40.654881" lon="17.171486">
    </trkpt>
    <trkpt lat="40.654831" lon="17.171523">
    </trkpt>
    <trkpt lat="40.654779" lon="17.171563">
    </trkpt>
    <trkpt lat="40.654729" lon="17.171603">
    </trkpt>
    <trkpt lat="40.654671" lon="17.17164">
    </trkpt>
    <trkpt lat="40.654614" lon="17.17168">
    </trkpt>
    <trkpt lat="40.654552" lon="17.171718">
    </trkpt>
    <trkpt lat="40.654492" lon="17.171756">
    </trkpt>
    <trkpt lat="40.654435" lon="17.171803">
    </trkpt>
    <trkpt lat="40.654373" lon="17.17185">
    </trkpt>
    <trkpt lat="40.654316" lon="17.171895">
    </trkpt>
    <trkpt lat="40.654261" lon="17.171938">
    </trkpt>
    <trkpt lat="40.654204" lon="17.171981">
    </trkpt>
    <trkpt lat="40.654147" lon="17.172028">
    </trkpt>
    <trkpt lat="40.654087" lon="17.172065">
    </trkpt>
    <trkpt lat="40.654025" lon="17.172102">
    </trkpt>
    <trkpt lat="40.653958" lon="17.172142">
    </trkpt>
    <trkpt lat="40.653888" lon="17.172177">
    </trkpt>
    <trkpt lat="40.653825" lon="17.172214">
    </trkpt>
    <trkpt lat="40.65376" lon="17.172257">
    </trkpt>
    <trkpt lat="40.653707" lon="17.17231">
    </trkpt>
    <trkpt lat="40.653654" lon="17.172367">
    </trkpt>
    <trkpt lat="40.653604" lon="17.172424">
    </trkpt>
    <trkpt lat="40.653552" lon="17.172484">
    </trkpt>
    <trkpt lat="40.653502" lon="17.172537">
    </trkpt>
    <trkpt lat="40.65345" lon="17.172585">
    </trkpt>
    <trkpt lat="40.653395" lon="17.172622">
    </trkpt>
    <trkpt lat="40.653347" lon="17.172667">
    </trkpt>
    <trkpt lat="40.653285" lon="17.172704">
    </trkpt>
    <trkpt lat="40.653222" lon="17.172742">
    </trkpt>
    <trkpt lat="40.65317" lon="17.17278">
    </trkpt>
    <trkpt lat="40.653112" lon="17.172812">
    </trkpt>
    <trkpt lat="40.653052" lon="17.172835">
    </trkpt>
    <trkpt lat="40.65299" lon="17.17287">
    </trkpt>
    <trkpt lat="40.65293" lon="17.172897">
    </trkpt>
    <trkpt lat="40.652868" lon="17.17293">
    </trkpt>
    <trkpt lat="40.652815" lon="17.172958">
    </trkpt>
    <trkpt lat="40.652762" lon="17.17299">
    </trkpt>
    <trkpt lat="40.652707" lon="17.17302">
    </trkpt>
    <trkpt lat="40.652649" lon="17.17305">
    </trkpt>
    <trkpt lat="40.652597" lon="17.173087">
    </trkpt>
    <trkpt lat="40.652544" lon="17.17312">
    </trkpt>
    <trkpt lat="40.652484" lon="17.17315">
    </trkpt>
    <trkpt lat="40.652427" lon="17.173177">
    </trkpt>
    <trkpt lat="40.652374" lon="17.173209">
    </trkpt>
    <trkpt lat="40.652321" lon="17.173242">
    </trkpt>
    <trkpt lat="40.652268" lon="17.173272">
    </trkpt>
    <trkpt lat="40.652216" lon="17.173305">
    </trkpt>
    <trkpt lat="40.652159" lon="17.173338">
    </trkpt>
    <trkpt lat="40.652111" lon="17.173363">
    </trkpt>
    <trkpt lat="40.652058" lon="17.173393">
    </trkpt>
    <trkpt lat="40.652011" lon="17.173415">
    </trkpt>
    <trkpt lat="40.651961" lon="17.17343">
    </trkpt>
    <trkpt lat="40.651909" lon="17.173452">
    </trkpt>
    <trkpt lat="40.651862" lon="17.173475">
    </trkpt>
    <trkpt lat="40.651815" lon="17.173498">
    </trkpt>
    <trkpt lat="40.65177" lon="17.17352">
    </trkpt>
    <trkpt lat="40.651718" lon="17.173545">
    </trkpt>
    <trkpt lat="40.651666" lon="17.173572">
    </trkpt>
    <trkpt lat="40.651616" lon="17.17359">
    </trkpt>
    <trkpt lat="40.651566" lon="17.173612">
    </trkpt>
    <trkpt lat="40.651519" lon="17.17363">
    </trkpt>
    <trkpt lat="40.651476" lon="17.173648">
    </trkpt>
    <trkpt lat="40.651431" lon="17.17366">
    </trkpt>
    <trkpt lat="40.651386" lon="17.173665">
    </trkpt>
    <trkpt lat="40.651301" lon="17.173678">
    </trkpt>
    <trkpt lat="40.651226" lon="17.173691">
    </trkpt>
    <trkpt lat="40.651146" lon="17.173704">
    </trkpt>
    <trkpt lat="40.651064" lon="17.173706">
    </trkpt>
    <trkpt lat="40.650992" lon="17.173708">
    </trkpt>
    <trkpt lat="40.650922" lon="17.173723">
    </trkpt>
    <trkpt lat="40.650844" lon="17.17373">
    </trkpt>
    <trkpt lat="40.650771" lon="17.173738">
    </trkpt>
    <trkpt lat="40.650693" lon="17.17375">
    </trkpt>
    <trkpt lat="40.650613" lon="17.173762">
    </trkpt>
    <trkpt lat="40.650528" lon="17.173764">
    </trkpt>
    <trkpt lat="40.650446" lon="17.173769">
    </trkpt>
    <trkpt lat="40.650368" lon="17.173774">
    </trkpt>
    <trkpt lat="40.650291" lon="17.173779">
    </trkpt>
    <trkpt lat="40.650213" lon="17.173786">
    </trkpt>
    <trkpt lat="40.650136" lon="17.173808">
    </trkpt>
    <trkpt lat="40.650054" lon="17.17384">
    </trkpt>
    <trkpt lat="40.649976" lon="17.173887">
    </trkpt>
    <trkpt lat="40.649889" lon="17.173937">
    </trkpt>
    <trkpt lat="40.649846" lon="17.173959">
    </trkpt>
    <trkpt lat="40.649804" lon="17.173986">
    </trkpt>
    <trkpt lat="40.649759" lon="17.174013">
    </trkpt>
    <trkpt lat="40.649712" lon="17.174045">
    </trkpt>
    <trkpt lat="40.649662" lon="17.174075">
    </trkpt>
    <trkpt lat="40.649609" lon="17.17411">
    </trkpt>
    <trkpt lat="40.649557" lon="17.174152">
    </trkpt>
    <trkpt lat="40.649505" lon="17.174202">
    </trkpt>
    <trkpt lat="40.649452" lon="17.174265">
    </trkpt>
    <trkpt lat="40.649387" lon="17.174338">
    </trkpt>
    <trkpt lat="40.649324" lon="17.174406">
    </trkpt>
    <trkpt lat="40.649262" lon="17.174483">
    </trkpt>
    <trkpt lat="40.649197" lon="17.174563">
    </trkpt>
    <trkpt lat="40.649137" lon="17.174635">
    </trkpt>
    <trkpt lat="40.64908" lon="17.174705">
    </trkpt>
    <trkpt lat="40.64902" lon="17.174783">
    </trkpt>
    <trkpt lat="40.648963" lon="17.174858">
    </trkpt>
    <trkpt lat="40.648908" lon="17.174925">
    </trkpt>
    <trkpt lat="40.648853" lon="17.174983">
    </trkpt>
    <trkpt lat="40.64879" lon="17.17505">
    </trkpt>
    <trkpt lat="40.648732" lon="17.175112">
    </trkpt>
    <trkpt lat="40.64867" lon="17.17518">
    </trkpt>
    <trkpt lat="40.648603" lon="17.175243">
    </trkpt>
    <trkpt lat="40.648541" lon="17.17531">
    </trkpt>
    <trkpt lat="40.648481" lon="17.175378">
    </trkpt>
    <trkpt lat="40.648423" lon="17.175446">
    </trkpt>
    <trkpt lat="40.648363" lon="17.175516">
    </trkpt>
    <trkpt lat="40.648306" lon="17.175583">
    </trkpt>
    <trkpt lat="40.648238" lon="17.175658">
    </trkpt>
    <trkpt lat="40.64817" lon="17.17573">
    </trkpt>
    <trkpt lat="40.648098" lon="17.175803">
    </trkpt>
    <trkpt lat="40.648025" lon="17.175888">
    </trkpt>
    <trkpt lat="40.647957" lon="17.175968">
    </trkpt>
    <trkpt lat="40.647882" lon="17.17604">
    </trkpt>
    <trkpt lat="40.647807" lon="17.176117">
    </trkpt>
    <trkpt lat="40.647734" lon="17.176195">
    </trkpt>
    <trkpt lat="40.647661" lon="17.176267">
    </trkpt>
    <trkpt lat="40.647594" lon="17.176335">
    </trkpt>
    <trkpt lat="40.647524" lon="17.176395">
    </trkpt>
    <trkpt lat="40.647452" lon="17.176452">
    </trkpt>
    <trkpt lat="40.647379" lon="17.176492">
    </trkpt>
    <trkpt lat="40.647296" lon="17.176514">
    </trkpt>
    <trkpt lat="40.647218" lon="17.176497">
    </trkpt>
    <trkpt lat="40.647135" lon="17.176457">
    </trkpt>
    <trkpt lat="40.647048" lon="17.176399">
    </trkpt>
    <trkpt lat="40.646961" lon="17.176332">
    </trkpt>
    <trkpt lat="40.646874" lon="17.17627">
    </trkpt>
    <trkpt lat="40.646794" lon="17.176197">
    </trkpt>
    <trkpt lat="40.646714" lon="17.176129">
    </trkpt>
    <trkpt lat="40.646641" lon="17.176052">
    </trkpt>
    <trkpt lat="40.646566" lon="17.175975">
    </trkpt>
    <trkpt lat="40.646498" lon="17.17589">
    </trkpt>
    <trkpt lat="40.64643" lon="17.1758">
    </trkpt>
    <trkpt lat="40.646365" lon="17.175715">
    </trkpt>
    <trkpt lat="40.6463" lon="17.175642">
    </trkpt>
    <trkpt lat="40.646232" lon="17.175562">
    </trkpt>
    <trkpt lat="40.646162" lon="17.175479">
    </trkpt>
    <trkpt lat="40.646092" lon="17.175387">
    </trkpt>
    <trkpt lat="40.646027" lon="17.175294">
    </trkpt>
    <trkpt lat="40.645965" lon="17.175197">
    </trkpt>
    <trkpt lat="40.645898" lon="17.175117">
    </trkpt>
    <trkpt lat="40.645826" lon="17.175039">
    </trkpt>
    <trkpt lat="40.645749" lon="17.174969">
    </trkpt>
    <trkpt lat="40.645674" lon="17.174904">
    </trkpt>
    <trkpt lat="40.645597" lon="17.174851">
    </trkpt>
    <trkpt lat="40.645514" lon="17.174803">
    </trkpt>
    <trkpt lat="40.645429" lon="17.17476">
    </trkpt>
    <trkpt lat="40.645334" lon="17.17472">
    </trkpt>
    <trkpt lat="40.645231" lon="17.17469">
    </trkpt>
    <trkpt lat="40.645128" lon="17.174683">
    </trkpt>
    <trkpt lat="40.645023" lon="17.174688">
    </trkpt>
    <trkpt lat="40.644918" lon="17.174696">
    </trkpt>
    <trkpt lat="40.644818" lon="17.174706">
    </trkpt>
    <trkpt lat="40.644716" lon="17.174718">
    </trkpt>
    <trkpt lat="40.644614" lon="17.17473">
    </trkpt>
    <trkpt lat="40.644516" lon="17.174738">
    </trkpt>
    <trkpt lat="40.644418" lon="17.17475">
    </trkpt>
    <trkpt lat="40.644318" lon="17.174763">
    </trkpt>
    <trkpt lat="40.644225" lon="17.174788">
    </trkpt>
    <trkpt lat="40.644132" lon="17.174813">
    </trkpt>
    <trkpt lat="40.644037" lon="17.17484">
    </trkpt>
    <trkpt lat="40.643942" lon="17.174873">
    </trkpt>
    <trkpt lat="40.643852" lon="17.174906">
    </trkpt>
    <trkpt lat="40.643755" lon="17.174934">
    </trkpt>
    <trkpt lat="40.643662" lon="17.174961">
    </trkpt>
    <trkpt lat="40.64357" lon="17.174983">
    </trkpt>
    <trkpt lat="40.643477" lon="17.17501">
    </trkpt>
    <trkpt lat="40.643389" lon="17.175033">
    </trkpt>
    <trkpt lat="40.643304" lon="17.175055">
    </trkpt>
    <trkpt lat="40.643214" lon="17.175072">
    </trkpt>
    <trkpt lat="40.643129" lon="17.175089">
    </trkpt>
    <trkpt lat="40.643061" lon="17.175107">
    </trkpt>
    <trkpt lat="40.642999" lon="17.17512">
    </trkpt>
    <trkpt lat="40.642944" lon="17.175135">
    </trkpt>
    <trkpt lat="40.642886" lon="17.17515">
    </trkpt>
    <trkpt lat="40.642826" lon="17.175165">
    </trkpt>
    <trkpt lat="40.642766" lon="17.175177">
    </trkpt>
    <trkpt lat="40.642708" lon="17.175182">
    </trkpt>
    <trkpt lat="40.642653" lon="17.175192">
    </trkpt>
    <trkpt lat="40.642586" lon="17.175209">
    </trkpt>
    <trkpt lat="40.642523" lon="17.175226">
    </trkpt>
    <trkpt lat="40.64246" lon="17.175234">
    </trkpt>
    <trkpt lat="40.642398" lon="17.175241">
    </trkpt>
    <trkpt lat="40.64234" lon="17.175239">
    </trkpt>
    <trkpt lat="40.642278" lon="17.175242">
    </trkpt>
    <trkpt lat="40.642215" lon="17.175255">
    </trkpt>
    <trkpt lat="40.642155" lon="17.175265">
    </trkpt>
    <trkpt lat="40.6421" lon="17.175267">
    </trkpt>
    <trkpt lat="40.64204" lon="17.17527">
    </trkpt>
    <trkpt lat="40.64198" lon="17.17528">
    </trkpt>
    <trkpt lat="40.641918" lon="17.175295">
    </trkpt>
    <trkpt lat="40.641861" lon="17.175312">
    </trkpt>
    <trkpt lat="40.641803" lon="17.175325">
    </trkpt>
    <trkpt lat="40.641743" lon="17.175332">
    </trkpt>
    <trkpt lat="40.64168" lon="17.175337">
    </trkpt>
    <trkpt lat="40.64162" lon="17.175344">
    </trkpt>
    <trkpt lat="40.641558" lon="17.175349">
    </trkpt>
    <trkpt lat="40.6415" lon="17.175362">
    </trkpt>
    <trkpt lat="40.641447" lon="17.175369">
    </trkpt>
    <trkpt lat="40.641399" lon="17.175374">
    </trkpt>
    <trkpt lat="40.641327" lon="17.175369">
    </trkpt>
    <trkpt lat="40.64126" lon="17.175401">
    </trkpt>
    <trkpt lat="40.641269675239002" lon="17.1753748749416">
    </trkpt>
    <trkpt lat="40.641252652269998" lon="17.175350025853799">
    </trkpt>
    <trkpt lat="40.641146" lon="17.17529">
    </trkpt>
    <trkpt lat="40.641108" lon="17.175245">
    </trkpt>
    <trkpt lat="40.641056" lon="17.175203">
    </trkpt>
    <trkpt lat="40.641009" lon="17.175146">
    </trkpt>
    <trkpt lat="40.640961" lon="17.175098">
    </trkpt>
    <trkpt lat="40.640913" lon="17.17505">
    </trkpt>
    <trkpt lat="40.64086" lon="17.175">
    </trkpt>
    <trkpt lat="40.640805" lon="17.174953">
    </trkpt>
    <trkpt lat="40.640757" lon="17.174911">
    </trkpt>
    <trkpt lat="40.640715" lon="17.174868">
    </trkpt>
    <trkpt lat="40.64067" lon="17.17482">
    </trkpt>
    <trkpt lat="40.640625" lon="17.17476">
    </trkpt>
    <trkpt lat="40.640577" lon="17.1747">
    </trkpt>
    <trkpt lat="40.640529" lon="17.17464">
    </trkpt>
    <trkpt lat="40.640474" lon="17.174578">
    </trkpt>
    <trkpt lat="40.640427" lon="17.174523">
    </trkpt>
    <trkpt lat="40.640387" lon="17.174475">
    </trkpt>
    <trkpt lat="40.640339" lon="17.174425">
    </trkpt>
    <trkpt lat="40.640289" lon="17.174385">
    </trkpt>
    <trkpt lat="40.640244" lon="17.174357">
    </trkpt>
    <trkpt lat="40.640186" lon="17.174355">
    </trkpt>
    <trkpt lat="40.640136" lon="17.174383">
    </trkpt>
    <trkpt lat="40.640078" lon="17.174446">
    </trkpt>
    <trkpt lat="40.64004" lon="17.174501">
    </trkpt>
    <trkpt lat="40.639997" lon="17.174551">
    </trkpt>
    <trkpt lat="40.639954" lon="17.174608">
    </trkpt>
    <trkpt lat="40.639914" lon="17.17466">
    </trkpt>
    <trkpt lat="40.639876" lon="17.174715">
    </trkpt>
    <trkpt lat="40.639828" lon="17.174788">
    </trkpt>
    <trkpt lat="40.639783" lon="17.174863">
    </trkpt>
    <trkpt lat="40.63973" lon="17.174931">
    </trkpt>
    <trkpt lat="40.639685" lon="17.174999">
    </trkpt>
    <trkpt lat="40.639638" lon="17.175071">
    </trkpt>
    <trkpt lat="40.639596" lon="17.175143">
    </trkpt>
    <trkpt lat="40.639543" lon="17.175213">
    </trkpt>
    <trkpt lat="40.639493" lon="17.175276">
    </trkpt>
    <trkpt lat="40.639438" lon="17.175344">
    </trkpt>
    <trkpt lat="40.639381" lon="17.175397">
    </trkpt>
    <trkpt lat="40.639309" lon="17.175417">
    </trkpt>
    <trkpt lat="40.639244" lon="17.175392">
    </trkpt>
    <trkpt lat="40.639204" lon="17.175345">
    </trkpt>
    <trkpt lat="40.639164" lon="17.175285">
    </trkpt>
    <trkpt lat="40.639116" lon="17.175197">
    </trkpt>
    <trkpt lat="40.639076" lon="17.175127">
    </trkpt>
    <trkpt lat="40.639039" lon="17.175077">
    </trkpt>
    <trkpt lat="40.639001" lon="17.175024">
    </trkpt>
    <trkpt lat="40.638963" lon="17.174974">
    </trkpt>
    <trkpt lat="40.638925" lon="17.174916">
    </trkpt>
    <trkpt lat="40.638892" lon="17.174858">
    </trkpt>
    <trkpt lat="40.638852" lon="17.174793">
    </trkpt>
    <trkpt lat="40.638812" lon="17.174721">
    </trkpt>
    <trkpt lat="40.63877" lon="17.174654">
    </trkpt>
    <trkpt lat="40.638722" lon="17.174579">
    </trkpt>
    <trkpt lat="40.638684" lon="17.174506">
    </trkpt>
    <trkpt lat="40.638634" lon="17.174438">
    </trkpt>
    <trkpt lat="40.638589" lon="17.174356">
    </trkpt>
    <trkpt lat="40.638544" lon="17.174259">
    </trkpt>
    <trkpt lat="40.638489" lon="17.174172">
    </trkpt>
    <trkpt lat="40.638456" lon="17.174127">
    </trkpt>
    <trkpt lat="40.638391" lon="17.174037">
    </trkpt>
    <trkpt lat="40.638333" lon="17.173944">
    </trkpt>
    <trkpt lat="40.638268" lon="17.173862">
    </trkpt>
    <trkpt lat="40.638231" lon="17.173817">
    </trkpt>
    <trkpt lat="40.638196" lon="17.173774">
    </trkpt>
    <trkpt lat="40.638164" lon="17.173727">
    </trkpt>
    <trkpt lat="40.638136" lon="17.17368">
    </trkpt>
    <trkpt lat="40.638103" lon="17.173635">
    </trkpt>
    <trkpt lat="40.63804" lon="17.173547">
    </trkpt>
    <trkpt lat="40.63801" lon="17.1735">
    </trkpt>
    <trkpt lat="40.637975" lon="17.173453">
    </trkpt>
    <trkpt lat="40.637947" lon="17.173406">
    </trkpt>
    <trkpt lat="40.637887" lon="17.173314">
    </trkpt>
    <trkpt lat="40.637852" lon="17.173266">
    </trkpt>
    <trkpt lat="40.637815" lon="17.173219">
    </trkpt>
    <trkpt lat="40.637767" lon="17.173131">
    </trkpt>
    <trkpt lat="40.637735" lon="17.173084">
    </trkpt>
    <trkpt lat="40.637703" lon="17.173032">
    </trkpt>
    <trkpt lat="40.637643" lon="17.17294">
    </trkpt>
    <trkpt lat="40.637611" lon="17.172888">
    </trkpt>
    <trkpt lat="40.637573" lon="17.172835">
    </trkpt>
    <trkpt lat="40.637541" lon="17.172783">
    </trkpt>
    <trkpt lat="40.637509" lon="17.172733">
    </trkpt>
    <trkpt lat="40.637469" lon="17.17267">
    </trkpt>
    <trkpt lat="40.637429" lon="17.172602">
    </trkpt>
    <trkpt lat="40.637389" lon="17.172535">
    </trkpt>
    <trkpt lat="40.637351" lon="17.172472">
    </trkpt>
    <trkpt lat="40.637309" lon="17.172419">
    </trkpt>
    <trkpt lat="40.637264" lon="17.172369">
    </trkpt>
    <trkpt lat="40.637217" lon="17.172317">
    </trkpt>
    <trkpt lat="40.637172" lon="17.172269">
    </trkpt>
    <trkpt lat="40.637125" lon="17.172216">
    </trkpt>
    <trkpt lat="40.637078" lon="17.172159">
    </trkpt>
    <trkpt lat="40.637045" lon="17.172102">
    </trkpt>
    <trkpt lat="40.637008" lon="17.172045">
    </trkpt>
    <trkpt lat="40.636966" lon="17.17199">
    </trkpt>
    <trkpt lat="40.636929" lon="17.171935">
    </trkpt>
    <trkpt lat="40.636894" lon="17.171877">
    </trkpt>
    <trkpt lat="40.636852" lon="17.171812">
    </trkpt>
    <trkpt lat="40.636814" lon="17.171749">
    </trkpt>
    <trkpt lat="40.636777" lon="17.171692">
    </trkpt>
    <trkpt lat="40.636735" lon="17.17164">
    </trkpt>
    <trkpt lat="40.636697" lon="17.171588">
    </trkpt>
    <trkpt lat="40.63666" lon="17.171533">
    </trkpt>
    <trkpt lat="40.636627" lon="17.17148">
    </trkpt>
    <trkpt lat="40.63659" lon="17.171428">
    </trkpt>
    <trkpt lat="40.636553" lon="17.171371">
    </trkpt>
    <trkpt lat="40.636516" lon="17.171318">
    </trkpt>
    <trkpt lat="40.636479" lon="17.171266">
    </trkpt>
    <trkpt lat="40.636442" lon="17.171209">
    </trkpt>
    <trkpt lat="40.636404" lon="17.171161">
    </trkpt>
    <trkpt lat="40.636362" lon="17.171099">
    </trkpt>
    <trkpt lat="40.63632" lon="17.171037">
    </trkpt>
    <trkpt lat="40.636277" lon="17.170982">
    </trkpt>
    <trkpt lat="40.636235" lon="17.170924">
    </trkpt>
    <trkpt lat="40.636193" lon="17.170869">
    </trkpt>
    <trkpt lat="40.636153" lon="17.170811">
    </trkpt>
    <trkpt lat="40.636116" lon="17.170749">
    </trkpt>
    <trkpt lat="40.636076" lon="17.170692">
    </trkpt>
    <trkpt lat="40.636036" lon="17.170635">
    </trkpt>
    <trkpt lat="40.635993" lon="17.170578">
    </trkpt>
    <trkpt lat="40.635956" lon="17.17052">
    </trkpt>
    <trkpt lat="40.635921" lon="17.170465">
    </trkpt>
    <trkpt lat="40.635883" lon="17.17041">
    </trkpt>
    <trkpt lat="40.635843" lon="17.170355">
    </trkpt>
    <trkpt lat="40.635803" lon="17.170297">
    </trkpt>
    <trkpt lat="40.635765" lon="17.17025">
    </trkpt>
    <trkpt lat="40.63573" lon="17.170202">
    </trkpt>
    <trkpt lat="40.635692" lon="17.170154">
    </trkpt>
    <trkpt lat="40.635657" lon="17.170111">
    </trkpt>
    <trkpt lat="40.635625" lon="17.170064">
    </trkpt>
    <trkpt lat="40.635593" lon="17.170016">
    </trkpt>
    <trkpt lat="40.63556" lon="17.169963">
    </trkpt>
    <trkpt lat="40.635527" lon="17.16991">
    </trkpt>
    <trkpt lat="40.635497" lon="17.169863">
    </trkpt>
    <trkpt lat="40.635469" lon="17.169815">
    </trkpt>
    <trkpt lat="40.635439" lon="17.169767">
    </trkpt>
    <trkpt lat="40.635411" lon="17.169715">
    </trkpt>
    <trkpt lat="40.635356" lon="17.169627">
    </trkpt>
    <trkpt lat="40.635323" lon="17.16958">
    </trkpt>
    <trkpt lat="40.635286" lon="17.169537">
    </trkpt>
    <trkpt lat="40.635251" lon="17.169485">
    </trkpt>
    <trkpt lat="40.635218" lon="17.169435">
    </trkpt>
    <trkpt lat="40.635183" lon="17.169385">
    </trkpt>
    <trkpt lat="40.635148" lon="17.169333">
    </trkpt>
    <trkpt lat="40.635113" lon="17.169283">
    </trkpt>
    <trkpt lat="40.635081" lon="17.169235">
    </trkpt>
    <trkpt lat="40.635044" lon="17.169192">
    </trkpt>
    <trkpt lat="40.635009" lon="17.169147">
    </trkpt>
    <trkpt lat="40.634966" lon="17.16909">
    </trkpt>
    <trkpt lat="40.634921" lon="17.169037">
    </trkpt>
    <trkpt lat="40.634879" lon="17.16899">
    </trkpt>
    <trkpt lat="40.634839" lon="17.16894">
    </trkpt>
    <trkpt lat="40.634799" lon="17.168888">
    </trkpt>
    <trkpt lat="40.634759" lon="17.168843">
    </trkpt>
    <trkpt lat="40.634722" lon="17.168783">
    </trkpt>
    <trkpt lat="40.634689" lon="17.168728">
    </trkpt>
    <trkpt lat="40.634654" lon="17.168678">
    </trkpt>
    <trkpt lat="40.634619" lon="17.16863">
    </trkpt>
    <trkpt lat="40.634586" lon="17.168587">
    </trkpt>
    <trkpt lat="40.634554" lon="17.16853">
    </trkpt>
    <trkpt lat="40.634526" lon="17.16848">
    </trkpt>
    <trkpt lat="40.634489" lon="17.168433">
    </trkpt>
    <trkpt lat="40.634456" lon="17.168391">
    </trkpt>
    <trkpt lat="40.634423" lon="17.168351">
    </trkpt>
    <trkpt lat="40.634386" lon="17.168306">
    </trkpt>
    <trkpt lat="40.634344" lon="17.168264">
    </trkpt>
    <trkpt lat="40.634299" lon="17.168222">
    </trkpt>
    <trkpt lat="40.634254" lon="17.168182">
    </trkpt>
    <trkpt lat="40.634204" lon="17.168149">
    </trkpt>
    <trkpt lat="40.634154" lon="17.168116">
    </trkpt>
    <trkpt lat="40.634104" lon="17.168076">
    </trkpt>
    <trkpt lat="40.634057" lon="17.168034">
    </trkpt>
    <trkpt lat="40.634005" lon="17.168001">
    </trkpt>
    <trkpt lat="40.633958" lon="17.167973">
    </trkpt>
    <trkpt lat="40.633908" lon="17.167943">
    </trkpt>
    <trkpt lat="40.63386" lon="17.167916">
    </trkpt>
    <trkpt lat="40.63381" lon="17.167884">
    </trkpt>
    <trkpt lat="40.633765" lon="17.167856">
    </trkpt>
    <trkpt lat="40.63372" lon="17.167819">
    </trkpt>
    <trkpt lat="40.633673" lon="17.167784">
    </trkpt>
    <trkpt lat="40.633623" lon="17.167757">
    </trkpt>
    <trkpt lat="40.633573" lon="17.16772">
    </trkpt>
    <trkpt lat="40.633521" lon="17.167685">
    </trkpt>
    <trkpt lat="40.633476" lon="17.167658">
    </trkpt>
    <trkpt lat="40.633433" lon="17.167626">
    </trkpt>
    <trkpt lat="40.63339" lon="17.167593">
    </trkpt>
    <trkpt lat="40.633343" lon="17.167563">
    </trkpt>
    <trkpt lat="40.633301" lon="17.167535">
    </trkpt>
    <trkpt lat="40.633254" lon="17.16751">
    </trkpt>
    <trkpt lat="40.633209" lon="17.167482">
    </trkpt>
    <trkpt lat="40.633126" lon="17.167442">
    </trkpt>
    <trkpt lat="40.633084" lon="17.167414">
    </trkpt>
    <trkpt lat="40.633042" lon="17.167387">
    </trkpt>
    <trkpt lat="40.632964" lon="17.16734">
    </trkpt>
    <trkpt lat="40.632922" lon="17.167312">
    </trkpt>
    <trkpt lat="40.632844" lon="17.167245">
    </trkpt>
    <trkpt lat="40.632801" lon="17.167207">
    </trkpt>
    <trkpt lat="40.632764" lon="17.167167">
    </trkpt>
    <trkpt lat="40.632727" lon="17.167114">
    </trkpt>
    <trkpt lat="40.632692" lon="17.167054">
    </trkpt>
    <trkpt lat="40.632665" lon="17.166989">
    </trkpt>
    <trkpt lat="40.632635" lon="17.166924">
    </trkpt>
    <trkpt lat="40.632618" lon="17.166861">
    </trkpt>
    <trkpt lat="40.632601" lon="17.166803">
    </trkpt>
    <trkpt lat="40.632584" lon="17.166701">
    </trkpt>
    <trkpt lat="40.632582" lon="17.166613">
    </trkpt>
    <trkpt lat="40.632614" lon="17.16654">
    </trkpt>
    <trkpt lat="40.632654" lon="17.166473">
    </trkpt>
    <trkpt lat="40.632709" lon="17.166411">
    </trkpt>
    <trkpt lat="40.632771" lon="17.166349">
    </trkpt>
    <trkpt lat="40.632831" lon="17.166261">
    </trkpt>
    <trkpt lat="40.632863" lon="17.166214">
    </trkpt>
    <trkpt lat="40.6329" lon="17.166166">
    </trkpt>
    <trkpt lat="40.632935" lon="17.166116">
    </trkpt>
    <trkpt lat="40.632963" lon="17.166051">
    </trkpt>
    <trkpt lat="40.632981" lon="17.165981">
    </trkpt>
    <trkpt lat="40.632988" lon="17.165906">
    </trkpt>
    <trkpt lat="40.632995" lon="17.165833">
    </trkpt>
    <trkpt lat="40.632993" lon="17.165763">
    </trkpt>
    <trkpt lat="40.632985" lon="17.165691">
    </trkpt>
    <trkpt lat="40.63298" lon="17.165621">
    </trkpt>
    <trkpt lat="40.632972" lon="17.165546">
    </trkpt>
    <trkpt lat="40.632959" lon="17.165476">
    </trkpt>
    <trkpt lat="40.632947" lon="17.165403">
    </trkpt>
    <trkpt lat="40.63294" lon="17.165335">
    </trkpt>
    <trkpt lat="40.632942" lon="17.165272">
    </trkpt>
    <trkpt lat="40.632952" lon="17.16521">
    </trkpt>
    <trkpt lat="40.632959" lon="17.16515">
    </trkpt>
    <trkpt lat="40.632966" lon="17.165028">
    </trkpt>
    <trkpt lat="40.632963" lon="17.164965">
    </trkpt>
    <trkpt lat="40.63296" lon="17.164902">
    </trkpt>
    <trkpt lat="40.632953" lon="17.164839">
    </trkpt>
    <trkpt lat="40.632931" lon="17.164726">
    </trkpt>
    <trkpt lat="40.632926" lon="17.164614">
    </trkpt>
    <trkpt lat="40.632923" lon="17.164512">
    </trkpt>
    <trkpt lat="40.632921" lon="17.164405">
    </trkpt>
    <trkpt lat="40.632899" lon="17.164313">
    </trkpt>
    <trkpt lat="40.632881" lon="17.164206">
    </trkpt>
    <trkpt lat="40.632836" lon="17.164114">
    </trkpt>
    <trkpt lat="40.632789" lon="17.164022">
    </trkpt>
    <trkpt lat="40.632756" lon="17.163934">
    </trkpt>
    <trkpt lat="40.632713" lon="17.163842">
    </trkpt>
    <trkpt lat="40.632675" lon="17.163745">
    </trkpt>
    <trkpt lat="40.63263" lon="17.163648">
    </trkpt>
    <trkpt lat="40.632583" lon="17.163546">
    </trkpt>
    <trkpt lat="40.632538" lon="17.163458">
    </trkpt>
    <trkpt lat="40.632493" lon="17.163371">
    </trkpt>
    <trkpt lat="40.632448" lon="17.163291">
    </trkpt>
    <trkpt lat="40.632408" lon="17.163206">
    </trkpt>
    <trkpt lat="40.632366" lon="17.163121">
    </trkpt>
    <trkpt lat="40.632321" lon="17.163034">
    </trkpt>
    <trkpt lat="40.632279" lon="17.162952">
    </trkpt>
    <trkpt lat="40.632236" lon="17.16287">
    </trkpt>
    <trkpt lat="40.632196" lon="17.162787">
    </trkpt>
    <trkpt lat="40.632161" lon="17.162705">
    </trkpt>
    <trkpt lat="40.632129" lon="17.162617">
    </trkpt>
    <trkpt lat="40.632097" lon="17.162525">
    </trkpt>
    <trkpt lat="40.632065" lon="17.162428">
    </trkpt>
    <trkpt lat="40.632033" lon="17.162331">
    </trkpt>
    <trkpt lat="40.632003" lon="17.162224">
    </trkpt>
    <trkpt lat="40.631986" lon="17.162166">
    </trkpt>
    <trkpt lat="40.631968" lon="17.162109">
    </trkpt>
    <trkpt lat="40.631936" lon="17.161999">
    </trkpt>
    <trkpt lat="40.631898" lon="17.161889">
    </trkpt>
    <trkpt lat="40.631861" lon="17.161784">
    </trkpt>
    <trkpt lat="40.631829" lon="17.161674">
    </trkpt>
    <trkpt lat="40.631794" lon="17.161569">
    </trkpt>
    <trkpt lat="40.631767" lon="17.161519">
    </trkpt>
    <trkpt lat="40.631725" lon="17.161429">
    </trkpt>
    <trkpt lat="40.631693" lon="17.161331">
    </trkpt>
    <trkpt lat="40.63166" lon="17.161229">
    </trkpt>
    <trkpt lat="40.631618" lon="17.161126">
    </trkpt>
    <trkpt lat="40.631585" lon="17.161021">
    </trkpt>
    <trkpt lat="40.631555" lon="17.160919">
    </trkpt>
    <trkpt lat="40.631523" lon="17.160812">
    </trkpt>
    <trkpt lat="40.631486" lon="17.160724">
    </trkpt>
    <trkpt lat="40.631451" lon="17.160627">
    </trkpt>
    <trkpt lat="40.631411" lon="17.160532">
    </trkpt>
    <trkpt lat="40.631363" lon="17.160439">
    </trkpt>
    <trkpt lat="40.631336" lon="17.160391">
    </trkpt>
    <trkpt lat="40.631278" lon="17.160316">
    </trkpt>
    <trkpt lat="40.631245" lon="17.160276">
    </trkpt>
    <trkpt lat="40.631177" lon="17.160203">
    </trkpt>
    <trkpt lat="40.631114" lon="17.160128">
    </trkpt>
    <trkpt lat="40.631054" lon="17.160051">
    </trkpt>
    <trkpt lat="40.630994" lon="17.159974">
    </trkpt>
    <trkpt lat="40.630939" lon="17.159897">
    </trkpt>
    <trkpt lat="40.630887" lon="17.159822">
    </trkpt>
    <trkpt lat="40.630835" lon="17.159752">
    </trkpt>
    <trkpt lat="40.630778" lon="17.159687">
    </trkpt>
    <trkpt lat="40.630731" lon="17.159617">
    </trkpt>
    <trkpt lat="40.630681" lon="17.15955">
    </trkpt>
    <trkpt lat="40.630633" lon="17.159488">
    </trkpt>
    <trkpt lat="40.630586" lon="17.159421">
    </trkpt>
    <trkpt lat="40.630536" lon="17.159358">
    </trkpt>
    <trkpt lat="40.630486" lon="17.159298">
    </trkpt>
    <trkpt lat="40.630443" lon="17.159235">
    </trkpt>
    <trkpt lat="40.630396" lon="17.15918">
    </trkpt>
    <trkpt lat="40.630353" lon="17.15912">
    </trkpt>
    <trkpt lat="40.630316" lon="17.159062">
    </trkpt>
    <trkpt lat="40.630268" lon="17.159005">
    </trkpt>
    <trkpt lat="40.630218" lon="17.158943">
    </trkpt>
    <trkpt lat="40.63017" lon="17.158881">
    </trkpt>
    <trkpt lat="40.630127" lon="17.158814">
    </trkpt>
    <trkpt lat="40.63008" lon="17.158742">
    </trkpt>
    <trkpt lat="40.630037" lon="17.15867">
    </trkpt>
    <trkpt lat="40.629995" lon="17.15859">
    </trkpt>
    <trkpt lat="40.629958" lon="17.158512">
    </trkpt>
    <trkpt lat="40.629915" lon="17.158429">
    </trkpt>
    <trkpt lat="40.62988" lon="17.158346">
    </trkpt>
    <trkpt lat="40.629845" lon="17.158266">
    </trkpt>
    <trkpt lat="40.629802" lon="17.158188">
    </trkpt>
    <trkpt lat="40.629772" lon="17.15811">
    </trkpt>
    <trkpt lat="40.629739" lon="17.158022">
    </trkpt>
    <trkpt lat="40.629707" lon="17.15793">
    </trkpt>
    <trkpt lat="40.629675" lon="17.157837">
    </trkpt>
    <trkpt lat="40.62964" lon="17.157737">
    </trkpt>
    <trkpt lat="40.629605" lon="17.157639">
    </trkpt>
    <trkpt lat="40.629565" lon="17.157536">
    </trkpt>
    <trkpt lat="40.62954" lon="17.157483">
    </trkpt>
    <trkpt lat="40.62952" lon="17.157423">
    </trkpt>
    <trkpt lat="40.629502" lon="17.157368">
    </trkpt>
    <trkpt lat="40.629484" lon="17.157313">
    </trkpt>
    <trkpt lat="40.629464" lon="17.157256">
    </trkpt>
    <trkpt lat="40.629447" lon="17.157194">
    </trkpt>
    <trkpt lat="40.629429" lon="17.157134">
    </trkpt>
    <trkpt lat="40.629386" lon="17.157039">
    </trkpt>
    <trkpt lat="40.629359" lon="17.156989">
    </trkpt>
    <trkpt lat="40.629324" lon="17.156937">
    </trkpt>
    <trkpt lat="40.629292" lon="17.156884">
    </trkpt>
    <trkpt lat="40.62926" lon="17.156832">
    </trkpt>
    <trkpt lat="40.629193" lon="17.156754">
    </trkpt>
    <trkpt lat="40.629163" lon="17.156709">
    </trkpt>
    <trkpt lat="40.6291" lon="17.156631">
    </trkpt>
    <trkpt lat="40.629065" lon="17.156591">
    </trkpt>
    <trkpt lat="40.62903" lon="17.156553">
    </trkpt>
    <trkpt lat="40.628993" lon="17.156518">
    </trkpt>
    <trkpt lat="40.628921" lon="17.156455">
    </trkpt>
    <trkpt lat="40.628846" lon="17.156398">
    </trkpt>
    <trkpt lat="40.628768" lon="17.15634">
    </trkpt>
    <trkpt lat="40.628726" lon="17.156313">
    </trkpt>
    <trkpt lat="40.628681" lon="17.15629">
    </trkpt>
    <trkpt lat="40.628641" lon="17.15626">
    </trkpt>
    <trkpt lat="40.628561" lon="17.156198">
    </trkpt>
    <trkpt lat="40.628521" lon="17.156163">
    </trkpt>
    <trkpt lat="40.628481" lon="17.156128">
    </trkpt>
    <trkpt lat="40.628443" lon="17.156095">
    </trkpt>
    <trkpt lat="40.628405" lon="17.156052">
    </trkpt>
    <trkpt lat="40.628342" lon="17.155969">
    </trkpt>
    <trkpt lat="40.628274" lon="17.155891">
    </trkpt>
    <trkpt lat="40.628239" lon="17.155844">
    </trkpt>
    <trkpt lat="40.628206" lon="17.155801">
    </trkpt>
    <trkpt lat="40.628169" lon="17.155764">
    </trkpt>
    <trkpt lat="40.628131" lon="17.155724">
    </trkpt>
    <trkpt lat="40.628061" lon="17.155651">
    </trkpt>
    <trkpt lat="40.627998" lon="17.155574">
    </trkpt>
    <trkpt lat="40.627931" lon="17.155501">
    </trkpt>
    <trkpt lat="40.627864" lon="17.155429">
    </trkpt>
    <trkpt lat="40.627829" lon="17.155387">
    </trkpt>
    <trkpt lat="40.627794" lon="17.155349">
    </trkpt>
    <trkpt lat="40.627732" lon="17.155277">
    </trkpt>
    <trkpt lat="40.627667" lon="17.155207">
    </trkpt>
    <trkpt lat="40.627607" lon="17.155135">
    </trkpt>
    <trkpt lat="40.627547" lon="17.155048">
    </trkpt>
    <trkpt lat="40.627519" lon="17.154998">
    </trkpt>
    <trkpt lat="40.627496" lon="17.154946">
    </trkpt>
    <trkpt lat="40.627478" lon="17.154891">
    </trkpt>
    <trkpt lat="40.627465" lon="17.154831">
    </trkpt>
    <trkpt lat="40.627457" lon="17.154769">
    </trkpt>
    <trkpt lat="40.627452" lon="17.154709">
    </trkpt>
    <trkpt lat="40.627457" lon="17.154592">
    </trkpt>
    <trkpt lat="40.627467" lon="17.154529">
    </trkpt>
    <trkpt lat="40.627474" lon="17.154407">
    </trkpt>
    <trkpt lat="40.627477" lon="17.154345">
    </trkpt>
    <trkpt lat="40.62748" lon="17.154282">
    </trkpt>
    <trkpt lat="40.627482" lon="17.154222">
    </trkpt>
    <trkpt lat="40.627487" lon="17.154155">
    </trkpt>
    <trkpt lat="40.627494" lon="17.154093">
    </trkpt>
    <trkpt lat="40.627496" lon="17.154028">
    </trkpt>
    <trkpt lat="40.627489" lon="17.153963">
    </trkpt>
    <trkpt lat="40.627482" lon="17.153901">
    </trkpt>
    <trkpt lat="40.627474" lon="17.153838">
    </trkpt>
    <trkpt lat="40.627459" lon="17.15378">
    </trkpt>
    <trkpt lat="40.627442" lon="17.153722">
    </trkpt>
    <trkpt lat="40.6274" lon="17.153617">
    </trkpt>
    <trkpt lat="40.62737" lon="17.153569">
    </trkpt>
    <trkpt lat="40.627338" lon="17.153519">
    </trkpt>
    <trkpt lat="40.627305" lon="17.153472">
    </trkpt>
    <trkpt lat="40.62727" lon="17.153422">
    </trkpt>
    <trkpt lat="40.627243" lon="17.153374">
    </trkpt>
    <trkpt lat="40.62718" lon="17.153292">
    </trkpt>
    <trkpt lat="40.627127" lon="17.15321">
    </trkpt>
    <trkpt lat="40.627067" lon="17.153128">
    </trkpt>
    <trkpt lat="40.627007" lon="17.153043">
    </trkpt>
    <trkpt lat="40.626952" lon="17.152961">
    </trkpt>
    <trkpt lat="40.62692" lon="17.152913">
    </trkpt>
    <trkpt lat="40.626892" lon="17.152863">
    </trkpt>
    <trkpt lat="40.626864" lon="17.152806">
    </trkpt>
    <trkpt lat="40.626834" lon="17.152753">
    </trkpt>
    <trkpt lat="40.626782" lon="17.152648">
    </trkpt>
    <trkpt lat="40.626755" lon="17.152585">
    </trkpt>
    <trkpt lat="40.626723" lon="17.152523">
    </trkpt>
    <trkpt lat="40.626693" lon="17.152465">
    </trkpt>
    <trkpt lat="40.626658" lon="17.152393">
    </trkpt>
    <trkpt lat="40.62662" lon="17.152326">
    </trkpt>
    <trkpt lat="40.626585" lon="17.152258">
    </trkpt>
    <trkpt lat="40.626547" lon="17.152191">
    </trkpt>
    <trkpt lat="40.626507" lon="17.152129">
    </trkpt>
    <trkpt lat="40.62646" lon="17.152072">
    </trkpt>
    <trkpt lat="40.626413" lon="17.152014">
    </trkpt>
    <trkpt lat="40.62637" lon="17.151967">
    </trkpt>
    <trkpt lat="40.626327" lon="17.151925">
    </trkpt>
    <trkpt lat="40.626289" lon="17.151878">
    </trkpt>
    <trkpt lat="40.626251" lon="17.15184">
    </trkpt>
    <trkpt lat="40.626184" lon="17.15177">
    </trkpt>
    <trkpt lat="40.626121" lon="17.151707">
    </trkpt>
    <trkpt lat="40.626059" lon="17.151645">
    </trkpt>
    <trkpt lat="40.625996" lon="17.151578">
    </trkpt>
    <trkpt lat="40.625931" lon="17.151513">
    </trkpt>
    <trkpt lat="40.625863" lon="17.151455">
    </trkpt>
    <trkpt lat="40.625796" lon="17.151395">
    </trkpt>
    <trkpt lat="40.625723" lon="17.151332">
    </trkpt>
    <trkpt lat="40.625656" lon="17.15127">
    </trkpt>
    <trkpt lat="40.625584" lon="17.151213">
    </trkpt>
    <trkpt lat="40.625519" lon="17.151151">
    </trkpt>
    <trkpt lat="40.625456" lon="17.151096">
    </trkpt>
    <trkpt lat="40.625391" lon="17.151039">
    </trkpt>
    <trkpt lat="40.625328" lon="17.150979">
    </trkpt>
    <trkpt lat="40.62526" lon="17.150919">
    </trkpt>
    <trkpt lat="40.625208" lon="17.150867">
    </trkpt>
    <trkpt lat="40.62518" lon="17.15082">
    </trkpt>
    <trkpt lat="40.625152" lon="17.150752">
    </trkpt>
    <trkpt lat="40.625105" lon="17.150697">
    </trkpt>
    <trkpt lat="40.625038" lon="17.150677">
    </trkpt>
    <trkpt lat="40.624971" lon="17.150674">
    </trkpt>
    <trkpt lat="40.624921" lon="17.150661">
    </trkpt>
    <trkpt lat="40.624873" lon="17.150643">
    </trkpt>
    <trkpt lat="40.624825" lon="17.150613">
    </trkpt>
    <trkpt lat="40.62477" lon="17.150583">
    </trkpt>
    <trkpt lat="40.62471" lon="17.150563">
    </trkpt>
    <trkpt lat="40.624633" lon="17.150541">
    </trkpt>
    <trkpt lat="40.624553" lon="17.150538">
    </trkpt>
    <trkpt lat="40.624483" lon="17.15053">
    </trkpt>
    <trkpt lat="40.624431" lon="17.15053">
    </trkpt>
    <trkpt lat="40.624396" lon="17.150492">
    </trkpt>
    <trkpt lat="40.624371" lon="17.150414">
    </trkpt>
    <trkpt lat="40.624353" lon="17.150347">
    </trkpt>
    <trkpt lat="40.624331" lon="17.150274">
    </trkpt>
    <trkpt lat="40.624318" lon="17.150196">
    </trkpt>
    <trkpt lat="40.624296" lon="17.150094">
    </trkpt>
    <trkpt lat="40.624283" lon="17.149986">
    </trkpt>
    <trkpt lat="40.624271" lon="17.149928">
    </trkpt>
    <trkpt lat="40.624243" lon="17.149816">
    </trkpt>
    <trkpt lat="40.62423" lon="17.149719">
    </trkpt>
    <trkpt lat="40.624233" lon="17.149642">
    </trkpt>
    <trkpt lat="40.624231" lon="17.149564">
    </trkpt>
    <trkpt lat="40.624253" lon="17.149487">
    </trkpt>
    <trkpt lat="40.62426" lon="17.149387">
    </trkpt>
    <trkpt lat="40.624247" lon="17.149299">
    </trkpt>
    <trkpt lat="40.624265" lon="17.149214">
    </trkpt>
    <trkpt lat="40.624278" lon="17.149131">
    </trkpt>
    <trkpt lat="40.624273" lon="17.149054">
    </trkpt>
    <trkpt lat="40.624296" lon="17.148969">
    </trkpt>
    <trkpt lat="40.624326" lon="17.148884">
    </trkpt>
    <trkpt lat="40.624299" lon="17.148797">
    </trkpt>
    <trkpt lat="40.624276" lon="17.148712">
    </trkpt>
    <trkpt lat="40.624278" lon="17.148624">
    </trkpt>
    <trkpt lat="40.624268" lon="17.148537">
    </trkpt>
    <trkpt lat="40.624246" lon="17.148449">
    </trkpt>
    <trkpt lat="40.624221" lon="17.148364">
    </trkpt>
    <trkpt lat="40.624199" lon="17.148272">
    </trkpt>
    <trkpt lat="40.624179" lon="17.148177">
    </trkpt>
    <trkpt lat="40.624152" lon="17.148085">
    </trkpt>
    <trkpt lat="40.624117" lon="17.148003">
    </trkpt>
    <trkpt lat="40.624095" lon="17.147916">
    </trkpt>
    <trkpt lat="40.624072" lon="17.147826">
    </trkpt>
    <trkpt lat="40.624042" lon="17.147731">
    </trkpt>
    <trkpt lat="40.624012" lon="17.147638">
    </trkpt>
    <trkpt lat="40.623969" lon="17.147566">
    </trkpt>
    <trkpt lat="40.623936" lon="17.147489">
    </trkpt>
    <trkpt lat="40.623909" lon="17.147426">
    </trkpt>
    <trkpt lat="40.623877" lon="17.147363">
    </trkpt>
    <trkpt lat="40.623835" lon="17.147315">
    </trkpt>
    <trkpt lat="40.623803" lon="17.147257">
    </trkpt>
    <trkpt lat="40.623771" lon="17.147179">
    </trkpt>
    <trkpt lat="40.623731" lon="17.147109">
    </trkpt>
    <trkpt lat="40.623694" lon="17.147051">
    </trkpt>
    <trkpt lat="40.623662" lon="17.146993">
    </trkpt>
    <trkpt lat="40.62365" lon="17.146923">
    </trkpt>
    <trkpt lat="40.623628" lon="17.146855">
    </trkpt>
    <trkpt lat="40.6236" lon="17.146788">
    </trkpt>
    <trkpt lat="40.62359" lon="17.146721">
    </trkpt>
    <trkpt lat="40.623573" lon="17.146653">
    </trkpt>
    <trkpt lat="40.623546" lon="17.146575">
    </trkpt>
    <trkpt lat="40.623531" lon="17.146507">
    </trkpt>
    <trkpt lat="40.623516" lon="17.146429">
    </trkpt>
    <trkpt lat="40.623491" lon="17.146371">
    </trkpt>
    <trkpt lat="40.623458" lon="17.146296">
    </trkpt>
    <trkpt lat="40.623425" lon="17.146223">
    </trkpt>
    <trkpt lat="40.62339" lon="17.146153">
    </trkpt>
    <trkpt lat="40.623358" lon="17.146081">
    </trkpt>
    <trkpt lat="40.623341" lon="17.146014">
    </trkpt>
    <trkpt lat="40.623321" lon="17.145944">
    </trkpt>
    <trkpt lat="40.623293" lon="17.145882">
    </trkpt>
    <trkpt lat="40.623265" lon="17.14583">
    </trkpt>
    <trkpt lat="40.623228" lon="17.145767">
    </trkpt>
    <trkpt lat="40.623191" lon="17.145704">
    </trkpt>
    <trkpt lat="40.623158" lon="17.145639">
    </trkpt>
    <trkpt lat="40.623121" lon="17.145569">
    </trkpt>
    <trkpt lat="40.623081" lon="17.145504">
    </trkpt>
    <trkpt lat="40.623036" lon="17.145436">
    </trkpt>
    <trkpt lat="40.622993" lon="17.145364">
    </trkpt>
    <trkpt lat="40.622946" lon="17.145289">
    </trkpt>
    <trkpt lat="40.622898" lon="17.145206">
    </trkpt>
    <trkpt lat="40.622855" lon="17.145131">
    </trkpt>
    <trkpt lat="40.622805" lon="17.145043">
    </trkpt>
    <trkpt lat="40.622762" lon="17.144965">
    </trkpt>
    <trkpt lat="40.622717" lon="17.144897">
    </trkpt>
    <trkpt lat="40.622675" lon="17.14484">
    </trkpt>
    <trkpt lat="40.622643" lon="17.14479">
    </trkpt>
    <trkpt lat="40.622605" lon="17.144737">
    </trkpt>
    <trkpt lat="40.622555" lon="17.144659">
    </trkpt>
    <trkpt lat="40.622528" lon="17.144577">
    </trkpt>
    <trkpt lat="40.622501" lon="17.144502">
    </trkpt>
    <trkpt lat="40.622488" lon="17.144434">
    </trkpt>
    <trkpt lat="40.622501" lon="17.144341">
    </trkpt>
    <trkpt lat="40.622499" lon="17.144253">
    </trkpt>
    <trkpt lat="40.622474" lon="17.144171">
    </trkpt>
    <trkpt lat="40.622447" lon="17.144079">
    </trkpt>
    <trkpt lat="40.622394" lon="17.143977">
    </trkpt>
    <trkpt lat="40.622366" lon="17.143922">
    </trkpt>
    <trkpt lat="40.622323" lon="17.14385">
    </trkpt>
    <trkpt lat="40.622335" lon="17.143932">
    </trkpt>
    <trkpt lat="40.622365" lon="17.143987">
    </trkpt>
    <trkpt lat="40.622398" lon="17.144042">
    </trkpt>
    <trkpt lat="40.622428" lon="17.144097">
    </trkpt>
    <trkpt lat="40.622461" lon="17.144159">
    </trkpt>
    <trkpt lat="40.622471" lon="17.144226">
    </trkpt>
    <trkpt lat="40.622423" lon="17.144234">
    </trkpt>
    <trkpt lat="40.622363" lon="17.144234">
    </trkpt>
    <trkpt lat="40.622323" lon="17.144176">
    </trkpt>
    <trkpt lat="40.622273" lon="17.144111">
    </trkpt>
    <trkpt lat="40.622213" lon="17.144074">
    </trkpt>
    <trkpt lat="40.62216" lon="17.144031">
    </trkpt>
    <trkpt lat="40.62213" lon="17.143933">
    </trkpt>
    <trkpt lat="40.62208" lon="17.143851">
    </trkpt>
    <trkpt lat="40.622023" lon="17.143789">
    </trkpt>
    <trkpt lat="40.621968" lon="17.143719">
    </trkpt>
    <trkpt lat="40.62191" lon="17.143632">
    </trkpt>
    <trkpt lat="40.621858" lon="17.143539">
    </trkpt>
    <trkpt lat="40.62183" lon="17.143492">
    </trkpt>
    <trkpt lat="40.621775" lon="17.143409">
    </trkpt>
    <trkpt lat="40.62172" lon="17.143326">
    </trkpt>
    <trkpt lat="40.621673" lon="17.143236">
    </trkpt>
    <trkpt lat="40.621606" lon="17.143159">
    </trkpt>
    <trkpt lat="40.621541" lon="17.143087">
    </trkpt>
    <trkpt lat="40.621478" lon="17.143014">
    </trkpt>
    <trkpt lat="40.62143" lon="17.142932">
    </trkpt>
    <trkpt lat="40.621403" lon="17.142884">
    </trkpt>
    <trkpt lat="40.621375" lon="17.142836">
    </trkpt>
    <trkpt lat="40.621332" lon="17.142746">
    </trkpt>
    <trkpt lat="40.62129" lon="17.142673">
    </trkpt>
    <trkpt lat="40.621252" lon="17.142591">
    </trkpt>
    <trkpt lat="40.621205" lon="17.142506">
    </trkpt>
    <trkpt lat="40.621155" lon="17.142423">
    </trkpt>
    <trkpt lat="40.6211" lon="17.142338">
    </trkpt>
    <trkpt lat="40.621037" lon="17.142246">
    </trkpt>
    <trkpt lat="40.621005" lon="17.142199">
    </trkpt>
    <trkpt lat="40.620967" lon="17.142106">
    </trkpt>
    <trkpt lat="40.620929" lon="17.142021">
    </trkpt>
    <trkpt lat="40.620881" lon="17.141933">
    </trkpt>
    <trkpt lat="40.620831" lon="17.141853">
    </trkpt>
    <trkpt lat="40.620774" lon="17.141768">
    </trkpt>
    <trkpt lat="40.620719" lon="17.14169">
    </trkpt>
    <trkpt lat="40.620689" lon="17.141602">
    </trkpt>
    <trkpt lat="40.620664" lon="17.141495">
    </trkpt>
    <trkpt lat="40.620629" lon="17.141407">
    </trkpt>
    <trkpt lat="40.620582" lon="17.141327">
    </trkpt>
    <trkpt lat="40.620542" lon="17.141245">
    </trkpt>
    <trkpt lat="40.62048" lon="17.141177">
    </trkpt>
    <trkpt lat="40.620417" lon="17.141112">
    </trkpt>
    <trkpt lat="40.620374" lon="17.141025">
    </trkpt>
    <trkpt lat="40.620341" lon="17.140955">
    </trkpt>
    <trkpt lat="40.620304" lon="17.140875">
    </trkpt>
    <trkpt lat="40.620252" lon="17.14081">
    </trkpt>
    <trkpt lat="40.620207" lon="17.140733">
    </trkpt>
    <trkpt lat="40.620164" lon="17.140658">
    </trkpt>
    <trkpt lat="40.620119" lon="17.140586">
    </trkpt>
    <trkpt lat="40.620074" lon="17.140518">
    </trkpt>
    <trkpt lat="40.620027" lon="17.140436">
    </trkpt>
    <trkpt lat="40.619977" lon="17.140369">
    </trkpt>
    <trkpt lat="40.619932" lon="17.140291">
    </trkpt>
    <trkpt lat="40.619892" lon="17.140198">
    </trkpt>
    <trkpt lat="40.619852" lon="17.140118">
    </trkpt>
    <trkpt lat="40.619807" lon="17.140041">
    </trkpt>
    <trkpt lat="40.619765" lon="17.139958">
    </trkpt>
    <trkpt lat="40.61972" lon="17.139876">
    </trkpt>
    <trkpt lat="40.619673" lon="17.139801">
    </trkpt>
    <trkpt lat="40.619626" lon="17.139728">
    </trkpt>
    <trkpt lat="40.619579" lon="17.139655">
    </trkpt>
    <trkpt lat="40.619526" lon="17.139575">
    </trkpt>
    <trkpt lat="40.619481" lon="17.139492">
    </trkpt>
    <trkpt lat="40.619428" lon="17.13941">
    </trkpt>
    <trkpt lat="40.619375" lon="17.139333">
    </trkpt>
    <trkpt lat="40.619325" lon="17.139261">
    </trkpt>
    <trkpt lat="40.619285" lon="17.139169">
    </trkpt>
    <trkpt lat="40.619242" lon="17.139077">
    </trkpt>
    <trkpt lat="40.619185" lon="17.138995">
    </trkpt>
    <trkpt lat="40.619118" lon="17.138923">
    </trkpt>
    <trkpt lat="40.619071" lon="17.138846">
    </trkpt>
    <trkpt lat="40.619024" lon="17.138764">
    </trkpt>
    <trkpt lat="40.618972" lon="17.138686">
    </trkpt>
    <trkpt lat="40.61892" lon="17.138598">
    </trkpt>
    <trkpt lat="40.61886" lon="17.138521">
    </trkpt>
    <trkpt lat="40.618793" lon="17.138459">
    </trkpt>
    <trkpt lat="40.61874" lon="17.138402">
    </trkpt>
    <trkpt lat="40.618705" lon="17.138354">
    </trkpt>
    <trkpt lat="40.618675" lon="17.138289">
    </trkpt>
    <trkpt lat="40.618655" lon="17.138229">
    </trkpt>
    <trkpt lat="40.618628" lon="17.138172">
    </trkpt>
    <trkpt lat="40.618601" lon="17.138099">
    </trkpt>
    <trkpt lat="40.618573" lon="17.138029">
    </trkpt>
    <trkpt lat="40.61854" lon="17.137974">
    </trkpt>
    <trkpt lat="40.618502" lon="17.137912">
    </trkpt>
    <trkpt lat="40.618459" lon="17.13784">
    </trkpt>
    <trkpt lat="40.618422" lon="17.137767">
    </trkpt>
    <trkpt lat="40.618374" lon="17.137684">
    </trkpt>
    <trkpt lat="40.618329" lon="17.137602">
    </trkpt>
    <trkpt lat="40.618277" lon="17.137524">
    </trkpt>
    <trkpt lat="40.618224" lon="17.137444">
    </trkpt>
    <trkpt lat="40.618176" lon="17.137357">
    </trkpt>
    <trkpt lat="40.618124" lon="17.137272">
    </trkpt>
    <trkpt lat="40.618074" lon="17.137187">
    </trkpt>
    <trkpt lat="40.618024" lon="17.137104">
    </trkpt>
    <trkpt lat="40.617971" lon="17.137031">
    </trkpt>
    <trkpt lat="40.617916" lon="17.136946">
    </trkpt>
    <trkpt lat="40.617866" lon="17.136861">
    </trkpt>
    <trkpt lat="40.617824" lon="17.136778">
    </trkpt>
    <trkpt lat="40.617776" lon="17.136693">
    </trkpt>
    <trkpt lat="40.617731" lon="17.136608">
    </trkpt>
    <trkpt lat="40.617684" lon="17.136515">
    </trkpt>
    <trkpt lat="40.617631" lon="17.136433">
    </trkpt>
    <trkpt lat="40.617578" lon="17.136351">
    </trkpt>
    <trkpt lat="40.617533" lon="17.136269">
    </trkpt>
    <trkpt lat="40.617483" lon="17.136179">
    </trkpt>
    <trkpt lat="40.617435" lon="17.136096">
    </trkpt>
    <trkpt lat="40.61739" lon="17.136023">
    </trkpt>
    <trkpt lat="40.617338" lon="17.135953">
    </trkpt>
    <trkpt lat="40.617288" lon="17.135883">
    </trkpt>
    <trkpt lat="40.617246" lon="17.135831">
    </trkpt>
    <trkpt lat="40.617213" lon="17.135781">
    </trkpt>
    <trkpt lat="40.617183" lon="17.135709">
    </trkpt>
    <trkpt lat="40.617151" lon="17.135627">
    </trkpt>
    <trkpt lat="40.617148" lon="17.135549">
    </trkpt>
    <trkpt lat="40.617166" lon="17.135487">
    </trkpt>
    <trkpt lat="40.617171" lon="17.135407">
    </trkpt>
    <trkpt lat="40.617153" lon="17.135342">
    </trkpt>
    <trkpt lat="40.617115" lon="17.135265">
    </trkpt>
    <trkpt lat="40.617068" lon="17.135188">
    </trkpt>
    <trkpt lat="40.617028" lon="17.135105">
    </trkpt>
    <trkpt lat="40.616986" lon="17.135027">
    </trkpt>
    <trkpt lat="40.616941" lon="17.134947">
    </trkpt>
    <trkpt lat="40.616891" lon="17.134882">
    </trkpt>
    <trkpt lat="40.616838" lon="17.13481">
    </trkpt>
    <trkpt lat="40.61678" lon="17.13474">
    </trkpt>
    <trkpt lat="40.616733" lon="17.134675">
    </trkpt>
    <trkpt lat="40.616683" lon="17.13461">
    </trkpt>
    <trkpt lat="40.61664" lon="17.134535">
    </trkpt>
    <trkpt lat="40.6166" lon="17.13447">
    </trkpt>
    <trkpt lat="40.616557" lon="17.134402">
    </trkpt>
    <trkpt lat="40.616514" lon="17.134332">
    </trkpt>
    <trkpt lat="40.616466" lon="17.134265">
    </trkpt>
    <trkpt lat="40.616433" lon="17.134205">
    </trkpt>
    <trkpt lat="40.616415" lon="17.134143">
    </trkpt>
    <trkpt lat="40.616375" lon="17.134081">
    </trkpt>
    <trkpt lat="40.616318" lon="17.134023">
    </trkpt>
    <trkpt lat="40.616278" lon="17.133978">
    </trkpt>
    <trkpt lat="40.616246" lon="17.133925">
    </trkpt>
    <trkpt lat="40.616203" lon="17.133867">
    </trkpt>
    <trkpt lat="40.616158" lon="17.133804">
    </trkpt>
    <trkpt lat="40.616116" lon="17.133749">
    </trkpt>
    <trkpt lat="40.616068" lon="17.133687">
    </trkpt>
    <trkpt lat="40.616031" lon="17.133642">
    </trkpt>
    <trkpt lat="40.615988" lon="17.133595">
    </trkpt>
    <trkpt lat="40.615946" lon="17.133542">
    </trkpt>
    <trkpt lat="40.615914" lon="17.13348">
    </trkpt>
    <trkpt lat="40.615876" lon="17.133422">
    </trkpt>
    <trkpt lat="40.615839" lon="17.133374">
    </trkpt>
    <trkpt lat="40.615807" lon="17.133306">
    </trkpt>
    <trkpt lat="40.615769" lon="17.133241">
    </trkpt>
    <trkpt lat="40.615726" lon="17.133168">
    </trkpt>
    <trkpt lat="40.615688" lon="17.133106">
    </trkpt>
    <trkpt lat="40.615645" lon="17.133054">
    </trkpt>
    <trkpt lat="40.615602" lon="17.132987">
    </trkpt>
    <trkpt lat="40.61555" lon="17.132922">
    </trkpt>
    <trkpt lat="40.615497" lon="17.132855">
    </trkpt>
    <trkpt lat="40.615447" lon="17.132797">
    </trkpt>
    <trkpt lat="40.615407" lon="17.132735">
    </trkpt>
    <trkpt lat="40.615352" lon="17.132663">
    </trkpt>
    <trkpt lat="40.615304" lon="17.132581">
    </trkpt>
    <trkpt lat="40.615249" lon="17.132506">
    </trkpt>
    <trkpt lat="40.615211" lon="17.132438">
    </trkpt>
    <trkpt lat="40.615184" lon="17.13237">
    </trkpt>
    <trkpt lat="40.615142" lon="17.132328">
    </trkpt>
    <trkpt lat="40.6151" lon="17.132298">
    </trkpt>
    <trkpt lat="40.615058" lon="17.13225">
    </trkpt>
    <trkpt lat="40.615008" lon="17.132188">
    </trkpt>
    <trkpt lat="40.614948" lon="17.132113">
    </trkpt>
    <trkpt lat="40.614903" lon="17.132041">
    </trkpt>
    <trkpt lat="40.61486" lon="17.131968">
    </trkpt>
    <trkpt lat="40.614822" lon="17.131916">
    </trkpt>
    <trkpt lat="40.614785" lon="17.131853">
    </trkpt>
    <trkpt lat="40.614752" lon="17.131806">
    </trkpt>
    <trkpt lat="40.614722" lon="17.131759">
    </trkpt>
    <trkpt lat="40.614684" lon="17.131719">
    </trkpt>
    <trkpt lat="40.614634" lon="17.131657">
    </trkpt>
    <trkpt lat="40.614592" lon="17.131595">
    </trkpt>
    <trkpt lat="40.614557" lon="17.131542">
    </trkpt>
    <trkpt lat="40.614519" lon="17.131504">
    </trkpt>
    <trkpt lat="40.614481" lon="17.131451">
    </trkpt>
    <trkpt lat="40.614448" lon="17.131381">
    </trkpt>
    <trkpt lat="40.614411" lon="17.131326">
    </trkpt>
    <trkpt lat="40.614376" lon="17.131264">
    </trkpt>
    <trkpt lat="40.614334" lon="17.131204">
    </trkpt>
    <trkpt lat="40.614287" lon="17.131157">
    </trkpt>
    <trkpt lat="40.61425" lon="17.131104">
    </trkpt>
    <trkpt lat="40.614215" lon="17.131057">
    </trkpt>
    <trkpt lat="40.61418" lon="17.130992">
    </trkpt>
    <trkpt lat="40.614135" lon="17.130929">
    </trkpt>
    <trkpt lat="40.614103" lon="17.130871">
    </trkpt>
    <trkpt lat="40.614065" lon="17.130914">
    </trkpt>
    <trkpt lat="40.614008" lon="17.130961">
    </trkpt>
    <trkpt lat="40.613951" lon="17.130999">
    </trkpt>
    <trkpt lat="40.613898" lon="17.131039">
    </trkpt>
    <trkpt lat="40.61384" lon="17.131082">
    </trkpt>
    <trkpt lat="40.613782" lon="17.131124">
    </trkpt>
    <trkpt lat="40.613725" lon="17.131167">
    </trkpt>
    <trkpt lat="40.613667" lon="17.131217">
    </trkpt>
    <trkpt lat="40.613612" lon="17.131257">
    </trkpt>
    <trkpt lat="40.61355" lon="17.131294">
    </trkpt>
    <trkpt lat="40.613482" lon="17.131336">
    </trkpt>
    <trkpt lat="40.613419" lon="17.131379">
    </trkpt>
    <trkpt lat="40.613356" lon="17.131437">
    </trkpt>
    <trkpt lat="40.613296" lon="17.131485">
    </trkpt>
    <trkpt lat="40.613246" lon="17.131532">
    </trkpt>
    <trkpt lat="40.613196" lon="17.131585">
    </trkpt>
    <trkpt lat="40.613139" lon="17.131635">
    </trkpt>
    <trkpt lat="40.613081" lon="17.131693">
    </trkpt>
    <trkpt lat="40.613029" lon="17.131751">
    </trkpt>
    <trkpt lat="40.612987" lon="17.131798">
    </trkpt>
    <trkpt lat="40.61294" lon="17.13185">
    </trkpt>
    <trkpt lat="40.612892" lon="17.131905">
    </trkpt>
    <trkpt lat="40.612837" lon="17.131955">
    </trkpt>
    <trkpt lat="40.612785" lon="17.132005">
    </trkpt>
    <trkpt lat="40.612733" lon="17.132063">
    </trkpt>
    <trkpt lat="40.61268" lon="17.132123">
    </trkpt>
    <trkpt lat="40.612632" lon="17.132178">
    </trkpt>
    <trkpt lat="40.61258" lon="17.132236">
    </trkpt>
    <trkpt lat="40.612535" lon="17.132296">
    </trkpt>
    <trkpt lat="40.61248" lon="17.132356">
    </trkpt>
    <trkpt lat="40.612433" lon="17.132411">
    </trkpt>
    <trkpt lat="40.612391" lon="17.132471">
    </trkpt>
    <trkpt lat="40.612346" lon="17.132526">
    </trkpt>
    <trkpt lat="40.612309" lon="17.132581">
    </trkpt>
    <trkpt lat="40.612272" lon="17.132639">
    </trkpt>
    <trkpt lat="40.612229" lon="17.132711">
    </trkpt>
    <trkpt lat="40.612179" lon="17.132773">
    </trkpt>
    <trkpt lat="40.612127" lon="17.132838">
    </trkpt>
    <trkpt lat="40.612075" lon="17.13291">
    </trkpt>
    <trkpt lat="40.612035" lon="17.132988">
    </trkpt>
    <trkpt lat="40.611992" lon="17.133066">
    </trkpt>
    <trkpt lat="40.61195" lon="17.133141">
    </trkpt>
    <trkpt lat="40.611915" lon="17.133219">
    </trkpt>
    <trkpt lat="40.611877" lon="17.133297">
    </trkpt>
    <trkpt lat="40.611834" lon="17.133369">
    </trkpt>
    <trkpt lat="40.611797" lon="17.133451">
    </trkpt>
    <trkpt lat="40.611747" lon="17.133531">
    </trkpt>
    <trkpt lat="40.611697" lon="17.133608">
    </trkpt>
    <trkpt lat="40.611645" lon="17.13368">
    </trkpt>
    <trkpt lat="40.61159" lon="17.133757">
    </trkpt>
    <trkpt lat="40.611543" lon="17.133829">
    </trkpt>
    <trkpt lat="40.611491" lon="17.133906">
    </trkpt>
    <trkpt lat="40.611438" lon="17.133984">
    </trkpt>
    <trkpt lat="40.611388" lon="17.134062">
    </trkpt>
    <trkpt lat="40.611345" lon="17.134137">
    </trkpt>
    <trkpt lat="40.611305" lon="17.134205">
    </trkpt>
    <trkpt lat="40.611255" lon="17.134265">
    </trkpt>
    <trkpt lat="40.6112" lon="17.134317">
    </trkpt>
    <trkpt lat="40.611138" lon="17.134367">
    </trkpt>
    <trkpt lat="40.611075" lon="17.13442">
    </trkpt>
    <trkpt lat="40.611015" lon="17.134465">
    </trkpt>
    <trkpt lat="40.610967" lon="17.134515">
    </trkpt>
    <trkpt lat="40.610914" lon="17.134578">
    </trkpt>
    <trkpt lat="40.610867" lon="17.134636">
    </trkpt>
    <trkpt lat="40.61081" lon="17.134706">
    </trkpt>
    <trkpt lat="40.610762" lon="17.134779">
    </trkpt>
    <trkpt lat="40.610722" lon="17.134864">
    </trkpt>
    <trkpt lat="40.610674" lon="17.134929">
    </trkpt>
    <trkpt lat="40.610621" lon="17.134994">
    </trkpt>
    <trkpt lat="40.610588" lon="17.135062">
    </trkpt>
    <trkpt lat="40.610575" lon="17.135155">
    </trkpt>
    <trkpt lat="40.610545" lon="17.135242">
    </trkpt>
    <trkpt lat="40.610502" lon="17.135314">
    </trkpt>
    <trkpt lat="40.610472" lon="17.135376">
    </trkpt>
    <trkpt lat="40.610415" lon="17.135421">
    </trkpt>
    <trkpt lat="40.610357" lon="17.135449">
    </trkpt>
    <trkpt lat="40.610289" lon="17.135491">
    </trkpt>
    <trkpt lat="40.610229" lon="17.135571">
    </trkpt>
    <trkpt lat="40.610189" lon="17.135656">
    </trkpt>
    <trkpt lat="40.610142" lon="17.135721">
    </trkpt>
    <trkpt lat="40.61009" lon="17.135754">
    </trkpt>
    <trkpt lat="40.610065" lon="17.135822">
    </trkpt>
    <trkpt lat="40.610112" lon="17.135837">
    </trkpt>
    <trkpt lat="40.61012" lon="17.135904">
    </trkpt>
    <trkpt lat="40.610093" lon="17.135957">
    </trkpt>
    <trkpt lat="40.610048" lon="17.136002">
    </trkpt>
    <trkpt lat="40.609991" lon="17.136039">
    </trkpt>
    <trkpt lat="40.609936" lon="17.136087">
    </trkpt>
    <trkpt lat="40.609878" lon="17.136129">
    </trkpt>
    <trkpt lat="40.609826" lon="17.136181">
    </trkpt>
    <trkpt lat="40.609768" lon="17.136236">
    </trkpt>
    <trkpt lat="40.609703" lon="17.136271">
    </trkpt>
    <trkpt lat="40.609621" lon="17.136299">
    </trkpt>
    <trkpt lat="40.609549" lon="17.136351">
    </trkpt>
    <trkpt lat="40.609502" lon="17.136409">
    </trkpt>
    <trkpt lat="40.609469" lon="17.136459">
    </trkpt>
    <trkpt lat="40.609412" lon="17.136496">
    </trkpt>
    <trkpt lat="40.60934" lon="17.136533">
    </trkpt>
    <trkpt lat="40.609275" lon="17.136568">
    </trkpt>
    <trkpt lat="40.609213" lon="17.13658">
    </trkpt>
    <trkpt lat="40.609168" lon="17.136607">
    </trkpt>
    <trkpt lat="40.609113" lon="17.136664">
    </trkpt>
    <trkpt lat="40.609073" lon="17.136696">
    </trkpt>
    <trkpt lat="40.609016" lon="17.136716">
    </trkpt>
    <trkpt lat="40.608961" lon="17.136693">
    </trkpt>
    <trkpt lat="40.608893" lon="17.13665">
    </trkpt>
    <trkpt lat="40.608813" lon="17.136608">
    </trkpt>
    <trkpt lat="40.608735" lon="17.136568">
    </trkpt>
    <trkpt lat="40.608645" lon="17.136556">
    </trkpt>
    <trkpt lat="40.608567" lon="17.136591">
    </trkpt>
    <trkpt lat="40.608499" lon="17.136653">
    </trkpt>
    <trkpt lat="40.608422" lon="17.13671">
    </trkpt>
    <trkpt lat="40.60834" lon="17.136765">
    </trkpt>
    <trkpt lat="40.60827" lon="17.136823">
    </trkpt>
    <trkpt lat="40.608197" lon="17.136881">
    </trkpt>
    <trkpt lat="40.608127" lon="17.136943">
    </trkpt>
    <trkpt lat="40.60806" lon="17.13701">
    </trkpt>
    <trkpt lat="40.607997" lon="17.137063">
    </trkpt>
    <trkpt lat="40.607927" lon="17.137113">
    </trkpt>
    <trkpt lat="40.60787" lon="17.137178">
    </trkpt>
    <trkpt lat="40.607817" lon="17.13724">
    </trkpt>
    <trkpt lat="40.60776" lon="17.137292">
    </trkpt>
    <trkpt lat="40.60771" lon="17.137344">
    </trkpt>
    <trkpt lat="40.607658" lon="17.137391">
    </trkpt>
    <trkpt lat="40.607595" lon="17.137438">
    </trkpt>
    <trkpt lat="40.60754" lon="17.137495">
    </trkpt>
    <trkpt lat="40.607498" lon="17.137565">
    </trkpt>
    <trkpt lat="40.607441" lon="17.137612">
    </trkpt>
    <trkpt lat="40.607376" lon="17.137657">
    </trkpt>
    <trkpt lat="40.607323" lon="17.137712">
    </trkpt>
    <trkpt lat="40.607286" lon="17.137782">
    </trkpt>
    <trkpt lat="40.607259" lon="17.137844">
    </trkpt>
    <trkpt lat="40.607201" lon="17.137877">
    </trkpt>
    <trkpt lat="40.607124" lon="17.13792">
    </trkpt>
    <trkpt lat="40.607054" lon="17.13797">
    </trkpt>
    <trkpt lat="40.606996" lon="17.138047">
    </trkpt>
    <trkpt lat="40.606941" lon="17.138119">
    </trkpt>
    <trkpt lat="40.606891" lon="17.138201">
    </trkpt>
    <trkpt lat="40.606839" lon="17.138274">
    </trkpt>
    <trkpt lat="40.606786" lon="17.138344">
    </trkpt>
    <trkpt lat="40.606726" lon="17.138401">
    </trkpt>
    <trkpt lat="40.606666" lon="17.138471">
    </trkpt>
    <trkpt lat="40.606613" lon="17.138529">
    </trkpt>
    <trkpt lat="40.606568" lon="17.138592">
    </trkpt>
    <trkpt lat="40.606525" lon="17.138645">
    </trkpt>
    <trkpt lat="40.60648" lon="17.1387">
    </trkpt>
    <trkpt lat="40.606435" lon="17.13875">
    </trkpt>
    <trkpt lat="40.606397" lon="17.138807">
    </trkpt>
    <trkpt lat="40.606352" lon="17.138804">
    </trkpt>
    <trkpt lat="40.606305" lon="17.138779">
    </trkpt>
    <trkpt lat="40.606253" lon="17.138734">
    </trkpt>
    <trkpt lat="40.606193" lon="17.138676">
    </trkpt>
    <trkpt lat="40.606126" lon="17.138611">
    </trkpt>
    <trkpt lat="40.606058" lon="17.138543">
    </trkpt>
    <trkpt lat="40.605988" lon="17.13848">
    </trkpt>
    <trkpt lat="40.60593" lon="17.138418">
    </trkpt>
    <trkpt lat="40.605873" lon="17.138346">
    </trkpt>
    <trkpt lat="40.605805" lon="17.138288">
    </trkpt>
    <trkpt lat="40.605735" lon="17.138218">
    </trkpt>
    <trkpt lat="40.605668" lon="17.138151">
    </trkpt>
    <trkpt lat="40.605628" lon="17.138121">
    </trkpt>
    <trkpt lat="40.605565" lon="17.138044">
    </trkpt>
    <trkpt lat="40.605523" lon="17.137986">
    </trkpt>
    <trkpt lat="40.605481" lon="17.137961">
    </trkpt>
    <trkpt lat="40.605424" lon="17.137913">
    </trkpt>
    <trkpt lat="40.605362" lon="17.137855">
    </trkpt>
    <trkpt lat="40.605302" lon="17.137798">
    </trkpt>
    <trkpt lat="40.605242" lon="17.137735">
    </trkpt>
    <trkpt lat="40.605177" lon="17.137665">
    </trkpt>
    <trkpt lat="40.605132" lon="17.137623">
    </trkpt>
    <trkpt lat="40.605079" lon="17.137586">
    </trkpt>
    <trkpt lat="40.605032" lon="17.137534">
    </trkpt>
    <trkpt lat="40.604987" lon="17.137487">
    </trkpt>
    <trkpt lat="40.604942" lon="17.137465">
    </trkpt>
    <trkpt lat="40.604912" lon="17.137418">
    </trkpt>
    <trkpt lat="40.604885" lon="17.137316">
    </trkpt>
    <trkpt lat="40.604858" lon="17.137219">
    </trkpt>
    <trkpt lat="40.60484" lon="17.137154">
    </trkpt>
    <trkpt lat="40.604828" lon="17.137084">
    </trkpt>
    <trkpt lat="40.604833" lon="17.137017">
    </trkpt>
    <trkpt lat="40.604851" lon="17.136959">
    </trkpt>
    <trkpt lat="40.604888" lon="17.136907">
    </trkpt>
    <trkpt lat="40.604936" lon="17.136864">
    </trkpt>
    <trkpt lat="40.604981" lon="17.136821">
    </trkpt>
    <trkpt lat="40.605016" lon="17.136768">
    </trkpt>
    <trkpt lat="40.605038" lon="17.136703">
    </trkpt>
    <trkpt lat="40.605051" lon="17.136638">
    </trkpt>
    <trkpt lat="40.605068" lon="17.136535">
    </trkpt>
    <trkpt lat="40.605075" lon="17.136443">
    </trkpt>
    <trkpt lat="40.605085" lon="17.136341">
    </trkpt>
    <trkpt lat="40.605095" lon="17.136224">
    </trkpt>
    <trkpt lat="40.605107" lon="17.136164">
    </trkpt>
    <trkpt lat="40.605122" lon="17.136067">
    </trkpt>
    <trkpt lat="40.605159" lon="17.136014">
    </trkpt>
    <trkpt lat="40.605182" lon="17.135954">
    </trkpt>
    <trkpt lat="40.605172" lon="17.135894">
    </trkpt>
    <trkpt lat="40.605145" lon="17.135822">
    </trkpt>
    <trkpt lat="40.605113" lon="17.135769">
    </trkpt>
    <trkpt lat="40.605078" lon="17.135722">
    </trkpt>
    <trkpt lat="40.605036" lon="17.13569">
    </trkpt>
    <trkpt lat="40.604971" lon="17.135665">
    </trkpt>
    <trkpt lat="40.604921" lon="17.135663">
    </trkpt>
    <trkpt lat="40.604864" lon="17.135675">
    </trkpt>
    <trkpt lat="40.604811" lon="17.135712">
    </trkpt>
    <trkpt lat="40.604736" lon="17.135747">
    </trkpt>
    <trkpt lat="40.604673" lon="17.135782">
    </trkpt>
    <trkpt lat="40.604616" lon="17.1358">
    </trkpt>
    <trkpt lat="40.604571" lon="17.135793">
    </trkpt>
    <trkpt lat="40.604559" lon="17.135725">
    </trkpt>
    <trkpt lat="40.604584" lon="17.135663">
    </trkpt>
    <trkpt lat="40.604571" lon="17.135601">
    </trkpt>
    <trkpt lat="40.604518" lon="17.135583">
    </trkpt>
    <trkpt lat="40.604456" lon="17.135618">
    </trkpt>
    <trkpt lat="40.604421" lon="17.135656">
    </trkpt>
    <trkpt lat="40.604399" lon="17.135723">
    </trkpt>
    <trkpt lat="40.604367" lon="17.135805">
    </trkpt>
    <trkpt lat="40.604345" lon="17.135865">
    </trkpt>
    <trkpt lat="40.604323" lon="17.135928">
    </trkpt>
    <trkpt lat="40.604321" lon="17.135998">
    </trkpt>
    <trkpt lat="40.604299" lon="17.136051">
    </trkpt>
    <trkpt lat="40.604249" lon="17.136078">
    </trkpt>
    <trkpt lat="40.604201" lon="17.136046">
    </trkpt>
    <trkpt lat="40.604171" lon="17.135964">
    </trkpt>
    <trkpt lat="40.604153" lon="17.135886">
    </trkpt>
    <trkpt lat="40.60414" lon="17.135829">
    </trkpt>
    <trkpt lat="40.604132" lon="17.135766">
    </trkpt>
    <trkpt lat="40.604117" lon="17.135683">
    </trkpt>
    <trkpt lat="40.604087" lon="17.135598">
    </trkpt>
    <trkpt lat="40.604064" lon="17.135513">
    </trkpt>
    <trkpt lat="40.604052" lon="17.135431">
    </trkpt>
    <trkpt lat="40.604039" lon="17.135354">
    </trkpt>
    <trkpt lat="40.604024" lon="17.135292">
    </trkpt>
    <trkpt lat="40.604011" lon="17.13522">
    </trkpt>
    <trkpt lat="40.603999" lon="17.135153">
    </trkpt>
    <trkpt lat="40.603987" lon="17.13508">
    </trkpt>
    <trkpt lat="40.603964" lon="17.135005">
    </trkpt>
    <trkpt lat="40.603922" lon="17.134922">
    </trkpt>
    <trkpt lat="40.603882" lon="17.13483">
    </trkpt>
    <trkpt lat="40.603859" lon="17.134777">
    </trkpt>
    <trkpt lat="40.603832" lon="17.134722">
    </trkpt>
    <trkpt lat="40.603805" lon="17.134669">
    </trkpt>
    <trkpt lat="40.60377" lon="17.134617">
    </trkpt>
    <trkpt lat="40.603735" lon="17.134567">
    </trkpt>
    <trkpt lat="40.603703" lon="17.134514">
    </trkpt>
    <trkpt lat="40.603666" lon="17.134466">
    </trkpt>
    <trkpt lat="40.603638" lon="17.134413">
    </trkpt>
    <trkpt lat="40.603606" lon="17.134368">
    </trkpt>
    <trkpt lat="40.603576" lon="17.13432">
    </trkpt>
    <trkpt lat="40.603549" lon="17.134272">
    </trkpt>
    <trkpt lat="40.603506" lon="17.134164">
    </trkpt>
    <trkpt lat="40.603486" lon="17.134107">
    </trkpt>
    <trkpt lat="40.603468" lon="17.134044">
    </trkpt>
    <trkpt lat="40.603448" lon="17.133974">
    </trkpt>
    <trkpt lat="40.603436" lon="17.133907">
    </trkpt>
    <trkpt lat="40.603411" lon="17.13384">
    </trkpt>
    <trkpt lat="40.603379" lon="17.133773">
    </trkpt>
    <trkpt lat="40.603347" lon="17.133703">
    </trkpt>
    <trkpt lat="40.603319" lon="17.133628">
    </trkpt>
    <trkpt lat="40.603286" lon="17.133543">
    </trkpt>
    <trkpt lat="40.603256" lon="17.133453">
    </trkpt>
    <trkpt lat="40.603229" lon="17.133358">
    </trkpt>
    <trkpt lat="40.603206" lon="17.13326">
    </trkpt>
    <trkpt lat="40.603189" lon="17.133162">
    </trkpt>
    <trkpt lat="40.603172" lon="17.133064">
    </trkpt>
    <trkpt lat="40.60316" lon="17.132967">
    </trkpt>
    <trkpt lat="40.603145" lon="17.132869">
    </trkpt>
    <trkpt lat="40.603137" lon="17.132767">
    </trkpt>
    <trkpt lat="40.603132" lon="17.13267">
    </trkpt>
    <trkpt lat="40.603129" lon="17.13258">
    </trkpt>
    <trkpt lat="40.603134" lon="17.13249">
    </trkpt>
    <trkpt lat="40.603141" lon="17.132402">
    </trkpt>
    <trkpt lat="40.603133" lon="17.132315">
    </trkpt>
    <trkpt lat="40.603133" lon="17.132232">
    </trkpt>
    <trkpt lat="40.603141" lon="17.132152">
    </trkpt>
    <trkpt lat="40.603158" lon="17.132074">
    </trkpt>
    <trkpt lat="40.603181" lon="17.131994">
    </trkpt>
    <trkpt lat="40.603206" lon="17.131914">
    </trkpt>
    <trkpt lat="40.603229" lon="17.131832">
    </trkpt>
    <trkpt lat="40.603259" lon="17.131764">
    </trkpt>
    <trkpt lat="40.603292" lon="17.131696">
    </trkpt>
    <trkpt lat="40.603339" lon="17.131634">
    </trkpt>
    <trkpt lat="40.603384" lon="17.131574">
    </trkpt>
    <trkpt lat="40.603414" lon="17.131504">
    </trkpt>
    <trkpt lat="40.603431" lon="17.131432">
    </trkpt>
    <trkpt lat="40.603446" lon="17.131362">
    </trkpt>
    <trkpt lat="40.603473" lon="17.131289">
    </trkpt>
    <trkpt lat="40.603503" lon="17.131222">
    </trkpt>
    <trkpt lat="40.603533" lon="17.131145">
    </trkpt>
    <trkpt lat="40.603555" lon="17.131073">
    </trkpt>
    <trkpt lat="40.603578" lon="17.130996">
    </trkpt>
    <trkpt lat="40.603598" lon="17.130921">
    </trkpt>
    <trkpt lat="40.603618" lon="17.130848">
    </trkpt>
    <trkpt lat="40.603648" lon="17.130768">
    </trkpt>
    <trkpt lat="40.603683" lon="17.130698">
    </trkpt>
    <trkpt lat="40.603728" lon="17.130643">
    </trkpt>
    <trkpt lat="40.603771" lon="17.130603">
    </trkpt>
    <trkpt lat="40.603791" lon="17.130533">
    </trkpt>
    <trkpt lat="40.603801" lon="17.130448">
    </trkpt>
    <trkpt lat="40.603796" lon="17.130371">
    </trkpt>
    <trkpt lat="40.603779" lon="17.130303">
    </trkpt>
    <trkpt lat="40.603741" lon="17.130245">
    </trkpt>
    <trkpt lat="40.603703" lon="17.13021">
    </trkpt>
    <trkpt lat="40.603663" lon="17.130167">
    </trkpt>
    <trkpt lat="40.603625" lon="17.13012">
    </trkpt>
    <trkpt lat="40.603595" lon="17.13007">
    </trkpt>
    <trkpt lat="40.603563" lon="17.129998">
    </trkpt>
    <trkpt lat="40.603521" lon="17.129926">
    </trkpt>
    <trkpt lat="40.603488" lon="17.129863">
    </trkpt>
    <trkpt lat="40.60346" lon="17.1298">
    </trkpt>
    <trkpt lat="40.603445" lon="17.129733">
    </trkpt>
    <trkpt lat="40.603413" lon="17.129671">
    </trkpt>
    <trkpt lat="40.603378" lon="17.129613">
    </trkpt>
    <trkpt lat="40.603346" lon="17.129566">
    </trkpt>
    <trkpt lat="40.603313" lon="17.129498">
    </trkpt>
    <trkpt lat="40.603276" lon="17.129451">
    </trkpt>
    <trkpt lat="40.603236" lon="17.129391">
    </trkpt>
    <trkpt lat="40.603191" lon="17.129328">
    </trkpt>
    <trkpt lat="40.603141" lon="17.129266">
    </trkpt>
    <trkpt lat="40.603098" lon="17.129198">
    </trkpt>
    <trkpt lat="40.60305" lon="17.12914">
    </trkpt>
    <trkpt lat="40.602997" lon="17.129078">
    </trkpt>
    <trkpt lat="40.602947" lon="17.12903">
    </trkpt>
    <trkpt lat="40.602874" lon="17.128982">
    </trkpt>
    <trkpt lat="40.602834" lon="17.128954">
    </trkpt>
    <trkpt lat="40.602771" lon="17.128887">
    </trkpt>
    <trkpt lat="40.602733" lon="17.12885">
    </trkpt>
    <trkpt lat="40.602698" lon="17.12881">
    </trkpt>
    <trkpt lat="40.602661" lon="17.128775">
    </trkpt>
    <trkpt lat="40.602613" lon="17.128742">
    </trkpt>
    <trkpt lat="40.602575" lon="17.128699">
    </trkpt>
    <trkpt lat="40.602532" lon="17.128662">
    </trkpt>
    <trkpt lat="40.60249" lon="17.12863">
    </trkpt>
    <trkpt lat="40.602448" lon="17.128597">
    </trkpt>
    <trkpt lat="40.60241" lon="17.128555">
    </trkpt>
    <trkpt lat="40.602367" lon="17.128512">
    </trkpt>
    <trkpt lat="40.602319" lon="17.128477">
    </trkpt>
    <trkpt lat="40.602271" lon="17.12844">
    </trkpt>
    <trkpt lat="40.602218" lon="17.128407">
    </trkpt>
    <trkpt lat="40.60217" lon="17.128377">
    </trkpt>
    <trkpt lat="40.602115" lon="17.128345">
    </trkpt>
    <trkpt lat="40.60206" lon="17.128317">
    </trkpt>
    <trkpt lat="40.602003" lon="17.12829">
    </trkpt>
    <trkpt lat="40.601946" lon="17.12826">
    </trkpt>
    <trkpt lat="40.601889" lon="17.128232">
    </trkpt>
    <trkpt lat="40.601832" lon="17.128204">
    </trkpt>
    <trkpt lat="40.601774" lon="17.128176">
    </trkpt>
    <trkpt lat="40.601716" lon="17.128151">
    </trkpt>
    <trkpt lat="40.601654" lon="17.128123">
    </trkpt>
    <trkpt lat="40.601594" lon="17.128093">
    </trkpt>
    <trkpt lat="40.601534" lon="17.128046">
    </trkpt>
    <trkpt lat="40.601484" lon="17.127993">
    </trkpt>
    <trkpt lat="40.601431" lon="17.127941">
    </trkpt>
    <trkpt lat="40.601373" lon="17.127883">
    </trkpt>
    <trkpt lat="40.601321" lon="17.127828">
    </trkpt>
    <trkpt lat="40.601264" lon="17.127776">
    </trkpt>
    <trkpt lat="40.601212" lon="17.127736">
    </trkpt>
    <trkpt lat="40.601157" lon="17.127686">
    </trkpt>
    <trkpt lat="40.60111" lon="17.127636">
    </trkpt>
    <trkpt lat="40.601065" lon="17.127586">
    </trkpt>
    <trkpt lat="40.601017" lon="17.127534">
    </trkpt>
    <trkpt lat="40.600967" lon="17.127487">
    </trkpt>
    <trkpt lat="40.600919" lon="17.12744">
    </trkpt>
    <trkpt lat="40.600872" lon="17.127393">
    </trkpt>
    <trkpt lat="40.600827" lon="17.12735">
    </trkpt>
    <trkpt lat="40.600782" lon="17.127312">
    </trkpt>
    <trkpt lat="40.600737" lon="17.127265">
    </trkpt>
    <trkpt lat="40.600689" lon="17.12722">
    </trkpt>
    <trkpt lat="40.600644" lon="17.127172">
    </trkpt>
    <trkpt lat="40.600601" lon="17.127124">
    </trkpt>
    <trkpt lat="40.600551" lon="17.127069">
    </trkpt>
    <trkpt lat="40.600504" lon="17.127024">
    </trkpt>
    <trkpt lat="40.600459" lon="17.126986">
    </trkpt>
    <trkpt lat="40.600409" lon="17.126943">
    </trkpt>
    <trkpt lat="40.600366" lon="17.126906">
    </trkpt>
    <trkpt lat="40.600324" lon="17.126864">
    </trkpt>
    <trkpt lat="40.600277" lon="17.126822">
    </trkpt>
    <trkpt lat="40.600232" lon="17.126775">
    </trkpt>
    <trkpt lat="40.600189" lon="17.126732">
    </trkpt>
    <trkpt lat="40.600146" lon="17.126692">
    </trkpt>
    <trkpt lat="40.600103" lon="17.126647">
    </trkpt>
    <trkpt lat="40.600065" lon="17.126605">
    </trkpt>
    <trkpt lat="40.600027" lon="17.126567">
    </trkpt>
    <trkpt lat="40.599989" lon="17.126525">
    </trkpt>
    <trkpt lat="40.599944" lon="17.126487">
    </trkpt>
    <trkpt lat="40.599897" lon="17.126445">
    </trkpt>
    <trkpt lat="40.59985" lon="17.126398">
    </trkpt>
    <trkpt lat="40.599802" lon="17.126355">
    </trkpt>
    <trkpt lat="40.599749" lon="17.126312">
    </trkpt>
    <trkpt lat="40.599704" lon="17.126272">
    </trkpt>
    <trkpt lat="40.599661" lon="17.12623">
    </trkpt>
    <trkpt lat="40.599616" lon="17.126192">
    </trkpt>
    <trkpt lat="40.599569" lon="17.126147">
    </trkpt>
    <trkpt lat="40.599524" lon="17.12611">
    </trkpt>
    <trkpt lat="40.599479" lon="17.126065">
    </trkpt>
    <trkpt lat="40.599432" lon="17.126025">
    </trkpt>
    <trkpt lat="40.599385" lon="17.125983">
    </trkpt>
    <trkpt lat="40.599342" lon="17.125943">
    </trkpt>
    <trkpt lat="40.5993" lon="17.125901">
    </trkpt>
    <trkpt lat="40.599258" lon="17.125853">
    </trkpt>
    <trkpt lat="40.599211" lon="17.125805">
    </trkpt>
    <trkpt lat="40.599169" lon="17.12576">
    </trkpt>
    <trkpt lat="40.599122" lon="17.125715">
    </trkpt>
    <trkpt lat="40.599082" lon="17.125673">
    </trkpt>
    <trkpt lat="40.599044" lon="17.125633">
    </trkpt>
    <trkpt lat="40.599011" lon="17.125586">
    </trkpt>
    <trkpt lat="40.598989" lon="17.125528">
    </trkpt>
    <trkpt lat="40.598971" lon="17.125463">
    </trkpt>
    <trkpt lat="40.598949" lon="17.125396">
    </trkpt>
    <trkpt lat="40.598922" lon="17.125333">
    </trkpt>
    <trkpt lat="40.59889" lon="17.125275">
    </trkpt>
    <trkpt lat="40.598857" lon="17.125222">
    </trkpt>
    <trkpt lat="40.598824" lon="17.125169">
    </trkpt>
    <trkpt lat="40.598791" lon="17.125117">
    </trkpt>
    <trkpt lat="40.598763" lon="17.12506">
    </trkpt>
    <trkpt lat="40.598736" lon="17.125008">
    </trkpt>
    <trkpt lat="40.598703" lon="17.124961">
    </trkpt>
    <trkpt lat="40.59867" lon="17.124911">
    </trkpt>
    <trkpt lat="40.598643" lon="17.124859">
    </trkpt>
    <trkpt lat="40.598615" lon="17.124801">
    </trkpt>
    <trkpt lat="40.598585" lon="17.124748">
    </trkpt>
    <trkpt lat="40.598557" lon="17.124695">
    </trkpt>
    <trkpt lat="40.598524" lon="17.124637">
    </trkpt>
    <trkpt lat="40.598491" lon="17.124585">
    </trkpt>
    <trkpt lat="40.598463" lon="17.124527">
    </trkpt>
    <trkpt lat="40.598438" lon="17.124472">
    </trkpt>
    <trkpt lat="40.598415" lon="17.124412">
    </trkpt>
    <trkpt lat="40.598388" lon="17.12436">
    </trkpt>
    <trkpt lat="40.598358" lon="17.124308">
    </trkpt>
    <trkpt lat="40.598333" lon="17.124246">
    </trkpt>
    <trkpt lat="40.598308" lon="17.124189">
    </trkpt>
    <trkpt lat="40.598283" lon="17.124122">
    </trkpt>
    <trkpt lat="40.598258" lon="17.124059">
    </trkpt>
    <trkpt lat="40.598231" lon="17.123996">
    </trkpt>
    <trkpt lat="40.598206" lon="17.123938">
    </trkpt>
    <trkpt lat="40.598179" lon="17.123881">
    </trkpt>
    <trkpt lat="40.598152" lon="17.123821">
    </trkpt>
    <trkpt lat="40.598125" lon="17.123763">
    </trkpt>
    <trkpt lat="40.598102" lon="17.1237">
    </trkpt>
    <trkpt lat="40.59808" lon="17.123632">
    </trkpt>
    <trkpt lat="40.598057" lon="17.123565">
    </trkpt>
    <trkpt lat="40.598027" lon="17.123502">
    </trkpt>
    <trkpt lat="40.597992" lon="17.12344">
    </trkpt>
    <trkpt lat="40.597955" lon="17.123378">
    </trkpt>
    <trkpt lat="40.597917" lon="17.123323">
    </trkpt>
    <trkpt lat="40.597872" lon="17.123265">
    </trkpt>
    <trkpt lat="40.59783" lon="17.123207">
    </trkpt>
    <trkpt lat="40.597785" lon="17.12315">
    </trkpt>
    <trkpt lat="40.597748" lon="17.123093">
    </trkpt>
    <trkpt lat="40.597705" lon="17.123035">
    </trkpt>
    <trkpt lat="40.597658" lon="17.122972">
    </trkpt>
    <trkpt lat="40.597615" lon="17.122904">
    </trkpt>
    <trkpt lat="40.597572" lon="17.122837">
    </trkpt>
    <trkpt lat="40.597522" lon="17.12277">
    </trkpt>
    <trkpt lat="40.597479" lon="17.122713">
    </trkpt>
    <trkpt lat="40.597432" lon="17.122645">
    </trkpt>
    <trkpt lat="40.597389" lon="17.122583">
    </trkpt>
    <trkpt lat="40.597349" lon="17.122523">
    </trkpt>
    <trkpt lat="40.597307" lon="17.122466">
    </trkpt>
    <trkpt lat="40.597275" lon="17.122394">
    </trkpt>
    <trkpt lat="40.59725" lon="17.122317">
    </trkpt>
    <trkpt lat="40.597225" lon="17.122239">
    </trkpt>
    <trkpt lat="40.597202" lon="17.122164">
    </trkpt>
    <trkpt lat="40.597184" lon="17.122094">
    </trkpt>
    <trkpt lat="40.597166" lon="17.122022">
    </trkpt>
    <trkpt lat="40.597144" lon="17.121945">
    </trkpt>
    <trkpt lat="40.597122" lon="17.12187">
    </trkpt>
    <trkpt lat="40.597094" lon="17.121802">
    </trkpt>
    <trkpt lat="40.597066" lon="17.121732">
    </trkpt>
    <trkpt lat="40.597036" lon="17.121664">
    </trkpt>
    <trkpt lat="40.597011" lon="17.121596">
    </trkpt>
    <trkpt lat="40.596978" lon="17.121533">
    </trkpt>
    <trkpt lat="40.596936" lon="17.12148">
    </trkpt>
    <trkpt lat="40.596898" lon="17.121423">
    </trkpt>
    <trkpt lat="40.596861" lon="17.121368">
    </trkpt>
    <trkpt lat="40.596821" lon="17.121306">
    </trkpt>
    <trkpt lat="40.596778" lon="17.121239">
    </trkpt>
    <trkpt lat="40.596735" lon="17.121182">
    </trkpt>
    <trkpt lat="40.596692" lon="17.121124">
    </trkpt>
    <trkpt lat="40.596652" lon="17.121062">
    </trkpt>
    <trkpt lat="40.596609" lon="17.121">
    </trkpt>
    <trkpt lat="40.596564" lon="17.120935">
    </trkpt>
    <trkpt lat="40.596521" lon="17.120865">
    </trkpt>
    <trkpt lat="40.596478" lon="17.120802">
    </trkpt>
    <trkpt lat="40.59644" lon="17.120732">
    </trkpt>
    <trkpt lat="40.596402" lon="17.120664">
    </trkpt>
    <trkpt lat="40.596365" lon="17.120596">
    </trkpt>
    <trkpt lat="40.596338" lon="17.120509">
    </trkpt>
    <trkpt lat="40.59631" lon="17.120421">
    </trkpt>
    <trkpt lat="40.596272" lon="17.120341">
    </trkpt>
    <trkpt lat="40.596227" lon="17.120273">
    </trkpt>
    <trkpt lat="40.596182" lon="17.120193">
    </trkpt>
    <trkpt lat="40.596135" lon="17.120123">
    </trkpt>
    <trkpt lat="40.59608" lon="17.120058">
    </trkpt>
    <trkpt lat="40.596025" lon="17.119988">
    </trkpt>
    <trkpt lat="40.595978" lon="17.11992">
    </trkpt>
    <trkpt lat="40.595925" lon="17.119838">
    </trkpt>
    <trkpt lat="40.595882" lon="17.119755">
    </trkpt>
    <trkpt lat="40.595844" lon="17.11967">
    </trkpt>
    <trkpt lat="40.595801" lon="17.1196">
    </trkpt>
    <trkpt lat="40.595763" lon="17.119535">
    </trkpt>
    <trkpt lat="40.59573" lon="17.11948">
    </trkpt>
    <trkpt lat="40.59569" lon="17.119422">
    </trkpt>
    <trkpt lat="40.595653" lon="17.119362">
    </trkpt>
    <trkpt lat="40.59562" lon="17.119309">
    </trkpt>
    <trkpt lat="40.595602" lon="17.119237">
    </trkpt>
    <trkpt lat="40.59559" lon="17.119169">
    </trkpt>
    <trkpt lat="40.595583" lon="17.119099">
    </trkpt>
    <trkpt lat="40.595566" lon="17.119041">
    </trkpt>
    <trkpt lat="40.595549" lon="17.118969">
    </trkpt>
    <trkpt lat="40.595519" lon="17.118904">
    </trkpt>
    <trkpt lat="40.595471" lon="17.118857">
    </trkpt>
    <trkpt lat="40.595409" lon="17.11882">
    </trkpt>
    <trkpt lat="40.595346" lon="17.118782">
    </trkpt>
    <trkpt lat="40.595279" lon="17.118739">
    </trkpt>
    <trkpt lat="40.595209" lon="17.118694">
    </trkpt>
    <trkpt lat="40.595149" lon="17.118652">
    </trkpt>
    <trkpt lat="40.595086" lon="17.118587">
    </trkpt>
    <trkpt lat="40.595031" lon="17.118522">
    </trkpt>
    <trkpt lat="40.594968" lon="17.118435">
    </trkpt>
    <trkpt lat="40.59493" lon="17.118395">
    </trkpt>
    <trkpt lat="40.594867" lon="17.118308">
    </trkpt>
    <trkpt lat="40.594832" lon="17.118261">
    </trkpt>
    <trkpt lat="40.594799" lon="17.118213">
    </trkpt>
    <trkpt lat="40.594761" lon="17.11817">
    </trkpt>
    <trkpt lat="40.594731" lon="17.118123">
    </trkpt>
    <trkpt lat="40.594696" lon="17.11808">
    </trkpt>
    <trkpt lat="40.594639" lon="17.118">
    </trkpt>
    <trkpt lat="40.594571" lon="17.11793">
    </trkpt>
    <trkpt lat="40.594536" lon="17.117883">
    </trkpt>
    <trkpt lat="40.594493" lon="17.117831">
    </trkpt>
    <trkpt lat="40.594453" lon="17.117778">
    </trkpt>
    <trkpt lat="40.594415" lon="17.117725">
    </trkpt>
    <trkpt lat="40.594378" lon="17.117667">
    </trkpt>
    <trkpt lat="40.59434" lon="17.117607">
    </trkpt>
    <trkpt lat="40.594295" lon="17.117555">
    </trkpt>
    <trkpt lat="40.594252" lon="17.117502">
    </trkpt>
    <trkpt lat="40.594209" lon="17.117444">
    </trkpt>
    <trkpt lat="40.594169" lon="17.117386">
    </trkpt>
    <trkpt lat="40.594129" lon="17.117334">
    </trkpt>
    <trkpt lat="40.594091" lon="17.117281">
    </trkpt>
    <trkpt lat="40.594054" lon="17.117228">
    </trkpt>
    <trkpt lat="40.594017" lon="17.11718">
    </trkpt>
    <trkpt lat="40.593982" lon="17.117132">
    </trkpt>
    <trkpt lat="40.593944" lon="17.117084">
    </trkpt>
    <trkpt lat="40.593906" lon="17.117022">
    </trkpt>
    <trkpt lat="40.593866" lon="17.116962">
    </trkpt>
    <trkpt lat="40.593824" lon="17.116897">
    </trkpt>
    <trkpt lat="40.593776" lon="17.116837">
    </trkpt>
    <trkpt lat="40.593726" lon="17.11678">
    </trkpt>
    <trkpt lat="40.593678" lon="17.116715">
    </trkpt>
    <trkpt lat="40.593633" lon="17.116633">
    </trkpt>
    <trkpt lat="40.593583" lon="17.116561">
    </trkpt>
    <trkpt lat="40.593536" lon="17.116496">
    </trkpt>
    <trkpt lat="40.593494" lon="17.116438">
    </trkpt>
    <trkpt lat="40.593449" lon="17.116383">
    </trkpt>
    <trkpt lat="40.593407" lon="17.116321">
    </trkpt>
    <trkpt lat="40.59336" lon="17.116261">
    </trkpt>
    <trkpt lat="40.593318" lon="17.116213">
    </trkpt>
    <trkpt lat="40.593268" lon="17.116165">
    </trkpt>
    <trkpt lat="40.593216" lon="17.11612">
    </trkpt>
    <trkpt lat="40.593163" lon="17.116073">
    </trkpt>
    <trkpt lat="40.593113" lon="17.116033">
    </trkpt>
    <trkpt lat="40.593065" lon="17.115998">
    </trkpt>
    <trkpt lat="40.593015" lon="17.115965">
    </trkpt>
    <trkpt lat="40.592967" lon="17.115928">
    </trkpt>
    <trkpt lat="40.592917" lon="17.115886">
    </trkpt>
    <trkpt lat="40.592875" lon="17.115844">
    </trkpt>
    <trkpt lat="40.592828" lon="17.115804">
    </trkpt>
    <trkpt lat="40.592781" lon="17.115767">
    </trkpt>
    <trkpt lat="40.592738" lon="17.115734">
    </trkpt>
    <trkpt lat="40.592693" lon="17.115699">
    </trkpt>
    <trkpt lat="40.59264" lon="17.115667">
    </trkpt>
    <trkpt lat="40.592587" lon="17.115635">
    </trkpt>
    <trkpt lat="40.59254" lon="17.115603">
    </trkpt>
    <trkpt lat="40.592495" lon="17.11557">
    </trkpt>
    <trkpt lat="40.592458" lon="17.115533">
    </trkpt>
    <trkpt lat="40.592413" lon="17.115496">
    </trkpt>
    <trkpt lat="40.592375" lon="17.115463">
    </trkpt>
    <trkpt lat="40.592333" lon="17.115438">
    </trkpt>
    <trkpt lat="40.592285" lon="17.115415">
    </trkpt>
    <trkpt lat="40.592242" lon="17.115392">
    </trkpt>
    <trkpt lat="40.592199" lon="17.115369">
    </trkpt>
    <trkpt lat="40.592152" lon="17.115336">
    </trkpt>
    <trkpt lat="40.592077" lon="17.115269">
    </trkpt>
    <trkpt lat="40.592002" lon="17.115211">
    </trkpt>
    <trkpt lat="40.591932" lon="17.115163">
    </trkpt>
    <trkpt lat="40.591879" lon="17.115143">
    </trkpt>
    <trkpt lat="40.591837" lon="17.115183">
    </trkpt>
    <trkpt lat="40.591795" lon="17.115261">
    </trkpt>
    <trkpt lat="40.591762" lon="17.115361">
    </trkpt>
    <trkpt lat="40.59172" lon="17.115466">
    </trkpt>
    <trkpt lat="40.591705" lon="17.115526">
    </trkpt>
    <trkpt lat="40.591692" lon="17.115588">
    </trkpt>
    <trkpt lat="40.591679" lon="17.115646">
    </trkpt>
    <trkpt lat="40.591664" lon="17.115706">
    </trkpt>
    <trkpt lat="40.591651" lon="17.115766">
    </trkpt>
    <trkpt lat="40.591634" lon="17.115824">
    </trkpt>
    <trkpt lat="40.591616" lon="17.115879">
    </trkpt>
    <trkpt lat="40.591603" lon="17.115939">
    </trkpt>
    <trkpt lat="40.59159" lon="17.116002">
    </trkpt>
    <trkpt lat="40.591582" lon="17.116069">
    </trkpt>
    <trkpt lat="40.591572" lon="17.116132">
    </trkpt>
    <trkpt lat="40.591567" lon="17.1162">
    </trkpt>
    <trkpt lat="40.59156" lon="17.116265">
    </trkpt>
    <trkpt lat="40.591548" lon="17.11633">
    </trkpt>
    <trkpt lat="40.591536" lon="17.11639">
    </trkpt>
    <trkpt lat="40.591526" lon="17.116455">
    </trkpt>
    <trkpt lat="40.591509" lon="17.116513">
    </trkpt>
    <trkpt lat="40.591492" lon="17.116568">
    </trkpt>
    <trkpt lat="40.591477" lon="17.116628">
    </trkpt>
    <trkpt lat="40.591459" lon="17.116686">
    </trkpt>
    <trkpt lat="40.591427" lon="17.116804">
    </trkpt>
    <trkpt lat="40.591414" lon="17.116866">
    </trkpt>
    <trkpt lat="40.591396" lon="17.116924">
    </trkpt>
    <trkpt lat="40.591378" lon="17.116982">
    </trkpt>
    <trkpt lat="40.591366" lon="17.11704">
    </trkpt>
    <trkpt lat="40.591333" lon="17.117148">
    </trkpt>
    <trkpt lat="40.591318" lon="17.117208">
    </trkpt>
    <trkpt lat="40.591306" lon="17.117266">
    </trkpt>
    <trkpt lat="40.591276" lon="17.117373">
    </trkpt>
    <trkpt lat="40.591259" lon="17.117428">
    </trkpt>
    <trkpt lat="40.591239" lon="17.117483">
    </trkpt>
    <trkpt lat="40.591222" lon="17.117543">
    </trkpt>
    <trkpt lat="40.591195" lon="17.117633">
    </trkpt>
    <trkpt lat="40.591175" lon="17.11773">
    </trkpt>
    <trkpt lat="40.591165" lon="17.117835">
    </trkpt>
    <trkpt lat="40.591148" lon="17.11794">
    </trkpt>
    <trkpt lat="40.591123" lon="17.118038">
    </trkpt>
    <trkpt lat="40.591096" lon="17.118141">
    </trkpt>
    <trkpt lat="40.591086" lon="17.118199">
    </trkpt>
    <trkpt lat="40.591069" lon="17.118254">
    </trkpt>
    <trkpt lat="40.591037" lon="17.118352">
    </trkpt>
    <trkpt lat="40.591017" lon="17.118445">
    </trkpt>
    <trkpt lat="40.591" lon="17.118537">
    </trkpt>
    <trkpt lat="40.590985" lon="17.118635">
    </trkpt>
    <trkpt lat="40.590968" lon="17.118735">
    </trkpt>
    <trkpt lat="40.590945" lon="17.11883">
    </trkpt>
    <trkpt lat="40.59092" lon="17.118935">
    </trkpt>
    <trkpt lat="40.590895" lon="17.11903">
    </trkpt>
    <trkpt lat="40.590877" lon="17.119133">
    </trkpt>
    <trkpt lat="40.59086" lon="17.119233">
    </trkpt>
    <trkpt lat="40.590835" lon="17.119336">
    </trkpt>
    <trkpt lat="40.590815" lon="17.119444">
    </trkpt>
    <trkpt lat="40.590788" lon="17.119552">
    </trkpt>
    <trkpt lat="40.590763" lon="17.119657">
    </trkpt>
    <trkpt lat="40.59073" lon="17.119759">
    </trkpt>
    <trkpt lat="40.5907" lon="17.119862">
    </trkpt>
    <trkpt lat="40.59067" lon="17.119969">
    </trkpt>
    <trkpt lat="40.590653" lon="17.120084">
    </trkpt>
    <trkpt lat="40.590635" lon="17.120186">
    </trkpt>
    <trkpt lat="40.590613" lon="17.120286">
    </trkpt>
    <trkpt lat="40.590583" lon="17.120383">
    </trkpt>
    <trkpt lat="40.590556" lon="17.120481">
    </trkpt>
    <trkpt lat="40.590533" lon="17.120573">
    </trkpt>
    <trkpt lat="40.590508" lon="17.120666">
    </trkpt>
    <trkpt lat="40.590486" lon="17.120764">
    </trkpt>
    <trkpt lat="40.590464" lon="17.120867">
    </trkpt>
    <trkpt lat="40.590441" lon="17.12097">
    </trkpt>
    <trkpt lat="40.590411" lon="17.121065">
    </trkpt>
    <trkpt lat="40.590379" lon="17.121162">
    </trkpt>
    <trkpt lat="40.590346" lon="17.121257">
    </trkpt>
    <trkpt lat="40.590329" lon="17.121364">
    </trkpt>
    <trkpt lat="40.590317" lon="17.121476">
    </trkpt>
    <trkpt lat="40.590302" lon="17.121596">
    </trkpt>
    <trkpt lat="40.590292" lon="17.121658">
    </trkpt>
    <trkpt lat="40.590282" lon="17.121723">
    </trkpt>
    <trkpt lat="40.590282" lon="17.121788">
    </trkpt>
    <trkpt lat="40.59028" lon="17.121855">
    </trkpt>
    <trkpt lat="40.590275" lon="17.121918">
    </trkpt>
    <trkpt lat="40.590255" lon="17.122028">
    </trkpt>
    <trkpt lat="40.590252" lon="17.122088">
    </trkpt>
    <trkpt lat="40.590234" lon="17.122203">
    </trkpt>
    <trkpt lat="40.590219" lon="17.122311">
    </trkpt>
    <trkpt lat="40.590199" lon="17.122413">
    </trkpt>
    <trkpt lat="40.590189" lon="17.122508">
    </trkpt>
    <trkpt lat="40.590186" lon="17.1226">
    </trkpt>
    <trkpt lat="40.590174" lon="17.12269">
    </trkpt>
    <trkpt lat="40.590161" lon="17.122782">
    </trkpt>
    <trkpt lat="40.590129" lon="17.122877">
    </trkpt>
    <trkpt lat="40.590087" lon="17.122974">
    </trkpt>
    <trkpt lat="40.590059" lon="17.123032">
    </trkpt>
    <trkpt lat="40.590012" lon="17.12313">
    </trkpt>
    <trkpt lat="40.58996" lon="17.12322">
    </trkpt>
    <trkpt lat="40.589935" lon="17.12327">
    </trkpt>
    <trkpt lat="40.589915" lon="17.123325">
    </trkpt>
    <trkpt lat="40.589867" lon="17.123395">
    </trkpt>
    <trkpt lat="40.589825" lon="17.123468">
    </trkpt>
    <trkpt lat="40.589778" lon="17.123545">
    </trkpt>
    <trkpt lat="40.589733" lon="17.123627">
    </trkpt>
    <trkpt lat="40.589688" lon="17.123705">
    </trkpt>
    <trkpt lat="40.58964" lon="17.123775">
    </trkpt>
    <trkpt lat="40.589597" lon="17.123847">
    </trkpt>
    <trkpt lat="40.589542" lon="17.123924">
    </trkpt>
    <trkpt lat="40.589492" lon="17.123994">
    </trkpt>
    <trkpt lat="40.589435" lon="17.124017">
    </trkpt>
    <trkpt lat="40.589382" lon="17.123992">
    </trkpt>
    <trkpt lat="40.589314" lon="17.123964">
    </trkpt>
    <trkpt lat="40.589241" lon="17.123944">
    </trkpt>
    <trkpt lat="40.589158" lon="17.123911">
    </trkpt>
    <trkpt lat="40.589105" lon="17.123891">
    </trkpt>
    <trkpt lat="40.589043" lon="17.123859">
    </trkpt>
    <trkpt lat="40.588975" lon="17.123831">
    </trkpt>
    <trkpt lat="40.588908" lon="17.123799">
    </trkpt>
    <trkpt lat="40.58884" lon="17.123762">
    </trkpt>
    <trkpt lat="40.588772" lon="17.123725">
    </trkpt>
    <trkpt lat="40.588705" lon="17.123695">
    </trkpt>
    <trkpt lat="40.588633" lon="17.123663">
    </trkpt>
    <trkpt lat="40.588563" lon="17.123631">
    </trkpt>
    <trkpt lat="40.58849" lon="17.123598">
    </trkpt>
    <trkpt lat="40.58841" lon="17.123561">
    </trkpt>
    <trkpt lat="40.588333" lon="17.123524">
    </trkpt>
    <trkpt lat="40.588256" lon="17.123487">
    </trkpt>
    <trkpt lat="40.588181" lon="17.123449">
    </trkpt>
    <trkpt lat="40.588108" lon="17.123407">
    </trkpt>
    <trkpt lat="40.588031" lon="17.12337">
    </trkpt>
    <trkpt lat="40.587949" lon="17.12334">
    </trkpt>
    <trkpt lat="40.587867" lon="17.123308">
    </trkpt>
    <trkpt lat="40.587785" lon="17.123275">
    </trkpt>
    <trkpt lat="40.587713" lon="17.123233">
    </trkpt>
    <trkpt lat="40.58765" lon="17.123188">
    </trkpt>
    <trkpt lat="40.587582" lon="17.123148">
    </trkpt>
    <trkpt lat="40.587507" lon="17.123116">
    </trkpt>
    <trkpt lat="40.587434" lon="17.123088">
    </trkpt>
    <trkpt lat="40.587361" lon="17.123055">
    </trkpt>
    <trkpt lat="40.587289" lon="17.123012">
    </trkpt>
    <trkpt lat="40.587226" lon="17.122967">
    </trkpt>
    <trkpt lat="40.587166" lon="17.122942">
    </trkpt>
    <trkpt lat="40.587108" lon="17.122927">
    </trkpt>
    <trkpt lat="40.587058" lon="17.122905">
    </trkpt>
    <trkpt lat="40.587003" lon="17.122878">
    </trkpt>
    <trkpt lat="40.586953" lon="17.122855">
    </trkpt>
    <trkpt lat="40.586896" lon="17.122825">
    </trkpt>
    <trkpt lat="40.586843" lon="17.122797">
    </trkpt>
    <trkpt lat="40.586793" lon="17.122764">
    </trkpt>
    <trkpt lat="40.586741" lon="17.122742">
    </trkpt>
    <trkpt lat="40.586686" lon="17.122727">
    </trkpt>
    <trkpt lat="40.586633" lon="17.122697">
    </trkpt>
    <trkpt lat="40.586581" lon="17.122662">
    </trkpt>
    <trkpt lat="40.586526" lon="17.122627">
    </trkpt>
    <trkpt lat="40.586471" lon="17.122597">
    </trkpt>
    <trkpt lat="40.586414" lon="17.122565">
    </trkpt>
    <trkpt lat="40.586361" lon="17.122535">
    </trkpt>
    <trkpt lat="40.586314" lon="17.122512">
    </trkpt>
    <trkpt lat="40.586254" lon="17.122489">
    </trkpt>
    <trkpt lat="40.586201" lon="17.122492">
    </trkpt>
    <trkpt lat="40.586143" lon="17.12249">
    </trkpt>
    <trkpt lat="40.586083" lon="17.122503">
    </trkpt>
    <trkpt lat="40.586043" lon="17.122538">
    </trkpt>
    <trkpt lat="40.586011" lon="17.122583">
    </trkpt>
    <trkpt lat="40.585973" lon="17.12263">
    </trkpt>
    <trkpt lat="40.58592" lon="17.122668">
    </trkpt>
    <trkpt lat="40.585873" lon="17.122708">
    </trkpt>
    <trkpt lat="40.585833" lon="17.122756">
    </trkpt>
    <trkpt lat="40.585791" lon="17.122801">
    </trkpt>
    <trkpt lat="40.585749" lon="17.122836">
    </trkpt>
    <trkpt lat="40.585716" lon="17.122878">
    </trkpt>
    <trkpt lat="40.585678" lon="17.122923">
    </trkpt>
    <trkpt lat="40.585613" lon="17.122976">
    </trkpt>
    <trkpt lat="40.58552" lon="17.122911">
    </trkpt>
    <trkpt lat="40.585487" lon="17.122841">
    </trkpt>
    <trkpt lat="40.585444" lon="17.122788">
    </trkpt>
    <trkpt lat="40.585387" lon="17.12277">
    </trkpt>
    <trkpt lat="40.58533" lon="17.122813">
    </trkpt>
    <trkpt lat="40.585303" lon="17.122871">
    </trkpt>
    <trkpt lat="40.585283" lon="17.122944">
    </trkpt>
    <trkpt lat="40.585268" lon="17.123027">
    </trkpt>
    <trkpt lat="40.585251" lon="17.123104">
    </trkpt>
    <trkpt lat="40.585226" lon="17.123177">
    </trkpt>
    <trkpt lat="40.585179" lon="17.123247">
    </trkpt>
    <trkpt lat="40.585124" lon="17.123309">
    </trkpt>
    <trkpt lat="40.585071" lon="17.123364">
    </trkpt>
    <trkpt lat="40.585016" lon="17.123426">
    </trkpt>
    <trkpt lat="40.584956" lon="17.123496">
    </trkpt>
    <trkpt lat="40.584899" lon="17.123543">
    </trkpt>
    <trkpt lat="40.584844" lon="17.12357">
    </trkpt>
    <trkpt lat="40.584796" lon="17.123595">
    </trkpt>
    <trkpt lat="40.584748" lon="17.123615">
    </trkpt>
    <trkpt lat="40.584681" lon="17.123647">
    </trkpt>
    <trkpt lat="40.584621" lon="17.12367">
    </trkpt>
  </trkseg>
</trk>
</gpx>
